task_id,suite,scenario,algorithm,repeat,seed,scenario_parameters,avg_estimated_delay,avg_dynamic_operation_reliability,avg_dynamic_accuracy_reliability,avg_total_energy,rejected_or_failed_count,runtime_ms,metric_version
dynamic:weak:533304da88:proposed:repeat_0:seed_20260719,dynamic,weak,proposed,0,20260719,"{""alpha_a"": 0.25, ""alpha_l"": 0.35, ""alpha_r"": 0.4, ""beta_a"": 0.15, ""beta_l"": 0.2, ""beta_r"": 0.25, ""cloud_count"": 1, ""crossover_probability"": 0.5, ""dnn_count"": 30, ""edge_count"": 10, ""edge_link_factor"": 2.0, ""iteration_limit"": 200, ""lambda_g"": 0.5, ""lambda_h"": 0.5, ""mutation_probability"": 0.25, ""name"": ""weak"", ""population_size"": 60, ""preference"": ""adaptive"", ""suite"": ""dynamic"", ""use_dag_aware_initialization"": true, ""use_dag_block_crossover"": true, ""use_elite_local_search"": true, ""use_skew_mutation"": true, ""user_count"": null}",621.9762884530624,0.32439137410101365,0.8742079272513662,6263.014823721966,0,117057,
dynamic:weak:533304da88:customized:repeat_0:seed_20260719,dynamic,weak,customized,0,20260719,"{""alpha_a"": 0.25, ""alpha_l"": 0.35, ""alpha_r"": 0.4, ""beta_a"": 0.15, ""beta_l"": 0.2, ""beta_r"": 0.25, ""cloud_count"": 1, ""crossover_probability"": 0.5, ""dnn_count"": 30, ""edge_count"": 10, ""edge_link_factor"": 2.0, ""iteration_limit"": 200, ""lambda_g"": 0.5, ""lambda_h"": 0.5, ""mutation_probability"": 0.25, ""name"": ""weak"", ""population_size"": 60, ""preference"": ""adaptive"", ""suite"": ""dynamic"", ""use_dag_aware_initialization"": true, ""use_dag_block_crossover"": true, ""use_elite_local_search"": true, ""use_skew_mutation"": true, ""user_count"": null}",562.4446144076882,0.3617727441154663,0.8692234573009744,5856.296110350919,1,87166,
dynamic:weak:533304da88:random:repeat_0:seed_20260719,dynamic,weak,random,0,20260719,"{""alpha_a"": 0.25, ""alpha_l"": 0.35, ""alpha_r"": 0.4, ""beta_a"": 0.15, ""beta_l"": 0.2, ""beta_r"": 0.25, ""cloud_count"": 1, ""crossover_probability"": 0.5, ""dnn_count"": 30, ""edge_count"": 10, ""edge_link_factor"": 2.0, ""iteration_limit"": 200, ""lambda_g"": 0.5, ""lambda_h"": 0.5, ""mutation_probability"": 0.25, ""name"": ""weak"", ""population_size"": 60, ""preference"": ""adaptive"", ""suite"": ""dynamic"", ""use_dag_aware_initialization"": true, ""use_dag_block_crossover"": true, ""use_elite_local_search"": true, ""use_skew_mutation"": true, ""user_count"": null}",812.4695299229215,0.011498470418890416,0.7866576604268998,12157.900022406717,2,792,
dynamic:weak:533304da88:localfirst:repeat_0:seed_20260719,dynamic,weak,localfirst,0,20260719,"{""alpha_a"": 0.25, ""alpha_l"": 0.35, ""alpha_r"": 0.4, ""beta_a"": 0.15, ""beta_l"": 0.2, ""beta_r"": 0.25, ""cloud_count"": 1, ""crossover_probability"": 0.5, ""dnn_count"": 30, ""edge_count"": 10, ""edge_link_factor"": 2.0, ""iteration_limit"": 200, ""lambda_g"": 0.5, ""lambda_h"": 0.5, ""mutation_probability"": 0.25, ""name"": ""weak"", ""population_size"": 60, ""preference"": ""adaptive"", ""suite"": ""dynamic"", ""use_dag_aware_initialization"": true, ""use_dag_block_crossover"": true, ""use_elite_local_search"": true, ""use_skew_mutation"": true, ""user_count"": null}",873.3186789991498,0.21927751338581863,0.7403719622890781,8434.657083599626,1,75522,
dynamic:weak:533304da88:maxresource_fast:repeat_0:seed_20260719,dynamic,weak,maxresource_fast,0,20260719,"{""alpha_a"": 0.25, ""alpha_l"": 0.35, ""alpha_r"": 0.4, ""beta_a"": 0.15, ""beta_l"": 0.2, ""beta_r"": 0.25, ""cloud_count"": 1, ""crossover_probability"": 0.5, ""dnn_count"": 30, ""edge_count"": 10, ""edge_link_factor"": 2.0, ""iteration_limit"": 200, ""lambda_g"": 0.5, ""lambda_h"": 0.5, ""mutation_probability"": 0.25, ""name"": ""weak"", ""population_size"": 60, ""preference"": ""adaptive"", ""suite"": ""dynamic"", ""use_dag_aware_initialization"": true, ""use_dag_block_crossover"": true, ""use_elite_local_search"": true, ""use_skew_mutation"": true, ""user_count"": null}",555.9215647376819,0.15377936406697057,0.7807178210507373,8168.022629669947,0,110,
dynamic:weak:533304da88:proposed:repeat_1:seed_20260720,dynamic,weak,proposed,1,20260720,"{""alpha_a"": 0.25, ""alpha_l"": 0.35, ""alpha_r"": 0.4, ""beta_a"": 0.15, ""beta_l"": 0.2, ""beta_r"": 0.25, ""cloud_count"": 1, ""crossover_probability"": 0.5, ""dnn_count"": 30, ""edge_count"": 10, ""edge_link_factor"": 2.0, ""iteration_limit"": 200, ""lambda_g"": 0.5, ""lambda_h"": 0.5, ""mutation_probability"": 0.25, ""name"": ""weak"", ""population_size"": 60, ""preference"": ""adaptive"", ""suite"": ""dynamic"", ""use_dag_aware_initialization"": true, ""use_dag_block_crossover"": true, ""use_elite_local_search"": true, ""use_skew_mutation"": true, ""user_count"": null}",606.7712675023664,0.30490087337718186,0.8442019567163773,6261.779149442306,0,99485,
dynamic:weak:533304da88:customized:repeat_1:seed_20260720,dynamic,weak,customized,1,20260720,"{""alpha_a"": 0.25, ""alpha_l"": 0.35, ""alpha_r"": 0.4, ""beta_a"": 0.15, ""beta_l"": 0.2, ""beta_r"": 0.25, ""cloud_count"": 1, ""crossover_probability"": 0.5, ""dnn_count"": 30, ""edge_count"": 10, ""edge_link_factor"": 2.0, ""iteration_limit"": 200, ""lambda_g"": 0.5, ""lambda_h"": 0.5, ""mutation_probability"": 0.25, ""name"": ""weak"", ""population_size"": 60, ""preference"": ""adaptive"", ""suite"": ""dynamic"", ""use_dag_aware_initialization"": true, ""use_dag_block_crossover"": true, ""use_elite_local_search"": true, ""use_skew_mutation"": true, ""user_count"": null}",515.932459124565,0.34863163925912366,0.8306994762878553,5783.494304598369,0,89432,
dynamic:weak:533304da88:random:repeat_1:seed_20260720,dynamic,weak,random,1,20260720,"{""alpha_a"": 0.25, ""alpha_l"": 0.35, ""alpha_r"": 0.4, ""beta_a"": 0.15, ""beta_l"": 0.2, ""beta_r"": 0.25, ""cloud_count"": 1, ""crossover_probability"": 0.5, ""dnn_count"": 30, ""edge_count"": 10, ""edge_link_factor"": 2.0, ""iteration_limit"": 200, ""lambda_g"": 0.5, ""lambda_h"": 0.5, ""mutation_probability"": 0.25, ""name"": ""weak"", ""population_size"": 60, ""preference"": ""adaptive"", ""suite"": ""dynamic"", ""use_dag_aware_initialization"": true, ""use_dag_block_crossover"": true, ""use_elite_local_search"": true, ""use_skew_mutation"": true, ""user_count"": null}",722.2556112205065,0.026446099031149,0.7894452020710467,11913.797517175295,2,840,
dynamic:weak:533304da88:localfirst:repeat_1:seed_20260720,dynamic,weak,localfirst,1,20260720,"{""alpha_a"": 0.25, ""alpha_l"": 0.35, ""alpha_r"": 0.4, ""beta_a"": 0.15, ""beta_l"": 0.2, ""beta_r"": 0.25, ""cloud_count"": 1, ""crossover_probability"": 0.5, ""dnn_count"": 30, ""edge_count"": 10, ""edge_link_factor"": 2.0, ""iteration_limit"": 200, ""lambda_g"": 0.5, ""lambda_h"": 0.5, ""mutation_probability"": 0.25, ""name"": ""weak"", ""population_size"": 60, ""preference"": ""adaptive"", ""suite"": ""dynamic"", ""use_dag_aware_initialization"": true, ""use_dag_block_crossover"": true, ""use_elite_local_search"": true, ""use_skew_mutation"": true, ""user_count"": null}",845.7668626698885,0.22632071961083738,0.741536366942036,8707.18624707199,0,67259,
dynamic:weak:533304da88:maxresource_fast:repeat_1:seed_20260720,dynamic,weak,maxresource_fast,1,20260720,"{""alpha_a"": 0.25, ""alpha_l"": 0.35, ""alpha_r"": 0.4, ""beta_a"": 0.15, ""beta_l"": 0.2, ""beta_r"": 0.25, ""cloud_count"": 1, ""crossover_probability"": 0.5, ""dnn_count"": 30, ""edge_count"": 10, ""edge_link_factor"": 2.0, ""iteration_limit"": 200, ""lambda_g"": 0.5, ""lambda_h"": 0.5, ""mutation_probability"": 0.25, ""name"": ""weak"", ""population_size"": 60, ""preference"": ""adaptive"", ""suite"": ""dynamic"", ""use_dag_aware_initialization"": true, ""use_dag_block_crossover"": true, ""use_elite_local_search"": true, ""use_skew_mutation"": true, ""user_count"": null}",551.1313440684881,0.11996677081456372,0.7771736427182895,8760.197275921735,0,123,
dynamic:weak:533304da88:proposed:repeat_2:seed_20260721,dynamic,weak,proposed,2,20260721,"{""alpha_a"": 0.25, ""alpha_l"": 0.35, ""alpha_r"": 0.4, ""beta_a"": 0.15, ""beta_l"": 0.2, ""beta_r"": 0.25, ""cloud_count"": 1, ""crossover_probability"": 0.5, ""dnn_count"": 30, ""edge_count"": 10, ""edge_link_factor"": 2.0, ""iteration_limit"": 200, ""lambda_g"": 0.5, ""lambda_h"": 0.5, ""mutation_probability"": 0.25, ""name"": ""weak"", ""population_size"": 60, ""preference"": ""adaptive"", ""suite"": ""dynamic"", ""use_dag_aware_initialization"": true, ""use_dag_block_crossover"": true, ""use_elite_local_search"": true, ""use_skew_mutation"": true, ""user_count"": null}",484.5600656284774,0.30313536288172277,0.8446580198570575,6046.814979854735,0,102565,
dynamic:weak:533304da88:customized:repeat_2:seed_20260721,dynamic,weak,customized,2,20260721,"{""alpha_a"": 0.25, ""alpha_l"": 0.35, ""alpha_r"": 0.4, ""beta_a"": 0.15, ""beta_l"": 0.2, ""beta_r"": 0.25, ""cloud_count"": 1, ""crossover_probability"": 0.5, ""dnn_count"": 30, ""edge_count"": 10, ""edge_link_factor"": 2.0, ""iteration_limit"": 200, ""lambda_g"": 0.5, ""lambda_h"": 0.5, ""mutation_probability"": 0.25, ""name"": ""weak"", ""population_size"": 60, ""preference"": ""adaptive"", ""suite"": ""dynamic"", ""use_dag_aware_initialization"": true, ""use_dag_block_crossover"": true, ""use_elite_local_search"": true, ""use_skew_mutation"": true, ""user_count"": null}",441.2979594588332,0.34386817390860236,0.8260188277219677,5726.726567239131,1,89322,
dynamic:weak:533304da88:random:repeat_2:seed_20260721,dynamic,weak,random,2,20260721,"{""alpha_a"": 0.25, ""alpha_l"": 0.35, ""alpha_r"": 0.4, ""beta_a"": 0.15, ""beta_l"": 0.2, ""beta_r"": 0.25, ""cloud_count"": 1, ""crossover_probability"": 0.5, ""dnn_count"": 30, ""edge_count"": 10, ""edge_link_factor"": 2.0, ""iteration_limit"": 200, ""lambda_g"": 0.5, ""lambda_h"": 0.5, ""mutation_probability"": 0.25, ""name"": ""weak"", ""population_size"": 60, ""preference"": ""adaptive"", ""suite"": ""dynamic"", ""use_dag_aware_initialization"": true, ""use_dag_block_crossover"": true, ""use_elite_local_search"": true, ""use_skew_mutation"": true, ""user_count"": null}",689.3624194354024,0.01779925485995264,0.8108285884461314,11868.480879463428,6,777,
dynamic:weak:533304da88:localfirst:repeat_2:seed_20260721,dynamic,weak,localfirst,2,20260721,"{""alpha_a"": 0.25, ""alpha_l"": 0.35, ""alpha_r"": 0.4, ""beta_a"": 0.15, ""beta_l"": 0.2, ""beta_r"": 0.25, ""cloud_count"": 1, ""crossover_probability"": 0.5, ""dnn_count"": 30, ""edge_count"": 10, ""edge_link_factor"": 2.0, ""iteration_limit"": 200, ""lambda_g"": 0.5, ""lambda_h"": 0.5, ""mutation_probability"": 0.25, ""name"": ""weak"", ""population_size"": 60, ""preference"": ""adaptive"", ""suite"": ""dynamic"", ""use_dag_aware_initialization"": true, ""use_dag_block_crossover"": true, ""use_elite_local_search"": true, ""use_skew_mutation"": true, ""user_count"": null}",716.7504228207405,0.24013161661983584,0.7352766441551954,7608.5653211074405,0,80174,
dynamic:weak:533304da88:maxresource_fast:repeat_2:seed_20260721,dynamic,weak,maxresource_fast,2,20260721,"{""alpha_a"": 0.25, ""alpha_l"": 0.35, ""alpha_r"": 0.4, ""beta_a"": 0.15, ""beta_l"": 0.2, ""beta_r"": 0.25, ""cloud_count"": 1, ""crossover_probability"": 0.5, ""dnn_count"": 30, ""edge_count"": 10, ""edge_link_factor"": 2.0, ""iteration_limit"": 200, ""lambda_g"": 0.5, ""lambda_h"": 0.5, ""mutation_probability"": 0.25, ""name"": ""weak"", ""population_size"": 60, ""preference"": ""adaptive"", ""suite"": ""dynamic"", ""use_dag_aware_initialization"": true, ""use_dag_block_crossover"": true, ""use_elite_local_search"": true, ""use_skew_mutation"": true, ""user_count"": null}",472.7661827234829,0.21721977142511512,0.7915721635983355,6895.808284688091,0,113,
dynamic:weak:533304da88:proposed:repeat_3:seed_20260722,dynamic,weak,proposed,3,20260722,"{""alpha_a"": 0.25, ""alpha_l"": 0.35, ""alpha_r"": 0.4, ""beta_a"": 0.15, ""beta_l"": 0.2, ""beta_r"": 0.25, ""cloud_count"": 1, ""crossover_probability"": 0.5, ""dnn_count"": 30, ""edge_count"": 10, ""edge_link_factor"": 2.0, ""iteration_limit"": 200, ""lambda_g"": 0.5, ""lambda_h"": 0.5, ""mutation_probability"": 0.25, ""name"": ""weak"", ""population_size"": 60, ""preference"": ""adaptive"", ""suite"": ""dynamic"", ""use_dag_aware_initialization"": true, ""use_dag_block_crossover"": true, ""use_elite_local_search"": true, ""use_skew_mutation"": true, ""user_count"": null}",735.9212714875438,0.3418699233361284,0.8990337665384711,6136.442910690403,0,108495,
dynamic:weak:533304da88:customized:repeat_3:seed_20260722,dynamic,weak,customized,3,20260722,"{""alpha_a"": 0.25, ""alpha_l"": 0.35, ""alpha_r"": 0.4, ""beta_a"": 0.15, ""beta_l"": 0.2, ""beta_r"": 0.25, ""cloud_count"": 1, ""crossover_probability"": 0.5, ""dnn_count"": 30, ""edge_count"": 10, ""edge_link_factor"": 2.0, ""iteration_limit"": 200, ""lambda_g"": 0.5, ""lambda_h"": 0.5, ""mutation_probability"": 0.25, ""name"": ""weak"", ""population_size"": 60, ""preference"": ""adaptive"", ""suite"": ""dynamic"", ""use_dag_aware_initialization"": true, ""use_dag_block_crossover"": true, ""use_elite_local_search"": true, ""use_skew_mutation"": true, ""user_count"": null}",555.0993835562662,0.3431070129436756,0.8477287363004458,5851.691893179127,0,90817,
dynamic:weak:533304da88:random:repeat_3:seed_20260722,dynamic,weak,random,3,20260722,"{""alpha_a"": 0.25, ""alpha_l"": 0.35, ""alpha_r"": 0.4, ""beta_a"": 0.15, ""beta_l"": 0.2, ""beta_r"": 0.25, ""cloud_count"": 1, ""crossover_probability"": 0.5, ""dnn_count"": 30, ""edge_count"": 10, ""edge_link_factor"": 2.0, ""iteration_limit"": 200, ""lambda_g"": 0.5, ""lambda_h"": 0.5, ""mutation_probability"": 0.25, ""name"": ""weak"", ""population_size"": 60, ""preference"": ""adaptive"", ""suite"": ""dynamic"", ""use_dag_aware_initialization"": true, ""use_dag_block_crossover"": true, ""use_elite_local_search"": true, ""use_skew_mutation"": true, ""user_count"": null}",705.4606381824958,0.011318397773606185,0.7972165491108947,12557.076703738274,4,796,
dynamic:weak:533304da88:localfirst:repeat_3:seed_20260722,dynamic,weak,localfirst,3,20260722,"{""alpha_a"": 0.25, ""alpha_l"": 0.35, ""alpha_r"": 0.4, ""beta_a"": 0.15, ""beta_l"": 0.2, ""beta_r"": 0.25, ""cloud_count"": 1, ""crossover_probability"": 0.5, ""dnn_count"": 30, ""edge_count"": 10, ""edge_link_factor"": 2.0, ""iteration_limit"": 200, ""lambda_g"": 0.5, ""lambda_h"": 0.5, ""mutation_probability"": 0.25, ""name"": ""weak"", ""population_size"": 60, ""preference"": ""adaptive"", ""suite"": ""dynamic"", ""use_dag_aware_initialization"": true, ""use_dag_block_crossover"": true, ""use_elite_local_search"": true, ""use_skew_mutation"": true, ""user_count"": null}",784.4732489751569,0.23298225896530583,0.7297382730405013,8303.640799199417,2,180221,
dynamic:weak:533304da88:maxresource_fast:repeat_3:seed_20260722,dynamic,weak,maxresource_fast,3,20260722,"{""alpha_a"": 0.25, ""alpha_l"": 0.35, ""alpha_r"": 0.4, ""beta_a"": 0.15, ""beta_l"": 0.2, ""beta_r"": 0.25, ""cloud_count"": 1, ""crossover_probability"": 0.5, ""dnn_count"": 30, ""edge_count"": 10, ""edge_link_factor"": 2.0, ""iteration_limit"": 200, ""lambda_g"": 0.5, ""lambda_h"": 0.5, ""mutation_probability"": 0.25, ""name"": ""weak"", ""population_size"": 60, ""preference"": ""adaptive"", ""suite"": ""dynamic"", ""use_dag_aware_initialization"": true, ""use_dag_block_crossover"": true, ""use_elite_local_search"": true, ""use_skew_mutation"": true, ""user_count"": null}",544.8916300396662,0.11644585198782263,0.7711024039316853,8395.281705539488,0,126,
dynamic:weak:533304da88:proposed:repeat_4:seed_20260723,dynamic,weak,proposed,4,20260723,"{""alpha_a"": 0.25, ""alpha_l"": 0.35, ""alpha_r"": 0.4, ""beta_a"": 0.15, ""beta_l"": 0.2, ""beta_r"": 0.25, ""cloud_count"": 1, ""crossover_probability"": 0.5, ""dnn_count"": 30, ""edge_count"": 10, ""edge_link_factor"": 2.0, ""iteration_limit"": 200, ""lambda_g"": 0.5, ""lambda_h"": 0.5, ""mutation_probability"": 0.25, ""name"": ""weak"", ""population_size"": 60, ""preference"": ""adaptive"", ""suite"": ""dynamic"", ""use_dag_aware_initialization"": true, ""use_dag_block_crossover"": true, ""use_elite_local_search"": true, ""use_skew_mutation"": true, ""user_count"": null}",702.0214670331775,0.3556357675237652,0.9071119189423099,5878.349680736031,0,119411,
dynamic:weak:533304da88:customized:repeat_4:seed_20260723,dynamic,weak,customized,4,20260723,"{""alpha_a"": 0.25, ""alpha_l"": 0.35, ""alpha_r"": 0.4, ""beta_a"": 0.15, ""beta_l"": 0.2, ""beta_r"": 0.25, ""cloud_count"": 1, ""crossover_probability"": 0.5, ""dnn_count"": 30, ""edge_count"": 10, ""edge_link_factor"": 2.0, ""iteration_limit"": 200, ""lambda_g"": 0.5, ""lambda_h"": 0.5, ""mutation_probability"": 0.25, ""name"": ""weak"", ""population_size"": 60, ""preference"": ""adaptive"", ""suite"": ""dynamic"", ""use_dag_aware_initialization"": true, ""use_dag_block_crossover"": true, ""use_elite_local_search"": true, ""use_skew_mutation"": true, ""user_count"": null}",505.4982504472336,0.3919289038147522,0.8625687131004811,5352.462895500598,0,89271,
dynamic:weak:533304da88:random:repeat_4:seed_20260723,dynamic,weak,random,4,20260723,"{""alpha_a"": 0.25, ""alpha_l"": 0.35, ""alpha_r"": 0.4, ""beta_a"": 0.15, ""beta_l"": 0.2, ""beta_r"": 0.25, ""cloud_count"": 1, ""crossover_probability"": 0.5, ""dnn_count"": 30, ""edge_count"": 10, ""edge_link_factor"": 2.0, ""iteration_limit"": 200, ""lambda_g"": 0.5, ""lambda_h"": 0.5, ""mutation_probability"": 0.25, ""name"": ""weak"", ""population_size"": 60, ""preference"": ""adaptive"", ""suite"": ""dynamic"", ""use_dag_aware_initialization"": true, ""use_dag_block_crossover"": true, ""use_elite_local_search"": true, ""use_skew_mutation"": true, ""user_count"": null}",734.7203791195496,0.01794036191626314,0.7964989380115881,11905.824191814063,3,845,
dynamic:weak:533304da88:localfirst:repeat_4:seed_20260723,dynamic,weak,localfirst,4,20260723,"{""alpha_a"": 0.25, ""alpha_l"": 0.35, ""alpha_r"": 0.4, ""beta_a"": 0.15, ""beta_l"": 0.2, ""beta_r"": 0.25, ""cloud_count"": 1, ""crossover_probability"": 0.5, ""dnn_count"": 30, ""edge_count"": 10, ""edge_link_factor"": 2.0, ""iteration_limit"": 200, ""lambda_g"": 0.5, ""lambda_h"": 0.5, ""mutation_probability"": 0.25, ""name"": ""weak"", ""population_size"": 60, ""preference"": ""adaptive"", ""suite"": ""dynamic"", ""use_dag_aware_initialization"": true, ""use_dag_block_crossover"": true, ""use_elite_local_search"": true, ""use_skew_mutation"": true, ""user_count"": null}",811.9118233564008,0.2476770767854827,0.7372896474945173,7516.7874974797805,0,40099,
dynamic:weak:533304da88:maxresource_fast:repeat_4:seed_20260723,dynamic,weak,maxresource_fast,4,20260723,"{""alpha_a"": 0.25, ""alpha_l"": 0.35, ""alpha_r"": 0.4, ""beta_a"": 0.15, ""beta_l"": 0.2, ""beta_r"": 0.25, ""cloud_count"": 1, ""crossover_probability"": 0.5, ""dnn_count"": 30, ""edge_count"": 10, ""edge_link_factor"": 2.0, ""iteration_limit"": 200, ""lambda_g"": 0.5, ""lambda_h"": 0.5, ""mutation_probability"": 0.25, ""name"": ""weak"", ""population_size"": 60, ""preference"": ""adaptive"", ""suite"": ""dynamic"", ""use_dag_aware_initialization"": true, ""use_dag_block_crossover"": true, ""use_elite_local_search"": true, ""use_skew_mutation"": true, ""user_count"": null}",573.6471407837419,0.1353208963088554,0.785199129499013,8456.099687045118,1,3115,
dynamic:weak:533304da88:proposed:repeat_5:seed_20260724,dynamic,weak,proposed,5,20260724,"{""alpha_a"": 0.25, ""alpha_l"": 0.35, ""alpha_r"": 0.4, ""beta_a"": 0.15, ""beta_l"": 0.2, ""beta_r"": 0.25, ""cloud_count"": 1, ""crossover_probability"": 0.5, ""dnn_count"": 30, ""edge_count"": 10, ""edge_link_factor"": 2.0, ""iteration_limit"": 200, ""lambda_g"": 0.5, ""lambda_h"": 0.5, ""mutation_probability"": 0.25, ""name"": ""weak"", ""population_size"": 60, ""preference"": ""adaptive"", ""suite"": ""dynamic"", ""use_dag_aware_initialization"": true, ""use_dag_block_crossover"": true, ""use_elite_local_search"": true, ""use_skew_mutation"": true, ""user_count"": null}",634.5842282920007,0.3299956439360851,0.8678482239339205,5775.962621313201,0,98830,
dynamic:weak:533304da88:customized:repeat_5:seed_20260724,dynamic,weak,customized,5,20260724,"{""alpha_a"": 0.25, ""alpha_l"": 0.35, ""alpha_r"": 0.4, ""beta_a"": 0.15, ""beta_l"": 0.2, ""beta_r"": 0.25, ""cloud_count"": 1, ""crossover_probability"": 0.5, ""dnn_count"": 30, ""edge_count"": 10, ""edge_link_factor"": 2.0, ""iteration_limit"": 200, ""lambda_g"": 0.5, ""lambda_h"": 0.5, ""mutation_probability"": 0.25, ""name"": ""weak"", ""population_size"": 60, ""preference"": ""adaptive"", ""suite"": ""dynamic"", ""use_dag_aware_initialization"": true, ""use_dag_block_crossover"": true, ""use_elite_local_search"": true, ""use_skew_mutation"": true, ""user_count"": null}",595.7704555345806,0.33368579689633426,0.8472141865576542,5671.5330436689555,1,89837,
dynamic:weak:533304da88:random:repeat_5:seed_20260724,dynamic,weak,random,5,20260724,"{""alpha_a"": 0.25, ""alpha_l"": 0.35, ""alpha_r"": 0.4, ""beta_a"": 0.15, ""beta_l"": 0.2, ""beta_r"": 0.25, ""cloud_count"": 1, ""crossover_probability"": 0.5, ""dnn_count"": 30, ""edge_count"": 10, ""edge_link_factor"": 2.0, ""iteration_limit"": 200, ""lambda_g"": 0.5, ""lambda_h"": 0.5, ""mutation_probability"": 0.25, ""name"": ""weak"", ""population_size"": 60, ""preference"": ""adaptive"", ""suite"": ""dynamic"", ""use_dag_aware_initialization"": true, ""use_dag_block_crossover"": true, ""use_elite_local_search"": true, ""use_skew_mutation"": true, ""user_count"": null}",762.1591586420391,0.015671716044124186,0.7906125080222081,11486.865432467996,1,752,
dynamic:weak:533304da88:localfirst:repeat_5:seed_20260724,dynamic,weak,localfirst,5,20260724,"{""alpha_a"": 0.25, ""alpha_l"": 0.35, ""alpha_r"": 0.4, ""beta_a"": 0.15, ""beta_l"": 0.2, ""beta_r"": 0.25, ""cloud_count"": 1, ""crossover_probability"": 0.5, ""dnn_count"": 30, ""edge_count"": 10, ""edge_link_factor"": 2.0, ""iteration_limit"": 200, ""lambda_g"": 0.5, ""lambda_h"": 0.5, ""mutation_probability"": 0.25, ""name"": ""weak"", ""population_size"": 60, ""preference"": ""adaptive"", ""suite"": ""dynamic"", ""use_dag_aware_initialization"": true, ""use_dag_block_crossover"": true, ""use_elite_local_search"": true, ""use_skew_mutation"": true, ""user_count"": null}",776.7420777756038,0.25437548632091367,0.737827276940964,7330.665367899544,0,60086,
dynamic:weak:533304da88:maxresource_fast:repeat_5:seed_20260724,dynamic,weak,maxresource_fast,5,20260724,"{""alpha_a"": 0.25, ""alpha_l"": 0.35, ""alpha_r"": 0.4, ""beta_a"": 0.15, ""beta_l"": 0.2, ""beta_r"": 0.25, ""cloud_count"": 1, ""crossover_probability"": 0.5, ""dnn_count"": 30, ""edge_count"": 10, ""edge_link_factor"": 2.0, ""iteration_limit"": 200, ""lambda_g"": 0.5, ""lambda_h"": 0.5, ""mutation_probability"": 0.25, ""name"": ""weak"", ""population_size"": 60, ""preference"": ""adaptive"", ""suite"": ""dynamic"", ""use_dag_aware_initialization"": true, ""use_dag_block_crossover"": true, ""use_elite_local_search"": true, ""use_skew_mutation"": true, ""user_count"": null}",659.6212232458691,0.10219609983738696,0.792955594269475,8812.44181448513,1,3107,
dynamic:weak:533304da88:proposed:repeat_6:seed_20260725,dynamic,weak,proposed,6,20260725,"{""alpha_a"": 0.25, ""alpha_l"": 0.35, ""alpha_r"": 0.4, ""beta_a"": 0.15, ""beta_l"": 0.2, ""beta_r"": 0.25, ""cloud_count"": 1, ""crossover_probability"": 0.5, ""dnn_count"": 30, ""edge_count"": 10, ""edge_link_factor"": 2.0, ""iteration_limit"": 200, ""lambda_g"": 0.5, ""lambda_h"": 0.5, ""mutation_probability"": 0.25, ""name"": ""weak"", ""population_size"": 60, ""preference"": ""adaptive"", ""suite"": ""dynamic"", ""use_dag_aware_initialization"": true, ""use_dag_block_crossover"": true, ""use_elite_local_search"": true, ""use_skew_mutation"": true, ""user_count"": null}",648.2666475155535,0.3354351645909395,0.8848763966593445,6023.820845289273,0,118540,
dynamic:weak:533304da88:customized:repeat_6:seed_20260725,dynamic,weak,customized,6,20260725,"{""alpha_a"": 0.25, ""alpha_l"": 0.35, ""alpha_r"": 0.4, ""beta_a"": 0.15, ""beta_l"": 0.2, ""beta_r"": 0.25, ""cloud_count"": 1, ""crossover_probability"": 0.5, ""dnn_count"": 30, ""edge_count"": 10, ""edge_link_factor"": 2.0, ""iteration_limit"": 200, ""lambda_g"": 0.5, ""lambda_h"": 0.5, ""mutation_probability"": 0.25, ""name"": ""weak"", ""population_size"": 60, ""preference"": ""adaptive"", ""suite"": ""dynamic"", ""use_dag_aware_initialization"": true, ""use_dag_block_crossover"": true, ""use_elite_local_search"": true, ""use_skew_mutation"": true, ""user_count"": null}",549.2016775301962,0.3593561381617399,0.8516823895207591,5850.123864533411,0,90869,
dynamic:weak:533304da88:random:repeat_6:seed_20260725,dynamic,weak,random,6,20260725,"{""alpha_a"": 0.25, ""alpha_l"": 0.35, ""alpha_r"": 0.4, ""beta_a"": 0.15, ""beta_l"": 0.2, ""beta_r"": 0.25, ""cloud_count"": 1, ""crossover_probability"": 0.5, ""dnn_count"": 30, ""edge_count"": 10, ""edge_link_factor"": 2.0, ""iteration_limit"": 200, ""lambda_g"": 0.5, ""lambda_h"": 0.5, ""mutation_probability"": 0.25, ""name"": ""weak"", ""population_size"": 60, ""preference"": ""adaptive"", ""suite"": ""dynamic"", ""use_dag_aware_initialization"": true, ""use_dag_block_crossover"": true, ""use_elite_local_search"": true, ""use_skew_mutation"": true, ""user_count"": null}",758.452603239581,0.01319957258598052,0.7841752238280691,12500.566745008424,2,861,
dynamic:weak:533304da88:localfirst:repeat_6:seed_20260725,dynamic,weak,localfirst,6,20260725,"{""alpha_a"": 0.25, ""alpha_l"": 0.35, ""alpha_r"": 0.4, ""beta_a"": 0.15, ""beta_l"": 0.2, ""beta_r"": 0.25, ""cloud_count"": 1, ""crossover_probability"": 0.5, ""dnn_count"": 30, ""edge_count"": 10, ""edge_link_factor"": 2.0, ""iteration_limit"": 200, ""lambda_g"": 0.5, ""lambda_h"": 0.5, ""mutation_probability"": 0.25, ""name"": ""weak"", ""population_size"": 60, ""preference"": ""adaptive"", ""suite"": ""dynamic"", ""use_dag_aware_initialization"": true, ""use_dag_block_crossover"": true, ""use_elite_local_search"": true, ""use_skew_mutation"": true, ""user_count"": null}",883.3313939482883,0.28203907580833454,0.7172025419002973,7805.1771304241565,0,64922,
dynamic:weak:533304da88:maxresource_fast:repeat_6:seed_20260725,dynamic,weak,maxresource_fast,6,20260725,"{""alpha_a"": 0.25, ""alpha_l"": 0.35, ""alpha_r"": 0.4, ""beta_a"": 0.15, ""beta_l"": 0.2, ""beta_r"": 0.25, ""cloud_count"": 1, ""crossover_probability"": 0.5, ""dnn_count"": 30, ""edge_count"": 10, ""edge_link_factor"": 2.0, ""iteration_limit"": 200, ""lambda_g"": 0.5, ""lambda_h"": 0.5, ""mutation_probability"": 0.25, ""name"": ""weak"", ""population_size"": 60, ""preference"": ""adaptive"", ""suite"": ""dynamic"", ""use_dag_aware_initialization"": true, ""use_dag_block_crossover"": true, ""use_elite_local_search"": true, ""use_skew_mutation"": true, ""user_count"": null}",563.7640070211933,0.14376292050106645,0.7852927681433962,8326.111547398737,0,131,
dynamic:weak:533304da88:proposed:repeat_7:seed_20260726,dynamic,weak,proposed,7,20260726,"{""alpha_a"": 0.25, ""alpha_l"": 0.35, ""alpha_r"": 0.4, ""beta_a"": 0.15, ""beta_l"": 0.2, ""beta_r"": 0.25, ""cloud_count"": 1, ""crossover_probability"": 0.5, ""dnn_count"": 30, ""edge_count"": 10, ""edge_link_factor"": 2.0, ""iteration_limit"": 200, ""lambda_g"": 0.5, ""lambda_h"": 0.5, ""mutation_probability"": 0.25, ""name"": ""weak"", ""population_size"": 60, ""preference"": ""adaptive"", ""suite"": ""dynamic"", ""use_dag_aware_initialization"": true, ""use_dag_block_crossover"": true, ""use_elite_local_search"": true, ""use_skew_mutation"": true, ""user_count"": null}",557.475927558475,0.29666089537958246,0.8479831214515636,6538.6132440891815,1,143543,
dynamic:weak:533304da88:customized:repeat_7:seed_20260726,dynamic,weak,customized,7,20260726,"{""alpha_a"": 0.25, ""alpha_l"": 0.35, ""alpha_r"": 0.4, ""beta_a"": 0.15, ""beta_l"": 0.2, ""beta_r"": 0.25, ""cloud_count"": 1, ""crossover_probability"": 0.5, ""dnn_count"": 30, ""edge_count"": 10, ""edge_link_factor"": 2.0, ""iteration_limit"": 200, ""lambda_g"": 0.5, ""lambda_h"": 0.5, ""mutation_probability"": 0.25, ""name"": ""weak"", ""population_size"": 60, ""preference"": ""adaptive"", ""suite"": ""dynamic"", ""use_dag_aware_initialization"": true, ""use_dag_block_crossover"": true, ""use_elite_local_search"": true, ""use_skew_mutation"": true, ""user_count"": null}",510.80597215586056,0.3052298102880339,0.8285818973723665,6332.898567818203,0,91231,
dynamic:weak:533304da88:random:repeat_7:seed_20260726,dynamic,weak,random,7,20260726,"{""alpha_a"": 0.25, ""alpha_l"": 0.35, ""alpha_r"": 0.4, ""beta_a"": 0.15, ""beta_l"": 0.2, ""beta_r"": 0.25, ""cloud_count"": 1, ""crossover_probability"": 0.5, ""dnn_count"": 30, ""edge_count"": 10, ""edge_link_factor"": 2.0, ""iteration_limit"": 200, ""lambda_g"": 0.5, ""lambda_h"": 0.5, ""mutation_probability"": 0.25, ""name"": ""weak"", ""population_size"": 60, ""preference"": ""adaptive"", ""suite"": ""dynamic"", ""use_dag_aware_initialization"": true, ""use_dag_block_crossover"": true, ""use_elite_local_search"": true, ""use_skew_mutation"": true, ""user_count"": null}",736.2258039746573,0.014212146750366894,0.7911332935443869,13543.039453736175,5,857,
dynamic:weak:533304da88:localfirst:repeat_7:seed_20260726,dynamic,weak,localfirst,7,20260726,"{""alpha_a"": 0.25, ""alpha_l"": 0.35, ""alpha_r"": 0.4, ""beta_a"": 0.15, ""beta_l"": 0.2, ""beta_r"": 0.25, ""cloud_count"": 1, ""crossover_probability"": 0.5, ""dnn_count"": 30, ""edge_count"": 10, ""edge_link_factor"": 2.0, ""iteration_limit"": 200, ""lambda_g"": 0.5, ""lambda_h"": 0.5, ""mutation_probability"": 0.25, ""name"": ""weak"", ""population_size"": 60, ""preference"": ""adaptive"", ""suite"": ""dynamic"", ""use_dag_aware_initialization"": true, ""use_dag_block_crossover"": true, ""use_elite_local_search"": true, ""use_skew_mutation"": true, ""user_count"": null}",800.9423095759531,0.2653835041727758,0.7346326864838338,8119.798108616491,1,120953,
dynamic:weak:533304da88:maxresource_fast:repeat_7:seed_20260726,dynamic,weak,maxresource_fast,7,20260726,"{""alpha_a"": 0.25, ""alpha_l"": 0.35, ""alpha_r"": 0.4, ""beta_a"": 0.15, ""beta_l"": 0.2, ""beta_r"": 0.25, ""cloud_count"": 1, ""crossover_probability"": 0.5, ""dnn_count"": 30, ""edge_count"": 10, ""edge_link_factor"": 2.0, ""iteration_limit"": 200, ""lambda_g"": 0.5, ""lambda_h"": 0.5, ""mutation_probability"": 0.25, ""name"": ""weak"", ""population_size"": 60, ""preference"": ""adaptive"", ""suite"": ""dynamic"", ""use_dag_aware_initialization"": true, ""use_dag_block_crossover"": true, ""use_elite_local_search"": true, ""use_skew_mutation"": true, ""user_count"": null}",496.30718096290946,0.23363661476983438,0.7937163316365264,7949.011463932912,2,6117,
dynamic:weak:533304da88:proposed:repeat_8:seed_20260727,dynamic,weak,proposed,8,20260727,"{""alpha_a"": 0.25, ""alpha_l"": 0.35, ""alpha_r"": 0.4, ""beta_a"": 0.15, ""beta_l"": 0.2, ""beta_r"": 0.25, ""cloud_count"": 1, ""crossover_probability"": 0.5, ""dnn_count"": 30, ""edge_count"": 10, ""edge_link_factor"": 2.0, ""iteration_limit"": 200, ""lambda_g"": 0.5, ""lambda_h"": 0.5, ""mutation_probability"": 0.25, ""name"": ""weak"", ""population_size"": 60, ""preference"": ""adaptive"", ""suite"": ""dynamic"", ""use_dag_aware_initialization"": true, ""use_dag_block_crossover"": true, ""use_elite_local_search"": true, ""use_skew_mutation"": true, ""user_count"": null}",655.5694799743567,0.2827569996080179,0.8540381674432719,6493.660920526113,0,126314,
dynamic:weak:533304da88:customized:repeat_8:seed_20260727,dynamic,weak,customized,8,20260727,"{""alpha_a"": 0.25, ""alpha_l"": 0.35, ""alpha_r"": 0.4, ""beta_a"": 0.15, ""beta_l"": 0.2, ""beta_r"": 0.25, ""cloud_count"": 1, ""crossover_probability"": 0.5, ""dnn_count"": 30, ""edge_count"": 10, ""edge_link_factor"": 2.0, ""iteration_limit"": 200, ""lambda_g"": 0.5, ""lambda_h"": 0.5, ""mutation_probability"": 0.25, ""name"": ""weak"", ""population_size"": 60, ""preference"": ""adaptive"", ""suite"": ""dynamic"", ""use_dag_aware_initialization"": true, ""use_dag_block_crossover"": true, ""use_elite_local_search"": true, ""use_skew_mutation"": true, ""user_count"": null}",526.5667059760076,0.3316551946836963,0.8303090030031245,5987.0865331593595,1,92541,
dynamic:weak:533304da88:random:repeat_8:seed_20260727,dynamic,weak,random,8,20260727,"{""alpha_a"": 0.25, ""alpha_l"": 0.35, ""alpha_r"": 0.4, ""beta_a"": 0.15, ""beta_l"": 0.2, ""beta_r"": 0.25, ""cloud_count"": 1, ""crossover_probability"": 0.5, ""dnn_count"": 30, ""edge_count"": 10, ""edge_link_factor"": 2.0, ""iteration_limit"": 200, ""lambda_g"": 0.5, ""lambda_h"": 0.5, ""mutation_probability"": 0.25, ""name"": ""weak"", ""population_size"": 60, ""preference"": ""adaptive"", ""suite"": ""dynamic"", ""use_dag_aware_initialization"": true, ""use_dag_block_crossover"": true, ""use_elite_local_search"": true, ""use_skew_mutation"": true, ""user_count"": null}",821.8201942337987,0.028429082866207267,0.7994955665597111,12789.665625186333,3,1305,
dynamic:weak:533304da88:localfirst:repeat_8:seed_20260727,dynamic,weak,localfirst,8,20260727,"{""alpha_a"": 0.25, ""alpha_l"": 0.35, ""alpha_r"": 0.4, ""beta_a"": 0.15, ""beta_l"": 0.2, ""beta_r"": 0.25, ""cloud_count"": 1, ""crossover_probability"": 0.5, ""dnn_count"": 30, ""edge_count"": 10, ""edge_link_factor"": 2.0, ""iteration_limit"": 200, ""lambda_g"": 0.5, ""lambda_h"": 0.5, ""mutation_probability"": 0.25, ""name"": ""weak"", ""population_size"": 60, ""preference"": ""adaptive"", ""suite"": ""dynamic"", ""use_dag_aware_initialization"": true, ""use_dag_block_crossover"": true, ""use_elite_local_search"": true, ""use_skew_mutation"": true, ""user_count"": null}",873.7895124227573,0.17955598937645356,0.7226840635939643,8736.543052643548,1,60364,
dynamic:weak:533304da88:maxresource_fast:repeat_8:seed_20260727,dynamic,weak,maxresource_fast,8,20260727,"{""alpha_a"": 0.25, ""alpha_l"": 0.35, ""alpha_r"": 0.4, ""beta_a"": 0.15, ""beta_l"": 0.2, ""beta_r"": 0.25, ""cloud_count"": 1, ""crossover_probability"": 0.5, ""dnn_count"": 30, ""edge_count"": 10, ""edge_link_factor"": 2.0, ""iteration_limit"": 200, ""lambda_g"": 0.5, ""lambda_h"": 0.5, ""mutation_probability"": 0.25, ""name"": ""weak"", ""population_size"": 60, ""preference"": ""adaptive"", ""suite"": ""dynamic"", ""use_dag_aware_initialization"": true, ""use_dag_block_crossover"": true, ""use_elite_local_search"": true, ""use_skew_mutation"": true, ""user_count"": null}",581.0563605512639,0.11668544389116979,0.7713655811919519,8604.985835522586,2,6143,
dynamic:weak:533304da88:proposed:repeat_9:seed_20260728,dynamic,weak,proposed,9,20260728,"{""alpha_a"": 0.25, ""alpha_l"": 0.35, ""alpha_r"": 0.4, ""beta_a"": 0.15, ""beta_l"": 0.2, ""beta_r"": 0.25, ""cloud_count"": 1, ""crossover_probability"": 0.5, ""dnn_count"": 30, ""edge_count"": 10, ""edge_link_factor"": 2.0, ""iteration_limit"": 200, ""lambda_g"": 0.5, ""lambda_h"": 0.5, ""mutation_probability"": 0.25, ""name"": ""weak"", ""population_size"": 60, ""preference"": ""adaptive"", ""suite"": ""dynamic"", ""use_dag_aware_initialization"": true, ""use_dag_block_crossover"": true, ""use_elite_local_search"": true, ""use_skew_mutation"": true, ""user_count"": null}",579.0754746268361,0.32981724116380917,0.8392777237192856,5929.054099414329,0,116142,
dynamic:weak:533304da88:customized:repeat_9:seed_20260728,dynamic,weak,customized,9,20260728,"{""alpha_a"": 0.25, ""alpha_l"": 0.35, ""alpha_r"": 0.4, ""beta_a"": 0.15, ""beta_l"": 0.2, ""beta_r"": 0.25, ""cloud_count"": 1, ""crossover_probability"": 0.5, ""dnn_count"": 30, ""edge_count"": 10, ""edge_link_factor"": 2.0, ""iteration_limit"": 200, ""lambda_g"": 0.5, ""lambda_h"": 0.5, ""mutation_probability"": 0.25, ""name"": ""weak"", ""population_size"": 60, ""preference"": ""adaptive"", ""suite"": ""dynamic"", ""use_dag_aware_initialization"": true, ""use_dag_block_crossover"": true, ""use_elite_local_search"": true, ""use_skew_mutation"": true, ""user_count"": null}",513.2627084442167,0.3608054009009446,0.8263124391972138,5452.72815408998,0,90686,
dynamic:weak:533304da88:random:repeat_9:seed_20260728,dynamic,weak,random,9,20260728,"{""alpha_a"": 0.25, ""alpha_l"": 0.35, ""alpha_r"": 0.4, ""beta_a"": 0.15, ""beta_l"": 0.2, ""beta_r"": 0.25, ""cloud_count"": 1, ""crossover_probability"": 0.5, ""dnn_count"": 30, ""edge_count"": 10, ""edge_link_factor"": 2.0, ""iteration_limit"": 200, ""lambda_g"": 0.5, ""lambda_h"": 0.5, ""mutation_probability"": 0.25, ""name"": ""weak"", ""population_size"": 60, ""preference"": ""adaptive"", ""suite"": ""dynamic"", ""use_dag_aware_initialization"": true, ""use_dag_block_crossover"": true, ""use_elite_local_search"": true, ""use_skew_mutation"": true, ""user_count"": null}",712.4365224643931,0.021844220941545915,0.7997920097129747,11884.662777303489,2,815,
dynamic:weak:533304da88:localfirst:repeat_9:seed_20260728,dynamic,weak,localfirst,9,20260728,"{""alpha_a"": 0.25, ""alpha_l"": 0.35, ""alpha_r"": 0.4, ""beta_a"": 0.15, ""beta_l"": 0.2, ""beta_r"": 0.25, ""cloud_count"": 1, ""crossover_probability"": 0.5, ""dnn_count"": 30, ""edge_count"": 10, ""edge_link_factor"": 2.0, ""iteration_limit"": 200, ""lambda_g"": 0.5, ""lambda_h"": 0.5, ""mutation_probability"": 0.25, ""name"": ""weak"", ""population_size"": 60, ""preference"": ""adaptive"", ""suite"": ""dynamic"", ""use_dag_aware_initialization"": true, ""use_dag_block_crossover"": true, ""use_elite_local_search"": true, ""use_skew_mutation"": true, ""user_count"": null}",769.7909434897512,0.2230714557218922,0.7427804752173314,7771.601732739695,0,40611,
dynamic:weak:533304da88:maxresource_fast:repeat_9:seed_20260728,dynamic,weak,maxresource_fast,9,20260728,"{""alpha_a"": 0.25, ""alpha_l"": 0.35, ""alpha_r"": 0.4, ""beta_a"": 0.15, ""beta_l"": 0.2, ""beta_r"": 0.25, ""cloud_count"": 1, ""crossover_probability"": 0.5, ""dnn_count"": 30, ""edge_count"": 10, ""edge_link_factor"": 2.0, ""iteration_limit"": 200, ""lambda_g"": 0.5, ""lambda_h"": 0.5, ""mutation_probability"": 0.25, ""name"": ""weak"", ""population_size"": 60, ""preference"": ""adaptive"", ""suite"": ""dynamic"", ""use_dag_aware_initialization"": true, ""use_dag_block_crossover"": true, ""use_elite_local_search"": true, ""use_skew_mutation"": true, ""user_count"": null}",584.3008418403466,0.15196002728016986,0.7875488738550677,8572.141697186773,2,6108,
dynamic:medium:a57b2d1e51:proposed:repeat_0:seed_20260719,dynamic,medium,proposed,0,20260719,"{""alpha_a"": 0.5, ""alpha_l"": 0.7, ""alpha_r"": 0.8, ""beta_a"": 0.3, ""beta_l"": 0.4, ""beta_r"": 0.5, ""cloud_count"": 1, ""crossover_probability"": 0.5, ""dnn_count"": 30, ""edge_count"": 10, ""edge_link_factor"": 2.0, ""iteration_limit"": 200, ""lambda_g"": 0.7, ""lambda_h"": 0.7, ""mutation_probability"": 0.25, ""name"": ""medium"", ""population_size"": 60, ""preference"": ""adaptive"", ""suite"": ""dynamic"", ""use_dag_aware_initialization"": true, ""use_dag_block_crossover"": true, ""use_elite_local_search"": true, ""use_skew_mutation"": true, ""user_count"": null}",643.1911683212893,0.13280111648255907,0.7987362450000808,6873.320116750305,0,121402,
dynamic:medium:a57b2d1e51:customized:repeat_0:seed_20260719,dynamic,medium,customized,0,20260719,"{""alpha_a"": 0.5, ""alpha_l"": 0.7, ""alpha_r"": 0.8, ""beta_a"": 0.3, ""beta_l"": 0.4, ""beta_r"": 0.5, ""cloud_count"": 1, ""crossover_probability"": 0.5, ""dnn_count"": 30, ""edge_count"": 10, ""edge_link_factor"": 2.0, ""iteration_limit"": 200, ""lambda_g"": 0.7, ""lambda_h"": 0.7, ""mutation_probability"": 0.25, ""name"": ""medium"", ""population_size"": 60, ""preference"": ""adaptive"", ""suite"": ""dynamic"", ""use_dag_aware_initialization"": true, ""use_dag_block_crossover"": true, ""use_elite_local_search"": true, ""use_skew_mutation"": true, ""user_count"": null}",585.4710452733435,0.15857681364205076,0.7878773193626643,6190.967304063439,0,91272,
dynamic:medium:a57b2d1e51:random:repeat_0:seed_20260719,dynamic,medium,random,0,20260719,"{""alpha_a"": 0.5, ""alpha_l"": 0.7, ""alpha_r"": 0.8, ""beta_a"": 0.3, ""beta_l"": 0.4, ""beta_r"": 0.5, ""cloud_count"": 1, ""crossover_probability"": 0.5, ""dnn_count"": 30, ""edge_count"": 10, ""edge_link_factor"": 2.0, ""iteration_limit"": 200, ""lambda_g"": 0.7, ""lambda_h"": 0.7, ""mutation_probability"": 0.25, ""name"": ""medium"", ""population_size"": 60, ""preference"": ""adaptive"", ""suite"": ""dynamic"", ""use_dag_aware_initialization"": true, ""use_dag_block_crossover"": true, ""use_elite_local_search"": true, ""use_skew_mutation"": true, ""user_count"": null}",803.3121356934108,0.002492313922607478,0.6649199128123785,12274.17075439873,3,786,
dynamic:medium:a57b2d1e51:localfirst:repeat_0:seed_20260719,dynamic,medium,localfirst,0,20260719,"{""alpha_a"": 0.5, ""alpha_l"": 0.7, ""alpha_r"": 0.8, ""beta_a"": 0.3, ""beta_l"": 0.4, ""beta_r"": 0.5, ""cloud_count"": 1, ""crossover_probability"": 0.5, ""dnn_count"": 30, ""edge_count"": 10, ""edge_link_factor"": 2.0, ""iteration_limit"": 200, ""lambda_g"": 0.7, ""lambda_h"": 0.7, ""mutation_probability"": 0.25, ""name"": ""medium"", ""population_size"": 60, ""preference"": ""adaptive"", ""suite"": ""dynamic"", ""use_dag_aware_initialization"": true, ""use_dag_block_crossover"": true, ""use_elite_local_search"": true, ""use_skew_mutation"": true, ""user_count"": null}",879.2713652173794,0.1234186117673302,0.5959067395100301,8458.664194273604,1,70189,
dynamic:medium:a57b2d1e51:maxresource_fast:repeat_0:seed_20260719,dynamic,medium,maxresource_fast,0,20260719,"{""alpha_a"": 0.5, ""alpha_l"": 0.7, ""alpha_r"": 0.8, ""beta_a"": 0.3, ""beta_l"": 0.4, ""beta_r"": 0.5, ""cloud_count"": 1, ""crossover_probability"": 0.5, ""dnn_count"": 30, ""edge_count"": 10, ""edge_link_factor"": 2.0, ""iteration_limit"": 200, ""lambda_g"": 0.7, ""lambda_h"": 0.7, ""mutation_probability"": 0.25, ""name"": ""medium"", ""population_size"": 60, ""preference"": ""adaptive"", ""suite"": ""dynamic"", ""use_dag_aware_initialization"": true, ""use_dag_block_crossover"": true, ""use_elite_local_search"": true, ""use_skew_mutation"": true, ""user_count"": null}",560.594233940767,0.05343436697840428,0.6426735953645842,8081.335591602262,0,111,
dynamic:medium:a57b2d1e51:proposed:repeat_1:seed_20260720,dynamic,medium,proposed,1,20260720,"{""alpha_a"": 0.5, ""alpha_l"": 0.7, ""alpha_r"": 0.8, ""beta_a"": 0.3, ""beta_l"": 0.4, ""beta_r"": 0.5, ""cloud_count"": 1, ""crossover_probability"": 0.5, ""dnn_count"": 30, ""edge_count"": 10, ""edge_link_factor"": 2.0, ""iteration_limit"": 200, ""lambda_g"": 0.7, ""lambda_h"": 0.7, ""mutation_probability"": 0.25, ""name"": ""medium"", ""population_size"": 60, ""preference"": ""adaptive"", ""suite"": ""dynamic"", ""use_dag_aware_initialization"": true, ""use_dag_block_crossover"": true, ""use_elite_local_search"": true, ""use_skew_mutation"": true, ""user_count"": null}",580.4621289374228,0.12451532367678857,0.732497048888055,6953.3206670992995,0,99810,
dynamic:medium:a57b2d1e51:customized:repeat_1:seed_20260720,dynamic,medium,customized,1,20260720,"{""alpha_a"": 0.5, ""alpha_l"": 0.7, ""alpha_r"": 0.8, ""beta_a"": 0.3, ""beta_l"": 0.4, ""beta_r"": 0.5, ""cloud_count"": 1, ""crossover_probability"": 0.5, ""dnn_count"": 30, ""edge_count"": 10, ""edge_link_factor"": 2.0, ""iteration_limit"": 200, ""lambda_g"": 0.7, ""lambda_h"": 0.7, ""mutation_probability"": 0.25, ""name"": ""medium"", ""population_size"": 60, ""preference"": ""adaptive"", ""suite"": ""dynamic"", ""use_dag_aware_initialization"": true, ""use_dag_block_crossover"": true, ""use_elite_local_search"": true, ""use_skew_mutation"": true, ""user_count"": null}",522.7589904653419,0.16604198156803507,0.7318534940702449,6009.072345394557,0,92601,
dynamic:medium:a57b2d1e51:random:repeat_1:seed_20260720,dynamic,medium,random,1,20260720,"{""alpha_a"": 0.5, ""alpha_l"": 0.7, ""alpha_r"": 0.8, ""beta_a"": 0.3, ""beta_l"": 0.4, ""beta_r"": 0.5, ""cloud_count"": 1, ""crossover_probability"": 0.5, ""dnn_count"": 30, ""edge_count"": 10, ""edge_link_factor"": 2.0, ""iteration_limit"": 200, ""lambda_g"": 0.7, ""lambda_h"": 0.7, ""mutation_probability"": 0.25, ""name"": ""medium"", ""population_size"": 60, ""preference"": ""adaptive"", ""suite"": ""dynamic"", ""use_dag_aware_initialization"": true, ""use_dag_block_crossover"": true, ""use_elite_local_search"": true, ""use_skew_mutation"": true, ""user_count"": null}",748.1436119222918,0.009348810108976487,0.648986698664946,12568.354406850181,1,820,
dynamic:medium:a57b2d1e51:localfirst:repeat_1:seed_20260720,dynamic,medium,localfirst,1,20260720,"{""alpha_a"": 0.5, ""alpha_l"": 0.7, ""alpha_r"": 0.8, ""beta_a"": 0.3, ""beta_l"": 0.4, ""beta_r"": 0.5, ""cloud_count"": 1, ""crossover_probability"": 0.5, ""dnn_count"": 30, ""edge_count"": 10, ""edge_link_factor"": 2.0, ""iteration_limit"": 200, ""lambda_g"": 0.7, ""lambda_h"": 0.7, ""mutation_probability"": 0.25, ""name"": ""medium"", ""population_size"": 60, ""preference"": ""adaptive"", ""suite"": ""dynamic"", ""use_dag_aware_initialization"": true, ""use_dag_block_crossover"": true, ""use_elite_local_search"": true, ""use_skew_mutation"": true, ""user_count"": null}",838.2320596286232,0.13459502387005673,0.5915469843397398,8524.081871183045,0,87826,
dynamic:medium:a57b2d1e51:maxresource_fast:repeat_1:seed_20260720,dynamic,medium,maxresource_fast,1,20260720,"{""alpha_a"": 0.5, ""alpha_l"": 0.7, ""alpha_r"": 0.8, ""beta_a"": 0.3, ""beta_l"": 0.4, ""beta_r"": 0.5, ""cloud_count"": 1, ""crossover_probability"": 0.5, ""dnn_count"": 30, ""edge_count"": 10, ""edge_link_factor"": 2.0, ""iteration_limit"": 200, ""lambda_g"": 0.7, ""lambda_h"": 0.7, ""mutation_probability"": 0.25, ""name"": ""medium"", ""population_size"": 60, ""preference"": ""adaptive"", ""suite"": ""dynamic"", ""use_dag_aware_initialization"": true, ""use_dag_block_crossover"": true, ""use_elite_local_search"": true, ""use_skew_mutation"": true, ""user_count"": null}",555.4285502181937,0.07367226071787697,0.6508879783749488,8247.291071398286,1,3119,
dynamic:medium:a57b2d1e51:proposed:repeat_2:seed_20260721,dynamic,medium,proposed,2,20260721,"{""alpha_a"": 0.5, ""alpha_l"": 0.7, ""alpha_r"": 0.8, ""beta_a"": 0.3, ""beta_l"": 0.4, ""beta_r"": 0.5, ""cloud_count"": 1, ""crossover_probability"": 0.5, ""dnn_count"": 30, ""edge_count"": 10, ""edge_link_factor"": 2.0, ""iteration_limit"": 200, ""lambda_g"": 0.7, ""lambda_h"": 0.7, ""mutation_probability"": 0.25, ""name"": ""medium"", ""population_size"": 60, ""preference"": ""adaptive"", ""suite"": ""dynamic"", ""use_dag_aware_initialization"": true, ""use_dag_block_crossover"": true, ""use_elite_local_search"": true, ""use_skew_mutation"": true, ""user_count"": null}",521.5885571657176,0.14091456811806877,0.751098980092989,6459.843253238387,0,105360,
dynamic:medium:a57b2d1e51:customized:repeat_2:seed_20260721,dynamic,medium,customized,2,20260721,"{""alpha_a"": 0.5, ""alpha_l"": 0.7, ""alpha_r"": 0.8, ""beta_a"": 0.3, ""beta_l"": 0.4, ""beta_r"": 0.5, ""cloud_count"": 1, ""crossover_probability"": 0.5, ""dnn_count"": 30, ""edge_count"": 10, ""edge_link_factor"": 2.0, ""iteration_limit"": 200, ""lambda_g"": 0.7, ""lambda_h"": 0.7, ""mutation_probability"": 0.25, ""name"": ""medium"", ""population_size"": 60, ""preference"": ""adaptive"", ""suite"": ""dynamic"", ""use_dag_aware_initialization"": true, ""use_dag_block_crossover"": true, ""use_elite_local_search"": true, ""use_skew_mutation"": true, ""user_count"": null}",445.9688944377268,0.1728194490626768,0.7234918223896156,5935.4969996490645,0,92173,
dynamic:medium:a57b2d1e51:random:repeat_2:seed_20260721,dynamic,medium,random,2,20260721,"{""alpha_a"": 0.5, ""alpha_l"": 0.7, ""alpha_r"": 0.8, ""beta_a"": 0.3, ""beta_l"": 0.4, ""beta_r"": 0.5, ""cloud_count"": 1, ""crossover_probability"": 0.5, ""dnn_count"": 30, ""edge_count"": 10, ""edge_link_factor"": 2.0, ""iteration_limit"": 200, ""lambda_g"": 0.7, ""lambda_h"": 0.7, ""mutation_probability"": 0.25, ""name"": ""medium"", ""population_size"": 60, ""preference"": ""adaptive"", ""suite"": ""dynamic"", ""use_dag_aware_initialization"": true, ""use_dag_block_crossover"": true, ""use_elite_local_search"": true, ""use_skew_mutation"": true, ""user_count"": null}",745.5062505570148,0.002697741062453433,0.683170705960073,12339.727869350516,5,818,
dynamic:medium:a57b2d1e51:localfirst:repeat_2:seed_20260721,dynamic,medium,localfirst,2,20260721,"{""alpha_a"": 0.5, ""alpha_l"": 0.7, ""alpha_r"": 0.8, ""beta_a"": 0.3, ""beta_l"": 0.4, ""beta_r"": 0.5, ""cloud_count"": 1, ""crossover_probability"": 0.5, ""dnn_count"": 30, ""edge_count"": 10, ""edge_link_factor"": 2.0, ""iteration_limit"": 200, ""lambda_g"": 0.7, ""lambda_h"": 0.7, ""mutation_probability"": 0.25, ""name"": ""medium"", ""population_size"": 60, ""preference"": ""adaptive"", ""suite"": ""dynamic"", ""use_dag_aware_initialization"": true, ""use_dag_block_crossover"": true, ""use_elite_local_search"": true, ""use_skew_mutation"": true, ""user_count"": null}",717.8066256235348,0.13801425200613474,0.5872081509461801,7604.4280317235325,0,80174,
dynamic:medium:a57b2d1e51:maxresource_fast:repeat_2:seed_20260721,dynamic,medium,maxresource_fast,2,20260721,"{""alpha_a"": 0.5, ""alpha_l"": 0.7, ""alpha_r"": 0.8, ""beta_a"": 0.3, ""beta_l"": 0.4, ""beta_r"": 0.5, ""cloud_count"": 1, ""crossover_probability"": 0.5, ""dnn_count"": 30, ""edge_count"": 10, ""edge_link_factor"": 2.0, ""iteration_limit"": 200, ""lambda_g"": 0.7, ""lambda_h"": 0.7, ""mutation_probability"": 0.25, ""name"": ""medium"", ""population_size"": 60, ""preference"": ""adaptive"", ""suite"": ""dynamic"", ""use_dag_aware_initialization"": true, ""use_dag_block_crossover"": true, ""use_elite_local_search"": true, ""use_skew_mutation"": true, ""user_count"": null}",471.60522138728527,0.08352853599721372,0.6570968739496595,6895.808284688091,0,112,
dynamic:medium:a57b2d1e51:proposed:repeat_3:seed_20260722,dynamic,medium,proposed,3,20260722,"{""alpha_a"": 0.5, ""alpha_l"": 0.7, ""alpha_r"": 0.8, ""beta_a"": 0.3, ""beta_l"": 0.4, ""beta_r"": 0.5, ""cloud_count"": 1, ""crossover_probability"": 0.5, ""dnn_count"": 30, ""edge_count"": 10, ""edge_link_factor"": 2.0, ""iteration_limit"": 200, ""lambda_g"": 0.7, ""lambda_h"": 0.7, ""mutation_probability"": 0.25, ""name"": ""medium"", ""population_size"": 60, ""preference"": ""adaptive"", ""suite"": ""dynamic"", ""use_dag_aware_initialization"": true, ""use_dag_block_crossover"": true, ""use_elite_local_search"": true, ""use_skew_mutation"": true, ""user_count"": null}",637.1146056158907,0.12286598883196918,0.7722564911104708,7203.228594389985,0,113292,
dynamic:medium:a57b2d1e51:customized:repeat_3:seed_20260722,dynamic,medium,customized,3,20260722,"{""alpha_a"": 0.5, ""alpha_l"": 0.7, ""alpha_r"": 0.8, ""beta_a"": 0.3, ""beta_l"": 0.4, ""beta_r"": 0.5, ""cloud_count"": 1, ""crossover_probability"": 0.5, ""dnn_count"": 30, ""edge_count"": 10, ""edge_link_factor"": 2.0, ""iteration_limit"": 200, ""lambda_g"": 0.7, ""lambda_h"": 0.7, ""mutation_probability"": 0.25, ""name"": ""medium"", ""population_size"": 60, ""preference"": ""adaptive"", ""suite"": ""dynamic"", ""use_dag_aware_initialization"": true, ""use_dag_block_crossover"": true, ""use_elite_local_search"": true, ""use_skew_mutation"": true, ""user_count"": null}",536.8969773769408,0.18274193269632025,0.7628585905960675,6177.639224393977,0,95281,
dynamic:medium:a57b2d1e51:random:repeat_3:seed_20260722,dynamic,medium,random,3,20260722,"{""alpha_a"": 0.5, ""alpha_l"": 0.7, ""alpha_r"": 0.8, ""beta_a"": 0.3, ""beta_l"": 0.4, ""beta_r"": 0.5, ""cloud_count"": 1, ""crossover_probability"": 0.5, ""dnn_count"": 30, ""edge_count"": 10, ""edge_link_factor"": 2.0, ""iteration_limit"": 200, ""lambda_g"": 0.7, ""lambda_h"": 0.7, ""mutation_probability"": 0.25, ""name"": ""medium"", ""population_size"": 60, ""preference"": ""adaptive"", ""suite"": ""dynamic"", ""use_dag_aware_initialization"": true, ""use_dag_block_crossover"": true, ""use_elite_local_search"": true, ""use_skew_mutation"": true, ""user_count"": null}",825.782209220035,0.0010501820024737677,0.6875626642136473,13399.376499813701,5,795,
dynamic:medium:a57b2d1e51:localfirst:repeat_3:seed_20260722,dynamic,medium,localfirst,3,20260722,"{""alpha_a"": 0.5, ""alpha_l"": 0.7, ""alpha_r"": 0.8, ""beta_a"": 0.3, ""beta_l"": 0.4, ""beta_r"": 0.5, ""cloud_count"": 1, ""crossover_probability"": 0.5, ""dnn_count"": 30, ""edge_count"": 10, ""edge_link_factor"": 2.0, ""iteration_limit"": 200, ""lambda_g"": 0.7, ""lambda_h"": 0.7, ""mutation_probability"": 0.25, ""name"": ""medium"", ""population_size"": 60, ""preference"": ""adaptive"", ""suite"": ""dynamic"", ""use_dag_aware_initialization"": true, ""use_dag_block_crossover"": true, ""use_elite_local_search"": true, ""use_skew_mutation"": true, ""user_count"": null}",784.5473662089147,0.13480704925568524,0.5753305011270545,8362.658384259821,2,120172,
dynamic:medium:a57b2d1e51:maxresource_fast:repeat_3:seed_20260722,dynamic,medium,maxresource_fast,3,20260722,"{""alpha_a"": 0.5, ""alpha_l"": 0.7, ""alpha_r"": 0.8, ""beta_a"": 0.3, ""beta_l"": 0.4, ""beta_r"": 0.5, ""cloud_count"": 1, ""crossover_probability"": 0.5, ""dnn_count"": 30, ""edge_count"": 10, ""edge_link_factor"": 2.0, ""iteration_limit"": 200, ""lambda_g"": 0.7, ""lambda_h"": 0.7, ""mutation_probability"": 0.25, ""name"": ""medium"", ""population_size"": 60, ""preference"": ""adaptive"", ""suite"": ""dynamic"", ""use_dag_aware_initialization"": true, ""use_dag_block_crossover"": true, ""use_elite_local_search"": true, ""use_skew_mutation"": true, ""user_count"": null}",562.7437609387208,0.024630040949541552,0.645218895031838,8685.034708788815,1,3120,
dynamic:medium:a57b2d1e51:proposed:repeat_4:seed_20260723,dynamic,medium,proposed,4,20260723,"{""alpha_a"": 0.5, ""alpha_l"": 0.7, ""alpha_r"": 0.8, ""beta_a"": 0.3, ""beta_l"": 0.4, ""beta_r"": 0.5, ""cloud_count"": 1, ""crossover_probability"": 0.5, ""dnn_count"": 30, ""edge_count"": 10, ""edge_link_factor"": 2.0, ""iteration_limit"": 200, ""lambda_g"": 0.7, ""lambda_h"": 0.7, ""mutation_probability"": 0.25, ""name"": ""medium"", ""population_size"": 60, ""preference"": ""adaptive"", ""suite"": ""dynamic"", ""use_dag_aware_initialization"": true, ""use_dag_block_crossover"": true, ""use_elite_local_search"": true, ""use_skew_mutation"": true, ""user_count"": null}",746.9195548428652,0.20583722908677277,0.8590203798527022,6286.895052645351,0,120326,
dynamic:medium:a57b2d1e51:customized:repeat_4:seed_20260723,dynamic,medium,customized,4,20260723,"{""alpha_a"": 0.5, ""alpha_l"": 0.7, ""alpha_r"": 0.8, ""beta_a"": 0.3, ""beta_l"": 0.4, ""beta_r"": 0.5, ""cloud_count"": 1, ""crossover_probability"": 0.5, ""dnn_count"": 30, ""edge_count"": 10, ""edge_link_factor"": 2.0, ""iteration_limit"": 200, ""lambda_g"": 0.7, ""lambda_h"": 0.7, ""mutation_probability"": 0.25, ""name"": ""medium"", ""population_size"": 60, ""preference"": ""adaptive"", ""suite"": ""dynamic"", ""use_dag_aware_initialization"": true, ""use_dag_block_crossover"": true, ""use_elite_local_search"": true, ""use_skew_mutation"": true, ""user_count"": null}",529.5676812470248,0.18880957562658648,0.7895080981371547,5726.371158759943,0,89122,
dynamic:medium:a57b2d1e51:random:repeat_4:seed_20260723,dynamic,medium,random,4,20260723,"{""alpha_a"": 0.5, ""alpha_l"": 0.7, ""alpha_r"": 0.8, ""beta_a"": 0.3, ""beta_l"": 0.4, ""beta_r"": 0.5, ""cloud_count"": 1, ""crossover_probability"": 0.5, ""dnn_count"": 30, ""edge_count"": 10, ""edge_link_factor"": 2.0, ""iteration_limit"": 200, ""lambda_g"": 0.7, ""lambda_h"": 0.7, ""mutation_probability"": 0.25, ""name"": ""medium"", ""population_size"": 60, ""preference"": ""adaptive"", ""suite"": ""dynamic"", ""use_dag_aware_initialization"": true, ""use_dag_block_crossover"": true, ""use_elite_local_search"": true, ""use_skew_mutation"": true, ""user_count"": null}",846.8544695955375,0.003782100818553741,0.6665481579842513,12720.003855953502,3,831,
dynamic:medium:a57b2d1e51:localfirst:repeat_4:seed_20260723,dynamic,medium,localfirst,4,20260723,"{""alpha_a"": 0.5, ""alpha_l"": 0.7, ""alpha_r"": 0.8, ""beta_a"": 0.3, ""beta_l"": 0.4, ""beta_r"": 0.5, ""cloud_count"": 1, ""crossover_probability"": 0.5, ""dnn_count"": 30, ""edge_count"": 10, ""edge_link_factor"": 2.0, ""iteration_limit"": 200, ""lambda_g"": 0.7, ""lambda_h"": 0.7, ""mutation_probability"": 0.25, ""name"": ""medium"", ""population_size"": 60, ""preference"": ""adaptive"", ""suite"": ""dynamic"", ""use_dag_aware_initialization"": true, ""use_dag_block_crossover"": true, ""use_elite_local_search"": true, ""use_skew_mutation"": true, ""user_count"": null}",811.6236479781436,0.14164904606892445,0.5899939025991155,7516.7874974797805,0,40098,
dynamic:medium:a57b2d1e51:maxresource_fast:repeat_4:seed_20260723,dynamic,medium,maxresource_fast,4,20260723,"{""alpha_a"": 0.5, ""alpha_l"": 0.7, ""alpha_r"": 0.8, ""beta_a"": 0.3, ""beta_l"": 0.4, ""beta_r"": 0.5, ""cloud_count"": 1, ""crossover_probability"": 0.5, ""dnn_count"": 30, ""edge_count"": 10, ""edge_link_factor"": 2.0, ""iteration_limit"": 200, ""lambda_g"": 0.7, ""lambda_h"": 0.7, ""mutation_probability"": 0.25, ""name"": ""medium"", ""population_size"": 60, ""preference"": ""adaptive"", ""suite"": ""dynamic"", ""use_dag_aware_initialization"": true, ""use_dag_block_crossover"": true, ""use_elite_local_search"": true, ""use_skew_mutation"": true, ""user_count"": null}",595.1246712315159,0.04981233190909484,0.6498999741159504,9003.26393399391,1,3115,
dynamic:medium:a57b2d1e51:proposed:repeat_5:seed_20260724,dynamic,medium,proposed,5,20260724,"{""alpha_a"": 0.5, ""alpha_l"": 0.7, ""alpha_r"": 0.8, ""beta_a"": 0.3, ""beta_l"": 0.4, ""beta_r"": 0.5, ""cloud_count"": 1, ""crossover_probability"": 0.5, ""dnn_count"": 30, ""edge_count"": 10, ""edge_link_factor"": 2.0, ""iteration_limit"": 200, ""lambda_g"": 0.7, ""lambda_h"": 0.7, ""mutation_probability"": 0.25, ""name"": ""medium"", ""population_size"": 60, ""preference"": ""adaptive"", ""suite"": ""dynamic"", ""use_dag_aware_initialization"": true, ""use_dag_block_crossover"": true, ""use_elite_local_search"": true, ""use_skew_mutation"": true, ""user_count"": null}",676.4498621265526,0.1524650974149546,0.7960616778195043,6266.054222522705,0,95095,
dynamic:medium:a57b2d1e51:customized:repeat_5:seed_20260724,dynamic,medium,customized,5,20260724,"{""alpha_a"": 0.5, ""alpha_l"": 0.7, ""alpha_r"": 0.8, ""beta_a"": 0.3, ""beta_l"": 0.4, ""beta_r"": 0.5, ""cloud_count"": 1, ""crossover_probability"": 0.5, ""dnn_count"": 30, ""edge_count"": 10, ""edge_link_factor"": 2.0, ""iteration_limit"": 200, ""lambda_g"": 0.7, ""lambda_h"": 0.7, ""mutation_probability"": 0.25, ""name"": ""medium"", ""population_size"": 60, ""preference"": ""adaptive"", ""suite"": ""dynamic"", ""use_dag_aware_initialization"": true, ""use_dag_block_crossover"": true, ""use_elite_local_search"": true, ""use_skew_mutation"": true, ""user_count"": null}",582.2015475451358,0.17895077931781325,0.7706259957182205,5614.629438133489,1,88009,
dynamic:medium:a57b2d1e51:random:repeat_5:seed_20260724,dynamic,medium,random,5,20260724,"{""alpha_a"": 0.5, ""alpha_l"": 0.7, ""alpha_r"": 0.8, ""beta_a"": 0.3, ""beta_l"": 0.4, ""beta_r"": 0.5, ""cloud_count"": 1, ""crossover_probability"": 0.5, ""dnn_count"": 30, ""edge_count"": 10, ""edge_link_factor"": 2.0, ""iteration_limit"": 200, ""lambda_g"": 0.7, ""lambda_h"": 0.7, ""mutation_probability"": 0.25, ""name"": ""medium"", ""population_size"": 60, ""preference"": ""adaptive"", ""suite"": ""dynamic"", ""use_dag_aware_initialization"": true, ""use_dag_block_crossover"": true, ""use_elite_local_search"": true, ""use_skew_mutation"": true, ""user_count"": null}",769.3671286656885,0.004896249870532055,0.6853556752216956,11649.812766285195,1,815,
dynamic:medium:a57b2d1e51:localfirst:repeat_5:seed_20260724,dynamic,medium,localfirst,5,20260724,"{""alpha_a"": 0.5, ""alpha_l"": 0.7, ""alpha_r"": 0.8, ""beta_a"": 0.3, ""beta_l"": 0.4, ""beta_r"": 0.5, ""cloud_count"": 1, ""crossover_probability"": 0.5, ""dnn_count"": 30, ""edge_count"": 10, ""edge_link_factor"": 2.0, ""iteration_limit"": 200, ""lambda_g"": 0.7, ""lambda_h"": 0.7, ""mutation_probability"": 0.25, ""name"": ""medium"", ""population_size"": 60, ""preference"": ""adaptive"", ""suite"": ""dynamic"", ""use_dag_aware_initialization"": true, ""use_dag_block_crossover"": true, ""use_elite_local_search"": true, ""use_skew_mutation"": true, ""user_count"": null}",769.6504940465887,0.1581938861191679,0.593268588468403,7330.665367899544,0,60086,
dynamic:medium:a57b2d1e51:maxresource_fast:repeat_5:seed_20260724,dynamic,medium,maxresource_fast,5,20260724,"{""alpha_a"": 0.5, ""alpha_l"": 0.7, ""alpha_r"": 0.8, ""beta_a"": 0.3, ""beta_l"": 0.4, ""beta_r"": 0.5, ""cloud_count"": 1, ""crossover_probability"": 0.5, ""dnn_count"": 30, ""edge_count"": 10, ""edge_link_factor"": 2.0, ""iteration_limit"": 200, ""lambda_g"": 0.7, ""lambda_h"": 0.7, ""mutation_probability"": 0.25, ""name"": ""medium"", ""population_size"": 60, ""preference"": ""adaptive"", ""suite"": ""dynamic"", ""use_dag_aware_initialization"": true, ""use_dag_block_crossover"": true, ""use_elite_local_search"": true, ""use_skew_mutation"": true, ""user_count"": null}",644.1881164661786,0.028385112518111058,0.6468219622141472,9048.637833374481,1,3136,
dynamic:medium:a57b2d1e51:proposed:repeat_6:seed_20260725,dynamic,medium,proposed,6,20260725,"{""alpha_a"": 0.5, ""alpha_l"": 0.7, ""alpha_r"": 0.8, ""beta_a"": 0.3, ""beta_l"": 0.4, ""beta_r"": 0.5, ""cloud_count"": 1, ""crossover_probability"": 0.5, ""dnn_count"": 30, ""edge_count"": 10, ""edge_link_factor"": 2.0, ""iteration_limit"": 200, ""lambda_g"": 0.7, ""lambda_h"": 0.7, ""mutation_probability"": 0.25, ""name"": ""medium"", ""population_size"": 60, ""preference"": ""adaptive"", ""suite"": ""dynamic"", ""use_dag_aware_initialization"": true, ""use_dag_block_crossover"": true, ""use_elite_local_search"": true, ""use_skew_mutation"": true, ""user_count"": null}",677.1900519258924,0.16921440780922675,0.8162274998185708,6874.82793963834,0,145202,
dynamic:medium:a57b2d1e51:customized:repeat_6:seed_20260725,dynamic,medium,customized,6,20260725,"{""alpha_a"": 0.5, ""alpha_l"": 0.7, ""alpha_r"": 0.8, ""beta_a"": 0.3, ""beta_l"": 0.4, ""beta_r"": 0.5, ""cloud_count"": 1, ""crossover_probability"": 0.5, ""dnn_count"": 30, ""edge_count"": 10, ""edge_link_factor"": 2.0, ""iteration_limit"": 200, ""lambda_g"": 0.7, ""lambda_h"": 0.7, ""mutation_probability"": 0.25, ""name"": ""medium"", ""population_size"": 60, ""preference"": ""adaptive"", ""suite"": ""dynamic"", ""use_dag_aware_initialization"": true, ""use_dag_block_crossover"": true, ""use_elite_local_search"": true, ""use_skew_mutation"": true, ""user_count"": null}",552.3098214932498,0.16022686552417773,0.7702801621992276,6472.67318092196,0,99010,
dynamic:medium:a57b2d1e51:random:repeat_6:seed_20260725,dynamic,medium,random,6,20260725,"{""alpha_a"": 0.5, ""alpha_l"": 0.7, ""alpha_r"": 0.8, ""beta_a"": 0.3, ""beta_l"": 0.4, ""beta_r"": 0.5, ""cloud_count"": 1, ""crossover_probability"": 0.5, ""dnn_count"": 30, ""edge_count"": 10, ""edge_link_factor"": 2.0, ""iteration_limit"": 200, ""lambda_g"": 0.7, ""lambda_h"": 0.7, ""mutation_probability"": 0.25, ""name"": ""medium"", ""population_size"": 60, ""preference"": ""adaptive"", ""suite"": ""dynamic"", ""use_dag_aware_initialization"": true, ""use_dag_block_crossover"": true, ""use_elite_local_search"": true, ""use_skew_mutation"": true, ""user_count"": null}",783.9660122413104,0.0030013921941194235,0.6647333245992159,12439.745124375759,2,942,
dynamic:medium:a57b2d1e51:localfirst:repeat_6:seed_20260725,dynamic,medium,localfirst,6,20260725,"{""alpha_a"": 0.5, ""alpha_l"": 0.7, ""alpha_r"": 0.8, ""beta_a"": 0.3, ""beta_l"": 0.4, ""beta_r"": 0.5, ""cloud_count"": 1, ""crossover_probability"": 0.5, ""dnn_count"": 30, ""edge_count"": 10, ""edge_link_factor"": 2.0, ""iteration_limit"": 200, ""lambda_g"": 0.7, ""lambda_h"": 0.7, ""mutation_probability"": 0.25, ""name"": ""medium"", ""population_size"": 60, ""preference"": ""adaptive"", ""suite"": ""dynamic"", ""use_dag_aware_initialization"": true, ""use_dag_block_crossover"": true, ""use_elite_local_search"": true, ""use_skew_mutation"": true, ""user_count"": null}",879.4231960570819,0.17703387633284431,0.5649665334888401,7805.1771304241565,0,65217,
dynamic:medium:a57b2d1e51:maxresource_fast:repeat_6:seed_20260725,dynamic,medium,maxresource_fast,6,20260725,"{""alpha_a"": 0.5, ""alpha_l"": 0.7, ""alpha_r"": 0.8, ""beta_a"": 0.3, ""beta_l"": 0.4, ""beta_r"": 0.5, ""cloud_count"": 1, ""crossover_probability"": 0.5, ""dnn_count"": 30, ""edge_count"": 10, ""edge_link_factor"": 2.0, ""iteration_limit"": 200, ""lambda_g"": 0.7, ""lambda_h"": 0.7, ""mutation_probability"": 0.25, ""name"": ""medium"", ""population_size"": 60, ""preference"": ""adaptive"", ""suite"": ""dynamic"", ""use_dag_aware_initialization"": true, ""use_dag_block_crossover"": true, ""use_elite_local_search"": true, ""use_skew_mutation"": true, ""user_count"": null}",564.5485666849986,0.04496979590688951,0.6477496828447941,8543.1021215856,0,152,
dynamic:medium:a57b2d1e51:proposed:repeat_7:seed_20260726,dynamic,medium,proposed,7,20260726,"{""alpha_a"": 0.5, ""alpha_l"": 0.7, ""alpha_r"": 0.8, ""beta_a"": 0.3, ""beta_l"": 0.4, ""beta_r"": 0.5, ""cloud_count"": 1, ""crossover_probability"": 0.5, ""dnn_count"": 30, ""edge_count"": 10, ""edge_link_factor"": 2.0, ""iteration_limit"": 200, ""lambda_g"": 0.7, ""lambda_h"": 0.7, ""mutation_probability"": 0.25, ""name"": ""medium"", ""population_size"": 60, ""preference"": ""adaptive"", ""suite"": ""dynamic"", ""use_dag_aware_initialization"": true, ""use_dag_block_crossover"": true, ""use_elite_local_search"": true, ""use_skew_mutation"": true, ""user_count"": null}",577.6703093127327,0.12213443902509387,0.7469419026354821,7013.716123617475,1,163038,
dynamic:medium:a57b2d1e51:customized:repeat_7:seed_20260726,dynamic,medium,customized,7,20260726,"{""alpha_a"": 0.5, ""alpha_l"": 0.7, ""alpha_r"": 0.8, ""beta_a"": 0.3, ""beta_l"": 0.4, ""beta_r"": 0.5, ""cloud_count"": 1, ""crossover_probability"": 0.5, ""dnn_count"": 30, ""edge_count"": 10, ""edge_link_factor"": 2.0, ""iteration_limit"": 200, ""lambda_g"": 0.7, ""lambda_h"": 0.7, ""mutation_probability"": 0.25, ""name"": ""medium"", ""population_size"": 60, ""preference"": ""adaptive"", ""suite"": ""dynamic"", ""use_dag_aware_initialization"": true, ""use_dag_block_crossover"": true, ""use_elite_local_search"": true, ""use_skew_mutation"": true, ""user_count"": null}",506.03273578912007,0.1465138494634397,0.7162725759419708,6549.8736257273395,1,107448,
dynamic:medium:a57b2d1e51:random:repeat_7:seed_20260726,dynamic,medium,random,7,20260726,"{""alpha_a"": 0.5, ""alpha_l"": 0.7, ""alpha_r"": 0.8, ""beta_a"": 0.3, ""beta_l"": 0.4, ""beta_r"": 0.5, ""cloud_count"": 1, ""crossover_probability"": 0.5, ""dnn_count"": 30, ""edge_count"": 10, ""edge_link_factor"": 2.0, ""iteration_limit"": 200, ""lambda_g"": 0.7, ""lambda_h"": 0.7, ""mutation_probability"": 0.25, ""name"": ""medium"", ""population_size"": 60, ""preference"": ""adaptive"", ""suite"": ""dynamic"", ""use_dag_aware_initialization"": true, ""use_dag_block_crossover"": true, ""use_elite_local_search"": true, ""use_skew_mutation"": true, ""user_count"": null}",702.2680505484415,0.0021701287804051558,0.6610780185292858,13416.712635997004,4,862,
dynamic:medium:a57b2d1e51:localfirst:repeat_7:seed_20260726,dynamic,medium,localfirst,7,20260726,"{""alpha_a"": 0.5, ""alpha_l"": 0.7, ""alpha_r"": 0.8, ""beta_a"": 0.3, ""beta_l"": 0.4, ""beta_r"": 0.5, ""cloud_count"": 1, ""crossover_probability"": 0.5, ""dnn_count"": 30, ""edge_count"": 10, ""edge_link_factor"": 2.0, ""iteration_limit"": 200, ""lambda_g"": 0.7, ""lambda_h"": 0.7, ""mutation_probability"": 0.25, ""name"": ""medium"", ""population_size"": 60, ""preference"": ""adaptive"", ""suite"": ""dynamic"", ""use_dag_aware_initialization"": true, ""use_dag_block_crossover"": true, ""use_elite_local_search"": true, ""use_skew_mutation"": true, ""user_count"": null}",801.6532577692417,0.15847533137311898,0.5858889778171337,8119.798108616491,1,121391,
dynamic:medium:a57b2d1e51:maxresource_fast:repeat_7:seed_20260726,dynamic,medium,maxresource_fast,7,20260726,"{""alpha_a"": 0.5, ""alpha_l"": 0.7, ""alpha_r"": 0.8, ""beta_a"": 0.3, ""beta_l"": 0.4, ""beta_r"": 0.5, ""cloud_count"": 1, ""crossover_probability"": 0.5, ""dnn_count"": 30, ""edge_count"": 10, ""edge_link_factor"": 2.0, ""iteration_limit"": 200, ""lambda_g"": 0.7, ""lambda_h"": 0.7, ""mutation_probability"": 0.25, ""name"": ""medium"", ""population_size"": 60, ""preference"": ""adaptive"", ""suite"": ""dynamic"", ""use_dag_aware_initialization"": true, ""use_dag_block_crossover"": true, ""use_elite_local_search"": true, ""use_skew_mutation"": true, ""user_count"": null}",477.53801334445495,0.10661611407777148,0.6641394057790757,7437.318383728139,2,6207,
dynamic:medium:a57b2d1e51:proposed:repeat_8:seed_20260727,dynamic,medium,proposed,8,20260727,"{""alpha_a"": 0.5, ""alpha_l"": 0.7, ""alpha_r"": 0.8, ""beta_a"": 0.3, ""beta_l"": 0.4, ""beta_r"": 0.5, ""cloud_count"": 1, ""crossover_probability"": 0.5, ""dnn_count"": 30, ""edge_count"": 10, ""edge_link_factor"": 2.0, ""iteration_limit"": 200, ""lambda_g"": 0.7, ""lambda_h"": 0.7, ""mutation_probability"": 0.25, ""name"": ""medium"", ""population_size"": 60, ""preference"": ""adaptive"", ""suite"": ""dynamic"", ""use_dag_aware_initialization"": true, ""use_dag_block_crossover"": true, ""use_elite_local_search"": true, ""use_skew_mutation"": true, ""user_count"": null}",728.9773175673096,0.13221845259839557,0.7946596358133905,6994.733692388534,0,146633,
dynamic:medium:a57b2d1e51:customized:repeat_8:seed_20260727,dynamic,medium,customized,8,20260727,"{""alpha_a"": 0.5, ""alpha_l"": 0.7, ""alpha_r"": 0.8, ""beta_a"": 0.3, ""beta_l"": 0.4, ""beta_r"": 0.5, ""cloud_count"": 1, ""crossover_probability"": 0.5, ""dnn_count"": 30, ""edge_count"": 10, ""edge_link_factor"": 2.0, ""iteration_limit"": 200, ""lambda_g"": 0.7, ""lambda_h"": 0.7, ""mutation_probability"": 0.25, ""name"": ""medium"", ""population_size"": 60, ""preference"": ""adaptive"", ""suite"": ""dynamic"", ""use_dag_aware_initialization"": true, ""use_dag_block_crossover"": true, ""use_elite_local_search"": true, ""use_skew_mutation"": true, ""user_count"": null}",561.8693985559441,0.15580418594092563,0.71490059983055,6578.604376487279,0,110929,
dynamic:medium:a57b2d1e51:random:repeat_8:seed_20260727,dynamic,medium,random,8,20260727,"{""alpha_a"": 0.5, ""alpha_l"": 0.7, ""alpha_r"": 0.8, ""beta_a"": 0.3, ""beta_l"": 0.4, ""beta_r"": 0.5, ""cloud_count"": 1, ""crossover_probability"": 0.5, ""dnn_count"": 30, ""edge_count"": 10, ""edge_link_factor"": 2.0, ""iteration_limit"": 200, ""lambda_g"": 0.7, ""lambda_h"": 0.7, ""mutation_probability"": 0.25, ""name"": ""medium"", ""population_size"": 60, ""preference"": ""adaptive"", ""suite"": ""dynamic"", ""use_dag_aware_initialization"": true, ""use_dag_block_crossover"": true, ""use_elite_local_search"": true, ""use_skew_mutation"": true, ""user_count"": null}",838.6374015554093,0.0031654861782688926,0.6617971703693555,13715.26024751445,3,928,
dynamic:medium:a57b2d1e51:localfirst:repeat_8:seed_20260727,dynamic,medium,localfirst,8,20260727,"{""alpha_a"": 0.5, ""alpha_l"": 0.7, ""alpha_r"": 0.8, ""beta_a"": 0.3, ""beta_l"": 0.4, ""beta_r"": 0.5, ""cloud_count"": 1, ""crossover_probability"": 0.5, ""dnn_count"": 30, ""edge_count"": 10, ""edge_link_factor"": 2.0, ""iteration_limit"": 200, ""lambda_g"": 0.7, ""lambda_h"": 0.7, ""mutation_probability"": 0.25, ""name"": ""medium"", ""population_size"": 60, ""preference"": ""adaptive"", ""suite"": ""dynamic"", ""use_dag_aware_initialization"": true, ""use_dag_block_crossover"": true, ""use_elite_local_search"": true, ""use_skew_mutation"": true, ""user_count"": null}",874.3596302746395,0.08234315934863032,0.5709394639490775,9022.592176107508,0,80299,
dynamic:medium:a57b2d1e51:maxresource_fast:repeat_8:seed_20260727,dynamic,medium,maxresource_fast,8,20260727,"{""alpha_a"": 0.5, ""alpha_l"": 0.7, ""alpha_r"": 0.8, ""beta_a"": 0.3, ""beta_l"": 0.4, ""beta_r"": 0.5, ""cloud_count"": 1, ""crossover_probability"": 0.5, ""dnn_count"": 30, ""edge_count"": 10, ""edge_link_factor"": 2.0, ""iteration_limit"": 200, ""lambda_g"": 0.7, ""lambda_h"": 0.7, ""mutation_probability"": 0.25, ""name"": ""medium"", ""population_size"": 60, ""preference"": ""adaptive"", ""suite"": ""dynamic"", ""use_dag_aware_initialization"": true, ""use_dag_block_crossover"": true, ""use_elite_local_search"": true, ""use_skew_mutation"": true, ""user_count"": null}",578.8075390153966,0.03481527263813795,0.6272734169846522,8475.671726418881,2,6130,
dynamic:medium:a57b2d1e51:proposed:repeat_9:seed_20260728,dynamic,medium,proposed,9,20260728,"{""alpha_a"": 0.5, ""alpha_l"": 0.7, ""alpha_r"": 0.8, ""beta_a"": 0.3, ""beta_l"": 0.4, ""beta_r"": 0.5, ""cloud_count"": 1, ""crossover_probability"": 0.5, ""dnn_count"": 30, ""edge_count"": 10, ""edge_link_factor"": 2.0, ""iteration_limit"": 200, ""lambda_g"": 0.7, ""lambda_h"": 0.7, ""mutation_probability"": 0.25, ""name"": ""medium"", ""population_size"": 60, ""preference"": ""adaptive"", ""suite"": ""dynamic"", ""use_dag_aware_initialization"": true, ""use_dag_block_crossover"": true, ""use_elite_local_search"": true, ""use_skew_mutation"": true, ""user_count"": null}",659.1787488596184,0.15181250964274168,0.7981867780527221,6256.558084746554,0,117831,
dynamic:medium:a57b2d1e51:customized:repeat_9:seed_20260728,dynamic,medium,customized,9,20260728,"{""alpha_a"": 0.5, ""alpha_l"": 0.7, ""alpha_r"": 0.8, ""beta_a"": 0.3, ""beta_l"": 0.4, ""beta_r"": 0.5, ""cloud_count"": 1, ""crossover_probability"": 0.5, ""dnn_count"": 30, ""edge_count"": 10, ""edge_link_factor"": 2.0, ""iteration_limit"": 200, ""lambda_g"": 0.7, ""lambda_h"": 0.7, ""mutation_probability"": 0.25, ""name"": ""medium"", ""population_size"": 60, ""preference"": ""adaptive"", ""suite"": ""dynamic"", ""use_dag_aware_initialization"": true, ""use_dag_block_crossover"": true, ""use_elite_local_search"": true, ""use_skew_mutation"": true, ""user_count"": null}",503.07981325961407,0.19553281595538388,0.7237170091572269,5494.112301217771,1,87731,
dynamic:medium:a57b2d1e51:random:repeat_9:seed_20260728,dynamic,medium,random,9,20260728,"{""alpha_a"": 0.5, ""alpha_l"": 0.7, ""alpha_r"": 0.8, ""beta_a"": 0.3, ""beta_l"": 0.4, ""beta_r"": 0.5, ""cloud_count"": 1, ""crossover_probability"": 0.5, ""dnn_count"": 30, ""edge_count"": 10, ""edge_link_factor"": 2.0, ""iteration_limit"": 200, ""lambda_g"": 0.7, ""lambda_h"": 0.7, ""mutation_probability"": 0.25, ""name"": ""medium"", ""population_size"": 60, ""preference"": ""adaptive"", ""suite"": ""dynamic"", ""use_dag_aware_initialization"": true, ""use_dag_block_crossover"": true, ""use_elite_local_search"": true, ""use_skew_mutation"": true, ""user_count"": null}",753.5215894494402,0.0053636911793584555,0.6735836564165307,12243.01474096603,2,823,
dynamic:medium:a57b2d1e51:localfirst:repeat_9:seed_20260728,dynamic,medium,localfirst,9,20260728,"{""alpha_a"": 0.5, ""alpha_l"": 0.7, ""alpha_r"": 0.8, ""beta_a"": 0.3, ""beta_l"": 0.4, ""beta_r"": 0.5, ""cloud_count"": 1, ""crossover_probability"": 0.5, ""dnn_count"": 30, ""edge_count"": 10, ""edge_link_factor"": 2.0, ""iteration_limit"": 200, ""lambda_g"": 0.7, ""lambda_h"": 0.7, ""mutation_probability"": 0.25, ""name"": ""medium"", ""population_size"": 60, ""preference"": ""adaptive"", ""suite"": ""dynamic"", ""use_dag_aware_initialization"": true, ""use_dag_block_crossover"": true, ""use_elite_local_search"": true, ""use_skew_mutation"": true, ""user_count"": null}",766.823889421814,0.14360158810151905,0.6044041515705006,7705.870109200962,0,40077,
dynamic:medium:a57b2d1e51:maxresource_fast:repeat_9:seed_20260728,dynamic,medium,maxresource_fast,9,20260728,"{""alpha_a"": 0.5, ""alpha_l"": 0.7, ""alpha_r"": 0.8, ""beta_a"": 0.3, ""beta_l"": 0.4, ""beta_r"": 0.5, ""cloud_count"": 1, ""crossover_probability"": 0.5, ""dnn_count"": 30, ""edge_count"": 10, ""edge_link_factor"": 2.0, ""iteration_limit"": 200, ""lambda_g"": 0.7, ""lambda_h"": 0.7, ""mutation_probability"": 0.25, ""name"": ""medium"", ""population_size"": 60, ""preference"": ""adaptive"", ""suite"": ""dynamic"", ""use_dag_aware_initialization"": true, ""use_dag_block_crossover"": true, ""use_elite_local_search"": true, ""use_skew_mutation"": true, ""user_count"": null}",605.2087779319983,0.04890689104818467,0.651307571840208,8878.735021425287,2,6108,
dynamic:strong:8cef0ef59c:proposed:repeat_0:seed_20260719,dynamic,strong,proposed,0,20260719,"{""alpha_a"": 0.8, ""alpha_l"": 1.1, ""alpha_r"": 1.2, ""beta_a"": 0.5, ""beta_l"": 0.7, ""beta_r"": 0.8, ""cloud_count"": 1, ""crossover_probability"": 0.5, ""dnn_count"": 30, ""edge_count"": 10, ""edge_link_factor"": 2.0, ""iteration_limit"": 200, ""lambda_g"": 0.9, ""lambda_h"": 0.9, ""mutation_probability"": 0.25, ""name"": ""strong"", ""population_size"": 60, ""preference"": ""adaptive"", ""suite"": ""dynamic"", ""use_dag_aware_initialization"": true, ""use_dag_block_crossover"": true, ""use_elite_local_search"": true, ""use_skew_mutation"": true, ""user_count"": null}",652.7663059377542,0.11457189011613368,0.7430564638540358,6693.784214314417,0,117764,
dynamic:strong:8cef0ef59c:customized:repeat_0:seed_20260719,dynamic,strong,customized,0,20260719,"{""alpha_a"": 0.8, ""alpha_l"": 1.1, ""alpha_r"": 1.2, ""beta_a"": 0.5, ""beta_l"": 0.7, ""beta_r"": 0.8, ""cloud_count"": 1, ""crossover_probability"": 0.5, ""dnn_count"": 30, ""edge_count"": 10, ""edge_link_factor"": 2.0, ""iteration_limit"": 200, ""lambda_g"": 0.9, ""lambda_h"": 0.9, ""mutation_probability"": 0.25, ""name"": ""strong"", ""population_size"": 60, ""preference"": ""adaptive"", ""suite"": ""dynamic"", ""use_dag_aware_initialization"": true, ""use_dag_block_crossover"": true, ""use_elite_local_search"": true, ""use_skew_mutation"": true, ""user_count"": null}",571.9935663557274,0.10173230342777494,0.7455197038986741,6467.702542544584,1,89654,
dynamic:strong:8cef0ef59c:random:repeat_0:seed_20260719,dynamic,strong,random,0,20260719,"{""alpha_a"": 0.8, ""alpha_l"": 1.1, ""alpha_r"": 1.2, ""beta_a"": 0.5, ""beta_l"": 0.7, ""beta_r"": 0.8, ""cloud_count"": 1, ""crossover_probability"": 0.5, ""dnn_count"": 30, ""edge_count"": 10, ""edge_link_factor"": 2.0, ""iteration_limit"": 200, ""lambda_g"": 0.9, ""lambda_h"": 0.9, ""mutation_probability"": 0.25, ""name"": ""strong"", ""population_size"": 60, ""preference"": ""adaptive"", ""suite"": ""dynamic"", ""use_dag_aware_initialization"": true, ""use_dag_block_crossover"": true, ""use_elite_local_search"": true, ""use_skew_mutation"": true, ""user_count"": null}",802.3706015650148,0.0008478125148534116,0.5735411406314339,12593.650346413264,2,897,
dynamic:strong:8cef0ef59c:localfirst:repeat_0:seed_20260719,dynamic,strong,localfirst,0,20260719,"{""alpha_a"": 0.8, ""alpha_l"": 1.1, ""alpha_r"": 1.2, ""beta_a"": 0.5, ""beta_l"": 0.7, ""beta_r"": 0.8, ""cloud_count"": 1, ""crossover_probability"": 0.5, ""dnn_count"": 30, ""edge_count"": 10, ""edge_link_factor"": 2.0, ""iteration_limit"": 200, ""lambda_g"": 0.9, ""lambda_h"": 0.9, ""mutation_probability"": 0.25, ""name"": ""strong"", ""population_size"": 60, ""preference"": ""adaptive"", ""suite"": ""dynamic"", ""use_dag_aware_initialization"": true, ""use_dag_block_crossover"": true, ""use_elite_local_search"": true, ""use_skew_mutation"": true, ""user_count"": null}",854.1728664149141,0.08495473655620184,0.5335258044627018,8341.17011606207,0,75113,
dynamic:strong:8cef0ef59c:maxresource_fast:repeat_0:seed_20260719,dynamic,strong,maxresource_fast,0,20260719,"{""alpha_a"": 0.8, ""alpha_l"": 1.1, ""alpha_r"": 1.2, ""beta_a"": 0.5, ""beta_l"": 0.7, ""beta_r"": 0.8, ""cloud_count"": 1, ""crossover_probability"": 0.5, ""dnn_count"": 30, ""edge_count"": 10, ""edge_link_factor"": 2.0, ""iteration_limit"": 200, ""lambda_g"": 0.9, ""lambda_h"": 0.9, ""mutation_probability"": 0.25, ""name"": ""strong"", ""population_size"": 60, ""preference"": ""adaptive"", ""suite"": ""dynamic"", ""use_dag_aware_initialization"": true, ""use_dag_block_crossover"": true, ""use_elite_local_search"": true, ""use_skew_mutation"": true, ""user_count"": null}",529.7668559069124,0.027754619015554045,0.5483835531571839,7729.868561103666,0,117,
dynamic:strong:8cef0ef59c:proposed:repeat_1:seed_20260720,dynamic,strong,proposed,1,20260720,"{""alpha_a"": 0.8, ""alpha_l"": 1.1, ""alpha_r"": 1.2, ""beta_a"": 0.5, ""beta_l"": 0.7, ""beta_r"": 0.8, ""cloud_count"": 1, ""crossover_probability"": 0.5, ""dnn_count"": 30, ""edge_count"": 10, ""edge_link_factor"": 2.0, ""iteration_limit"": 200, ""lambda_g"": 0.9, ""lambda_h"": 0.9, ""mutation_probability"": 0.25, ""name"": ""strong"", ""population_size"": 60, ""preference"": ""adaptive"", ""suite"": ""dynamic"", ""use_dag_aware_initialization"": true, ""use_dag_block_crossover"": true, ""use_elite_local_search"": true, ""use_skew_mutation"": true, ""user_count"": null}",545.6736347695143,0.08396041729687262,0.6580432468452092,6788.487945858428,0,107222,
dynamic:strong:8cef0ef59c:customized:repeat_1:seed_20260720,dynamic,strong,customized,1,20260720,"{""alpha_a"": 0.8, ""alpha_l"": 1.1, ""alpha_r"": 1.2, ""beta_a"": 0.5, ""beta_l"": 0.7, ""beta_r"": 0.8, ""cloud_count"": 1, ""crossover_probability"": 0.5, ""dnn_count"": 30, ""edge_count"": 10, ""edge_link_factor"": 2.0, ""iteration_limit"": 200, ""lambda_g"": 0.9, ""lambda_h"": 0.9, ""mutation_probability"": 0.25, ""name"": ""strong"", ""population_size"": 60, ""preference"": ""adaptive"", ""suite"": ""dynamic"", ""use_dag_aware_initialization"": true, ""use_dag_block_crossover"": true, ""use_elite_local_search"": true, ""use_skew_mutation"": true, ""user_count"": null}",515.9555875022886,0.12378310520933365,0.6608240307827509,6024.503859069153,0,99306,
dynamic:strong:8cef0ef59c:random:repeat_1:seed_20260720,dynamic,strong,random,1,20260720,"{""alpha_a"": 0.8, ""alpha_l"": 1.1, ""alpha_r"": 1.2, ""beta_a"": 0.5, ""beta_l"": 0.7, ""beta_r"": 0.8, ""cloud_count"": 1, ""crossover_probability"": 0.5, ""dnn_count"": 30, ""edge_count"": 10, ""edge_link_factor"": 2.0, ""iteration_limit"": 200, ""lambda_g"": 0.9, ""lambda_h"": 0.9, ""mutation_probability"": 0.25, ""name"": ""strong"", ""population_size"": 60, ""preference"": ""adaptive"", ""suite"": ""dynamic"", ""use_dag_aware_initialization"": true, ""use_dag_block_crossover"": true, ""use_elite_local_search"": true, ""use_skew_mutation"": true, ""user_count"": null}",754.8350130037603,0.0030784711634732247,0.5877721213590548,12734.094107353767,0,1145,
dynamic:strong:8cef0ef59c:localfirst:repeat_1:seed_20260720,dynamic,strong,localfirst,1,20260720,"{""alpha_a"": 0.8, ""alpha_l"": 1.1, ""alpha_r"": 1.2, ""beta_a"": 0.5, ""beta_l"": 0.7, ""beta_r"": 0.8, ""cloud_count"": 1, ""crossover_probability"": 0.5, ""dnn_count"": 30, ""edge_count"": 10, ""edge_link_factor"": 2.0, ""iteration_limit"": 200, ""lambda_g"": 0.9, ""lambda_h"": 0.9, ""mutation_probability"": 0.25, ""name"": ""strong"", ""population_size"": 60, ""preference"": ""adaptive"", ""suite"": ""dynamic"", ""use_dag_aware_initialization"": true, ""use_dag_block_crossover"": true, ""use_elite_local_search"": true, ""use_skew_mutation"": true, ""user_count"": null}",876.5572120069927,0.11470282353190857,0.5366558595973784,8318.166704099569,0,55639,
dynamic:strong:8cef0ef59c:maxresource_fast:repeat_1:seed_20260720,dynamic,strong,maxresource_fast,1,20260720,"{""alpha_a"": 0.8, ""alpha_l"": 1.1, ""alpha_r"": 1.2, ""beta_a"": 0.5, ""beta_l"": 0.7, ""beta_r"": 0.8, ""cloud_count"": 1, ""crossover_probability"": 0.5, ""dnn_count"": 30, ""edge_count"": 10, ""edge_link_factor"": 2.0, ""iteration_limit"": 200, ""lambda_g"": 0.9, ""lambda_h"": 0.9, ""mutation_probability"": 0.25, ""name"": ""strong"", ""population_size"": 60, ""preference"": ""adaptive"", ""suite"": ""dynamic"", ""use_dag_aware_initialization"": true, ""use_dag_block_crossover"": true, ""use_elite_local_search"": true, ""use_skew_mutation"": true, ""user_count"": null}",549.3979105172288,0.04909060582379826,0.5669951185682708,8247.291071398286,1,3132,
dynamic:strong:8cef0ef59c:proposed:repeat_2:seed_20260721,dynamic,strong,proposed,2,20260721,"{""alpha_a"": 0.8, ""alpha_l"": 1.1, ""alpha_r"": 1.2, ""beta_a"": 0.5, ""beta_l"": 0.7, ""beta_r"": 0.8, ""cloud_count"": 1, ""crossover_probability"": 0.5, ""dnn_count"": 30, ""edge_count"": 10, ""edge_link_factor"": 2.0, ""iteration_limit"": 200, ""lambda_g"": 0.9, ""lambda_h"": 0.9, ""mutation_probability"": 0.25, ""name"": ""strong"", ""population_size"": 60, ""preference"": ""adaptive"", ""suite"": ""dynamic"", ""use_dag_aware_initialization"": true, ""use_dag_block_crossover"": true, ""use_elite_local_search"": true, ""use_skew_mutation"": true, ""user_count"": null}",591.2831079002224,0.09546991543467596,0.7074435942293857,6929.232790825174,0,112316,
dynamic:strong:8cef0ef59c:customized:repeat_2:seed_20260721,dynamic,strong,customized,2,20260721,"{""alpha_a"": 0.8, ""alpha_l"": 1.1, ""alpha_r"": 1.2, ""beta_a"": 0.5, ""beta_l"": 0.7, ""beta_r"": 0.8, ""cloud_count"": 1, ""crossover_probability"": 0.5, ""dnn_count"": 30, ""edge_count"": 10, ""edge_link_factor"": 2.0, ""iteration_limit"": 200, ""lambda_g"": 0.9, ""lambda_h"": 0.9, ""mutation_probability"": 0.25, ""name"": ""strong"", ""population_size"": 60, ""preference"": ""adaptive"", ""suite"": ""dynamic"", ""use_dag_aware_initialization"": true, ""use_dag_block_crossover"": true, ""use_elite_local_search"": true, ""use_skew_mutation"": true, ""user_count"": null}",465.2483157808621,0.08747405747768852,0.6635551247189935,6513.885382667353,0,100058,
dynamic:strong:8cef0ef59c:random:repeat_2:seed_20260721,dynamic,strong,random,2,20260721,"{""alpha_a"": 0.8, ""alpha_l"": 1.1, ""alpha_r"": 1.2, ""beta_a"": 0.5, ""beta_l"": 0.7, ""beta_r"": 0.8, ""cloud_count"": 1, ""crossover_probability"": 0.5, ""dnn_count"": 30, ""edge_count"": 10, ""edge_link_factor"": 2.0, ""iteration_limit"": 200, ""lambda_g"": 0.9, ""lambda_h"": 0.9, ""mutation_probability"": 0.25, ""name"": ""strong"", ""population_size"": 60, ""preference"": ""adaptive"", ""suite"": ""dynamic"", ""use_dag_aware_initialization"": true, ""use_dag_block_crossover"": true, ""use_elite_local_search"": true, ""use_skew_mutation"": true, ""user_count"": null}",718.2836767309824,0.0011574986969115437,0.6213936379270941,12309.425513564727,6,863,
dynamic:strong:8cef0ef59c:localfirst:repeat_2:seed_20260721,dynamic,strong,localfirst,2,20260721,"{""alpha_a"": 0.8, ""alpha_l"": 1.1, ""alpha_r"": 1.2, ""beta_a"": 0.5, ""beta_l"": 0.7, ""beta_r"": 0.8, ""cloud_count"": 1, ""crossover_probability"": 0.5, ""dnn_count"": 30, ""edge_count"": 10, ""edge_link_factor"": 2.0, ""iteration_limit"": 200, ""lambda_g"": 0.9, ""lambda_h"": 0.9, ""mutation_probability"": 0.25, ""name"": ""strong"", ""population_size"": 60, ""preference"": ""adaptive"", ""suite"": ""dynamic"", ""use_dag_aware_initialization"": true, ""use_dag_block_crossover"": true, ""use_elite_local_search"": true, ""use_skew_mutation"": true, ""user_count"": null}",713.528599210125,0.11618502577486556,0.5251731695452377,7564.7452360965,0,100214,
dynamic:strong:8cef0ef59c:maxresource_fast:repeat_2:seed_20260721,dynamic,strong,maxresource_fast,2,20260721,"{""alpha_a"": 0.8, ""alpha_l"": 1.1, ""alpha_r"": 1.2, ""beta_a"": 0.5, ""beta_l"": 0.7, ""beta_r"": 0.8, ""cloud_count"": 1, ""crossover_probability"": 0.5, ""dnn_count"": 30, ""edge_count"": 10, ""edge_link_factor"": 2.0, ""iteration_limit"": 200, ""lambda_g"": 0.9, ""lambda_h"": 0.9, ""mutation_probability"": 0.25, ""name"": ""strong"", ""population_size"": 60, ""preference"": ""adaptive"", ""suite"": ""dynamic"", ""use_dag_aware_initialization"": true, ""use_dag_block_crossover"": true, ""use_elite_local_search"": true, ""use_skew_mutation"": true, ""user_count"": null}",467.4184783587917,0.04613053606076565,0.5563967692522175,6895.808284688091,0,120,
dynamic:strong:8cef0ef59c:proposed:repeat_3:seed_20260722,dynamic,strong,proposed,3,20260722,"{""alpha_a"": 0.8, ""alpha_l"": 1.1, ""alpha_r"": 1.2, ""beta_a"": 0.5, ""beta_l"": 0.7, ""beta_r"": 0.8, ""cloud_count"": 1, ""crossover_probability"": 0.5, ""dnn_count"": 30, ""edge_count"": 10, ""edge_link_factor"": 2.0, ""iteration_limit"": 200, ""lambda_g"": 0.9, ""lambda_h"": 0.9, ""mutation_probability"": 0.25, ""name"": ""strong"", ""population_size"": 60, ""preference"": ""adaptive"", ""suite"": ""dynamic"", ""use_dag_aware_initialization"": true, ""use_dag_block_crossover"": true, ""use_elite_local_search"": true, ""use_skew_mutation"": true, ""user_count"": null}",743.9152429415424,0.0945441688462252,0.7383145678032199,7598.885478135958,0,118470,
dynamic:strong:8cef0ef59c:customized:repeat_3:seed_20260722,dynamic,strong,customized,3,20260722,"{""alpha_a"": 0.8, ""alpha_l"": 1.1, ""alpha_r"": 1.2, ""beta_a"": 0.5, ""beta_l"": 0.7, ""beta_r"": 0.8, ""cloud_count"": 1, ""crossover_probability"": 0.5, ""dnn_count"": 30, ""edge_count"": 10, ""edge_link_factor"": 2.0, ""iteration_limit"": 200, ""lambda_g"": 0.9, ""lambda_h"": 0.9, ""mutation_probability"": 0.25, ""name"": ""strong"", ""population_size"": 60, ""preference"": ""adaptive"", ""suite"": ""dynamic"", ""use_dag_aware_initialization"": true, ""use_dag_block_crossover"": true, ""use_elite_local_search"": true, ""use_skew_mutation"": true, ""user_count"": null}",547.970626178261,0.11665394559416087,0.6986037901961965,6728.250974806983,0,103079,
dynamic:strong:8cef0ef59c:random:repeat_3:seed_20260722,dynamic,strong,random,3,20260722,"{""alpha_a"": 0.8, ""alpha_l"": 1.1, ""alpha_r"": 1.2, ""beta_a"": 0.5, ""beta_l"": 0.7, ""beta_r"": 0.8, ""cloud_count"": 1, ""crossover_probability"": 0.5, ""dnn_count"": 30, ""edge_count"": 10, ""edge_link_factor"": 2.0, ""iteration_limit"": 200, ""lambda_g"": 0.9, ""lambda_h"": 0.9, ""mutation_probability"": 0.25, ""name"": ""strong"", ""population_size"": 60, ""preference"": ""adaptive"", ""suite"": ""dynamic"", ""use_dag_aware_initialization"": true, ""use_dag_block_crossover"": true, ""use_elite_local_search"": true, ""use_skew_mutation"": true, ""user_count"": null}",878.4102610475369,0.00018708692704798703,0.6072843723479706,13545.3154351179,5,884,
dynamic:strong:8cef0ef59c:localfirst:repeat_3:seed_20260722,dynamic,strong,localfirst,3,20260722,"{""alpha_a"": 0.8, ""alpha_l"": 1.1, ""alpha_r"": 1.2, ""beta_a"": 0.5, ""beta_l"": 0.7, ""beta_r"": 0.8, ""cloud_count"": 1, ""crossover_probability"": 0.5, ""dnn_count"": 30, ""edge_count"": 10, ""edge_link_factor"": 2.0, ""iteration_limit"": 200, ""lambda_g"": 0.9, ""lambda_h"": 0.9, ""mutation_probability"": 0.25, ""name"": ""strong"", ""population_size"": 60, ""preference"": ""adaptive"", ""suite"": ""dynamic"", ""use_dag_aware_initialization"": true, ""use_dag_block_crossover"": true, ""use_elite_local_search"": true, ""use_skew_mutation"": true, ""user_count"": null}",787.1846378445451,0.09698703155674263,0.5216438777739288,8458.053066606048,1,140203,
dynamic:strong:8cef0ef59c:maxresource_fast:repeat_3:seed_20260722,dynamic,strong,maxresource_fast,3,20260722,"{""alpha_a"": 0.8, ""alpha_l"": 1.1, ""alpha_r"": 1.2, ""beta_a"": 0.5, ""beta_l"": 0.7, ""beta_r"": 0.8, ""cloud_count"": 1, ""crossover_probability"": 0.5, ""dnn_count"": 30, ""edge_count"": 10, ""edge_link_factor"": 2.0, ""iteration_limit"": 200, ""lambda_g"": 0.9, ""lambda_h"": 0.9, ""mutation_probability"": 0.25, ""name"": ""strong"", ""population_size"": 60, ""preference"": ""adaptive"", ""suite"": ""dynamic"", ""use_dag_aware_initialization"": true, ""use_dag_block_crossover"": true, ""use_elite_local_search"": true, ""use_skew_mutation"": true, ""user_count"": null}",532.230990002091,0.027075565209944696,0.545233543261459,8014.66458961134,0,133,
dynamic:strong:8cef0ef59c:proposed:repeat_4:seed_20260723,dynamic,strong,proposed,4,20260723,"{""alpha_a"": 0.8, ""alpha_l"": 1.1, ""alpha_r"": 1.2, ""beta_a"": 0.5, ""beta_l"": 0.7, ""beta_r"": 0.8, ""cloud_count"": 1, ""crossover_probability"": 0.5, ""dnn_count"": 30, ""edge_count"": 10, ""edge_link_factor"": 2.0, ""iteration_limit"": 200, ""lambda_g"": 0.9, ""lambda_h"": 0.9, ""mutation_probability"": 0.25, ""name"": ""strong"", ""population_size"": 60, ""preference"": ""adaptive"", ""suite"": ""dynamic"", ""use_dag_aware_initialization"": true, ""use_dag_block_crossover"": true, ""use_elite_local_search"": true, ""use_skew_mutation"": true, ""user_count"": null}",740.021164213178,0.13859443617255998,0.8138229401545917,6395.654572378532,0,133424,
dynamic:strong:8cef0ef59c:customized:repeat_4:seed_20260723,dynamic,strong,customized,4,20260723,"{""alpha_a"": 0.8, ""alpha_l"": 1.1, ""alpha_r"": 1.2, ""beta_a"": 0.5, ""beta_l"": 0.7, ""beta_r"": 0.8, ""cloud_count"": 1, ""crossover_probability"": 0.5, ""dnn_count"": 30, ""edge_count"": 10, ""edge_link_factor"": 2.0, ""iteration_limit"": 200, ""lambda_g"": 0.9, ""lambda_h"": 0.9, ""mutation_probability"": 0.25, ""name"": ""strong"", ""population_size"": 60, ""preference"": ""adaptive"", ""suite"": ""dynamic"", ""use_dag_aware_initialization"": true, ""use_dag_block_crossover"": true, ""use_elite_local_search"": true, ""use_skew_mutation"": true, ""user_count"": null}",554.9779206215338,0.09597294057326561,0.7113612439365227,6534.832547139608,0,100643,
dynamic:strong:8cef0ef59c:random:repeat_4:seed_20260723,dynamic,strong,random,4,20260723,"{""alpha_a"": 0.8, ""alpha_l"": 1.1, ""alpha_r"": 1.2, ""beta_a"": 0.5, ""beta_l"": 0.7, ""beta_r"": 0.8, ""cloud_count"": 1, ""crossover_probability"": 0.5, ""dnn_count"": 30, ""edge_count"": 10, ""edge_link_factor"": 2.0, ""iteration_limit"": 200, ""lambda_g"": 0.9, ""lambda_h"": 0.9, ""mutation_probability"": 0.25, ""name"": ""strong"", ""population_size"": 60, ""preference"": ""adaptive"", ""suite"": ""dynamic"", ""use_dag_aware_initialization"": true, ""use_dag_block_crossover"": true, ""use_elite_local_search"": true, ""use_skew_mutation"": true, ""user_count"": null}",850.8092145524668,0.007591486979162462,0.6211663233101495,11808.729808048118,2,1058,
dynamic:strong:8cef0ef59c:localfirst:repeat_4:seed_20260723,dynamic,strong,localfirst,4,20260723,"{""alpha_a"": 0.8, ""alpha_l"": 1.1, ""alpha_r"": 1.2, ""beta_a"": 0.5, ""beta_l"": 0.7, ""beta_r"": 0.8, ""cloud_count"": 1, ""crossover_probability"": 0.5, ""dnn_count"": 30, ""edge_count"": 10, ""edge_link_factor"": 2.0, ""iteration_limit"": 200, ""lambda_g"": 0.9, ""lambda_h"": 0.9, ""mutation_probability"": 0.25, ""name"": ""strong"", ""population_size"": 60, ""preference"": ""adaptive"", ""suite"": ""dynamic"", ""use_dag_aware_initialization"": true, ""use_dag_block_crossover"": true, ""use_elite_local_search"": true, ""use_skew_mutation"": true, ""user_count"": null}",810.5231170988244,0.11307100698331185,0.5352750617485235,7516.7874974797805,0,40106,
dynamic:strong:8cef0ef59c:maxresource_fast:repeat_4:seed_20260723,dynamic,strong,maxresource_fast,4,20260723,"{""alpha_a"": 0.8, ""alpha_l"": 1.1, ""alpha_r"": 1.2, ""beta_a"": 0.5, ""beta_l"": 0.7, ""beta_r"": 0.8, ""cloud_count"": 1, ""crossover_probability"": 0.5, ""dnn_count"": 30, ""edge_count"": 10, ""edge_link_factor"": 2.0, ""iteration_limit"": 200, ""lambda_g"": 0.9, ""lambda_h"": 0.9, ""mutation_probability"": 0.25, ""name"": ""strong"", ""population_size"": 60, ""preference"": ""adaptive"", ""suite"": ""dynamic"", ""use_dag_aware_initialization"": true, ""use_dag_block_crossover"": true, ""use_elite_local_search"": true, ""use_skew_mutation"": true, ""user_count"": null}",509.82903824885784,0.029780489428804457,0.5565675577320655,7499.865981679444,0,121,
dynamic:strong:8cef0ef59c:proposed:repeat_5:seed_20260724,dynamic,strong,proposed,5,20260724,"{""alpha_a"": 0.8, ""alpha_l"": 1.1, ""alpha_r"": 1.2, ""beta_a"": 0.5, ""beta_l"": 0.7, ""beta_r"": 0.8, ""cloud_count"": 1, ""crossover_probability"": 0.5, ""dnn_count"": 30, ""edge_count"": 10, ""edge_link_factor"": 2.0, ""iteration_limit"": 200, ""lambda_g"": 0.9, ""lambda_h"": 0.9, ""mutation_probability"": 0.25, ""name"": ""strong"", ""population_size"": 60, ""preference"": ""adaptive"", ""suite"": ""dynamic"", ""use_dag_aware_initialization"": true, ""use_dag_block_crossover"": true, ""use_elite_local_search"": true, ""use_skew_mutation"": true, ""user_count"": null}",724.3154800415646,0.09227855580992902,0.7515914163976891,6476.129364973891,0,103061,
dynamic:strong:8cef0ef59c:customized:repeat_5:seed_20260724,dynamic,strong,customized,5,20260724,"{""alpha_a"": 0.8, ""alpha_l"": 1.1, ""alpha_r"": 1.2, ""beta_a"": 0.5, ""beta_l"": 0.7, ""beta_r"": 0.8, ""cloud_count"": 1, ""crossover_probability"": 0.5, ""dnn_count"": 30, ""edge_count"": 10, ""edge_link_factor"": 2.0, ""iteration_limit"": 200, ""lambda_g"": 0.9, ""lambda_h"": 0.9, ""mutation_probability"": 0.25, ""name"": ""strong"", ""population_size"": 60, ""preference"": ""adaptive"", ""suite"": ""dynamic"", ""use_dag_aware_initialization"": true, ""use_dag_block_crossover"": true, ""use_elite_local_search"": true, ""use_skew_mutation"": true, ""user_count"": null}",585.9971168521575,0.10730543351407495,0.7115727056578843,6351.071687206809,1,98450,
dynamic:strong:8cef0ef59c:random:repeat_5:seed_20260724,dynamic,strong,random,5,20260724,"{""alpha_a"": 0.8, ""alpha_l"": 1.1, ""alpha_r"": 1.2, ""beta_a"": 0.5, ""beta_l"": 0.7, ""beta_r"": 0.8, ""cloud_count"": 1, ""crossover_probability"": 0.5, ""dnn_count"": 30, ""edge_count"": 10, ""edge_link_factor"": 2.0, ""iteration_limit"": 200, ""lambda_g"": 0.9, ""lambda_h"": 0.9, ""mutation_probability"": 0.25, ""name"": ""strong"", ""population_size"": 60, ""preference"": ""adaptive"", ""suite"": ""dynamic"", ""use_dag_aware_initialization"": true, ""use_dag_block_crossover"": true, ""use_elite_local_search"": true, ""use_skew_mutation"": true, ""user_count"": null}",769.0531814609102,0.0021798708662579464,0.5942088095873894,11931.99857861876,1,893,
dynamic:strong:8cef0ef59c:localfirst:repeat_5:seed_20260724,dynamic,strong,localfirst,5,20260724,"{""alpha_a"": 0.8, ""alpha_l"": 1.1, ""alpha_r"": 1.2, ""beta_a"": 0.5, ""beta_l"": 0.7, ""beta_r"": 0.8, ""cloud_count"": 1, ""crossover_probability"": 0.5, ""dnn_count"": 30, ""edge_count"": 10, ""edge_link_factor"": 2.0, ""iteration_limit"": 200, ""lambda_g"": 0.9, ""lambda_h"": 0.9, ""mutation_probability"": 0.25, ""name"": ""strong"", ""population_size"": 60, ""preference"": ""adaptive"", ""suite"": ""dynamic"", ""use_dag_aware_initialization"": true, ""use_dag_block_crossover"": true, ""use_elite_local_search"": true, ""use_skew_mutation"": true, ""user_count"": null}",757.6795015741721,0.12948531466617968,0.5398617756918674,7330.665367899544,0,60360,
dynamic:strong:8cef0ef59c:maxresource_fast:repeat_5:seed_20260724,dynamic,strong,maxresource_fast,5,20260724,"{""alpha_a"": 0.8, ""alpha_l"": 1.1, ""alpha_r"": 1.2, ""beta_a"": 0.5, ""beta_l"": 0.7, ""beta_r"": 0.8, ""cloud_count"": 1, ""crossover_probability"": 0.5, ""dnn_count"": 30, ""edge_count"": 10, ""edge_link_factor"": 2.0, ""iteration_limit"": 200, ""lambda_g"": 0.9, ""lambda_h"": 0.9, ""mutation_probability"": 0.25, ""name"": ""strong"", ""population_size"": 60, ""preference"": ""adaptive"", ""suite"": ""dynamic"", ""use_dag_aware_initialization"": true, ""use_dag_block_crossover"": true, ""use_elite_local_search"": true, ""use_skew_mutation"": true, ""user_count"": null}",590.1214434593628,0.018369136774542435,0.5536025737415773,8346.559409194624,0,115,
dynamic:strong:8cef0ef59c:proposed:repeat_6:seed_20260725,dynamic,strong,proposed,6,20260725,"{""alpha_a"": 0.8, ""alpha_l"": 1.1, ""alpha_r"": 1.2, ""beta_a"": 0.5, ""beta_l"": 0.7, ""beta_r"": 0.8, ""cloud_count"": 1, ""crossover_probability"": 0.5, ""dnn_count"": 30, ""edge_count"": 10, ""edge_link_factor"": 2.0, ""iteration_limit"": 200, ""lambda_g"": 0.9, ""lambda_h"": 0.9, ""mutation_probability"": 0.25, ""name"": ""strong"", ""population_size"": 60, ""preference"": ""adaptive"", ""suite"": ""dynamic"", ""use_dag_aware_initialization"": true, ""use_dag_block_crossover"": true, ""use_elite_local_search"": true, ""use_skew_mutation"": true, ""user_count"": null}",667.2475745530165,0.0944408151895309,0.739779544109299,7246.854700855692,0,146937,
dynamic:strong:8cef0ef59c:customized:repeat_6:seed_20260725,dynamic,strong,customized,6,20260725,"{""alpha_a"": 0.8, ""alpha_l"": 1.1, ""alpha_r"": 1.2, ""beta_a"": 0.5, ""beta_l"": 0.7, ""beta_r"": 0.8, ""cloud_count"": 1, ""crossover_probability"": 0.5, ""dnn_count"": 30, ""edge_count"": 10, ""edge_link_factor"": 2.0, ""iteration_limit"": 200, ""lambda_g"": 0.9, ""lambda_h"": 0.9, ""mutation_probability"": 0.25, ""name"": ""strong"", ""population_size"": 60, ""preference"": ""adaptive"", ""suite"": ""dynamic"", ""use_dag_aware_initialization"": true, ""use_dag_block_crossover"": true, ""use_elite_local_search"": true, ""use_skew_mutation"": true, ""user_count"": null}",553.9023816043689,0.10286197570450545,0.7193449465735755,6852.257159173747,1,104594,
dynamic:strong:8cef0ef59c:random:repeat_6:seed_20260725,dynamic,strong,random,6,20260725,"{""alpha_a"": 0.8, ""alpha_l"": 1.1, ""alpha_r"": 1.2, ""beta_a"": 0.5, ""beta_l"": 0.7, ""beta_r"": 0.8, ""cloud_count"": 1, ""crossover_probability"": 0.5, ""dnn_count"": 30, ""edge_count"": 10, ""edge_link_factor"": 2.0, ""iteration_limit"": 200, ""lambda_g"": 0.9, ""lambda_h"": 0.9, ""mutation_probability"": 0.25, ""name"": ""strong"", ""population_size"": 60, ""preference"": ""adaptive"", ""suite"": ""dynamic"", ""use_dag_aware_initialization"": true, ""use_dag_block_crossover"": true, ""use_elite_local_search"": true, ""use_skew_mutation"": true, ""user_count"": null}",812.116865882558,0.008291898709815443,0.6136185409153739,12581.488898845566,2,1038,
dynamic:strong:8cef0ef59c:localfirst:repeat_6:seed_20260725,dynamic,strong,localfirst,6,20260725,"{""alpha_a"": 0.8, ""alpha_l"": 1.1, ""alpha_r"": 1.2, ""beta_a"": 0.5, ""beta_l"": 0.7, ""beta_r"": 0.8, ""cloud_count"": 1, ""crossover_probability"": 0.5, ""dnn_count"": 30, ""edge_count"": 10, ""edge_link_factor"": 2.0, ""iteration_limit"": 200, ""lambda_g"": 0.9, ""lambda_h"": 0.9, ""mutation_probability"": 0.25, ""name"": ""strong"", ""population_size"": 60, ""preference"": ""adaptive"", ""suite"": ""dynamic"", ""use_dag_aware_initialization"": true, ""use_dag_block_crossover"": true, ""use_elite_local_search"": true, ""use_skew_mutation"": true, ""user_count"": null}",849.5561856405371,0.15205515403401829,0.5119948494644868,7689.635141713966,0,85187,
dynamic:strong:8cef0ef59c:maxresource_fast:repeat_6:seed_20260725,dynamic,strong,maxresource_fast,6,20260725,"{""alpha_a"": 0.8, ""alpha_l"": 1.1, ""alpha_r"": 1.2, ""beta_a"": 0.5, ""beta_l"": 0.7, ""beta_r"": 0.8, ""cloud_count"": 1, ""crossover_probability"": 0.5, ""dnn_count"": 30, ""edge_count"": 10, ""edge_link_factor"": 2.0, ""iteration_limit"": 200, ""lambda_g"": 0.9, ""lambda_h"": 0.9, ""mutation_probability"": 0.25, ""name"": ""strong"", ""population_size"": 60, ""preference"": ""adaptive"", ""suite"": ""dynamic"", ""use_dag_aware_initialization"": true, ""use_dag_block_crossover"": true, ""use_elite_local_search"": true, ""use_skew_mutation"": true, ""user_count"": null}",558.4822839200449,0.02064361937848738,0.5564257096135125,8543.1021215856,0,140,
dynamic:strong:8cef0ef59c:proposed:repeat_7:seed_20260726,dynamic,strong,proposed,7,20260726,"{""alpha_a"": 0.8, ""alpha_l"": 1.1, ""alpha_r"": 1.2, ""beta_a"": 0.5, ""beta_l"": 0.7, ""beta_r"": 0.8, ""cloud_count"": 1, ""crossover_probability"": 0.5, ""dnn_count"": 30, ""edge_count"": 10, ""edge_link_factor"": 2.0, ""iteration_limit"": 200, ""lambda_g"": 0.9, ""lambda_h"": 0.9, ""mutation_probability"": 0.25, ""name"": ""strong"", ""population_size"": 60, ""preference"": ""adaptive"", ""suite"": ""dynamic"", ""use_dag_aware_initialization"": true, ""use_dag_block_crossover"": true, ""use_elite_local_search"": true, ""use_skew_mutation"": true, ""user_count"": null}",531.1851816647296,0.056666082087554324,0.6362261799454644,7678.675657352405,1,158066,
dynamic:strong:8cef0ef59c:customized:repeat_7:seed_20260726,dynamic,strong,customized,7,20260726,"{""alpha_a"": 0.8, ""alpha_l"": 1.1, ""alpha_r"": 1.2, ""beta_a"": 0.5, ""beta_l"": 0.7, ""beta_r"": 0.8, ""cloud_count"": 1, ""crossover_probability"": 0.5, ""dnn_count"": 30, ""edge_count"": 10, ""edge_link_factor"": 2.0, ""iteration_limit"": 200, ""lambda_g"": 0.9, ""lambda_h"": 0.9, ""mutation_probability"": 0.25, ""name"": ""strong"", ""population_size"": 60, ""preference"": ""adaptive"", ""suite"": ""dynamic"", ""use_dag_aware_initialization"": true, ""use_dag_block_crossover"": true, ""use_elite_local_search"": true, ""use_skew_mutation"": true, ""user_count"": null}",497.6330596814684,0.08520567672396435,0.6786552602163645,7371.270178973085,3,101450,
dynamic:strong:8cef0ef59c:random:repeat_7:seed_20260726,dynamic,strong,random,7,20260726,"{""alpha_a"": 0.8, ""alpha_l"": 1.1, ""alpha_r"": 1.2, ""beta_a"": 0.5, ""beta_l"": 0.7, ""beta_r"": 0.8, ""cloud_count"": 1, ""crossover_probability"": 0.5, ""dnn_count"": 30, ""edge_count"": 10, ""edge_link_factor"": 2.0, ""iteration_limit"": 200, ""lambda_g"": 0.9, ""lambda_h"": 0.9, ""mutation_probability"": 0.25, ""name"": ""strong"", ""population_size"": 60, ""preference"": ""adaptive"", ""suite"": ""dynamic"", ""use_dag_aware_initialization"": true, ""use_dag_block_crossover"": true, ""use_elite_local_search"": true, ""use_skew_mutation"": true, ""user_count"": null}",726.2827235253943,0.005376146317970648,0.6035445830905567,12893.4399441869,4,1213,
dynamic:strong:8cef0ef59c:localfirst:repeat_7:seed_20260726,dynamic,strong,localfirst,7,20260726,"{""alpha_a"": 0.8, ""alpha_l"": 1.1, ""alpha_r"": 1.2, ""beta_a"": 0.5, ""beta_l"": 0.7, ""beta_r"": 0.8, ""cloud_count"": 1, ""crossover_probability"": 0.5, ""dnn_count"": 30, ""edge_count"": 10, ""edge_link_factor"": 2.0, ""iteration_limit"": 200, ""lambda_g"": 0.9, ""lambda_h"": 0.9, ""mutation_probability"": 0.25, ""name"": ""strong"", ""population_size"": 60, ""preference"": ""adaptive"", ""suite"": ""dynamic"", ""use_dag_aware_initialization"": true, ""use_dag_block_crossover"": true, ""use_elite_local_search"": true, ""use_skew_mutation"": true, ""user_count"": null}",780.2674546860767,0.13216997688868257,0.5283050330730674,8087.856330833711,1,121018,
dynamic:strong:8cef0ef59c:maxresource_fast:repeat_7:seed_20260726,dynamic,strong,maxresource_fast,7,20260726,"{""alpha_a"": 0.8, ""alpha_l"": 1.1, ""alpha_r"": 1.2, ""beta_a"": 0.5, ""beta_l"": 0.7, ""beta_r"": 0.8, ""cloud_count"": 1, ""crossover_probability"": 0.5, ""dnn_count"": 30, ""edge_count"": 10, ""edge_link_factor"": 2.0, ""iteration_limit"": 200, ""lambda_g"": 0.9, ""lambda_h"": 0.9, ""mutation_probability"": 0.25, ""name"": ""strong"", ""population_size"": 60, ""preference"": ""adaptive"", ""suite"": ""dynamic"", ""use_dag_aware_initialization"": true, ""use_dag_block_crossover"": true, ""use_elite_local_search"": true, ""use_skew_mutation"": true, ""user_count"": null}",467.00831474781216,0.05411790943764833,0.5684812994656954,7468.478553047041,3,9191,
dynamic:strong:8cef0ef59c:proposed:repeat_8:seed_20260727,dynamic,strong,proposed,8,20260727,"{""alpha_a"": 0.8, ""alpha_l"": 1.1, ""alpha_r"": 1.2, ""beta_a"": 0.5, ""beta_l"": 0.7, ""beta_r"": 0.8, ""cloud_count"": 1, ""crossover_probability"": 0.5, ""dnn_count"": 30, ""edge_count"": 10, ""edge_link_factor"": 2.0, ""iteration_limit"": 200, ""lambda_g"": 0.9, ""lambda_h"": 0.9, ""mutation_probability"": 0.25, ""name"": ""strong"", ""population_size"": 60, ""preference"": ""adaptive"", ""suite"": ""dynamic"", ""use_dag_aware_initialization"": true, ""use_dag_block_crossover"": true, ""use_elite_local_search"": true, ""use_skew_mutation"": true, ""user_count"": null}",701.0313946157049,0.09446432018547621,0.7092655417372794,7706.521055884453,0,135702,
dynamic:strong:8cef0ef59c:customized:repeat_8:seed_20260727,dynamic,strong,customized,8,20260727,"{""alpha_a"": 0.8, ""alpha_l"": 1.1, ""alpha_r"": 1.2, ""beta_a"": 0.5, ""beta_l"": 0.7, ""beta_r"": 0.8, ""cloud_count"": 1, ""crossover_probability"": 0.5, ""dnn_count"": 30, ""edge_count"": 10, ""edge_link_factor"": 2.0, ""iteration_limit"": 200, ""lambda_g"": 0.9, ""lambda_h"": 0.9, ""mutation_probability"": 0.25, ""name"": ""strong"", ""population_size"": 60, ""preference"": ""adaptive"", ""suite"": ""dynamic"", ""use_dag_aware_initialization"": true, ""use_dag_block_crossover"": true, ""use_elite_local_search"": true, ""use_skew_mutation"": true, ""user_count"": null}",543.0425591786409,0.09363577517025311,0.6982177190603533,6942.354980864725,2,103689,
dynamic:strong:8cef0ef59c:random:repeat_8:seed_20260727,dynamic,strong,random,8,20260727,"{""alpha_a"": 0.8, ""alpha_l"": 1.1, ""alpha_r"": 1.2, ""beta_a"": 0.5, ""beta_l"": 0.7, ""beta_r"": 0.8, ""cloud_count"": 1, ""crossover_probability"": 0.5, ""dnn_count"": 30, ""edge_count"": 10, ""edge_link_factor"": 2.0, ""iteration_limit"": 200, ""lambda_g"": 0.9, ""lambda_h"": 0.9, ""mutation_probability"": 0.25, ""name"": ""strong"", ""population_size"": 60, ""preference"": ""adaptive"", ""suite"": ""dynamic"", ""use_dag_aware_initialization"": true, ""use_dag_block_crossover"": true, ""use_elite_local_search"": true, ""use_skew_mutation"": true, ""user_count"": null}",894.1809068342263,0.00377838535649616,0.6114980887131853,13663.158447500275,2,1560,
dynamic:strong:8cef0ef59c:localfirst:repeat_8:seed_20260727,dynamic,strong,localfirst,8,20260727,"{""alpha_a"": 0.8, ""alpha_l"": 1.1, ""alpha_r"": 1.2, ""beta_a"": 0.5, ""beta_l"": 0.7, ""beta_r"": 0.8, ""cloud_count"": 1, ""crossover_probability"": 0.5, ""dnn_count"": 30, ""edge_count"": 10, ""edge_link_factor"": 2.0, ""iteration_limit"": 200, ""lambda_g"": 0.9, ""lambda_h"": 0.9, ""mutation_probability"": 0.25, ""name"": ""strong"", ""population_size"": 60, ""preference"": ""adaptive"", ""suite"": ""dynamic"", ""use_dag_aware_initialization"": true, ""use_dag_block_crossover"": true, ""use_elite_local_search"": true, ""use_skew_mutation"": true, ""user_count"": null}",845.0380842439448,0.06923881972183808,0.528070186916929,8879.215129391987,0,80325,
dynamic:strong:8cef0ef59c:maxresource_fast:repeat_8:seed_20260727,dynamic,strong,maxresource_fast,8,20260727,"{""alpha_a"": 0.8, ""alpha_l"": 1.1, ""alpha_r"": 1.2, ""beta_a"": 0.5, ""beta_l"": 0.7, ""beta_r"": 0.8, ""cloud_count"": 1, ""crossover_probability"": 0.5, ""dnn_count"": 30, ""edge_count"": 10, ""edge_link_factor"": 2.0, ""iteration_limit"": 200, ""lambda_g"": 0.9, ""lambda_h"": 0.9, ""mutation_probability"": 0.25, ""name"": ""strong"", ""population_size"": 60, ""preference"": ""adaptive"", ""suite"": ""dynamic"", ""use_dag_aware_initialization"": true, ""use_dag_block_crossover"": true, ""use_elite_local_search"": true, ""use_skew_mutation"": true, ""user_count"": null}",545.8986277536761,0.03125336288393133,0.5490421427529859,8007.5330188586095,1,3243,
dynamic:strong:8cef0ef59c:proposed:repeat_9:seed_20260728,dynamic,strong,proposed,9,20260728,"{""alpha_a"": 0.8, ""alpha_l"": 1.1, ""alpha_r"": 1.2, ""beta_a"": 0.5, ""beta_l"": 0.7, ""beta_r"": 0.8, ""cloud_count"": 1, ""crossover_probability"": 0.5, ""dnn_count"": 30, ""edge_count"": 10, ""edge_link_factor"": 2.0, ""iteration_limit"": 200, ""lambda_g"": 0.9, ""lambda_h"": 0.9, ""mutation_probability"": 0.25, ""name"": ""strong"", ""population_size"": 60, ""preference"": ""adaptive"", ""suite"": ""dynamic"", ""use_dag_aware_initialization"": true, ""use_dag_block_crossover"": true, ""use_elite_local_search"": true, ""use_skew_mutation"": true, ""user_count"": null}",624.4186253743792,0.09781814975822069,0.6906413903580583,6717.991887100602,0,125217,
dynamic:strong:8cef0ef59c:customized:repeat_9:seed_20260728,dynamic,strong,customized,9,20260728,"{""alpha_a"": 0.8, ""alpha_l"": 1.1, ""alpha_r"": 1.2, ""beta_a"": 0.5, ""beta_l"": 0.7, ""beta_r"": 0.8, ""cloud_count"": 1, ""crossover_probability"": 0.5, ""dnn_count"": 30, ""edge_count"": 10, ""edge_link_factor"": 2.0, ""iteration_limit"": 200, ""lambda_g"": 0.9, ""lambda_h"": 0.9, ""mutation_probability"": 0.25, ""name"": ""strong"", ""population_size"": 60, ""preference"": ""adaptive"", ""suite"": ""dynamic"", ""use_dag_aware_initialization"": true, ""use_dag_block_crossover"": true, ""use_elite_local_search"": true, ""use_skew_mutation"": true, ""user_count"": null}",517.1373651585346,0.10268504813043713,0.6502660510291833,6326.5885144991735,0,98616,
dynamic:strong:8cef0ef59c:random:repeat_9:seed_20260728,dynamic,strong,random,9,20260728,"{""alpha_a"": 0.8, ""alpha_l"": 1.1, ""alpha_r"": 1.2, ""beta_a"": 0.5, ""beta_l"": 0.7, ""beta_r"": 0.8, ""cloud_count"": 1, ""crossover_probability"": 0.5, ""dnn_count"": 30, ""edge_count"": 10, ""edge_link_factor"": 2.0, ""iteration_limit"": 200, ""lambda_g"": 0.9, ""lambda_h"": 0.9, ""mutation_probability"": 0.25, ""name"": ""strong"", ""population_size"": 60, ""preference"": ""adaptive"", ""suite"": ""dynamic"", ""use_dag_aware_initialization"": true, ""use_dag_block_crossover"": true, ""use_elite_local_search"": true, ""use_skew_mutation"": true, ""user_count"": null}",750.0227570609421,0.002224124736082541,0.6167560923834996,12621.936725307432,2,993,
dynamic:strong:8cef0ef59c:localfirst:repeat_9:seed_20260728,dynamic,strong,localfirst,9,20260728,"{""alpha_a"": 0.8, ""alpha_l"": 1.1, ""alpha_r"": 1.2, ""beta_a"": 0.5, ""beta_l"": 0.7, ""beta_r"": 0.8, ""cloud_count"": 1, ""crossover_probability"": 0.5, ""dnn_count"": 30, ""edge_count"": 10, ""edge_link_factor"": 2.0, ""iteration_limit"": 200, ""lambda_g"": 0.9, ""lambda_h"": 0.9, ""mutation_probability"": 0.25, ""name"": ""strong"", ""population_size"": 60, ""preference"": ""adaptive"", ""suite"": ""dynamic"", ""use_dag_aware_initialization"": true, ""use_dag_block_crossover"": true, ""use_elite_local_search"": true, ""use_skew_mutation"": true, ""user_count"": null}",759.4216599390912,0.11118783931140325,0.5391685867352133,7705.870109200962,0,40088,
dynamic:strong:8cef0ef59c:maxresource_fast:repeat_9:seed_20260728,dynamic,strong,maxresource_fast,9,20260728,"{""alpha_a"": 0.8, ""alpha_l"": 1.1, ""alpha_r"": 1.2, ""beta_a"": 0.5, ""beta_l"": 0.7, ""beta_r"": 0.8, ""cloud_count"": 1, ""crossover_probability"": 0.5, ""dnn_count"": 30, ""edge_count"": 10, ""edge_link_factor"": 2.0, ""iteration_limit"": 200, ""lambda_g"": 0.9, ""lambda_h"": 0.9, ""mutation_probability"": 0.25, ""name"": ""strong"", ""population_size"": 60, ""preference"": ""adaptive"", ""suite"": ""dynamic"", ""use_dag_aware_initialization"": true, ""use_dag_block_crossover"": true, ""use_elite_local_search"": true, ""use_skew_mutation"": true, ""user_count"": null}",541.6981886338671,0.04564358289641734,0.5595452821127066,8144.908612411998,2,6121,
dynamic:weak:533304da88:rtbl:repeat_0:seed_20260719,dynamic,weak,rtbl,0,20260719,"{""alpha_a"": 0.25, ""alpha_l"": 0.35, ""alpha_r"": 0.4, ""beta_a"": 0.15, ""beta_l"": 0.2, ""beta_r"": 0.25, ""cloud_count"": 1, ""crossover_probability"": 0.5, ""dnn_count"": 30, ""edge_count"": 10, ""edge_link_factor"": 2.0, ""iteration_limit"": 200, ""lambda_g"": 0.5, ""lambda_h"": 0.5, ""mutation_probability"": 0.25, ""name"": ""weak"", ""population_size"": 60, ""preference"": ""adaptive"", ""suite"": ""dynamic"", ""use_dag_aware_initialization"": true, ""use_dag_block_crossover"": true, ""use_elite_local_search"": true, ""use_skew_mutation"": true, ""user_count"": null}",550.2902174975624,0.2653838598177573,0.7902389268586862,6603.316885218331,24,60,post_admission_v1
dynamic:weak:533304da88:rtbl:repeat_1:seed_20260720,dynamic,weak,rtbl,1,20260720,"{""alpha_a"": 0.25, ""alpha_l"": 0.35, ""alpha_r"": 0.4, ""beta_a"": 0.15, ""beta_l"": 0.2, ""beta_r"": 0.25, ""cloud_count"": 1, ""crossover_probability"": 0.5, ""dnn_count"": 30, ""edge_count"": 10, ""edge_link_factor"": 2.0, ""iteration_limit"": 200, ""lambda_g"": 0.5, ""lambda_h"": 0.5, ""mutation_probability"": 0.25, ""name"": ""weak"", ""population_size"": 60, ""preference"": ""adaptive"", ""suite"": ""dynamic"", ""use_dag_aware_initialization"": true, ""use_dag_block_crossover"": true, ""use_elite_local_search"": true, ""use_skew_mutation"": true, ""user_count"": null}",492.51946547592075,0.26418525931680537,0.7412377478491178,6483.8430681499185,13,91,post_admission_v1
dynamic:weak:533304da88:rtbl:repeat_2:seed_20260721,dynamic,weak,rtbl,2,20260721,"{""alpha_a"": 0.25, ""alpha_l"": 0.35, ""alpha_r"": 0.4, ""beta_a"": 0.15, ""beta_l"": 0.2, ""beta_r"": 0.25, ""cloud_count"": 1, ""crossover_probability"": 0.5, ""dnn_count"": 30, ""edge_count"": 10, ""edge_link_factor"": 2.0, ""iteration_limit"": 200, ""lambda_g"": 0.5, ""lambda_h"": 0.5, ""mutation_probability"": 0.25, ""name"": ""weak"", ""population_size"": 60, ""preference"": ""adaptive"", ""suite"": ""dynamic"", ""use_dag_aware_initialization"": true, ""use_dag_block_crossover"": true, ""use_elite_local_search"": true, ""use_skew_mutation"": true, ""user_count"": null}",426.4947575492573,0.17914936853513627,0.7321859072712484,6922.805502864027,3,116,post_admission_v1
dynamic:weak:533304da88:rtbl:repeat_3:seed_20260722,dynamic,weak,rtbl,3,20260722,"{""alpha_a"": 0.25, ""alpha_l"": 0.35, ""alpha_r"": 0.4, ""beta_a"": 0.15, ""beta_l"": 0.2, ""beta_r"": 0.25, ""cloud_count"": 1, ""crossover_probability"": 0.5, ""dnn_count"": 30, ""edge_count"": 10, ""edge_link_factor"": 2.0, ""iteration_limit"": 200, ""lambda_g"": 0.5, ""lambda_h"": 0.5, ""mutation_probability"": 0.25, ""name"": ""weak"", ""population_size"": 60, ""preference"": ""adaptive"", ""suite"": ""dynamic"", ""use_dag_aware_initialization"": true, ""use_dag_block_crossover"": true, ""use_elite_local_search"": true, ""use_skew_mutation"": true, ""user_count"": null}",436.59823856786437,0.23814733879084873,0.739362207886828,6756.215220186383,19,69,post_admission_v1
dynamic:weak:533304da88:rtbl:repeat_4:seed_20260723,dynamic,weak,rtbl,4,20260723,"{""alpha_a"": 0.25, ""alpha_l"": 0.35, ""alpha_r"": 0.4, ""beta_a"": 0.15, ""beta_l"": 0.2, ""beta_r"": 0.25, ""cloud_count"": 1, ""crossover_probability"": 0.5, ""dnn_count"": 30, ""edge_count"": 10, ""edge_link_factor"": 2.0, ""iteration_limit"": 200, ""lambda_g"": 0.5, ""lambda_h"": 0.5, ""mutation_probability"": 0.25, ""name"": ""weak"", ""population_size"": 60, ""preference"": ""adaptive"", ""suite"": ""dynamic"", ""use_dag_aware_initialization"": true, ""use_dag_block_crossover"": true, ""use_elite_local_search"": true, ""use_skew_mutation"": true, ""user_count"": null}",695.8179732831181,0.2635960549270866,0.8104558876942066,6459.19080875584,24,41,post_admission_v1
dynamic:weak:533304da88:rtbl:repeat_5:seed_20260724,dynamic,weak,rtbl,5,20260724,"{""alpha_a"": 0.25, ""alpha_l"": 0.35, ""alpha_r"": 0.4, ""beta_a"": 0.15, ""beta_l"": 0.2, ""beta_r"": 0.25, ""cloud_count"": 1, ""crossover_probability"": 0.5, ""dnn_count"": 30, ""edge_count"": 10, ""edge_link_factor"": 2.0, ""iteration_limit"": 200, ""lambda_g"": 0.5, ""lambda_h"": 0.5, ""mutation_probability"": 0.25, ""name"": ""weak"", ""population_size"": 60, ""preference"": ""adaptive"", ""suite"": ""dynamic"", ""use_dag_aware_initialization"": true, ""use_dag_block_crossover"": true, ""use_elite_local_search"": true, ""use_skew_mutation"": true, ""user_count"": null}",658.2350547248951,0.34784964073616725,0.8218925864434994,5538.200601083778,14,89,post_admission_v1
dynamic:weak:533304da88:rtbl:repeat_6:seed_20260725,dynamic,weak,rtbl,6,20260725,"{""alpha_a"": 0.25, ""alpha_l"": 0.35, ""alpha_r"": 0.4, ""beta_a"": 0.15, ""beta_l"": 0.2, ""beta_r"": 0.25, ""cloud_count"": 1, ""crossover_probability"": 0.5, ""dnn_count"": 30, ""edge_count"": 10, ""edge_link_factor"": 2.0, ""iteration_limit"": 200, ""lambda_g"": 0.5, ""lambda_h"": 0.5, ""mutation_probability"": 0.25, ""name"": ""weak"", ""population_size"": 60, ""preference"": ""adaptive"", ""suite"": ""dynamic"", ""use_dag_aware_initialization"": true, ""use_dag_block_crossover"": true, ""use_elite_local_search"": true, ""use_skew_mutation"": true, ""user_count"": null}",508.08028012582747,0.21031635113518798,0.7271757504434307,7190.963693487354,5,154,post_admission_v1
dynamic:weak:533304da88:rtbl:repeat_7:seed_20260726,dynamic,weak,rtbl,7,20260726,"{""alpha_a"": 0.25, ""alpha_l"": 0.35, ""alpha_r"": 0.4, ""beta_a"": 0.15, ""beta_l"": 0.2, ""beta_r"": 0.25, ""cloud_count"": 1, ""crossover_probability"": 0.5, ""dnn_count"": 30, ""edge_count"": 10, ""edge_link_factor"": 2.0, ""iteration_limit"": 200, ""lambda_g"": 0.5, ""lambda_h"": 0.5, ""mutation_probability"": 0.25, ""name"": ""weak"", ""population_size"": 60, ""preference"": ""adaptive"", ""suite"": ""dynamic"", ""use_dag_aware_initialization"": true, ""use_dag_block_crossover"": true, ""use_elite_local_search"": true, ""use_skew_mutation"": true, ""user_count"": null}",459.7488161879278,0.14312980048156218,0.7264038657352243,7999.187101654693,9,126,post_admission_v1
dynamic:weak:533304da88:rtbl:repeat_8:seed_20260727,dynamic,weak,rtbl,8,20260727,"{""alpha_a"": 0.25, ""alpha_l"": 0.35, ""alpha_r"": 0.4, ""beta_a"": 0.15, ""beta_l"": 0.2, ""beta_r"": 0.25, ""cloud_count"": 1, ""crossover_probability"": 0.5, ""dnn_count"": 30, ""edge_count"": 10, ""edge_link_factor"": 2.0, ""iteration_limit"": 200, ""lambda_g"": 0.5, ""lambda_h"": 0.5, ""mutation_probability"": 0.25, ""name"": ""weak"", ""population_size"": 60, ""preference"": ""adaptive"", ""suite"": ""dynamic"", ""use_dag_aware_initialization"": true, ""use_dag_block_crossover"": true, ""use_elite_local_search"": true, ""use_skew_mutation"": true, ""user_count"": null}",626.3207788575586,0.31845229958949806,0.8080562554534649,6364.332636976193,22,71,post_admission_v1
dynamic:weak:533304da88:rtbl:repeat_9:seed_20260728,dynamic,weak,rtbl,9,20260728,"{""alpha_a"": 0.25, ""alpha_l"": 0.35, ""alpha_r"": 0.4, ""beta_a"": 0.15, ""beta_l"": 0.2, ""beta_r"": 0.25, ""cloud_count"": 1, ""crossover_probability"": 0.5, ""dnn_count"": 30, ""edge_count"": 10, ""edge_link_factor"": 2.0, ""iteration_limit"": 200, ""lambda_g"": 0.5, ""lambda_h"": 0.5, ""mutation_probability"": 0.25, ""name"": ""weak"", ""population_size"": 60, ""preference"": ""adaptive"", ""suite"": ""dynamic"", ""use_dag_aware_initialization"": true, ""use_dag_block_crossover"": true, ""use_elite_local_search"": true, ""use_skew_mutation"": true, ""user_count"": null}",482.0316140441915,0.18043868466141794,0.7260662216242247,7067.336114410034,1,157,post_admission_v1
dynamic:medium:a57b2d1e51:rtbl:repeat_0:seed_20260719,dynamic,medium,rtbl,0,20260719,"{""alpha_a"": 0.5, ""alpha_l"": 0.7, ""alpha_r"": 0.8, ""beta_a"": 0.3, ""beta_l"": 0.4, ""beta_r"": 0.5, ""cloud_count"": 1, ""crossover_probability"": 0.5, ""dnn_count"": 30, ""edge_count"": 10, ""edge_link_factor"": 2.0, ""iteration_limit"": 200, ""lambda_g"": 0.7, ""lambda_h"": 0.7, ""mutation_probability"": 0.25, ""name"": ""medium"", ""population_size"": 60, ""preference"": ""adaptive"", ""suite"": ""dynamic"", ""use_dag_aware_initialization"": true, ""use_dag_block_crossover"": true, ""use_elite_local_search"": true, ""use_skew_mutation"": true, ""user_count"": null}",567.9023623095453,0.14931795211597967,0.6499552553717441,5885.389133430806,11,101,post_admission_v1
dynamic:medium:a57b2d1e51:rtbl:repeat_1:seed_20260720,dynamic,medium,rtbl,1,20260720,"{""alpha_a"": 0.5, ""alpha_l"": 0.7, ""alpha_r"": 0.8, ""beta_a"": 0.3, ""beta_l"": 0.4, ""beta_r"": 0.5, ""cloud_count"": 1, ""crossover_probability"": 0.5, ""dnn_count"": 30, ""edge_count"": 10, ""edge_link_factor"": 2.0, ""iteration_limit"": 200, ""lambda_g"": 0.7, ""lambda_h"": 0.7, ""mutation_probability"": 0.25, ""name"": ""medium"", ""population_size"": 60, ""preference"": ""adaptive"", ""suite"": ""dynamic"", ""use_dag_aware_initialization"": true, ""use_dag_block_crossover"": true, ""use_elite_local_search"": true, ""use_skew_mutation"": true, ""user_count"": null}",584.2215587924345,0.14840023295512236,0.6234001507549136,6736.899149772463,13,93,post_admission_v1
dynamic:medium:a57b2d1e51:rtbl:repeat_2:seed_20260721,dynamic,medium,rtbl,2,20260721,"{""alpha_a"": 0.5, ""alpha_l"": 0.7, ""alpha_r"": 0.8, ""beta_a"": 0.3, ""beta_l"": 0.4, ""beta_r"": 0.5, ""cloud_count"": 1, ""crossover_probability"": 0.5, ""dnn_count"": 30, ""edge_count"": 10, ""edge_link_factor"": 2.0, ""iteration_limit"": 200, ""lambda_g"": 0.7, ""lambda_h"": 0.7, ""mutation_probability"": 0.25, ""name"": ""medium"", ""population_size"": 60, ""preference"": ""adaptive"", ""suite"": ""dynamic"", ""use_dag_aware_initialization"": true, ""use_dag_block_crossover"": true, ""use_elite_local_search"": true, ""use_skew_mutation"": true, ""user_count"": null}",430.222938755276,0.11572925704140678,0.5773406346135276,6875.159334291086,3,128,post_admission_v1
dynamic:medium:a57b2d1e51:rtbl:repeat_3:seed_20260722,dynamic,medium,rtbl,3,20260722,"{""alpha_a"": 0.5, ""alpha_l"": 0.7, ""alpha_r"": 0.8, ""beta_a"": 0.3, ""beta_l"": 0.4, ""beta_r"": 0.5, ""cloud_count"": 1, ""crossover_probability"": 0.5, ""dnn_count"": 30, ""edge_count"": 10, ""edge_link_factor"": 2.0, ""iteration_limit"": 200, ""lambda_g"": 0.7, ""lambda_h"": 0.7, ""mutation_probability"": 0.25, ""name"": ""medium"", ""population_size"": 60, ""preference"": ""adaptive"", ""suite"": ""dynamic"", ""use_dag_aware_initialization"": true, ""use_dag_block_crossover"": true, ""use_elite_local_search"": true, ""use_skew_mutation"": true, ""user_count"": null}",483.43489667305545,0.07160072756885426,0.5568627942723073,7765.792768118124,7,125,post_admission_v1
dynamic:medium:a57b2d1e51:rtbl:repeat_4:seed_20260723,dynamic,medium,rtbl,4,20260723,"{""alpha_a"": 0.5, ""alpha_l"": 0.7, ""alpha_r"": 0.8, ""beta_a"": 0.3, ""beta_l"": 0.4, ""beta_r"": 0.5, ""cloud_count"": 1, ""crossover_probability"": 0.5, ""dnn_count"": 30, ""edge_count"": 10, ""edge_link_factor"": 2.0, ""iteration_limit"": 200, ""lambda_g"": 0.7, ""lambda_h"": 0.7, ""mutation_probability"": 0.25, ""name"": ""medium"", ""population_size"": 60, ""preference"": ""adaptive"", ""suite"": ""dynamic"", ""use_dag_aware_initialization"": true, ""use_dag_block_crossover"": true, ""use_elite_local_search"": true, ""use_skew_mutation"": true, ""user_count"": null}",569.9732066359837,0.17965185128985217,0.6462518624652086,6641.978062787662,15,100,post_admission_v1
dynamic:medium:a57b2d1e51:rtbl:repeat_5:seed_20260724,dynamic,medium,rtbl,5,20260724,"{""alpha_a"": 0.5, ""alpha_l"": 0.7, ""alpha_r"": 0.8, ""beta_a"": 0.3, ""beta_l"": 0.4, ""beta_r"": 0.5, ""cloud_count"": 1, ""crossover_probability"": 0.5, ""dnn_count"": 30, ""edge_count"": 10, ""edge_link_factor"": 2.0, ""iteration_limit"": 200, ""lambda_g"": 0.7, ""lambda_h"": 0.7, ""mutation_probability"": 0.25, ""name"": ""medium"", ""population_size"": 60, ""preference"": ""adaptive"", ""suite"": ""dynamic"", ""use_dag_aware_initialization"": true, ""use_dag_block_crossover"": true, ""use_elite_local_search"": true, ""use_skew_mutation"": true, ""user_count"": null}",700.8186070005103,0.2957642226896127,0.7952857002714281,5028.231207991219,22,58,post_admission_v1
dynamic:medium:a57b2d1e51:rtbl:repeat_6:seed_20260725,dynamic,medium,rtbl,6,20260725,"{""alpha_a"": 0.5, ""alpha_l"": 0.7, ""alpha_r"": 0.8, ""beta_a"": 0.3, ""beta_l"": 0.4, ""beta_r"": 0.5, ""cloud_count"": 1, ""crossover_probability"": 0.5, ""dnn_count"": 30, ""edge_count"": 10, ""edge_link_factor"": 2.0, ""iteration_limit"": 200, ""lambda_g"": 0.7, ""lambda_h"": 0.7, ""mutation_probability"": 0.25, ""name"": ""medium"", ""population_size"": 60, ""preference"": ""adaptive"", ""suite"": ""dynamic"", ""use_dag_aware_initialization"": true, ""use_dag_block_crossover"": true, ""use_elite_local_search"": true, ""use_skew_mutation"": true, ""user_count"": null}",504.6985881886512,0.2577329606608944,0.6675405325414044,5072.857255029902,23,59,post_admission_v1
dynamic:medium:a57b2d1e51:rtbl:repeat_7:seed_20260726,dynamic,medium,rtbl,7,20260726,"{""alpha_a"": 0.5, ""alpha_l"": 0.7, ""alpha_r"": 0.8, ""beta_a"": 0.3, ""beta_l"": 0.4, ""beta_r"": 0.5, ""cloud_count"": 1, ""crossover_probability"": 0.5, ""dnn_count"": 30, ""edge_count"": 10, ""edge_link_factor"": 2.0, ""iteration_limit"": 200, ""lambda_g"": 0.7, ""lambda_h"": 0.7, ""mutation_probability"": 0.25, ""name"": ""medium"", ""population_size"": 60, ""preference"": ""adaptive"", ""suite"": ""dynamic"", ""use_dag_aware_initialization"": true, ""use_dag_block_crossover"": true, ""use_elite_local_search"": true, ""use_skew_mutation"": true, ""user_count"": null}",425.32625610353494,0.10243502315558416,0.5905587014186516,6776.534145733202,6,145,post_admission_v1
dynamic:medium:a57b2d1e51:rtbl:repeat_8:seed_20260727,dynamic,medium,rtbl,8,20260727,"{""alpha_a"": 0.5, ""alpha_l"": 0.7, ""alpha_r"": 0.8, ""beta_a"": 0.3, ""beta_l"": 0.4, ""beta_r"": 0.5, ""cloud_count"": 1, ""crossover_probability"": 0.5, ""dnn_count"": 30, ""edge_count"": 10, ""edge_link_factor"": 2.0, ""iteration_limit"": 200, ""lambda_g"": 0.7, ""lambda_h"": 0.7, ""mutation_probability"": 0.25, ""name"": ""medium"", ""population_size"": 60, ""preference"": ""adaptive"", ""suite"": ""dynamic"", ""use_dag_aware_initialization"": true, ""use_dag_block_crossover"": true, ""use_elite_local_search"": true, ""use_skew_mutation"": true, ""user_count"": null}",629.4831429778366,0.2309880554832525,0.6876325436828159,5980.790309680329,21,66,post_admission_v1
dynamic:medium:a57b2d1e51:rtbl:repeat_9:seed_20260728,dynamic,medium,rtbl,9,20260728,"{""alpha_a"": 0.5, ""alpha_l"": 0.7, ""alpha_r"": 0.8, ""beta_a"": 0.3, ""beta_l"": 0.4, ""beta_r"": 0.5, ""cloud_count"": 1, ""crossover_probability"": 0.5, ""dnn_count"": 30, ""edge_count"": 10, ""edge_link_factor"": 2.0, ""iteration_limit"": 200, ""lambda_g"": 0.7, ""lambda_h"": 0.7, ""mutation_probability"": 0.25, ""name"": ""medium"", ""population_size"": 60, ""preference"": ""adaptive"", ""suite"": ""dynamic"", ""use_dag_aware_initialization"": true, ""use_dag_block_crossover"": true, ""use_elite_local_search"": true, ""use_skew_mutation"": true, ""user_count"": null}",477.7519252476911,0.09803013775900234,0.575747870051444,6706.188114625168,1,129,post_admission_v1
dynamic:strong:8cef0ef59c:rtbl:repeat_0:seed_20260719,dynamic,strong,rtbl,0,20260719,"{""alpha_a"": 0.8, ""alpha_l"": 1.1, ""alpha_r"": 1.2, ""beta_a"": 0.5, ""beta_l"": 0.7, ""beta_r"": 0.8, ""cloud_count"": 1, ""crossover_probability"": 0.5, ""dnn_count"": 30, ""edge_count"": 10, ""edge_link_factor"": 2.0, ""iteration_limit"": 200, ""lambda_g"": 0.9, ""lambda_h"": 0.9, ""mutation_probability"": 0.25, ""name"": ""strong"", ""population_size"": 60, ""preference"": ""adaptive"", ""suite"": ""dynamic"", ""use_dag_aware_initialization"": true, ""use_dag_block_crossover"": true, ""use_elite_local_search"": true, ""use_skew_mutation"": true, ""user_count"": null}",658.3109914374171,0.14588713582572524,0.6145205073583742,5757.653632158574,14,82,post_admission_v1
dynamic:strong:8cef0ef59c:rtbl:repeat_1:seed_20260720,dynamic,strong,rtbl,1,20260720,"{""alpha_a"": 0.8, ""alpha_l"": 1.1, ""alpha_r"": 1.2, ""beta_a"": 0.5, ""beta_l"": 0.7, ""beta_r"": 0.8, ""cloud_count"": 1, ""crossover_probability"": 0.5, ""dnn_count"": 30, ""edge_count"": 10, ""edge_link_factor"": 2.0, ""iteration_limit"": 200, ""lambda_g"": 0.9, ""lambda_h"": 0.9, ""mutation_probability"": 0.25, ""name"": ""strong"", ""population_size"": 60, ""preference"": ""adaptive"", ""suite"": ""dynamic"", ""use_dag_aware_initialization"": true, ""use_dag_block_crossover"": true, ""use_elite_local_search"": true, ""use_skew_mutation"": true, ""user_count"": null}",502.8845192442827,0.10912972444233579,0.5688242032092025,6343.643568359967,9,113,post_admission_v1
dynamic:strong:8cef0ef59c:rtbl:repeat_2:seed_20260721,dynamic,strong,rtbl,2,20260721,"{""alpha_a"": 0.8, ""alpha_l"": 1.1, ""alpha_r"": 1.2, ""beta_a"": 0.5, ""beta_l"": 0.7, ""beta_r"": 0.8, ""cloud_count"": 1, ""crossover_probability"": 0.5, ""dnn_count"": 30, ""edge_count"": 10, ""edge_link_factor"": 2.0, ""iteration_limit"": 200, ""lambda_g"": 0.9, ""lambda_h"": 0.9, ""mutation_probability"": 0.25, ""name"": ""strong"", ""population_size"": 60, ""preference"": ""adaptive"", ""suite"": ""dynamic"", ""use_dag_aware_initialization"": true, ""use_dag_block_crossover"": true, ""use_elite_local_search"": true, ""use_skew_mutation"": true, ""user_count"": null}",462.805682476179,0.06850928076313709,0.5395983034869646,7393.735348937176,2,129,post_admission_v1
dynamic:strong:8cef0ef59c:rtbl:repeat_3:seed_20260722,dynamic,strong,rtbl,3,20260722,"{""alpha_a"": 0.8, ""alpha_l"": 1.1, ""alpha_r"": 1.2, ""beta_a"": 0.5, ""beta_l"": 0.7, ""beta_r"": 0.8, ""cloud_count"": 1, ""crossover_probability"": 0.5, ""dnn_count"": 30, ""edge_count"": 10, ""edge_link_factor"": 2.0, ""iteration_limit"": 200, ""lambda_g"": 0.9, ""lambda_h"": 0.9, ""mutation_probability"": 0.25, ""name"": ""strong"", ""population_size"": 60, ""preference"": ""adaptive"", ""suite"": ""dynamic"", ""use_dag_aware_initialization"": true, ""use_dag_block_crossover"": true, ""use_elite_local_search"": true, ""use_skew_mutation"": true, ""user_count"": null}",435.3162493380831,0.0926880198064087,0.5268362010415616,6465.858133837738,5,134,post_admission_v1
dynamic:strong:8cef0ef59c:rtbl:repeat_4:seed_20260723,dynamic,strong,rtbl,4,20260723,"{""alpha_a"": 0.8, ""alpha_l"": 1.1, ""alpha_r"": 1.2, ""beta_a"": 0.5, ""beta_l"": 0.7, ""beta_r"": 0.8, ""cloud_count"": 1, ""crossover_probability"": 0.5, ""dnn_count"": 30, ""edge_count"": 10, ""edge_link_factor"": 2.0, ""iteration_limit"": 200, ""lambda_g"": 0.9, ""lambda_h"": 0.9, ""mutation_probability"": 0.25, ""name"": ""strong"", ""population_size"": 60, ""preference"": ""adaptive"", ""suite"": ""dynamic"", ""use_dag_aware_initialization"": true, ""use_dag_block_crossover"": true, ""use_elite_local_search"": true, ""use_skew_mutation"": true, ""user_count"": null}",599.1591228717853,0.14578820399720724,0.5876605751702825,5636.972066489909,9,111,post_admission_v1
dynamic:strong:8cef0ef59c:rtbl:repeat_5:seed_20260724,dynamic,strong,rtbl,5,20260724,"{""alpha_a"": 0.8, ""alpha_l"": 1.1, ""alpha_r"": 1.2, ""beta_a"": 0.5, ""beta_l"": 0.7, ""beta_r"": 0.8, ""cloud_count"": 1, ""crossover_probability"": 0.5, ""dnn_count"": 30, ""edge_count"": 10, ""edge_link_factor"": 2.0, ""iteration_limit"": 200, ""lambda_g"": 0.9, ""lambda_h"": 0.9, ""mutation_probability"": 0.25, ""name"": ""strong"", ""population_size"": 60, ""preference"": ""adaptive"", ""suite"": ""dynamic"", ""use_dag_aware_initialization"": true, ""use_dag_block_crossover"": true, ""use_elite_local_search"": true, ""use_skew_mutation"": true, ""user_count"": null}",641.9204877374244,0.1871484911492162,0.6657716470820834,5459.085666025627,15,90,post_admission_v1
dynamic:strong:8cef0ef59c:rtbl:repeat_6:seed_20260725,dynamic,strong,rtbl,6,20260725,"{""alpha_a"": 0.8, ""alpha_l"": 1.1, ""alpha_r"": 1.2, ""beta_a"": 0.5, ""beta_l"": 0.7, ""beta_r"": 0.8, ""cloud_count"": 1, ""crossover_probability"": 0.5, ""dnn_count"": 30, ""edge_count"": 10, ""edge_link_factor"": 2.0, ""iteration_limit"": 200, ""lambda_g"": 0.9, ""lambda_h"": 0.9, ""mutation_probability"": 0.25, ""name"": ""strong"", ""population_size"": 60, ""preference"": ""adaptive"", ""suite"": ""dynamic"", ""use_dag_aware_initialization"": true, ""use_dag_block_crossover"": true, ""use_elite_local_search"": true, ""use_skew_mutation"": true, ""user_count"": null}",479.31076622349156,0.09509542730282353,0.5718614859654377,5908.386624516722,10,135,post_admission_v1
dynamic:strong:8cef0ef59c:rtbl:repeat_7:seed_20260726,dynamic,strong,rtbl,7,20260726,"{""alpha_a"": 0.8, ""alpha_l"": 1.1, ""alpha_r"": 1.2, ""beta_a"": 0.5, ""beta_l"": 0.7, ""beta_r"": 0.8, ""cloud_count"": 1, ""crossover_probability"": 0.5, ""dnn_count"": 30, ""edge_count"": 10, ""edge_link_factor"": 2.0, ""iteration_limit"": 200, ""lambda_g"": 0.9, ""lambda_h"": 0.9, ""mutation_probability"": 0.25, ""name"": ""strong"", ""population_size"": 60, ""preference"": ""adaptive"", ""suite"": ""dynamic"", ""use_dag_aware_initialization"": true, ""use_dag_block_crossover"": true, ""use_elite_local_search"": true, ""use_skew_mutation"": true, ""user_count"": null}",430.36470802657453,0.05736642791050669,0.5344603412008855,7503.363910629788,6,131,post_admission_v1
dynamic:strong:8cef0ef59c:rtbl:repeat_8:seed_20260727,dynamic,strong,rtbl,8,20260727,"{""alpha_a"": 0.8, ""alpha_l"": 1.1, ""alpha_r"": 1.2, ""beta_a"": 0.5, ""beta_l"": 0.7, ""beta_r"": 0.8, ""cloud_count"": 1, ""crossover_probability"": 0.5, ""dnn_count"": 30, ""edge_count"": 10, ""edge_link_factor"": 2.0, ""iteration_limit"": 200, ""lambda_g"": 0.9, ""lambda_h"": 0.9, ""mutation_probability"": 0.25, ""name"": ""strong"", ""population_size"": 60, ""preference"": ""adaptive"", ""suite"": ""dynamic"", ""use_dag_aware_initialization"": true, ""use_dag_block_crossover"": true, ""use_elite_local_search"": true, ""use_skew_mutation"": true, ""user_count"": null}",499.79819690706466,0.10388704755852603,0.5676060446071732,6914.126562711365,7,128,post_admission_v1
dynamic:strong:8cef0ef59c:rtbl:repeat_9:seed_20260728,dynamic,strong,rtbl,9,20260728,"{""alpha_a"": 0.8, ""alpha_l"": 1.1, ""alpha_r"": 1.2, ""beta_a"": 0.5, ""beta_l"": 0.7, ""beta_r"": 0.8, ""cloud_count"": 1, ""crossover_probability"": 0.5, ""dnn_count"": 30, ""edge_count"": 10, ""edge_link_factor"": 2.0, ""iteration_limit"": 200, ""lambda_g"": 0.9, ""lambda_h"": 0.9, ""mutation_probability"": 0.25, ""name"": ""strong"", ""population_size"": 60, ""preference"": ""adaptive"", ""suite"": ""dynamic"", ""use_dag_aware_initialization"": true, ""use_dag_block_crossover"": true, ""use_elite_local_search"": true, ""use_skew_mutation"": true, ""user_count"": null}",498.98566095265465,0.08645532345084293,0.5417555757405697,6541.2987672459885,1,127,post_admission_v1
