task_id,scenario_id,suite,scenario,comparison_group,comparison_method,repeat,seed,experiment_layer,protocol_version,workload_mode,algorithm,candidate_generator_mode,search_budget_id,bootstrap_mode_config,online_timing_mode,planning_timing_mode,control_mode,pool_budget_mode,lambda_per_slot,topology_hash,profile_catalog_hash,workload_trace_hash,environment_trace_hash,scenario_parameters,arrival_slots,elapsed_slots,arrived_requests,accepted_requests,rejected_requests,completed_requests,runtime_failed_requests,deadline_missed_requests,unfinished_requests,request_conservation_valid,goodput_utility,avg_estimated_delay_ms,avg_operational_stability_score,avg_total_energy,plan_direct_count,plan_repaired_count,fast_fallback_count,per_request_customized_count,online_baseline_count,planning_jobs_started,planning_jobs_published,planning_jobs_retained,total_planning_runtime_ms,total_online_runtime_ms,avg_online_runtime_ms,p95_online_runtime_ms,control_decision_count,control_outcome_count,control_fallback_count,search_assignments_generated,search_constraint_rejected_candidates,search_nonconverged_candidates,search_feasible_candidates,search_pareto_candidates,search_selected_candidates,publication_valid_candidates,publication_rejected_candidates,trace_seed,bootstrap_mode,objective_semantics_version,candidate_prediction_version,observation_semantics_version,workload_semantics_version,planning_semantics_version,candidate_generator_version,availability_estimator_version,availability_model_version,runtime_progress_mode,routing_mode,duplex_mode,energy_model_version,result_schema_version,joint_budget_control_version,joint_action_space_version,pool_allocation_version,online_anytime_revalidation_version,action_predictor_version,control_objective_version,acceptance_rate,rejection_rate,completion_rate,runtime_failure_rate,deadline_miss_rate,completion_throughput_rps,plan_direct_rate,plan_repaired_rate,fast_fallback_rate,per_request_customized_rate,online_baseline_rate
system_poisson:poisson_lifecycle_v1:joint_control:b0958ca0c0de661d:periodic_customized:r0:s20260719,b0958ca0c0de661d,joint_control,fixed_low,reference,fixed_low,0,20260719,system_poisson,poisson_lifecycle_v1,poisson_profile_catalog,periodic_customized,customized,p12_g4_a64,prewarm,measured,measured,fixed,fixed_total,1.0,6d295842eb0296d0,fca0df0e76e8aea8,68e477ed3df2fad8,c3ade63673949cb4,"{""algorithm"":""periodic_customized"",""alpha_l"":0.7,""alpha_r"":0.8,""availability_fraction"":0.5,""beta_l"":0.4,""beta_r"":0.5,""bootstrap_mode"":""prewarm"",""candidate_fixed_point_damping"":0.5,""candidate_fixed_point_max_iterations"":20,""candidate_fixed_point_relative_tolerance"":0.0001,""cloud_count"":1,""comparison_group"":""reference"",""comparison_method"":""fixed_low"",""control_mode"":""fixed"",""downtime_log_mean"":2.5,""downtime_log_sigma"":0.8,""edge_count"":5,""edge_link_factor"":2.0,""experiment_layer"":""system_poisson"",""fixed_online_budget_ms"":5.0,""fixed_planning_interval_slots"":20,""fixed_total_pool_budget"":8,""lambda_g"":0.7,""lambda_h"":0.7,""lambda_per_slot"":1.0,""max_deadline_ms"":1999.0,""min_deadline_ms"":500.0,""minimum_control_window_slots"":5,""minimum_replanning_interval_slots"":2,""name"":""fixed_low"",""online_budgets_ms"":[5.0,10.0,20.0],""online_timing_mode"":""measured"",""origin_group_count"":2,""plan_ttl_slots"":20,""planning_candidate_generator_mode"":""customized"",""planning_customized_archive_capacity"":64,""planning_customized_generations"":4,""planning_customized_population_size"":12,""planning_deadline_ms"":2000.0,""planning_intervals"":[5,10,20],""planning_runtime_ms"":100.0,""planning_sample_count"":20,""planning_timing_mode"":""measured"",""pool_budget_mode"":""fixed_total"",""profile_count"":2,""slot_count"":200,""slot_length_ms"":100.0,""suite"":""joint_control"",""total_pool_budgets"":[8,20,40],""uptime_scale"":100.0,""uptime_shape"":1.5,""user_count"":10,""workload_mode"":""poisson_profile_catalog""}",200,201,191,44,147,41,3,3,0,1,1.383736883267873,746.8150681032649,0.8719413452912833,4687.28992576971,22,10,12,0,0,35,21,14,12373.894042917527,701.8447882728651,3.67458004331343,6.031458033248782,10,9,0,2443,2213,0,230,126,92,51,52,22260722,prewarm,stability_delay_energy_v4,unified_fixed_point_v3,explicit_snapshot_v1,poisson_profile_catalog_v1,periodic_repository_v1,customized_periodic_pool_v1,empirical_window_beta_v1,slot_up_down_v1,fixed_service_time_v1,fixed_path_v1,full_duplex_shared_heat_v1,deployment_return_energy_v1,periodic_three_objective_v3,discrete_mpc_v1,grid_tkb_v1,arrival_risk_diversity_v1,budgeted_fixed_point_v1,regularized_surrogate_v1,goodput_cost_v1,0.23036649214659685,0.7696335078534031,0.21465968586387435,0.06818181818181818,0.06818181818181818,2.0398009950248754,0.11518324607329843,0.05235602094240838,0.06282722513089005,0.0,0.0
system_poisson:poisson_lifecycle_v1:joint_control:b0958ca0c0de661d:periodic_customized:r1:s20260720,b0958ca0c0de661d,joint_control,fixed_low,reference,fixed_low,1,20260720,system_poisson,poisson_lifecycle_v1,poisson_profile_catalog,periodic_customized,customized,p12_g4_a64,prewarm,measured,measured,fixed,fixed_total,1.0,a4f53f5438a025fd,a0ac5e6d1accb3ff,b090fbef89e23494,4948b9b559ca3dae,"{""algorithm"":""periodic_customized"",""alpha_l"":0.7,""alpha_r"":0.8,""availability_fraction"":0.5,""beta_l"":0.4,""beta_r"":0.5,""bootstrap_mode"":""prewarm"",""candidate_fixed_point_damping"":0.5,""candidate_fixed_point_max_iterations"":20,""candidate_fixed_point_relative_tolerance"":0.0001,""cloud_count"":1,""comparison_group"":""reference"",""comparison_method"":""fixed_low"",""control_mode"":""fixed"",""downtime_log_mean"":2.5,""downtime_log_sigma"":0.8,""edge_count"":5,""edge_link_factor"":2.0,""experiment_layer"":""system_poisson"",""fixed_online_budget_ms"":5.0,""fixed_planning_interval_slots"":20,""fixed_total_pool_budget"":8,""lambda_g"":0.7,""lambda_h"":0.7,""lambda_per_slot"":1.0,""max_deadline_ms"":1999.0,""min_deadline_ms"":500.0,""minimum_control_window_slots"":5,""minimum_replanning_interval_slots"":2,""name"":""fixed_low"",""online_budgets_ms"":[5.0,10.0,20.0],""online_timing_mode"":""measured"",""origin_group_count"":2,""plan_ttl_slots"":20,""planning_candidate_generator_mode"":""customized"",""planning_customized_archive_capacity"":64,""planning_customized_generations"":4,""planning_customized_population_size"":12,""planning_deadline_ms"":2000.0,""planning_intervals"":[5,10,20],""planning_runtime_ms"":100.0,""planning_sample_count"":20,""planning_timing_mode"":""measured"",""pool_budget_mode"":""fixed_total"",""profile_count"":2,""slot_count"":200,""slot_length_ms"":100.0,""suite"":""joint_control"",""total_pool_budgets"":[8,20,40],""uptime_scale"":100.0,""uptime_shape"":1.5,""user_count"":10,""workload_mode"":""poisson_profile_catalog""}",200,208,209,58,151,52,6,2,0,1,1.7474443236319144,678.8088185195504,0.8324051988014012,6993.545268253668,16,19,23,0,0,30,13,16,14488.228542846628,1023.3948366949335,4.896626012894418,8.317542029544711,8,7,0,2207,1728,0,479,138,77,29,56,22260723,prewarm,stability_delay_energy_v4,unified_fixed_point_v3,explicit_snapshot_v1,poisson_profile_catalog_v1,periodic_repository_v1,customized_periodic_pool_v1,empirical_window_beta_v1,slot_up_down_v1,fixed_service_time_v1,fixed_path_v1,full_duplex_shared_heat_v1,deployment_return_energy_v1,periodic_three_objective_v3,discrete_mpc_v1,grid_tkb_v1,arrival_risk_diversity_v1,budgeted_fixed_point_v1,regularized_surrogate_v1,goodput_cost_v1,0.27751196172248804,0.722488038277512,0.24880382775119617,0.10344827586206896,0.034482758620689655,2.5,0.07655502392344497,0.09090909090909091,0.11004784688995216,0.0,0.0
system_poisson:poisson_lifecycle_v1:joint_control:b0958ca0c0de661d:periodic_customized:r2:s20260721,b0958ca0c0de661d,joint_control,fixed_low,reference,fixed_low,2,20260721,system_poisson,poisson_lifecycle_v1,poisson_profile_catalog,periodic_customized,customized,p12_g4_a64,prewarm,measured,measured,fixed,fixed_total,1.0,e1936cba343be935,938f95453f2442e2,b1b7f5bba0248714,b3c97759fa661993,"{""algorithm"":""periodic_customized"",""alpha_l"":0.7,""alpha_r"":0.8,""availability_fraction"":0.5,""beta_l"":0.4,""beta_r"":0.5,""bootstrap_mode"":""prewarm"",""candidate_fixed_point_damping"":0.5,""candidate_fixed_point_max_iterations"":20,""candidate_fixed_point_relative_tolerance"":0.0001,""cloud_count"":1,""comparison_group"":""reference"",""comparison_method"":""fixed_low"",""control_mode"":""fixed"",""downtime_log_mean"":2.5,""downtime_log_sigma"":0.8,""edge_count"":5,""edge_link_factor"":2.0,""experiment_layer"":""system_poisson"",""fixed_online_budget_ms"":5.0,""fixed_planning_interval_slots"":20,""fixed_total_pool_budget"":8,""lambda_g"":0.7,""lambda_h"":0.7,""lambda_per_slot"":1.0,""max_deadline_ms"":1999.0,""min_deadline_ms"":500.0,""minimum_control_window_slots"":5,""minimum_replanning_interval_slots"":2,""name"":""fixed_low"",""online_budgets_ms"":[5.0,10.0,20.0],""online_timing_mode"":""measured"",""origin_group_count"":2,""plan_ttl_slots"":20,""planning_candidate_generator_mode"":""customized"",""planning_customized_archive_capacity"":64,""planning_customized_generations"":4,""planning_customized_population_size"":12,""planning_deadline_ms"":2000.0,""planning_intervals"":[5,10,20],""planning_runtime_ms"":100.0,""planning_sample_count"":20,""planning_timing_mode"":""measured"",""pool_budget_mode"":""fixed_total"",""profile_count"":2,""slot_count"":200,""slot_length_ms"":100.0,""suite"":""joint_control"",""total_pool_budgets"":[8,20,40],""uptime_scale"":100.0,""uptime_shape"":1.5,""user_count"":10,""workload_mode"":""poisson_profile_catalog""}",200,204,211,59,152,55,4,0,0,1,2.105613830284473,535.2564935570175,0.8408372032273079,5661.597228056379,30,19,10,0,0,25,12,12,15683.634749380872,1201.7819598549977,5.695649098838851,8.726041996851563,8,7,0,2090,1686,0,404,178,100,55,58,22260724,prewarm,stability_delay_energy_v4,unified_fixed_point_v3,explicit_snapshot_v1,poisson_profile_catalog_v1,periodic_repository_v1,customized_periodic_pool_v1,empirical_window_beta_v1,slot_up_down_v1,fixed_service_time_v1,fixed_path_v1,full_duplex_shared_heat_v1,deployment_return_energy_v1,periodic_three_objective_v3,discrete_mpc_v1,grid_tkb_v1,arrival_risk_diversity_v1,budgeted_fixed_point_v1,regularized_surrogate_v1,goodput_cost_v1,0.2796208530805687,0.7203791469194313,0.26066350710900477,0.06779661016949153,0.0,2.696078431372549,0.14218009478672985,0.09004739336492891,0.04739336492890995,0.0,0.0
system_poisson:poisson_lifecycle_v1:joint_control:b0958ca0c0de661d:periodic_customized:r3:s20260722,b0958ca0c0de661d,joint_control,fixed_low,reference,fixed_low,3,20260722,system_poisson,poisson_lifecycle_v1,poisson_profile_catalog,periodic_customized,customized,p12_g4_a64,prewarm,measured,measured,fixed,fixed_total,1.0,cad518de228dec43,e2c448830ab998d5,5b89c04953d23a62,a8d64a668c29fff0,"{""algorithm"":""periodic_customized"",""alpha_l"":0.7,""alpha_r"":0.8,""availability_fraction"":0.5,""beta_l"":0.4,""beta_r"":0.5,""bootstrap_mode"":""prewarm"",""candidate_fixed_point_damping"":0.5,""candidate_fixed_point_max_iterations"":20,""candidate_fixed_point_relative_tolerance"":0.0001,""cloud_count"":1,""comparison_group"":""reference"",""comparison_method"":""fixed_low"",""control_mode"":""fixed"",""downtime_log_mean"":2.5,""downtime_log_sigma"":0.8,""edge_count"":5,""edge_link_factor"":2.0,""experiment_layer"":""system_poisson"",""fixed_online_budget_ms"":5.0,""fixed_planning_interval_slots"":20,""fixed_total_pool_budget"":8,""lambda_g"":0.7,""lambda_h"":0.7,""lambda_per_slot"":1.0,""max_deadline_ms"":1999.0,""min_deadline_ms"":500.0,""minimum_control_window_slots"":5,""minimum_replanning_interval_slots"":2,""name"":""fixed_low"",""online_budgets_ms"":[5.0,10.0,20.0],""online_timing_mode"":""measured"",""origin_group_count"":2,""plan_ttl_slots"":20,""planning_candidate_generator_mode"":""customized"",""planning_customized_archive_capacity"":64,""planning_customized_generations"":4,""planning_customized_population_size"":12,""planning_deadline_ms"":2000.0,""planning_intervals"":[5,10,20],""planning_runtime_ms"":100.0,""planning_sample_count"":20,""planning_timing_mode"":""measured"",""pool_budget_mode"":""fixed_total"",""profile_count"":2,""slot_count"":200,""slot_length_ms"":100.0,""suite"":""joint_control"",""total_pool_budgets"":[8,20,40],""uptime_scale"":100.0,""uptime_shape"":1.5,""user_count"":10,""workload_mode"":""poisson_profile_catalog""}",200,209,210,64,146,60,4,1,0,1,2.060413724912786,607.057538579939,0.8594542455983619,5552.185040409055,42,5,17,0,0,29,18,10,14356.041081715375,1053.9692911552265,5.01890138645346,7.623375044204295,9,8,0,2286,1797,0,489,204,84,44,53,22260725,prewarm,stability_delay_energy_v4,unified_fixed_point_v3,explicit_snapshot_v1,poisson_profile_catalog_v1,periodic_repository_v1,customized_periodic_pool_v1,empirical_window_beta_v1,slot_up_down_v1,fixed_service_time_v1,fixed_path_v1,full_duplex_shared_heat_v1,deployment_return_energy_v1,periodic_three_objective_v3,discrete_mpc_v1,grid_tkb_v1,arrival_risk_diversity_v1,budgeted_fixed_point_v1,regularized_surrogate_v1,goodput_cost_v1,0.3047619047619048,0.6952380952380952,0.2857142857142857,0.0625,0.015625,2.870813397129187,0.2,0.023809523809523808,0.08095238095238096,0.0,0.0
system_poisson:poisson_lifecycle_v1:joint_control:b0958ca0c0de661d:periodic_customized:r4:s20260723,b0958ca0c0de661d,joint_control,fixed_low,reference,fixed_low,4,20260723,system_poisson,poisson_lifecycle_v1,poisson_profile_catalog,periodic_customized,customized,p12_g4_a64,prewarm,measured,measured,fixed,fixed_total,1.0,85e4775618fc9271,04cc006508118ace,6d76626369b7dc47,7df8c4f9894fbd11,"{""algorithm"":""periodic_customized"",""alpha_l"":0.7,""alpha_r"":0.8,""availability_fraction"":0.5,""beta_l"":0.4,""beta_r"":0.5,""bootstrap_mode"":""prewarm"",""candidate_fixed_point_damping"":0.5,""candidate_fixed_point_max_iterations"":20,""candidate_fixed_point_relative_tolerance"":0.0001,""cloud_count"":1,""comparison_group"":""reference"",""comparison_method"":""fixed_low"",""control_mode"":""fixed"",""downtime_log_mean"":2.5,""downtime_log_sigma"":0.8,""edge_count"":5,""edge_link_factor"":2.0,""experiment_layer"":""system_poisson"",""fixed_online_budget_ms"":5.0,""fixed_planning_interval_slots"":20,""fixed_total_pool_budget"":8,""lambda_g"":0.7,""lambda_h"":0.7,""lambda_per_slot"":1.0,""max_deadline_ms"":1999.0,""min_deadline_ms"":500.0,""minimum_control_window_slots"":5,""minimum_replanning_interval_slots"":2,""name"":""fixed_low"",""online_budgets_ms"":[5.0,10.0,20.0],""online_timing_mode"":""measured"",""origin_group_count"":2,""plan_ttl_slots"":20,""planning_candidate_generator_mode"":""customized"",""planning_customized_archive_capacity"":64,""planning_customized_generations"":4,""planning_customized_population_size"":12,""planning_deadline_ms"":2000.0,""planning_intervals"":[5,10,20],""planning_runtime_ms"":100.0,""planning_sample_count"":20,""planning_timing_mode"":""measured"",""pool_budget_mode"":""fixed_total"",""profile_count"":2,""slot_count"":200,""slot_length_ms"":100.0,""suite"":""joint_control"",""total_pool_budgets"":[8,20,40],""uptime_scale"":100.0,""uptime_shape"":1.5,""user_count"":10,""workload_mode"":""poisson_profile_catalog""}",200,202,206,50,156,43,7,0,0,1,1.5941839588601894,621.6300521786669,0.8516987740407251,7195.937202915345,18,16,16,0,0,30,9,20,16096.101040835492,1080.611371784471,5.245686270798402,9.474333026446402,8,7,0,2342,2049,0,293,124,66,29,52,22260726,prewarm,stability_delay_energy_v4,unified_fixed_point_v3,explicit_snapshot_v1,poisson_profile_catalog_v1,periodic_repository_v1,customized_periodic_pool_v1,empirical_window_beta_v1,slot_up_down_v1,fixed_service_time_v1,fixed_path_v1,full_duplex_shared_heat_v1,deployment_return_energy_v1,periodic_three_objective_v3,discrete_mpc_v1,grid_tkb_v1,arrival_risk_diversity_v1,budgeted_fixed_point_v1,regularized_surrogate_v1,goodput_cost_v1,0.24271844660194175,0.7572815533980582,0.2087378640776699,0.14,0.0,2.128712871287129,0.08737864077669903,0.07766990291262135,0.07766990291262135,0.0,0.0
system_poisson:poisson_lifecycle_v1:joint_control:b0958ca0c0de661d:periodic_customized:r5:s20260724,b0958ca0c0de661d,joint_control,fixed_low,reference,fixed_low,5,20260724,system_poisson,poisson_lifecycle_v1,poisson_profile_catalog,periodic_customized,customized,p12_g4_a64,prewarm,measured,measured,fixed,fixed_total,1.0,d24fe9836276a23a,5f88dfc591596c91,8236ef19df927245,c61766e5adeaf7a9,"{""algorithm"":""periodic_customized"",""alpha_l"":0.7,""alpha_r"":0.8,""availability_fraction"":0.5,""beta_l"":0.4,""beta_r"":0.5,""bootstrap_mode"":""prewarm"",""candidate_fixed_point_damping"":0.5,""candidate_fixed_point_max_iterations"":20,""candidate_fixed_point_relative_tolerance"":0.0001,""cloud_count"":1,""comparison_group"":""reference"",""comparison_method"":""fixed_low"",""control_mode"":""fixed"",""downtime_log_mean"":2.5,""downtime_log_sigma"":0.8,""edge_count"":5,""edge_link_factor"":2.0,""experiment_layer"":""system_poisson"",""fixed_online_budget_ms"":5.0,""fixed_planning_interval_slots"":20,""fixed_total_pool_budget"":8,""lambda_g"":0.7,""lambda_h"":0.7,""lambda_per_slot"":1.0,""max_deadline_ms"":1999.0,""min_deadline_ms"":500.0,""minimum_control_window_slots"":5,""minimum_replanning_interval_slots"":2,""name"":""fixed_low"",""online_budgets_ms"":[5.0,10.0,20.0],""online_timing_mode"":""measured"",""origin_group_count"":2,""plan_ttl_slots"":20,""planning_candidate_generator_mode"":""customized"",""planning_customized_archive_capacity"":64,""planning_customized_generations"":4,""planning_customized_population_size"":12,""planning_deadline_ms"":2000.0,""planning_intervals"":[5,10,20],""planning_runtime_ms"":100.0,""planning_sample_count"":20,""planning_timing_mode"":""measured"",""pool_budget_mode"":""fixed_total"",""profile_count"":2,""slot_count"":200,""slot_length_ms"":100.0,""suite"":""joint_control"",""total_pool_budgets"":[8,20,40],""uptime_scale"":100.0,""uptime_shape"":1.5,""user_count"":10,""workload_mode"":""poisson_profile_catalog""}",200,205,196,63,133,57,6,1,0,1,2.0396305729519892,515.5111327834355,0.8257615857345522,3951.2071026872054,37,10,16,0,0,30,20,10,12799.478915985674,939.7344114258885,4.794563323601472,7.581750047393143,10,9,0,2226,2049,0,177,106,80,47,51,22260727,prewarm,stability_delay_energy_v4,unified_fixed_point_v3,explicit_snapshot_v1,poisson_profile_catalog_v1,periodic_repository_v1,customized_periodic_pool_v1,empirical_window_beta_v1,slot_up_down_v1,fixed_service_time_v1,fixed_path_v1,full_duplex_shared_heat_v1,deployment_return_energy_v1,periodic_three_objective_v3,discrete_mpc_v1,grid_tkb_v1,arrival_risk_diversity_v1,budgeted_fixed_point_v1,regularized_surrogate_v1,goodput_cost_v1,0.32142857142857145,0.6785714285714286,0.29081632653061223,0.09523809523809523,0.015873015873015872,2.7804878048780486,0.18877551020408162,0.05102040816326531,0.08163265306122448,0.0,0.0
system_poisson:poisson_lifecycle_v1:joint_control:b0958ca0c0de661d:periodic_customized:r6:s20260725,b0958ca0c0de661d,joint_control,fixed_low,reference,fixed_low,6,20260725,system_poisson,poisson_lifecycle_v1,poisson_profile_catalog,periodic_customized,customized,p12_g4_a64,prewarm,measured,measured,fixed,fixed_total,1.0,26abbdd9b75bc615,fc04fea1c464df4f,315f55f80c124787,b0aa21bae96916c6,"{""algorithm"":""periodic_customized"",""alpha_l"":0.7,""alpha_r"":0.8,""availability_fraction"":0.5,""beta_l"":0.4,""beta_r"":0.5,""bootstrap_mode"":""prewarm"",""candidate_fixed_point_damping"":0.5,""candidate_fixed_point_max_iterations"":20,""candidate_fixed_point_relative_tolerance"":0.0001,""cloud_count"":1,""comparison_group"":""reference"",""comparison_method"":""fixed_low"",""control_mode"":""fixed"",""downtime_log_mean"":2.5,""downtime_log_sigma"":0.8,""edge_count"":5,""edge_link_factor"":2.0,""experiment_layer"":""system_poisson"",""fixed_online_budget_ms"":5.0,""fixed_planning_interval_slots"":20,""fixed_total_pool_budget"":8,""lambda_g"":0.7,""lambda_h"":0.7,""lambda_per_slot"":1.0,""max_deadline_ms"":1999.0,""min_deadline_ms"":500.0,""minimum_control_window_slots"":5,""minimum_replanning_interval_slots"":2,""name"":""fixed_low"",""online_budgets_ms"":[5.0,10.0,20.0],""online_timing_mode"":""measured"",""origin_group_count"":2,""plan_ttl_slots"":20,""planning_candidate_generator_mode"":""customized"",""planning_customized_archive_capacity"":64,""planning_customized_generations"":4,""planning_customized_population_size"":12,""planning_deadline_ms"":2000.0,""planning_intervals"":[5,10,20],""planning_runtime_ms"":100.0,""planning_sample_count"":20,""planning_timing_mode"":""measured"",""pool_budget_mode"":""fixed_total"",""profile_count"":2,""slot_count"":200,""slot_length_ms"":100.0,""suite"":""joint_control"",""total_pool_budgets"":[8,20,40],""uptime_scale"":100.0,""uptime_shape"":1.5,""user_count"":10,""workload_mode"":""poisson_profile_catalog""}",200,202,183,53,130,43,10,1,0,1,1.571401993516943,629.2234777119803,0.8575245817276913,5540.303821046798,20,21,12,0,0,30,13,17,13847.84878976643,962.046041386202,5.257082193367224,8.33245797548443,10,9,0,2153,1858,0,295,109,71,45,37,22260728,prewarm,stability_delay_energy_v4,unified_fixed_point_v3,explicit_snapshot_v1,poisson_profile_catalog_v1,periodic_repository_v1,customized_periodic_pool_v1,empirical_window_beta_v1,slot_up_down_v1,fixed_service_time_v1,fixed_path_v1,full_duplex_shared_heat_v1,deployment_return_energy_v1,periodic_three_objective_v3,discrete_mpc_v1,grid_tkb_v1,arrival_risk_diversity_v1,budgeted_fixed_point_v1,regularized_surrogate_v1,goodput_cost_v1,0.2896174863387978,0.7103825136612022,0.23497267759562843,0.18867924528301888,0.018867924528301886,2.128712871287129,0.1092896174863388,0.11475409836065574,0.06557377049180328,0.0,0.0
system_poisson:poisson_lifecycle_v1:joint_control:b0958ca0c0de661d:periodic_customized:r7:s20260726,b0958ca0c0de661d,joint_control,fixed_low,reference,fixed_low,7,20260726,system_poisson,poisson_lifecycle_v1,poisson_profile_catalog,periodic_customized,customized,p12_g4_a64,prewarm,measured,measured,fixed,fixed_total,1.0,cfb348bc73ed6b08,6c2f0ddd78fdc176,45d9b67b7d7e2742,5d8d75c05ac19d95,"{""algorithm"":""periodic_customized"",""alpha_l"":0.7,""alpha_r"":0.8,""availability_fraction"":0.5,""beta_l"":0.4,""beta_r"":0.5,""bootstrap_mode"":""prewarm"",""candidate_fixed_point_damping"":0.5,""candidate_fixed_point_max_iterations"":20,""candidate_fixed_point_relative_tolerance"":0.0001,""cloud_count"":1,""comparison_group"":""reference"",""comparison_method"":""fixed_low"",""control_mode"":""fixed"",""downtime_log_mean"":2.5,""downtime_log_sigma"":0.8,""edge_count"":5,""edge_link_factor"":2.0,""experiment_layer"":""system_poisson"",""fixed_online_budget_ms"":5.0,""fixed_planning_interval_slots"":20,""fixed_total_pool_budget"":8,""lambda_g"":0.7,""lambda_h"":0.7,""lambda_per_slot"":1.0,""max_deadline_ms"":1999.0,""min_deadline_ms"":500.0,""minimum_control_window_slots"":5,""minimum_replanning_interval_slots"":2,""name"":""fixed_low"",""online_budgets_ms"":[5.0,10.0,20.0],""online_timing_mode"":""measured"",""origin_group_count"":2,""plan_ttl_slots"":20,""planning_candidate_generator_mode"":""customized"",""planning_customized_archive_capacity"":64,""planning_customized_generations"":4,""planning_customized_population_size"":12,""planning_deadline_ms"":2000.0,""planning_intervals"":[5,10,20],""planning_runtime_ms"":100.0,""planning_sample_count"":20,""planning_timing_mode"":""measured"",""pool_budget_mode"":""fixed_total"",""profile_count"":2,""slot_count"":200,""slot_length_ms"":100.0,""suite"":""joint_control"",""total_pool_budgets"":[8,20,40],""uptime_scale"":100.0,""uptime_shape"":1.5,""user_count"":10,""workload_mode"":""poisson_profile_catalog""}",200,202,190,47,143,46,1,0,0,1,1.6296031839211198,739.8743458930414,0.816090198899787,6355.567549836122,31,7,9,0,0,26,12,13,14040.349997230805,1042.2145448392257,5.485339709680136,10.048875003121793,9,8,0,1958,1627,0,331,143,82,36,48,22260729,prewarm,stability_delay_energy_v4,unified_fixed_point_v3,explicit_snapshot_v1,poisson_profile_catalog_v1,periodic_repository_v1,customized_periodic_pool_v1,empirical_window_beta_v1,slot_up_down_v1,fixed_service_time_v1,fixed_path_v1,full_duplex_shared_heat_v1,deployment_return_energy_v1,periodic_three_objective_v3,discrete_mpc_v1,grid_tkb_v1,arrival_risk_diversity_v1,budgeted_fixed_point_v1,regularized_surrogate_v1,goodput_cost_v1,0.24736842105263157,0.7526315789473684,0.24210526315789474,0.02127659574468085,0.0,2.2772277227722775,0.1631578947368421,0.03684210526315789,0.04736842105263158,0.0,0.0
system_poisson:poisson_lifecycle_v1:joint_control:b0958ca0c0de661d:periodic_customized:r8:s20260727,b0958ca0c0de661d,joint_control,fixed_low,reference,fixed_low,8,20260727,system_poisson,poisson_lifecycle_v1,poisson_profile_catalog,periodic_customized,customized,p12_g4_a64,prewarm,measured,measured,fixed,fixed_total,1.0,77262aef7c650c15,adddb8a44db4224c,5ef7f7f709b227ab,5f427e7b1456da70,"{""algorithm"":""periodic_customized"",""alpha_l"":0.7,""alpha_r"":0.8,""availability_fraction"":0.5,""beta_l"":0.4,""beta_r"":0.5,""bootstrap_mode"":""prewarm"",""candidate_fixed_point_damping"":0.5,""candidate_fixed_point_max_iterations"":20,""candidate_fixed_point_relative_tolerance"":0.0001,""cloud_count"":1,""comparison_group"":""reference"",""comparison_method"":""fixed_low"",""control_mode"":""fixed"",""downtime_log_mean"":2.5,""downtime_log_sigma"":0.8,""edge_count"":5,""edge_link_factor"":2.0,""experiment_layer"":""system_poisson"",""fixed_online_budget_ms"":5.0,""fixed_planning_interval_slots"":20,""fixed_total_pool_budget"":8,""lambda_g"":0.7,""lambda_h"":0.7,""lambda_per_slot"":1.0,""max_deadline_ms"":1999.0,""min_deadline_ms"":500.0,""minimum_control_window_slots"":5,""minimum_replanning_interval_slots"":2,""name"":""fixed_low"",""online_budgets_ms"":[5.0,10.0,20.0],""online_timing_mode"":""measured"",""origin_group_count"":2,""plan_ttl_slots"":20,""planning_candidate_generator_mode"":""customized"",""planning_customized_archive_capacity"":64,""planning_customized_generations"":4,""planning_customized_population_size"":12,""planning_deadline_ms"":2000.0,""planning_intervals"":[5,10,20],""planning_runtime_ms"":100.0,""planning_sample_count"":20,""planning_timing_mode"":""measured"",""pool_budget_mode"":""fixed_total"",""profile_count"":2,""slot_count"":200,""slot_length_ms"":100.0,""suite"":""joint_control"",""total_pool_budgets"":[8,20,40],""uptime_scale"":100.0,""uptime_shape"":1.5,""user_count"":10,""workload_mode"":""poisson_profile_catalog""}",200,201,181,54,127,47,7,2,0,1,1.727768310971858,610.8276077899499,0.8524012962884446,6363.359742217751,27,13,14,0,0,27,11,16,13903.044957085513,907.2025420609862,5.012168740668431,8.051124983467162,9,8,0,2003,1516,0,487,142,69,47,35,22260730,prewarm,stability_delay_energy_v4,unified_fixed_point_v3,explicit_snapshot_v1,poisson_profile_catalog_v1,periodic_repository_v1,customized_periodic_pool_v1,empirical_window_beta_v1,slot_up_down_v1,fixed_service_time_v1,fixed_path_v1,full_duplex_shared_heat_v1,deployment_return_energy_v1,periodic_three_objective_v3,discrete_mpc_v1,grid_tkb_v1,arrival_risk_diversity_v1,budgeted_fixed_point_v1,regularized_surrogate_v1,goodput_cost_v1,0.2983425414364641,0.7016574585635359,0.2596685082872928,0.12962962962962962,0.037037037037037035,2.3383084577114426,0.14917127071823205,0.0718232044198895,0.07734806629834254,0.0,0.0
system_poisson:poisson_lifecycle_v1:joint_control:b0958ca0c0de661d:periodic_customized:r9:s20260728,b0958ca0c0de661d,joint_control,fixed_low,reference,fixed_low,9,20260728,system_poisson,poisson_lifecycle_v1,poisson_profile_catalog,periodic_customized,customized,p12_g4_a64,prewarm,measured,measured,fixed,fixed_total,1.0,51994d7f38a9b2d2,94c502adeeb85260,9f5ed373a6bd9324,58651f60c37cc329,"{""algorithm"":""periodic_customized"",""alpha_l"":0.7,""alpha_r"":0.8,""availability_fraction"":0.5,""beta_l"":0.4,""beta_r"":0.5,""bootstrap_mode"":""prewarm"",""candidate_fixed_point_damping"":0.5,""candidate_fixed_point_max_iterations"":20,""candidate_fixed_point_relative_tolerance"":0.0001,""cloud_count"":1,""comparison_group"":""reference"",""comparison_method"":""fixed_low"",""control_mode"":""fixed"",""downtime_log_mean"":2.5,""downtime_log_sigma"":0.8,""edge_count"":5,""edge_link_factor"":2.0,""experiment_layer"":""system_poisson"",""fixed_online_budget_ms"":5.0,""fixed_planning_interval_slots"":20,""fixed_total_pool_budget"":8,""lambda_g"":0.7,""lambda_h"":0.7,""lambda_per_slot"":1.0,""max_deadline_ms"":1999.0,""min_deadline_ms"":500.0,""minimum_control_window_slots"":5,""minimum_replanning_interval_slots"":2,""name"":""fixed_low"",""online_budgets_ms"":[5.0,10.0,20.0],""online_timing_mode"":""measured"",""origin_group_count"":2,""plan_ttl_slots"":20,""planning_candidate_generator_mode"":""customized"",""planning_customized_archive_capacity"":64,""planning_customized_generations"":4,""planning_customized_population_size"":12,""planning_deadline_ms"":2000.0,""planning_intervals"":[5,10,20],""planning_runtime_ms"":100.0,""planning_sample_count"":20,""planning_timing_mode"":""measured"",""pool_budget_mode"":""fixed_total"",""profile_count"":2,""slot_count"":200,""slot_length_ms"":100.0,""suite"":""joint_control"",""total_pool_budgets"":[8,20,40],""uptime_scale"":100.0,""uptime_shape"":1.5,""user_count"":10,""workload_mode"":""poisson_profile_catalog""}",200,209,211,73,138,62,11,1,0,1,2.151699535900302,595.6219298978738,0.8410012868885701,6210.786489179174,25,18,30,0,0,30,17,12,15378.166122944094,1199.7804149286821,5.686163103927403,10.208834079094231,9,8,0,2561,1458,0,1103,378,143,61,85,22260731,prewarm,stability_delay_energy_v4,unified_fixed_point_v3,explicit_snapshot_v1,poisson_profile_catalog_v1,periodic_repository_v1,customized_periodic_pool_v1,empirical_window_beta_v1,slot_up_down_v1,fixed_service_time_v1,fixed_path_v1,full_duplex_shared_heat_v1,deployment_return_energy_v1,periodic_three_objective_v3,discrete_mpc_v1,grid_tkb_v1,arrival_risk_diversity_v1,budgeted_fixed_point_v1,regularized_surrogate_v1,goodput_cost_v1,0.3459715639810427,0.6540284360189573,0.2938388625592417,0.1506849315068493,0.0136986301369863,2.966507177033493,0.11848341232227488,0.08530805687203792,0.14218009478672985,0.0,0.0
system_poisson:poisson_lifecycle_v1:joint_control:b0958ca0c0de661d:periodic_customized:r10:s20260729,b0958ca0c0de661d,joint_control,fixed_low,reference,fixed_low,10,20260729,system_poisson,poisson_lifecycle_v1,poisson_profile_catalog,periodic_customized,customized,p12_g4_a64,prewarm,measured,measured,fixed,fixed_total,1.0,5b8d17f0ef7f4099,329b4f7d21be54ff,897cead0737f85bf,5bfdd62f4d90fc6a,"{""algorithm"":""periodic_customized"",""alpha_l"":0.7,""alpha_r"":0.8,""availability_fraction"":0.5,""beta_l"":0.4,""beta_r"":0.5,""bootstrap_mode"":""prewarm"",""candidate_fixed_point_damping"":0.5,""candidate_fixed_point_max_iterations"":20,""candidate_fixed_point_relative_tolerance"":0.0001,""cloud_count"":1,""comparison_group"":""reference"",""comparison_method"":""fixed_low"",""control_mode"":""fixed"",""downtime_log_mean"":2.5,""downtime_log_sigma"":0.8,""edge_count"":5,""edge_link_factor"":2.0,""experiment_layer"":""system_poisson"",""fixed_online_budget_ms"":5.0,""fixed_planning_interval_slots"":20,""fixed_total_pool_budget"":8,""lambda_g"":0.7,""lambda_h"":0.7,""lambda_per_slot"":1.0,""max_deadline_ms"":1999.0,""min_deadline_ms"":500.0,""minimum_control_window_slots"":5,""minimum_replanning_interval_slots"":2,""name"":""fixed_low"",""online_budgets_ms"":[5.0,10.0,20.0],""online_timing_mode"":""measured"",""origin_group_count"":2,""plan_ttl_slots"":20,""planning_candidate_generator_mode"":""customized"",""planning_customized_archive_capacity"":64,""planning_customized_generations"":4,""planning_customized_population_size"":12,""planning_deadline_ms"":2000.0,""planning_intervals"":[5,10,20],""planning_runtime_ms"":100.0,""planning_sample_count"":20,""planning_timing_mode"":""measured"",""pool_budget_mode"":""fixed_total"",""profile_count"":2,""slot_count"":200,""slot_length_ms"":100.0,""suite"":""joint_control"",""total_pool_budgets"":[8,20,40],""uptime_scale"":100.0,""uptime_shape"":1.5,""user_count"":10,""workload_mode"":""poisson_profile_catalog""}",200,203,209,67,142,57,10,0,0,1,2.229753313963666,470.91923255280864,0.8352328301410203,4756.80208564742,38,16,13,0,0,29,18,10,14859.814790193923,1223.9141706377268,5.856048663338406,9.26437508314848,9,8,0,2675,1429,0,1246,472,178,89,85,22260732,prewarm,stability_delay_energy_v4,unified_fixed_point_v3,explicit_snapshot_v1,poisson_profile_catalog_v1,periodic_repository_v1,customized_periodic_pool_v1,empirical_window_beta_v1,slot_up_down_v1,fixed_service_time_v1,fixed_path_v1,full_duplex_shared_heat_v1,deployment_return_energy_v1,periodic_three_objective_v3,discrete_mpc_v1,grid_tkb_v1,arrival_risk_diversity_v1,budgeted_fixed_point_v1,regularized_surrogate_v1,goodput_cost_v1,0.32057416267942584,0.6794258373205742,0.2727272727272727,0.14925373134328357,0.0,2.8078817733990147,0.18181818181818182,0.07655502392344497,0.06220095693779904,0.0,0.0
system_poisson:poisson_lifecycle_v1:joint_control:b0958ca0c0de661d:periodic_customized:r11:s20260730,b0958ca0c0de661d,joint_control,fixed_low,reference,fixed_low,11,20260730,system_poisson,poisson_lifecycle_v1,poisson_profile_catalog,periodic_customized,customized,p12_g4_a64,prewarm,measured,measured,fixed,fixed_total,1.0,30f077b6e956d2e4,a9f113d17c0a9b50,f4bafd7cbf888eae,2fbd8cdb625c9aae,"{""algorithm"":""periodic_customized"",""alpha_l"":0.7,""alpha_r"":0.8,""availability_fraction"":0.5,""beta_l"":0.4,""beta_r"":0.5,""bootstrap_mode"":""prewarm"",""candidate_fixed_point_damping"":0.5,""candidate_fixed_point_max_iterations"":20,""candidate_fixed_point_relative_tolerance"":0.0001,""cloud_count"":1,""comparison_group"":""reference"",""comparison_method"":""fixed_low"",""control_mode"":""fixed"",""downtime_log_mean"":2.5,""downtime_log_sigma"":0.8,""edge_count"":5,""edge_link_factor"":2.0,""experiment_layer"":""system_poisson"",""fixed_online_budget_ms"":5.0,""fixed_planning_interval_slots"":20,""fixed_total_pool_budget"":8,""lambda_g"":0.7,""lambda_h"":0.7,""lambda_per_slot"":1.0,""max_deadline_ms"":1999.0,""min_deadline_ms"":500.0,""minimum_control_window_slots"":5,""minimum_replanning_interval_slots"":2,""name"":""fixed_low"",""online_budgets_ms"":[5.0,10.0,20.0],""online_timing_mode"":""measured"",""origin_group_count"":2,""plan_ttl_slots"":20,""planning_candidate_generator_mode"":""customized"",""planning_customized_archive_capacity"":64,""planning_customized_generations"":4,""planning_customized_population_size"":12,""planning_deadline_ms"":2000.0,""planning_intervals"":[5,10,20],""planning_runtime_ms"":100.0,""planning_sample_count"":20,""planning_timing_mode"":""measured"",""pool_budget_mode"":""fixed_total"",""profile_count"":2,""slot_count"":200,""slot_length_ms"":100.0,""suite"":""joint_control"",""total_pool_budgets"":[8,20,40],""uptime_scale"":100.0,""uptime_shape"":1.5,""user_count"":10,""workload_mode"":""poisson_profile_catalog""}",200,216,179,39,140,37,2,0,0,1,1.296413098260685,622.8627600372176,0.8320785117160111,5637.998868096981,25,9,5,0,0,25,12,12,14326.332872966304,768.3546186890453,4.292483903290756,8.643041946925223,8,7,0,2177,1676,0,501,231,130,69,64,22260733,prewarm,stability_delay_energy_v4,unified_fixed_point_v3,explicit_snapshot_v1,poisson_profile_catalog_v1,periodic_repository_v1,customized_periodic_pool_v1,empirical_window_beta_v1,slot_up_down_v1,fixed_service_time_v1,fixed_path_v1,full_duplex_shared_heat_v1,deployment_return_energy_v1,periodic_three_objective_v3,discrete_mpc_v1,grid_tkb_v1,arrival_risk_diversity_v1,budgeted_fixed_point_v1,regularized_surrogate_v1,goodput_cost_v1,0.21787709497206703,0.7821229050279329,0.20670391061452514,0.05128205128205128,0.0,1.7129629629629628,0.13966480446927373,0.05027932960893855,0.027932960893854747,0.0,0.0
system_poisson:poisson_lifecycle_v1:joint_control:b0958ca0c0de661d:periodic_customized:r12:s20260731,b0958ca0c0de661d,joint_control,fixed_low,reference,fixed_low,12,20260731,system_poisson,poisson_lifecycle_v1,poisson_profile_catalog,periodic_customized,customized,p12_g4_a64,prewarm,measured,measured,fixed,fixed_total,1.0,c8a1c19b9973aa96,c57247db4e0508db,72a5571d4331dbf4,5615e2a246665bbb,"{""algorithm"":""periodic_customized"",""alpha_l"":0.7,""alpha_r"":0.8,""availability_fraction"":0.5,""beta_l"":0.4,""beta_r"":0.5,""bootstrap_mode"":""prewarm"",""candidate_fixed_point_damping"":0.5,""candidate_fixed_point_max_iterations"":20,""candidate_fixed_point_relative_tolerance"":0.0001,""cloud_count"":1,""comparison_group"":""reference"",""comparison_method"":""fixed_low"",""control_mode"":""fixed"",""downtime_log_mean"":2.5,""downtime_log_sigma"":0.8,""edge_count"":5,""edge_link_factor"":2.0,""experiment_layer"":""system_poisson"",""fixed_online_budget_ms"":5.0,""fixed_planning_interval_slots"":20,""fixed_total_pool_budget"":8,""lambda_g"":0.7,""lambda_h"":0.7,""lambda_per_slot"":1.0,""max_deadline_ms"":1999.0,""min_deadline_ms"":500.0,""minimum_control_window_slots"":5,""minimum_replanning_interval_slots"":2,""name"":""fixed_low"",""online_budgets_ms"":[5.0,10.0,20.0],""online_timing_mode"":""measured"",""origin_group_count"":2,""plan_ttl_slots"":20,""planning_candidate_generator_mode"":""customized"",""planning_customized_archive_capacity"":64,""planning_customized_generations"":4,""planning_customized_population_size"":12,""planning_deadline_ms"":2000.0,""planning_intervals"":[5,10,20],""planning_runtime_ms"":100.0,""planning_sample_count"":20,""planning_timing_mode"":""measured"",""pool_budget_mode"":""fixed_total"",""profile_count"":2,""slot_count"":200,""slot_length_ms"":100.0,""suite"":""joint_control"",""total_pool_budgets"":[8,20,40],""uptime_scale"":100.0,""uptime_shape"":1.5,""user_count"":10,""workload_mode"":""poisson_profile_catalog""}",200,207,184,52,132,48,4,2,0,1,1.6744365371894503,618.3379735489958,0.8364798924184652,6708.967103060989,29,12,11,0,0,26,13,12,14185.683083953336,898.9237592322752,4.885455213218887,8.185749989934266,9,8,0,2074,1649,0,425,171,87,48,45,22260734,prewarm,stability_delay_energy_v4,unified_fixed_point_v3,explicit_snapshot_v1,poisson_profile_catalog_v1,periodic_repository_v1,customized_periodic_pool_v1,empirical_window_beta_v1,slot_up_down_v1,fixed_service_time_v1,fixed_path_v1,full_duplex_shared_heat_v1,deployment_return_energy_v1,periodic_three_objective_v3,discrete_mpc_v1,grid_tkb_v1,arrival_risk_diversity_v1,budgeted_fixed_point_v1,regularized_surrogate_v1,goodput_cost_v1,0.2826086956521739,0.717391304347826,0.2608695652173913,0.07692307692307693,0.038461538461538464,2.318840579710145,0.15760869565217392,0.06521739130434782,0.059782608695652176,0.0,0.0
system_poisson:poisson_lifecycle_v1:joint_control:b0958ca0c0de661d:periodic_customized:r13:s20260732,b0958ca0c0de661d,joint_control,fixed_low,reference,fixed_low,13,20260732,system_poisson,poisson_lifecycle_v1,poisson_profile_catalog,periodic_customized,customized,p12_g4_a64,prewarm,measured,measured,fixed,fixed_total,1.0,2570004416ece14a,3e0c88c5a91c29b4,5e6617b3e9dde363,a897565254a74026,"{""algorithm"":""periodic_customized"",""alpha_l"":0.7,""alpha_r"":0.8,""availability_fraction"":0.5,""beta_l"":0.4,""beta_r"":0.5,""bootstrap_mode"":""prewarm"",""candidate_fixed_point_damping"":0.5,""candidate_fixed_point_max_iterations"":20,""candidate_fixed_point_relative_tolerance"":0.0001,""cloud_count"":1,""comparison_group"":""reference"",""comparison_method"":""fixed_low"",""control_mode"":""fixed"",""downtime_log_mean"":2.5,""downtime_log_sigma"":0.8,""edge_count"":5,""edge_link_factor"":2.0,""experiment_layer"":""system_poisson"",""fixed_online_budget_ms"":5.0,""fixed_planning_interval_slots"":20,""fixed_total_pool_budget"":8,""lambda_g"":0.7,""lambda_h"":0.7,""lambda_per_slot"":1.0,""max_deadline_ms"":1999.0,""min_deadline_ms"":500.0,""minimum_control_window_slots"":5,""minimum_replanning_interval_slots"":2,""name"":""fixed_low"",""online_budgets_ms"":[5.0,10.0,20.0],""online_timing_mode"":""measured"",""origin_group_count"":2,""plan_ttl_slots"":20,""planning_candidate_generator_mode"":""customized"",""planning_customized_archive_capacity"":64,""planning_customized_generations"":4,""planning_customized_population_size"":12,""planning_deadline_ms"":2000.0,""planning_intervals"":[5,10,20],""planning_runtime_ms"":100.0,""planning_sample_count"":20,""planning_timing_mode"":""measured"",""pool_budget_mode"":""fixed_total"",""profile_count"":2,""slot_count"":200,""slot_length_ms"":100.0,""suite"":""joint_control"",""total_pool_budgets"":[8,20,40],""uptime_scale"":100.0,""uptime_shape"":1.5,""user_count"":10,""workload_mode"":""poisson_profile_catalog""}",200,213,208,70,138,63,7,1,0,1,2.2059547667044352,588.6912690842381,0.8352773020055748,7415.123330101951,27,20,23,0,0,26,13,12,15111.182707012631,1078.6954612703994,5.1860358714923045,9.050666936673224,8,7,0,2114,1363,0,751,278,136,53,84,22260735,prewarm,stability_delay_energy_v4,unified_fixed_point_v3,explicit_snapshot_v1,poisson_profile_catalog_v1,periodic_repository_v1,customized_periodic_pool_v1,empirical_window_beta_v1,slot_up_down_v1,fixed_service_time_v1,fixed_path_v1,full_duplex_shared_heat_v1,deployment_return_energy_v1,periodic_three_objective_v3,discrete_mpc_v1,grid_tkb_v1,arrival_risk_diversity_v1,budgeted_fixed_point_v1,regularized_surrogate_v1,goodput_cost_v1,0.33653846153846156,0.6634615384615384,0.30288461538461536,0.1,0.014285714285714285,2.9577464788732395,0.12980769230769232,0.09615384615384616,0.11057692307692307,0.0,0.0
system_poisson:poisson_lifecycle_v1:joint_control:b0958ca0c0de661d:periodic_customized:r14:s20260733,b0958ca0c0de661d,joint_control,fixed_low,reference,fixed_low,14,20260733,system_poisson,poisson_lifecycle_v1,poisson_profile_catalog,periodic_customized,customized,p12_g4_a64,prewarm,measured,measured,fixed,fixed_total,1.0,e549ef942191509c,82b0c7769f30bf5e,5fa9f2d6b0764417,9238a84d7f53868e,"{""algorithm"":""periodic_customized"",""alpha_l"":0.7,""alpha_r"":0.8,""availability_fraction"":0.5,""beta_l"":0.4,""beta_r"":0.5,""bootstrap_mode"":""prewarm"",""candidate_fixed_point_damping"":0.5,""candidate_fixed_point_max_iterations"":20,""candidate_fixed_point_relative_tolerance"":0.0001,""cloud_count"":1,""comparison_group"":""reference"",""comparison_method"":""fixed_low"",""control_mode"":""fixed"",""downtime_log_mean"":2.5,""downtime_log_sigma"":0.8,""edge_count"":5,""edge_link_factor"":2.0,""experiment_layer"":""system_poisson"",""fixed_online_budget_ms"":5.0,""fixed_planning_interval_slots"":20,""fixed_total_pool_budget"":8,""lambda_g"":0.7,""lambda_h"":0.7,""lambda_per_slot"":1.0,""max_deadline_ms"":1999.0,""min_deadline_ms"":500.0,""minimum_control_window_slots"":5,""minimum_replanning_interval_slots"":2,""name"":""fixed_low"",""online_budgets_ms"":[5.0,10.0,20.0],""online_timing_mode"":""measured"",""origin_group_count"":2,""plan_ttl_slots"":20,""planning_candidate_generator_mode"":""customized"",""planning_customized_archive_capacity"":64,""planning_customized_generations"":4,""planning_customized_population_size"":12,""planning_deadline_ms"":2000.0,""planning_intervals"":[5,10,20],""planning_runtime_ms"":100.0,""planning_sample_count"":20,""planning_timing_mode"":""measured"",""pool_budget_mode"":""fixed_total"",""profile_count"":2,""slot_count"":200,""slot_length_ms"":100.0,""suite"":""joint_control"",""total_pool_budgets"":[8,20,40],""uptime_scale"":100.0,""uptime_shape"":1.5,""user_count"":10,""workload_mode"":""poisson_profile_catalog""}",200,204,202,67,135,54,13,4,0,1,1.7935934050825482,616.8056209548611,0.8275379288657506,6841.696490124262,26,26,15,0,0,29,12,16,15078.87820887845,989.1808874672279,4.896935086471425,7.366708014160395,9,8,0,2239,1931,0,308,130,78,39,41,22260736,prewarm,stability_delay_energy_v4,unified_fixed_point_v3,explicit_snapshot_v1,poisson_profile_catalog_v1,periodic_repository_v1,customized_periodic_pool_v1,empirical_window_beta_v1,slot_up_down_v1,fixed_service_time_v1,fixed_path_v1,full_duplex_shared_heat_v1,deployment_return_energy_v1,periodic_three_objective_v3,discrete_mpc_v1,grid_tkb_v1,arrival_risk_diversity_v1,budgeted_fixed_point_v1,regularized_surrogate_v1,goodput_cost_v1,0.3316831683168317,0.6683168316831684,0.26732673267326734,0.19402985074626866,0.05970149253731343,2.647058823529412,0.12871287128712872,0.12871287128712872,0.07425742574257425,0.0,0.0
system_poisson:poisson_lifecycle_v1:joint_control:b0958ca0c0de661d:periodic_customized:r15:s20260734,b0958ca0c0de661d,joint_control,fixed_low,reference,fixed_low,15,20260734,system_poisson,poisson_lifecycle_v1,poisson_profile_catalog,periodic_customized,customized,p12_g4_a64,prewarm,measured,measured,fixed,fixed_total,1.0,9d81372cc2973096,868f2658ddad8015,1f9cdc4dfc70bd76,554a01216359253d,"{""algorithm"":""periodic_customized"",""alpha_l"":0.7,""alpha_r"":0.8,""availability_fraction"":0.5,""beta_l"":0.4,""beta_r"":0.5,""bootstrap_mode"":""prewarm"",""candidate_fixed_point_damping"":0.5,""candidate_fixed_point_max_iterations"":20,""candidate_fixed_point_relative_tolerance"":0.0001,""cloud_count"":1,""comparison_group"":""reference"",""comparison_method"":""fixed_low"",""control_mode"":""fixed"",""downtime_log_mean"":2.5,""downtime_log_sigma"":0.8,""edge_count"":5,""edge_link_factor"":2.0,""experiment_layer"":""system_poisson"",""fixed_online_budget_ms"":5.0,""fixed_planning_interval_slots"":20,""fixed_total_pool_budget"":8,""lambda_g"":0.7,""lambda_h"":0.7,""lambda_per_slot"":1.0,""max_deadline_ms"":1999.0,""min_deadline_ms"":500.0,""minimum_control_window_slots"":5,""minimum_replanning_interval_slots"":2,""name"":""fixed_low"",""online_budgets_ms"":[5.0,10.0,20.0],""online_timing_mode"":""measured"",""origin_group_count"":2,""plan_ttl_slots"":20,""planning_candidate_generator_mode"":""customized"",""planning_customized_archive_capacity"":64,""planning_customized_generations"":4,""planning_customized_population_size"":12,""planning_deadline_ms"":2000.0,""planning_intervals"":[5,10,20],""planning_runtime_ms"":100.0,""planning_sample_count"":20,""planning_timing_mode"":""measured"",""pool_budget_mode"":""fixed_total"",""profile_count"":2,""slot_count"":200,""slot_length_ms"":100.0,""suite"":""joint_control"",""total_pool_budgets"":[8,20,40],""uptime_scale"":100.0,""uptime_shape"":1.5,""user_count"":10,""workload_mode"":""poisson_profile_catalog""}",200,204,203,46,157,41,5,2,0,1,1.3912436362717149,737.0304228727726,0.8219400520019317,5353.183174196906,13,14,19,0,0,31,9,21,13099.909336888231,917.8444159915671,4.5214010639978675,7.090916042216122,8,7,0,2346,1975,0,371,162,66,33,38,22260737,prewarm,stability_delay_energy_v4,unified_fixed_point_v3,explicit_snapshot_v1,poisson_profile_catalog_v1,periodic_repository_v1,customized_periodic_pool_v1,empirical_window_beta_v1,slot_up_down_v1,fixed_service_time_v1,fixed_path_v1,full_duplex_shared_heat_v1,deployment_return_energy_v1,periodic_three_objective_v3,discrete_mpc_v1,grid_tkb_v1,arrival_risk_diversity_v1,budgeted_fixed_point_v1,regularized_surrogate_v1,goodput_cost_v1,0.22660098522167488,0.7733990147783252,0.2019704433497537,0.10869565217391304,0.043478260869565216,2.0098039215686274,0.06403940886699508,0.06896551724137931,0.09359605911330049,0.0,0.0
system_poisson:poisson_lifecycle_v1:joint_control:b0958ca0c0de661d:periodic_customized:r16:s20260735,b0958ca0c0de661d,joint_control,fixed_low,reference,fixed_low,16,20260735,system_poisson,poisson_lifecycle_v1,poisson_profile_catalog,periodic_customized,customized,p12_g4_a64,prewarm,measured,measured,fixed,fixed_total,1.0,c61c842e17f225e3,3da65bab6008a478,33b568baf37f075d,615e85118266de25,"{""algorithm"":""periodic_customized"",""alpha_l"":0.7,""alpha_r"":0.8,""availability_fraction"":0.5,""beta_l"":0.4,""beta_r"":0.5,""bootstrap_mode"":""prewarm"",""candidate_fixed_point_damping"":0.5,""candidate_fixed_point_max_iterations"":20,""candidate_fixed_point_relative_tolerance"":0.0001,""cloud_count"":1,""comparison_group"":""reference"",""comparison_method"":""fixed_low"",""control_mode"":""fixed"",""downtime_log_mean"":2.5,""downtime_log_sigma"":0.8,""edge_count"":5,""edge_link_factor"":2.0,""experiment_layer"":""system_poisson"",""fixed_online_budget_ms"":5.0,""fixed_planning_interval_slots"":20,""fixed_total_pool_budget"":8,""lambda_g"":0.7,""lambda_h"":0.7,""lambda_per_slot"":1.0,""max_deadline_ms"":1999.0,""min_deadline_ms"":500.0,""minimum_control_window_slots"":5,""minimum_replanning_interval_slots"":2,""name"":""fixed_low"",""online_budgets_ms"":[5.0,10.0,20.0],""online_timing_mode"":""measured"",""origin_group_count"":2,""plan_ttl_slots"":20,""planning_candidate_generator_mode"":""customized"",""planning_customized_archive_capacity"":64,""planning_customized_generations"":4,""planning_customized_population_size"":12,""planning_deadline_ms"":2000.0,""planning_intervals"":[5,10,20],""planning_runtime_ms"":100.0,""planning_sample_count"":20,""planning_timing_mode"":""measured"",""pool_budget_mode"":""fixed_total"",""profile_count"":2,""slot_count"":200,""slot_length_ms"":100.0,""suite"":""joint_control"",""total_pool_budgets"":[8,20,40],""uptime_scale"":100.0,""uptime_shape"":1.5,""user_count"":10,""workload_mode"":""poisson_profile_catalog""}",200,204,215,50,165,41,9,2,0,1,1.390434099713222,797.6581544827029,0.8526019142001333,7785.102771001315,16,5,29,0,0,25,13,12,14065.468875109218,921.3857081485912,4.285514921621354,7.120917085558176,8,7,0,1786,1503,0,283,94,65,31,35,22260738,prewarm,stability_delay_energy_v4,unified_fixed_point_v3,explicit_snapshot_v1,poisson_profile_catalog_v1,periodic_repository_v1,customized_periodic_pool_v1,empirical_window_beta_v1,slot_up_down_v1,fixed_service_time_v1,fixed_path_v1,full_duplex_shared_heat_v1,deployment_return_energy_v1,periodic_three_objective_v3,discrete_mpc_v1,grid_tkb_v1,arrival_risk_diversity_v1,budgeted_fixed_point_v1,regularized_surrogate_v1,goodput_cost_v1,0.23255813953488372,0.7674418604651163,0.19069767441860466,0.18,0.04,2.0098039215686274,0.07441860465116279,0.023255813953488372,0.13488372093023257,0.0,0.0
system_poisson:poisson_lifecycle_v1:joint_control:b0958ca0c0de661d:periodic_customized:r17:s20260736,b0958ca0c0de661d,joint_control,fixed_low,reference,fixed_low,17,20260736,system_poisson,poisson_lifecycle_v1,poisson_profile_catalog,periodic_customized,customized,p12_g4_a64,prewarm,measured,measured,fixed,fixed_total,1.0,a1e1594e7589a223,d9b518a32809412d,f1078707bd950772,6d1494c76aa00136,"{""algorithm"":""periodic_customized"",""alpha_l"":0.7,""alpha_r"":0.8,""availability_fraction"":0.5,""beta_l"":0.4,""beta_r"":0.5,""bootstrap_mode"":""prewarm"",""candidate_fixed_point_damping"":0.5,""candidate_fixed_point_max_iterations"":20,""candidate_fixed_point_relative_tolerance"":0.0001,""cloud_count"":1,""comparison_group"":""reference"",""comparison_method"":""fixed_low"",""control_mode"":""fixed"",""downtime_log_mean"":2.5,""downtime_log_sigma"":0.8,""edge_count"":5,""edge_link_factor"":2.0,""experiment_layer"":""system_poisson"",""fixed_online_budget_ms"":5.0,""fixed_planning_interval_slots"":20,""fixed_total_pool_budget"":8,""lambda_g"":0.7,""lambda_h"":0.7,""lambda_per_slot"":1.0,""max_deadline_ms"":1999.0,""min_deadline_ms"":500.0,""minimum_control_window_slots"":5,""minimum_replanning_interval_slots"":2,""name"":""fixed_low"",""online_budgets_ms"":[5.0,10.0,20.0],""online_timing_mode"":""measured"",""origin_group_count"":2,""plan_ttl_slots"":20,""planning_candidate_generator_mode"":""customized"",""planning_customized_archive_capacity"":64,""planning_customized_generations"":4,""planning_customized_population_size"":12,""planning_deadline_ms"":2000.0,""planning_intervals"":[5,10,20],""planning_runtime_ms"":100.0,""planning_sample_count"":20,""planning_timing_mode"":""measured"",""pool_budget_mode"":""fixed_total"",""profile_count"":2,""slot_count"":200,""slot_length_ms"":100.0,""suite"":""joint_control"",""total_pool_budgets"":[8,20,40],""uptime_scale"":100.0,""uptime_shape"":1.5,""user_count"":10,""workload_mode"":""poisson_profile_catalog""}",200,204,191,52,139,49,3,2,0,1,1.7466181092223891,636.3938543011186,0.8477357995534726,5697.701739072907,20,18,14,0,0,30,14,15,13463.156664045528,918.1014961795881,4.8068141161234985,8.28691606875509,9,8,0,2238,1739,0,499,199,101,51,60,22260739,prewarm,stability_delay_energy_v4,unified_fixed_point_v3,explicit_snapshot_v1,poisson_profile_catalog_v1,periodic_repository_v1,customized_periodic_pool_v1,empirical_window_beta_v1,slot_up_down_v1,fixed_service_time_v1,fixed_path_v1,full_duplex_shared_heat_v1,deployment_return_energy_v1,periodic_three_objective_v3,discrete_mpc_v1,grid_tkb_v1,arrival_risk_diversity_v1,budgeted_fixed_point_v1,regularized_surrogate_v1,goodput_cost_v1,0.27225130890052357,0.7277486910994765,0.25654450261780104,0.057692307692307696,0.038461538461538464,2.401960784313726,0.10471204188481675,0.09424083769633508,0.07329842931937172,0.0,0.0
system_poisson:poisson_lifecycle_v1:joint_control:b0958ca0c0de661d:periodic_customized:r18:s20260737,b0958ca0c0de661d,joint_control,fixed_low,reference,fixed_low,18,20260737,system_poisson,poisson_lifecycle_v1,poisson_profile_catalog,periodic_customized,customized,p12_g4_a64,prewarm,measured,measured,fixed,fixed_total,1.0,2340d35db3923e87,6c6665153475ebe0,e91a6f9277c728f1,fb1a538d3c9d367a,"{""algorithm"":""periodic_customized"",""alpha_l"":0.7,""alpha_r"":0.8,""availability_fraction"":0.5,""beta_l"":0.4,""beta_r"":0.5,""bootstrap_mode"":""prewarm"",""candidate_fixed_point_damping"":0.5,""candidate_fixed_point_max_iterations"":20,""candidate_fixed_point_relative_tolerance"":0.0001,""cloud_count"":1,""comparison_group"":""reference"",""comparison_method"":""fixed_low"",""control_mode"":""fixed"",""downtime_log_mean"":2.5,""downtime_log_sigma"":0.8,""edge_count"":5,""edge_link_factor"":2.0,""experiment_layer"":""system_poisson"",""fixed_online_budget_ms"":5.0,""fixed_planning_interval_slots"":20,""fixed_total_pool_budget"":8,""lambda_g"":0.7,""lambda_h"":0.7,""lambda_per_slot"":1.0,""max_deadline_ms"":1999.0,""min_deadline_ms"":500.0,""minimum_control_window_slots"":5,""minimum_replanning_interval_slots"":2,""name"":""fixed_low"",""online_budgets_ms"":[5.0,10.0,20.0],""online_timing_mode"":""measured"",""origin_group_count"":2,""plan_ttl_slots"":20,""planning_candidate_generator_mode"":""customized"",""planning_customized_archive_capacity"":64,""planning_customized_generations"":4,""planning_customized_population_size"":12,""planning_deadline_ms"":2000.0,""planning_intervals"":[5,10,20],""planning_runtime_ms"":100.0,""planning_sample_count"":20,""planning_timing_mode"":""measured"",""pool_budget_mode"":""fixed_total"",""profile_count"":2,""slot_count"":200,""slot_length_ms"":100.0,""suite"":""joint_control"",""total_pool_budgets"":[8,20,40],""uptime_scale"":100.0,""uptime_shape"":1.5,""user_count"":10,""workload_mode"":""poisson_profile_catalog""}",200,209,177,79,98,72,7,0,0,1,2.6826521977828244,497.07938668419405,0.8342730858154276,4927.814471365051,33,32,14,0,0,31,18,12,14969.86012533307,986.3997577922419,5.5728799875267905,8.960000006482005,10,9,0,2486,1905,0,581,282,142,83,62,22260740,prewarm,stability_delay_energy_v4,unified_fixed_point_v3,explicit_snapshot_v1,poisson_profile_catalog_v1,periodic_repository_v1,customized_periodic_pool_v1,empirical_window_beta_v1,slot_up_down_v1,fixed_service_time_v1,fixed_path_v1,full_duplex_shared_heat_v1,deployment_return_energy_v1,periodic_three_objective_v3,discrete_mpc_v1,grid_tkb_v1,arrival_risk_diversity_v1,budgeted_fixed_point_v1,regularized_surrogate_v1,goodput_cost_v1,0.4463276836158192,0.5536723163841808,0.4067796610169492,0.08860759493670886,0.0,3.444976076555024,0.1864406779661017,0.1807909604519774,0.07909604519774012,0.0,0.0
system_poisson:poisson_lifecycle_v1:joint_control:b0958ca0c0de661d:periodic_customized:r19:s20260738,b0958ca0c0de661d,joint_control,fixed_low,reference,fixed_low,19,20260738,system_poisson,poisson_lifecycle_v1,poisson_profile_catalog,periodic_customized,customized,p12_g4_a64,prewarm,measured,measured,fixed,fixed_total,1.0,2f8cac81e28c6822,342fe7b24aabf9c9,bca0f53820c0230d,a5b68c6f808e683d,"{""algorithm"":""periodic_customized"",""alpha_l"":0.7,""alpha_r"":0.8,""availability_fraction"":0.5,""beta_l"":0.4,""beta_r"":0.5,""bootstrap_mode"":""prewarm"",""candidate_fixed_point_damping"":0.5,""candidate_fixed_point_max_iterations"":20,""candidate_fixed_point_relative_tolerance"":0.0001,""cloud_count"":1,""comparison_group"":""reference"",""comparison_method"":""fixed_low"",""control_mode"":""fixed"",""downtime_log_mean"":2.5,""downtime_log_sigma"":0.8,""edge_count"":5,""edge_link_factor"":2.0,""experiment_layer"":""system_poisson"",""fixed_online_budget_ms"":5.0,""fixed_planning_interval_slots"":20,""fixed_total_pool_budget"":8,""lambda_g"":0.7,""lambda_h"":0.7,""lambda_per_slot"":1.0,""max_deadline_ms"":1999.0,""min_deadline_ms"":500.0,""minimum_control_window_slots"":5,""minimum_replanning_interval_slots"":2,""name"":""fixed_low"",""online_budgets_ms"":[5.0,10.0,20.0],""online_timing_mode"":""measured"",""origin_group_count"":2,""plan_ttl_slots"":20,""planning_candidate_generator_mode"":""customized"",""planning_customized_archive_capacity"":64,""planning_customized_generations"":4,""planning_customized_population_size"":12,""planning_deadline_ms"":2000.0,""planning_intervals"":[5,10,20],""planning_runtime_ms"":100.0,""planning_sample_count"":20,""planning_timing_mode"":""measured"",""pool_budget_mode"":""fixed_total"",""profile_count"":2,""slot_count"":200,""slot_length_ms"":100.0,""suite"":""joint_control"",""total_pool_budgets"":[8,20,40],""uptime_scale"":100.0,""uptime_shape"":1.5,""user_count"":10,""workload_mode"":""poisson_profile_catalog""}",200,212,180,30,150,25,5,3,0,1,0.761880167684336,768.4844865819883,0.8387952807765633,6682.662107319652,15,5,10,0,0,30,9,20,12809.952541836537,780.945920618251,4.338588447879172,7.762333028949797,8,7,0,2160,1992,0,168,98,55,19,39,22260741,prewarm,stability_delay_energy_v4,unified_fixed_point_v3,explicit_snapshot_v1,poisson_profile_catalog_v1,periodic_repository_v1,customized_periodic_pool_v1,empirical_window_beta_v1,slot_up_down_v1,fixed_service_time_v1,fixed_path_v1,full_duplex_shared_heat_v1,deployment_return_energy_v1,periodic_three_objective_v3,discrete_mpc_v1,grid_tkb_v1,arrival_risk_diversity_v1,budgeted_fixed_point_v1,regularized_surrogate_v1,goodput_cost_v1,0.16666666666666666,0.8333333333333334,0.1388888888888889,0.16666666666666666,0.1,1.179245283018868,0.08333333333333333,0.027777777777777776,0.05555555555555555,0.0,0.0
system_poisson:poisson_lifecycle_v1:joint_control:cd51224309a0b08a:periodic_customized:r0:s20260719,cd51224309a0b08a,joint_control,fixed_medium,reference,fixed_medium,0,20260719,system_poisson,poisson_lifecycle_v1,poisson_profile_catalog,periodic_customized,customized,p12_g4_a64,prewarm,measured,measured,fixed,fixed_total,1.0,6d295842eb0296d0,fca0df0e76e8aea8,68e477ed3df2fad8,c3ade63673949cb4,"{""algorithm"":""periodic_customized"",""alpha_l"":0.7,""alpha_r"":0.8,""availability_fraction"":0.5,""beta_l"":0.4,""beta_r"":0.5,""bootstrap_mode"":""prewarm"",""candidate_fixed_point_damping"":0.5,""candidate_fixed_point_max_iterations"":20,""candidate_fixed_point_relative_tolerance"":0.0001,""cloud_count"":1,""comparison_group"":""reference"",""comparison_method"":""fixed_medium"",""control_mode"":""fixed"",""downtime_log_mean"":2.5,""downtime_log_sigma"":0.8,""edge_count"":5,""edge_link_factor"":2.0,""experiment_layer"":""system_poisson"",""fixed_online_budget_ms"":10.0,""fixed_planning_interval_slots"":10,""fixed_total_pool_budget"":20,""lambda_g"":0.7,""lambda_h"":0.7,""lambda_per_slot"":1.0,""max_deadline_ms"":1999.0,""min_deadline_ms"":500.0,""minimum_control_window_slots"":5,""minimum_replanning_interval_slots"":2,""name"":""fixed_medium"",""online_budgets_ms"":[5.0,10.0,20.0],""online_timing_mode"":""measured"",""origin_group_count"":2,""plan_ttl_slots"":20,""planning_candidate_generator_mode"":""customized"",""planning_customized_archive_capacity"":64,""planning_customized_generations"":4,""planning_customized_population_size"":12,""planning_deadline_ms"":2000.0,""planning_intervals"":[5,10,20],""planning_runtime_ms"":100.0,""planning_sample_count"":20,""planning_timing_mode"":""measured"",""pool_budget_mode"":""fixed_total"",""profile_count"":2,""slot_count"":200,""slot_length_ms"":100.0,""suite"":""joint_control"",""total_pool_budgets"":[8,20,40],""uptime_scale"":100.0,""uptime_shape"":1.5,""user_count"":10,""workload_mode"":""poisson_profile_catalog""}",200,206,191,50,141,41,9,4,0,1,1.2938619392382806,716.6373967145112,0.8724229069441058,4923.444795729267,25,12,13,0,0,34,14,19,12908.711870084517,767.652788083069,4.019124544937534,7.005125051364303,17,16,0,2314,2148,0,166,83,68,41,38,22260722,prewarm,stability_delay_energy_v4,unified_fixed_point_v3,explicit_snapshot_v1,poisson_profile_catalog_v1,periodic_repository_v1,customized_periodic_pool_v1,empirical_window_beta_v1,slot_up_down_v1,fixed_service_time_v1,fixed_path_v1,full_duplex_shared_heat_v1,deployment_return_energy_v1,periodic_three_objective_v3,discrete_mpc_v1,grid_tkb_v1,arrival_risk_diversity_v1,budgeted_fixed_point_v1,regularized_surrogate_v1,goodput_cost_v1,0.2617801047120419,0.7382198952879581,0.21465968586387435,0.18,0.08,1.9902912621359221,0.13089005235602094,0.06282722513089005,0.06806282722513089,0.0,0.0
system_poisson:poisson_lifecycle_v1:joint_control:cd51224309a0b08a:periodic_customized:r1:s20260720,cd51224309a0b08a,joint_control,fixed_medium,reference,fixed_medium,1,20260720,system_poisson,poisson_lifecycle_v1,poisson_profile_catalog,periodic_customized,customized,p12_g4_a64,prewarm,measured,measured,fixed,fixed_total,1.0,a4f53f5438a025fd,a0ac5e6d1accb3ff,b090fbef89e23494,4948b9b559ca3dae,"{""algorithm"":""periodic_customized"",""alpha_l"":0.7,""alpha_r"":0.8,""availability_fraction"":0.5,""beta_l"":0.4,""beta_r"":0.5,""bootstrap_mode"":""prewarm"",""candidate_fixed_point_damping"":0.5,""candidate_fixed_point_max_iterations"":20,""candidate_fixed_point_relative_tolerance"":0.0001,""cloud_count"":1,""comparison_group"":""reference"",""comparison_method"":""fixed_medium"",""control_mode"":""fixed"",""downtime_log_mean"":2.5,""downtime_log_sigma"":0.8,""edge_count"":5,""edge_link_factor"":2.0,""experiment_layer"":""system_poisson"",""fixed_online_budget_ms"":10.0,""fixed_planning_interval_slots"":10,""fixed_total_pool_budget"":20,""lambda_g"":0.7,""lambda_h"":0.7,""lambda_per_slot"":1.0,""max_deadline_ms"":1999.0,""min_deadline_ms"":500.0,""minimum_control_window_slots"":5,""minimum_replanning_interval_slots"":2,""name"":""fixed_medium"",""online_budgets_ms"":[5.0,10.0,20.0],""online_timing_mode"":""measured"",""origin_group_count"":2,""plan_ttl_slots"":20,""planning_candidate_generator_mode"":""customized"",""planning_customized_archive_capacity"":64,""planning_customized_generations"":4,""planning_customized_population_size"":12,""planning_deadline_ms"":2000.0,""planning_intervals"":[5,10,20],""planning_runtime_ms"":100.0,""planning_sample_count"":20,""planning_timing_mode"":""measured"",""pool_budget_mode"":""fixed_total"",""profile_count"":2,""slot_count"":200,""slot_length_ms"":100.0,""suite"":""joint_control"",""total_pool_budgets"":[8,20,40],""uptime_scale"":100.0,""uptime_shape"":1.5,""user_count"":10,""workload_mode"":""poisson_profile_catalog""}",200,206,209,65,144,59,6,1,0,1,2.0352153886871016,640.6274958620069,0.818470459528517,6828.185957218968,29,11,25,0,0,32,15,16,14609.66158483643,994.208290008828,4.756977464157072,8.33158299792558,15,14,0,2281,1934,0,347,115,78,34,52,22260723,prewarm,stability_delay_energy_v4,unified_fixed_point_v3,explicit_snapshot_v1,poisson_profile_catalog_v1,periodic_repository_v1,customized_periodic_pool_v1,empirical_window_beta_v1,slot_up_down_v1,fixed_service_time_v1,fixed_path_v1,full_duplex_shared_heat_v1,deployment_return_energy_v1,periodic_three_objective_v3,discrete_mpc_v1,grid_tkb_v1,arrival_risk_diversity_v1,budgeted_fixed_point_v1,regularized_surrogate_v1,goodput_cost_v1,0.31100478468899523,0.6889952153110048,0.2822966507177033,0.09230769230769231,0.015384615384615385,2.8640776699029122,0.13875598086124402,0.05263157894736842,0.11961722488038277,0.0,0.0
system_poisson:poisson_lifecycle_v1:joint_control:cd51224309a0b08a:periodic_customized:r2:s20260721,cd51224309a0b08a,joint_control,fixed_medium,reference,fixed_medium,2,20260721,system_poisson,poisson_lifecycle_v1,poisson_profile_catalog,periodic_customized,customized,p12_g4_a64,prewarm,measured,measured,fixed,fixed_total,1.0,e1936cba343be935,938f95453f2442e2,b1b7f5bba0248714,b3c97759fa661993,"{""algorithm"":""periodic_customized"",""alpha_l"":0.7,""alpha_r"":0.8,""availability_fraction"":0.5,""beta_l"":0.4,""beta_r"":0.5,""bootstrap_mode"":""prewarm"",""candidate_fixed_point_damping"":0.5,""candidate_fixed_point_max_iterations"":20,""candidate_fixed_point_relative_tolerance"":0.0001,""cloud_count"":1,""comparison_group"":""reference"",""comparison_method"":""fixed_medium"",""control_mode"":""fixed"",""downtime_log_mean"":2.5,""downtime_log_sigma"":0.8,""edge_count"":5,""edge_link_factor"":2.0,""experiment_layer"":""system_poisson"",""fixed_online_budget_ms"":10.0,""fixed_planning_interval_slots"":10,""fixed_total_pool_budget"":20,""lambda_g"":0.7,""lambda_h"":0.7,""lambda_per_slot"":1.0,""max_deadline_ms"":1999.0,""min_deadline_ms"":500.0,""minimum_control_window_slots"":5,""minimum_replanning_interval_slots"":2,""name"":""fixed_medium"",""online_budgets_ms"":[5.0,10.0,20.0],""online_timing_mode"":""measured"",""origin_group_count"":2,""plan_ttl_slots"":20,""planning_candidate_generator_mode"":""customized"",""planning_customized_archive_capacity"":64,""planning_customized_generations"":4,""planning_customized_population_size"":12,""planning_deadline_ms"":2000.0,""planning_intervals"":[5,10,20],""planning_runtime_ms"":100.0,""planning_sample_count"":20,""planning_timing_mode"":""measured"",""pool_budget_mode"":""fixed_total"",""profile_count"":2,""slot_count"":200,""slot_length_ms"":100.0,""suite"":""joint_control"",""total_pool_budgets"":[8,20,40],""uptime_scale"":100.0,""uptime_shape"":1.5,""user_count"":10,""workload_mode"":""poisson_profile_catalog""}",200,207,211,61,150,56,5,0,0,1,2.054382720891281,579.803815770119,0.8240999093570833,5805.917713859328,22,21,18,0,0,26,11,14,16231.778501765803,1284.830202232115,6.08924266460718,11.150292004458606,13,12,0,2102,1762,0,340,154,124,76,67,22260724,prewarm,stability_delay_energy_v4,unified_fixed_point_v3,explicit_snapshot_v1,poisson_profile_catalog_v1,periodic_repository_v1,customized_periodic_pool_v1,empirical_window_beta_v1,slot_up_down_v1,fixed_service_time_v1,fixed_path_v1,full_duplex_shared_heat_v1,deployment_return_energy_v1,periodic_three_objective_v3,discrete_mpc_v1,grid_tkb_v1,arrival_risk_diversity_v1,budgeted_fixed_point_v1,regularized_surrogate_v1,goodput_cost_v1,0.2890995260663507,0.7109004739336493,0.26540284360189575,0.08196721311475409,0.0,2.7053140096618358,0.10426540284360189,0.0995260663507109,0.08530805687203792,0.0,0.0
system_poisson:poisson_lifecycle_v1:joint_control:cd51224309a0b08a:periodic_customized:r3:s20260722,cd51224309a0b08a,joint_control,fixed_medium,reference,fixed_medium,3,20260722,system_poisson,poisson_lifecycle_v1,poisson_profile_catalog,periodic_customized,customized,p12_g4_a64,prewarm,measured,measured,fixed,fixed_total,1.0,cad518de228dec43,e2c448830ab998d5,5b89c04953d23a62,a8d64a668c29fff0,"{""algorithm"":""periodic_customized"",""alpha_l"":0.7,""alpha_r"":0.8,""availability_fraction"":0.5,""beta_l"":0.4,""beta_r"":0.5,""bootstrap_mode"":""prewarm"",""candidate_fixed_point_damping"":0.5,""candidate_fixed_point_max_iterations"":20,""candidate_fixed_point_relative_tolerance"":0.0001,""cloud_count"":1,""comparison_group"":""reference"",""comparison_method"":""fixed_medium"",""control_mode"":""fixed"",""downtime_log_mean"":2.5,""downtime_log_sigma"":0.8,""edge_count"":5,""edge_link_factor"":2.0,""experiment_layer"":""system_poisson"",""fixed_online_budget_ms"":10.0,""fixed_planning_interval_slots"":10,""fixed_total_pool_budget"":20,""lambda_g"":0.7,""lambda_h"":0.7,""lambda_per_slot"":1.0,""max_deadline_ms"":1999.0,""min_deadline_ms"":500.0,""minimum_control_window_slots"":5,""minimum_replanning_interval_slots"":2,""name"":""fixed_medium"",""online_budgets_ms"":[5.0,10.0,20.0],""online_timing_mode"":""measured"",""origin_group_count"":2,""plan_ttl_slots"":20,""planning_candidate_generator_mode"":""customized"",""planning_customized_archive_capacity"":64,""planning_customized_generations"":4,""planning_customized_population_size"":12,""planning_deadline_ms"":2000.0,""planning_intervals"":[5,10,20],""planning_runtime_ms"":100.0,""planning_sample_count"":20,""planning_timing_mode"":""measured"",""pool_budget_mode"":""fixed_total"",""profile_count"":2,""slot_count"":200,""slot_length_ms"":100.0,""suite"":""joint_control"",""total_pool_budgets"":[8,20,40],""uptime_scale"":100.0,""uptime_shape"":1.5,""user_count"":10,""workload_mode"":""poisson_profile_catalog""}",200,211,210,62,148,58,4,3,0,1,1.9211387988997106,623.3975233495182,0.845548032408345,5943.610830964131,34,9,19,0,0,28,16,11,15695.405413978733,1227.2460415260866,5.844028769171841,12.05741602461785,14,13,0,2218,1863,0,355,176,120,78,58,22260725,prewarm,stability_delay_energy_v4,unified_fixed_point_v3,explicit_snapshot_v1,poisson_profile_catalog_v1,periodic_repository_v1,customized_periodic_pool_v1,empirical_window_beta_v1,slot_up_down_v1,fixed_service_time_v1,fixed_path_v1,full_duplex_shared_heat_v1,deployment_return_energy_v1,periodic_three_objective_v3,discrete_mpc_v1,grid_tkb_v1,arrival_risk_diversity_v1,budgeted_fixed_point_v1,regularized_surrogate_v1,goodput_cost_v1,0.29523809523809524,0.7047619047619048,0.2761904761904762,0.06451612903225806,0.04838709677419355,2.748815165876777,0.1619047619047619,0.04285714285714286,0.09047619047619047,0.0,0.0
system_poisson:poisson_lifecycle_v1:joint_control:cd51224309a0b08a:periodic_customized:r4:s20260723,cd51224309a0b08a,joint_control,fixed_medium,reference,fixed_medium,4,20260723,system_poisson,poisson_lifecycle_v1,poisson_profile_catalog,periodic_customized,customized,p12_g4_a64,prewarm,measured,measured,fixed,fixed_total,1.0,85e4775618fc9271,04cc006508118ace,6d76626369b7dc47,7df8c4f9894fbd11,"{""algorithm"":""periodic_customized"",""alpha_l"":0.7,""alpha_r"":0.8,""availability_fraction"":0.5,""beta_l"":0.4,""beta_r"":0.5,""bootstrap_mode"":""prewarm"",""candidate_fixed_point_damping"":0.5,""candidate_fixed_point_max_iterations"":20,""candidate_fixed_point_relative_tolerance"":0.0001,""cloud_count"":1,""comparison_group"":""reference"",""comparison_method"":""fixed_medium"",""control_mode"":""fixed"",""downtime_log_mean"":2.5,""downtime_log_sigma"":0.8,""edge_count"":5,""edge_link_factor"":2.0,""experiment_layer"":""system_poisson"",""fixed_online_budget_ms"":10.0,""fixed_planning_interval_slots"":10,""fixed_total_pool_budget"":20,""lambda_g"":0.7,""lambda_h"":0.7,""lambda_per_slot"":1.0,""max_deadline_ms"":1999.0,""min_deadline_ms"":500.0,""minimum_control_window_slots"":5,""minimum_replanning_interval_slots"":2,""name"":""fixed_medium"",""online_budgets_ms"":[5.0,10.0,20.0],""online_timing_mode"":""measured"",""origin_group_count"":2,""plan_ttl_slots"":20,""planning_candidate_generator_mode"":""customized"",""planning_customized_archive_capacity"":64,""planning_customized_generations"":4,""planning_customized_population_size"":12,""planning_deadline_ms"":2000.0,""planning_intervals"":[5,10,20],""planning_runtime_ms"":100.0,""planning_sample_count"":20,""planning_timing_mode"":""measured"",""pool_budget_mode"":""fixed_total"",""profile_count"":2,""slot_count"":200,""slot_length_ms"":100.0,""suite"":""joint_control"",""total_pool_budgets"":[8,20,40],""uptime_scale"":100.0,""uptime_shape"":1.5,""user_count"":10,""workload_mode"":""poisson_profile_catalog""}",200,206,206,65,141,57,8,1,0,1,2.0397749524169435,611.8934233057233,0.8362206176028867,7066.219958882809,21,20,24,0,0,31,11,19,15321.382125024684,1062.0397478342056,5.155532756476727,8.302583009935915,14,13,0,2363,2121,0,242,96,63,29,54,22260726,prewarm,stability_delay_energy_v4,unified_fixed_point_v3,explicit_snapshot_v1,poisson_profile_catalog_v1,periodic_repository_v1,customized_periodic_pool_v1,empirical_window_beta_v1,slot_up_down_v1,fixed_service_time_v1,fixed_path_v1,full_duplex_shared_heat_v1,deployment_return_energy_v1,periodic_three_objective_v3,discrete_mpc_v1,grid_tkb_v1,arrival_risk_diversity_v1,budgeted_fixed_point_v1,regularized_surrogate_v1,goodput_cost_v1,0.3155339805825243,0.6844660194174758,0.2766990291262136,0.12307692307692308,0.015384615384615385,2.7669902912621356,0.10194174757281553,0.0970873786407767,0.11650485436893204,0.0,0.0
system_poisson:poisson_lifecycle_v1:joint_control:cd51224309a0b08a:periodic_customized:r5:s20260724,cd51224309a0b08a,joint_control,fixed_medium,reference,fixed_medium,5,20260724,system_poisson,poisson_lifecycle_v1,poisson_profile_catalog,periodic_customized,customized,p12_g4_a64,prewarm,measured,measured,fixed,fixed_total,1.0,d24fe9836276a23a,5f88dfc591596c91,8236ef19df927245,c61766e5adeaf7a9,"{""algorithm"":""periodic_customized"",""alpha_l"":0.7,""alpha_r"":0.8,""availability_fraction"":0.5,""beta_l"":0.4,""beta_r"":0.5,""bootstrap_mode"":""prewarm"",""candidate_fixed_point_damping"":0.5,""candidate_fixed_point_max_iterations"":20,""candidate_fixed_point_relative_tolerance"":0.0001,""cloud_count"":1,""comparison_group"":""reference"",""comparison_method"":""fixed_medium"",""control_mode"":""fixed"",""downtime_log_mean"":2.5,""downtime_log_sigma"":0.8,""edge_count"":5,""edge_link_factor"":2.0,""experiment_layer"":""system_poisson"",""fixed_online_budget_ms"":10.0,""fixed_planning_interval_slots"":10,""fixed_total_pool_budget"":20,""lambda_g"":0.7,""lambda_h"":0.7,""lambda_per_slot"":1.0,""max_deadline_ms"":1999.0,""min_deadline_ms"":500.0,""minimum_control_window_slots"":5,""minimum_replanning_interval_slots"":2,""name"":""fixed_medium"",""online_budgets_ms"":[5.0,10.0,20.0],""online_timing_mode"":""measured"",""origin_group_count"":2,""plan_ttl_slots"":20,""planning_candidate_generator_mode"":""customized"",""planning_customized_archive_capacity"":64,""planning_customized_generations"":4,""planning_customized_population_size"":12,""planning_deadline_ms"":2000.0,""planning_intervals"":[5,10,20],""planning_runtime_ms"":100.0,""planning_sample_count"":20,""planning_timing_mode"":""measured"",""pool_budget_mode"":""fixed_total"",""profile_count"":2,""slot_count"":200,""slot_length_ms"":100.0,""suite"":""joint_control"",""total_pool_budgets"":[8,20,40],""uptime_scale"":100.0,""uptime_shape"":1.5,""user_count"":10,""workload_mode"":""poisson_profile_catalog""}",200,204,196,59,137,54,5,0,0,1,1.9936724553305578,529.105607980274,0.8383823111324522,3845.0027521305005,33,12,14,0,0,31,19,11,13776.85099944938,1006.0614173999056,5.132966415305641,9.83504205942154,15,14,0,2198,2035,0,163,89,74,56,38,22260727,prewarm,stability_delay_energy_v4,unified_fixed_point_v3,explicit_snapshot_v1,poisson_profile_catalog_v1,periodic_repository_v1,customized_periodic_pool_v1,empirical_window_beta_v1,slot_up_down_v1,fixed_service_time_v1,fixed_path_v1,full_duplex_shared_heat_v1,deployment_return_energy_v1,periodic_three_objective_v3,discrete_mpc_v1,grid_tkb_v1,arrival_risk_diversity_v1,budgeted_fixed_point_v1,regularized_surrogate_v1,goodput_cost_v1,0.3010204081632653,0.6989795918367347,0.2755102040816326,0.0847457627118644,0.0,2.647058823529412,0.1683673469387755,0.061224489795918366,0.07142857142857142,0.0,0.0
system_poisson:poisson_lifecycle_v1:joint_control:cd51224309a0b08a:periodic_customized:r6:s20260725,cd51224309a0b08a,joint_control,fixed_medium,reference,fixed_medium,6,20260725,system_poisson,poisson_lifecycle_v1,poisson_profile_catalog,periodic_customized,customized,p12_g4_a64,prewarm,measured,measured,fixed,fixed_total,1.0,26abbdd9b75bc615,fc04fea1c464df4f,315f55f80c124787,b0aa21bae96916c6,"{""algorithm"":""periodic_customized"",""alpha_l"":0.7,""alpha_r"":0.8,""availability_fraction"":0.5,""beta_l"":0.4,""beta_r"":0.5,""bootstrap_mode"":""prewarm"",""candidate_fixed_point_damping"":0.5,""candidate_fixed_point_max_iterations"":20,""candidate_fixed_point_relative_tolerance"":0.0001,""cloud_count"":1,""comparison_group"":""reference"",""comparison_method"":""fixed_medium"",""control_mode"":""fixed"",""downtime_log_mean"":2.5,""downtime_log_sigma"":0.8,""edge_count"":5,""edge_link_factor"":2.0,""experiment_layer"":""system_poisson"",""fixed_online_budget_ms"":10.0,""fixed_planning_interval_slots"":10,""fixed_total_pool_budget"":20,""lambda_g"":0.7,""lambda_h"":0.7,""lambda_per_slot"":1.0,""max_deadline_ms"":1999.0,""min_deadline_ms"":500.0,""minimum_control_window_slots"":5,""minimum_replanning_interval_slots"":2,""name"":""fixed_medium"",""online_budgets_ms"":[5.0,10.0,20.0],""online_timing_mode"":""measured"",""origin_group_count"":2,""plan_ttl_slots"":20,""planning_candidate_generator_mode"":""customized"",""planning_customized_archive_capacity"":64,""planning_customized_generations"":4,""planning_customized_population_size"":12,""planning_deadline_ms"":2000.0,""planning_intervals"":[5,10,20],""planning_runtime_ms"":100.0,""planning_sample_count"":20,""planning_timing_mode"":""measured"",""pool_budget_mode"":""fixed_total"",""profile_count"":2,""slot_count"":200,""slot_length_ms"":100.0,""suite"":""joint_control"",""total_pool_budgets"":[8,20,40],""uptime_scale"":100.0,""uptime_shape"":1.5,""user_count"":10,""workload_mode"":""poisson_profile_catalog""}",200,203,183,57,126,47,10,2,0,1,1.6955871441188943,604.2600659378659,0.8623556445589732,5752.246295156728,25,19,13,0,0,32,17,14,13610.33483222127,802.5594141799957,4.385570569289594,9.18749999254942,16,15,0,2294,1944,0,350,164,100,59,66,22260728,prewarm,stability_delay_energy_v4,unified_fixed_point_v3,explicit_snapshot_v1,poisson_profile_catalog_v1,periodic_repository_v1,customized_periodic_pool_v1,empirical_window_beta_v1,slot_up_down_v1,fixed_service_time_v1,fixed_path_v1,full_duplex_shared_heat_v1,deployment_return_energy_v1,periodic_three_objective_v3,discrete_mpc_v1,grid_tkb_v1,arrival_risk_diversity_v1,budgeted_fixed_point_v1,regularized_surrogate_v1,goodput_cost_v1,0.3114754098360656,0.6885245901639344,0.2568306010928962,0.17543859649122806,0.03508771929824561,2.315270935960591,0.1366120218579235,0.10382513661202186,0.07103825136612021,0.0,0.0
system_poisson:poisson_lifecycle_v1:joint_control:cd51224309a0b08a:periodic_customized:r7:s20260726,cd51224309a0b08a,joint_control,fixed_medium,reference,fixed_medium,7,20260726,system_poisson,poisson_lifecycle_v1,poisson_profile_catalog,periodic_customized,customized,p12_g4_a64,prewarm,measured,measured,fixed,fixed_total,1.0,cfb348bc73ed6b08,6c2f0ddd78fdc176,45d9b67b7d7e2742,5d8d75c05ac19d95,"{""algorithm"":""periodic_customized"",""alpha_l"":0.7,""alpha_r"":0.8,""availability_fraction"":0.5,""beta_l"":0.4,""beta_r"":0.5,""bootstrap_mode"":""prewarm"",""candidate_fixed_point_damping"":0.5,""candidate_fixed_point_max_iterations"":20,""candidate_fixed_point_relative_tolerance"":0.0001,""cloud_count"":1,""comparison_group"":""reference"",""comparison_method"":""fixed_medium"",""control_mode"":""fixed"",""downtime_log_mean"":2.5,""downtime_log_sigma"":0.8,""edge_count"":5,""edge_link_factor"":2.0,""experiment_layer"":""system_poisson"",""fixed_online_budget_ms"":10.0,""fixed_planning_interval_slots"":10,""fixed_total_pool_budget"":20,""lambda_g"":0.7,""lambda_h"":0.7,""lambda_per_slot"":1.0,""max_deadline_ms"":1999.0,""min_deadline_ms"":500.0,""minimum_control_window_slots"":5,""minimum_replanning_interval_slots"":2,""name"":""fixed_medium"",""online_budgets_ms"":[5.0,10.0,20.0],""online_timing_mode"":""measured"",""origin_group_count"":2,""plan_ttl_slots"":20,""planning_candidate_generator_mode"":""customized"",""planning_customized_archive_capacity"":64,""planning_customized_generations"":4,""planning_customized_population_size"":12,""planning_deadline_ms"":2000.0,""planning_intervals"":[5,10,20],""planning_runtime_ms"":100.0,""planning_sample_count"":20,""planning_timing_mode"":""measured"",""pool_budget_mode"":""fixed_total"",""profile_count"":2,""slot_count"":200,""slot_length_ms"":100.0,""suite"":""joint_control"",""total_pool_budgets"":[8,20,40],""uptime_scale"":100.0,""uptime_shape"":1.5,""user_count"":10,""workload_mode"":""poisson_profile_catalog""}",200,211,190,50,140,46,4,0,0,1,1.532728878528904,792.5797016638352,0.8072456392305223,6843.343412955924,21,6,23,0,0,28,11,16,14014.816876035184,953.8812944665551,5.020427865613448,10.499874944798648,16,15,0,2019,1800,0,219,104,85,32,60,22260729,prewarm,stability_delay_energy_v4,unified_fixed_point_v3,explicit_snapshot_v1,poisson_profile_catalog_v1,periodic_repository_v1,customized_periodic_pool_v1,empirical_window_beta_v1,slot_up_down_v1,fixed_service_time_v1,fixed_path_v1,full_duplex_shared_heat_v1,deployment_return_energy_v1,periodic_three_objective_v3,discrete_mpc_v1,grid_tkb_v1,arrival_risk_diversity_v1,budgeted_fixed_point_v1,regularized_surrogate_v1,goodput_cost_v1,0.2631578947368421,0.7368421052631579,0.24210526315789474,0.08,0.0,2.1800947867298577,0.11052631578947368,0.031578947368421054,0.12105263157894737,0.0,0.0
system_poisson:poisson_lifecycle_v1:joint_control:cd51224309a0b08a:periodic_customized:r8:s20260727,cd51224309a0b08a,joint_control,fixed_medium,reference,fixed_medium,8,20260727,system_poisson,poisson_lifecycle_v1,poisson_profile_catalog,periodic_customized,customized,p12_g4_a64,prewarm,measured,measured,fixed,fixed_total,1.0,77262aef7c650c15,adddb8a44db4224c,5ef7f7f709b227ab,5f427e7b1456da70,"{""algorithm"":""periodic_customized"",""alpha_l"":0.7,""alpha_r"":0.8,""availability_fraction"":0.5,""beta_l"":0.4,""beta_r"":0.5,""bootstrap_mode"":""prewarm"",""candidate_fixed_point_damping"":0.5,""candidate_fixed_point_max_iterations"":20,""candidate_fixed_point_relative_tolerance"":0.0001,""cloud_count"":1,""comparison_group"":""reference"",""comparison_method"":""fixed_medium"",""control_mode"":""fixed"",""downtime_log_mean"":2.5,""downtime_log_sigma"":0.8,""edge_count"":5,""edge_link_factor"":2.0,""experiment_layer"":""system_poisson"",""fixed_online_budget_ms"":10.0,""fixed_planning_interval_slots"":10,""fixed_total_pool_budget"":20,""lambda_g"":0.7,""lambda_h"":0.7,""lambda_per_slot"":1.0,""max_deadline_ms"":1999.0,""min_deadline_ms"":500.0,""minimum_control_window_slots"":5,""minimum_replanning_interval_slots"":2,""name"":""fixed_medium"",""online_budgets_ms"":[5.0,10.0,20.0],""online_timing_mode"":""measured"",""origin_group_count"":2,""plan_ttl_slots"":20,""planning_candidate_generator_mode"":""customized"",""planning_customized_archive_capacity"":64,""planning_customized_generations"":4,""planning_customized_population_size"":12,""planning_deadline_ms"":2000.0,""planning_intervals"":[5,10,20],""planning_runtime_ms"":100.0,""planning_sample_count"":20,""planning_timing_mode"":""measured"",""pool_budget_mode"":""fixed_total"",""profile_count"":2,""slot_count"":200,""slot_length_ms"":100.0,""suite"":""joint_control"",""total_pool_budgets"":[8,20,40],""uptime_scale"":100.0,""uptime_shape"":1.5,""user_count"":10,""workload_mode"":""poisson_profile_catalog""}",200,206,181,69,112,62,7,1,0,1,2.2174750166566506,627.1194149303327,0.8474003578750079,7492.377768665163,27,14,28,0,0,29,12,16,16330.587540869601,961.004164069891,5.30941527110437,10.39033301640302,13,12,0,2316,1788,0,528,177,110,73,85,22260730,prewarm,stability_delay_energy_v4,unified_fixed_point_v3,explicit_snapshot_v1,poisson_profile_catalog_v1,periodic_repository_v1,customized_periodic_pool_v1,empirical_window_beta_v1,slot_up_down_v1,fixed_service_time_v1,fixed_path_v1,full_duplex_shared_heat_v1,deployment_return_energy_v1,periodic_three_objective_v3,discrete_mpc_v1,grid_tkb_v1,arrival_risk_diversity_v1,budgeted_fixed_point_v1,regularized_surrogate_v1,goodput_cost_v1,0.3812154696132597,0.6187845303867403,0.3425414364640884,0.10144927536231885,0.014492753623188406,3.0097087378640777,0.14917127071823205,0.07734806629834254,0.15469613259668508,0.0,0.0
system_poisson:poisson_lifecycle_v1:joint_control:cd51224309a0b08a:periodic_customized:r9:s20260728,cd51224309a0b08a,joint_control,fixed_medium,reference,fixed_medium,9,20260728,system_poisson,poisson_lifecycle_v1,poisson_profile_catalog,periodic_customized,customized,p12_g4_a64,prewarm,measured,measured,fixed,fixed_total,1.0,51994d7f38a9b2d2,94c502adeeb85260,9f5ed373a6bd9324,58651f60c37cc329,"{""algorithm"":""periodic_customized"",""alpha_l"":0.7,""alpha_r"":0.8,""availability_fraction"":0.5,""beta_l"":0.4,""beta_r"":0.5,""bootstrap_mode"":""prewarm"",""candidate_fixed_point_damping"":0.5,""candidate_fixed_point_max_iterations"":20,""candidate_fixed_point_relative_tolerance"":0.0001,""cloud_count"":1,""comparison_group"":""reference"",""comparison_method"":""fixed_medium"",""control_mode"":""fixed"",""downtime_log_mean"":2.5,""downtime_log_sigma"":0.8,""edge_count"":5,""edge_link_factor"":2.0,""experiment_layer"":""system_poisson"",""fixed_online_budget_ms"":10.0,""fixed_planning_interval_slots"":10,""fixed_total_pool_budget"":20,""lambda_g"":0.7,""lambda_h"":0.7,""lambda_per_slot"":1.0,""max_deadline_ms"":1999.0,""min_deadline_ms"":500.0,""minimum_control_window_slots"":5,""minimum_replanning_interval_slots"":2,""name"":""fixed_medium"",""online_budgets_ms"":[5.0,10.0,20.0],""online_timing_mode"":""measured"",""origin_group_count"":2,""plan_ttl_slots"":20,""planning_candidate_generator_mode"":""customized"",""planning_customized_archive_capacity"":64,""planning_customized_generations"":4,""planning_customized_population_size"":12,""planning_deadline_ms"":2000.0,""planning_intervals"":[5,10,20],""planning_runtime_ms"":100.0,""planning_sample_count"":20,""planning_timing_mode"":""measured"",""pool_budget_mode"":""fixed_total"",""profile_count"":2,""slot_count"":200,""slot_length_ms"":100.0,""suite"":""joint_control"",""total_pool_budgets"":[8,20,40],""uptime_scale"":100.0,""uptime_shape"":1.5,""user_count"":10,""workload_mode"":""poisson_profile_catalog""}",200,212,211,77,134,64,13,1,0,1,2.1314337095298552,631.7847771746385,0.8362165431169303,6564.8742956419965,32,8,37,0,0,31,14,17,14940.13008242473,1145.5158670432866,5.428985151863917,10.309083969332278,13,12,0,2840,1606,0,1234,351,219,78,177,22260731,prewarm,stability_delay_energy_v4,unified_fixed_point_v3,explicit_snapshot_v1,poisson_profile_catalog_v1,periodic_repository_v1,customized_periodic_pool_v1,empirical_window_beta_v1,slot_up_down_v1,fixed_service_time_v1,fixed_path_v1,full_duplex_shared_heat_v1,deployment_return_energy_v1,periodic_three_objective_v3,discrete_mpc_v1,grid_tkb_v1,arrival_risk_diversity_v1,budgeted_fixed_point_v1,regularized_surrogate_v1,goodput_cost_v1,0.36492890995260663,0.6350710900473934,0.3033175355450237,0.16883116883116883,0.012987012987012988,3.018867924528302,0.15165876777251186,0.037914691943127965,0.17535545023696683,0.0,0.0
system_poisson:poisson_lifecycle_v1:joint_control:cd51224309a0b08a:periodic_customized:r10:s20260729,cd51224309a0b08a,joint_control,fixed_medium,reference,fixed_medium,10,20260729,system_poisson,poisson_lifecycle_v1,poisson_profile_catalog,periodic_customized,customized,p12_g4_a64,prewarm,measured,measured,fixed,fixed_total,1.0,5b8d17f0ef7f4099,329b4f7d21be54ff,897cead0737f85bf,5bfdd62f4d90fc6a,"{""algorithm"":""periodic_customized"",""alpha_l"":0.7,""alpha_r"":0.8,""availability_fraction"":0.5,""beta_l"":0.4,""beta_r"":0.5,""bootstrap_mode"":""prewarm"",""candidate_fixed_point_damping"":0.5,""candidate_fixed_point_max_iterations"":20,""candidate_fixed_point_relative_tolerance"":0.0001,""cloud_count"":1,""comparison_group"":""reference"",""comparison_method"":""fixed_medium"",""control_mode"":""fixed"",""downtime_log_mean"":2.5,""downtime_log_sigma"":0.8,""edge_count"":5,""edge_link_factor"":2.0,""experiment_layer"":""system_poisson"",""fixed_online_budget_ms"":10.0,""fixed_planning_interval_slots"":10,""fixed_total_pool_budget"":20,""lambda_g"":0.7,""lambda_h"":0.7,""lambda_per_slot"":1.0,""max_deadline_ms"":1999.0,""min_deadline_ms"":500.0,""minimum_control_window_slots"":5,""minimum_replanning_interval_slots"":2,""name"":""fixed_medium"",""online_budgets_ms"":[5.0,10.0,20.0],""online_timing_mode"":""measured"",""origin_group_count"":2,""plan_ttl_slots"":20,""planning_candidate_generator_mode"":""customized"",""planning_customized_archive_capacity"":64,""planning_customized_generations"":4,""planning_customized_population_size"":12,""planning_deadline_ms"":2000.0,""planning_intervals"":[5,10,20],""planning_runtime_ms"":100.0,""planning_sample_count"":20,""planning_timing_mode"":""measured"",""pool_budget_mode"":""fixed_total"",""profile_count"":2,""slot_count"":200,""slot_length_ms"":100.0,""suite"":""joint_control"",""total_pool_budgets"":[8,20,40],""uptime_scale"":100.0,""uptime_shape"":1.5,""user_count"":10,""workload_mode"":""poisson_profile_catalog""}",200,203,209,74,135,62,12,0,0,1,2.325186747098267,525.680145362224,0.8101481536303016,5428.384883539125,35,11,28,0,0,29,13,15,16317.838586284779,1454.4865002389997,6.9592655513827735,12.402541004121304,12,11,0,2607,1791,0,816,299,196,101,103,22260732,prewarm,stability_delay_energy_v4,unified_fixed_point_v3,explicit_snapshot_v1,poisson_profile_catalog_v1,periodic_repository_v1,customized_periodic_pool_v1,empirical_window_beta_v1,slot_up_down_v1,fixed_service_time_v1,fixed_path_v1,full_duplex_shared_heat_v1,deployment_return_energy_v1,periodic_three_objective_v3,discrete_mpc_v1,grid_tkb_v1,arrival_risk_diversity_v1,budgeted_fixed_point_v1,regularized_surrogate_v1,goodput_cost_v1,0.35406698564593303,0.645933014354067,0.2966507177033493,0.16216216216216217,0.0,3.0541871921182264,0.1674641148325359,0.05263157894736842,0.1339712918660287,0.0,0.0
system_poisson:poisson_lifecycle_v1:joint_control:cd51224309a0b08a:periodic_customized:r11:s20260730,cd51224309a0b08a,joint_control,fixed_medium,reference,fixed_medium,11,20260730,system_poisson,poisson_lifecycle_v1,poisson_profile_catalog,periodic_customized,customized,p12_g4_a64,prewarm,measured,measured,fixed,fixed_total,1.0,30f077b6e956d2e4,a9f113d17c0a9b50,f4bafd7cbf888eae,2fbd8cdb625c9aae,"{""algorithm"":""periodic_customized"",""alpha_l"":0.7,""alpha_r"":0.8,""availability_fraction"":0.5,""beta_l"":0.4,""beta_r"":0.5,""bootstrap_mode"":""prewarm"",""candidate_fixed_point_damping"":0.5,""candidate_fixed_point_max_iterations"":20,""candidate_fixed_point_relative_tolerance"":0.0001,""cloud_count"":1,""comparison_group"":""reference"",""comparison_method"":""fixed_medium"",""control_mode"":""fixed"",""downtime_log_mean"":2.5,""downtime_log_sigma"":0.8,""edge_count"":5,""edge_link_factor"":2.0,""experiment_layer"":""system_poisson"",""fixed_online_budget_ms"":10.0,""fixed_planning_interval_slots"":10,""fixed_total_pool_budget"":20,""lambda_g"":0.7,""lambda_h"":0.7,""lambda_per_slot"":1.0,""max_deadline_ms"":1999.0,""min_deadline_ms"":500.0,""minimum_control_window_slots"":5,""minimum_replanning_interval_slots"":2,""name"":""fixed_medium"",""online_budgets_ms"":[5.0,10.0,20.0],""online_timing_mode"":""measured"",""origin_group_count"":2,""plan_ttl_slots"":20,""planning_candidate_generator_mode"":""customized"",""planning_customized_archive_capacity"":64,""planning_customized_generations"":4,""planning_customized_population_size"":12,""planning_deadline_ms"":2000.0,""planning_intervals"":[5,10,20],""planning_runtime_ms"":100.0,""planning_sample_count"":20,""planning_timing_mode"":""measured"",""pool_budget_mode"":""fixed_total"",""profile_count"":2,""slot_count"":200,""slot_length_ms"":100.0,""suite"":""joint_control"",""total_pool_budgets"":[8,20,40],""uptime_scale"":100.0,""uptime_shape"":1.5,""user_count"":10,""workload_mode"":""poisson_profile_catalog""}",200,217,179,40,139,38,2,2,0,1,1.295970243038549,640.6480356979059,0.8209612606418645,5121.807012345775,21,13,6,0,0,25,9,15,15930.369293084368,866.150289773941,4.83882843449129,10.113708092831075,13,12,0,2131,1758,0,373,178,145,54,108,22260733,prewarm,stability_delay_energy_v4,unified_fixed_point_v3,explicit_snapshot_v1,poisson_profile_catalog_v1,periodic_repository_v1,customized_periodic_pool_v1,empirical_window_beta_v1,slot_up_down_v1,fixed_service_time_v1,fixed_path_v1,full_duplex_shared_heat_v1,deployment_return_energy_v1,periodic_three_objective_v3,discrete_mpc_v1,grid_tkb_v1,arrival_risk_diversity_v1,budgeted_fixed_point_v1,regularized_surrogate_v1,goodput_cost_v1,0.22346368715083798,0.776536312849162,0.2122905027932961,0.05,0.05,1.7511520737327189,0.11731843575418995,0.07262569832402235,0.0335195530726257,0.0,0.0
system_poisson:poisson_lifecycle_v1:joint_control:cd51224309a0b08a:periodic_customized:r12:s20260731,cd51224309a0b08a,joint_control,fixed_medium,reference,fixed_medium,12,20260731,system_poisson,poisson_lifecycle_v1,poisson_profile_catalog,periodic_customized,customized,p12_g4_a64,prewarm,measured,measured,fixed,fixed_total,1.0,c8a1c19b9973aa96,c57247db4e0508db,72a5571d4331dbf4,5615e2a246665bbb,"{""algorithm"":""periodic_customized"",""alpha_l"":0.7,""alpha_r"":0.8,""availability_fraction"":0.5,""beta_l"":0.4,""beta_r"":0.5,""bootstrap_mode"":""prewarm"",""candidate_fixed_point_damping"":0.5,""candidate_fixed_point_max_iterations"":20,""candidate_fixed_point_relative_tolerance"":0.0001,""cloud_count"":1,""comparison_group"":""reference"",""comparison_method"":""fixed_medium"",""control_mode"":""fixed"",""downtime_log_mean"":2.5,""downtime_log_sigma"":0.8,""edge_count"":5,""edge_link_factor"":2.0,""experiment_layer"":""system_poisson"",""fixed_online_budget_ms"":10.0,""fixed_planning_interval_slots"":10,""fixed_total_pool_budget"":20,""lambda_g"":0.7,""lambda_h"":0.7,""lambda_per_slot"":1.0,""max_deadline_ms"":1999.0,""min_deadline_ms"":500.0,""minimum_control_window_slots"":5,""minimum_replanning_interval_slots"":2,""name"":""fixed_medium"",""online_budgets_ms"":[5.0,10.0,20.0],""online_timing_mode"":""measured"",""origin_group_count"":2,""plan_ttl_slots"":20,""planning_candidate_generator_mode"":""customized"",""planning_customized_archive_capacity"":64,""planning_customized_generations"":4,""planning_customized_population_size"":12,""planning_deadline_ms"":2000.0,""planning_intervals"":[5,10,20],""planning_runtime_ms"":100.0,""planning_sample_count"":20,""planning_timing_mode"":""measured"",""pool_budget_mode"":""fixed_total"",""profile_count"":2,""slot_count"":200,""slot_length_ms"":100.0,""suite"":""joint_control"",""total_pool_budgets"":[8,20,40],""uptime_scale"":100.0,""uptime_shape"":1.5,""user_count"":10,""workload_mode"":""poisson_profile_catalog""}",200,206,184,67,117,64,3,2,0,1,2.2759690205970387,606.4419454228233,0.8312407875375873,6885.555660146244,30,22,15,0,0,29,17,11,14934.30237728171,1036.8769192136824,5.635200647900448,10.391332907602191,15,14,0,2201,1822,0,379,161,122,92,55,22260734,prewarm,stability_delay_energy_v4,unified_fixed_point_v3,explicit_snapshot_v1,poisson_profile_catalog_v1,periodic_repository_v1,customized_periodic_pool_v1,empirical_window_beta_v1,slot_up_down_v1,fixed_service_time_v1,fixed_path_v1,full_duplex_shared_heat_v1,deployment_return_energy_v1,periodic_three_objective_v3,discrete_mpc_v1,grid_tkb_v1,arrival_risk_diversity_v1,budgeted_fixed_point_v1,regularized_surrogate_v1,goodput_cost_v1,0.3641304347826087,0.6358695652173914,0.34782608695652173,0.04477611940298507,0.029850746268656716,3.1067961165048543,0.16304347826086957,0.11956521739130435,0.08152173913043478,0.0,0.0
system_poisson:poisson_lifecycle_v1:joint_control:cd51224309a0b08a:periodic_customized:r13:s20260732,cd51224309a0b08a,joint_control,fixed_medium,reference,fixed_medium,13,20260732,system_poisson,poisson_lifecycle_v1,poisson_profile_catalog,periodic_customized,customized,p12_g4_a64,prewarm,measured,measured,fixed,fixed_total,1.0,2570004416ece14a,3e0c88c5a91c29b4,5e6617b3e9dde363,a897565254a74026,"{""algorithm"":""periodic_customized"",""alpha_l"":0.7,""alpha_r"":0.8,""availability_fraction"":0.5,""beta_l"":0.4,""beta_r"":0.5,""bootstrap_mode"":""prewarm"",""candidate_fixed_point_damping"":0.5,""candidate_fixed_point_max_iterations"":20,""candidate_fixed_point_relative_tolerance"":0.0001,""cloud_count"":1,""comparison_group"":""reference"",""comparison_method"":""fixed_medium"",""control_mode"":""fixed"",""downtime_log_mean"":2.5,""downtime_log_sigma"":0.8,""edge_count"":5,""edge_link_factor"":2.0,""experiment_layer"":""system_poisson"",""fixed_online_budget_ms"":10.0,""fixed_planning_interval_slots"":10,""fixed_total_pool_budget"":20,""lambda_g"":0.7,""lambda_h"":0.7,""lambda_per_slot"":1.0,""max_deadline_ms"":1999.0,""min_deadline_ms"":500.0,""minimum_control_window_slots"":5,""minimum_replanning_interval_slots"":2,""name"":""fixed_medium"",""online_budgets_ms"":[5.0,10.0,20.0],""online_timing_mode"":""measured"",""origin_group_count"":2,""plan_ttl_slots"":20,""planning_candidate_generator_mode"":""customized"",""planning_customized_archive_capacity"":64,""planning_customized_generations"":4,""planning_customized_population_size"":12,""planning_deadline_ms"":2000.0,""planning_intervals"":[5,10,20],""planning_runtime_ms"":100.0,""planning_sample_count"":20,""planning_timing_mode"":""measured"",""pool_budget_mode"":""fixed_total"",""profile_count"":2,""slot_count"":200,""slot_length_ms"":100.0,""suite"":""joint_control"",""total_pool_budgets"":[8,20,40],""uptime_scale"":100.0,""uptime_shape"":1.5,""user_count"":10,""workload_mode"":""poisson_profile_catalog""}",200,205,208,75,133,65,10,0,0,1,2.366225111542223,614.4538703369373,0.8405829284891488,8047.878917426811,29,27,19,0,0,25,12,12,15946.661000722088,1271.5585060650483,6.113262048389656,11.18287502322346,14,13,0,2015,1446,0,569,192,124,73,62,22260735,prewarm,stability_delay_energy_v4,unified_fixed_point_v3,explicit_snapshot_v1,poisson_profile_catalog_v1,periodic_repository_v1,customized_periodic_pool_v1,empirical_window_beta_v1,slot_up_down_v1,fixed_service_time_v1,fixed_path_v1,full_duplex_shared_heat_v1,deployment_return_energy_v1,periodic_three_objective_v3,discrete_mpc_v1,grid_tkb_v1,arrival_risk_diversity_v1,budgeted_fixed_point_v1,regularized_surrogate_v1,goodput_cost_v1,0.3605769230769231,0.6394230769230769,0.3125,0.13333333333333333,0.0,3.1707317073170733,0.13942307692307693,0.12980769230769232,0.09134615384615384,0.0,0.0
system_poisson:poisson_lifecycle_v1:joint_control:cd51224309a0b08a:periodic_customized:r14:s20260733,cd51224309a0b08a,joint_control,fixed_medium,reference,fixed_medium,14,20260733,system_poisson,poisson_lifecycle_v1,poisson_profile_catalog,periodic_customized,customized,p12_g4_a64,prewarm,measured,measured,fixed,fixed_total,1.0,e549ef942191509c,82b0c7769f30bf5e,5fa9f2d6b0764417,9238a84d7f53868e,"{""algorithm"":""periodic_customized"",""alpha_l"":0.7,""alpha_r"":0.8,""availability_fraction"":0.5,""beta_l"":0.4,""beta_r"":0.5,""bootstrap_mode"":""prewarm"",""candidate_fixed_point_damping"":0.5,""candidate_fixed_point_max_iterations"":20,""candidate_fixed_point_relative_tolerance"":0.0001,""cloud_count"":1,""comparison_group"":""reference"",""comparison_method"":""fixed_medium"",""control_mode"":""fixed"",""downtime_log_mean"":2.5,""downtime_log_sigma"":0.8,""edge_count"":5,""edge_link_factor"":2.0,""experiment_layer"":""system_poisson"",""fixed_online_budget_ms"":10.0,""fixed_planning_interval_slots"":10,""fixed_total_pool_budget"":20,""lambda_g"":0.7,""lambda_h"":0.7,""lambda_per_slot"":1.0,""max_deadline_ms"":1999.0,""min_deadline_ms"":500.0,""minimum_control_window_slots"":5,""minimum_replanning_interval_slots"":2,""name"":""fixed_medium"",""online_budgets_ms"":[5.0,10.0,20.0],""online_timing_mode"":""measured"",""origin_group_count"":2,""plan_ttl_slots"":20,""planning_candidate_generator_mode"":""customized"",""planning_customized_archive_capacity"":64,""planning_customized_generations"":4,""planning_customized_population_size"":12,""planning_deadline_ms"":2000.0,""planning_intervals"":[5,10,20],""planning_runtime_ms"":100.0,""planning_sample_count"":20,""planning_timing_mode"":""measured"",""pool_budget_mode"":""fixed_total"",""profile_count"":2,""slot_count"":200,""slot_length_ms"":100.0,""suite"":""joint_control"",""total_pool_budgets"":[8,20,40],""uptime_scale"":100.0,""uptime_shape"":1.5,""user_count"":10,""workload_mode"":""poisson_profile_catalog""}",200,205,202,73,129,64,9,1,0,1,2.304087826893424,583.8634182705687,0.823238860194764,5839.872948536381,27,31,15,0,0,31,11,19,15506.418704870157,1061.9029524968937,5.256945309390563,10.155541938729584,13,12,0,2255,1880,0,375,164,128,98,90,22260736,prewarm,stability_delay_energy_v4,unified_fixed_point_v3,explicit_snapshot_v1,poisson_profile_catalog_v1,periodic_repository_v1,customized_periodic_pool_v1,empirical_window_beta_v1,slot_up_down_v1,fixed_service_time_v1,fixed_path_v1,full_duplex_shared_heat_v1,deployment_return_energy_v1,periodic_three_objective_v3,discrete_mpc_v1,grid_tkb_v1,arrival_risk_diversity_v1,budgeted_fixed_point_v1,regularized_surrogate_v1,goodput_cost_v1,0.3613861386138614,0.6386138613861386,0.31683168316831684,0.1232876712328767,0.0136986301369863,3.1219512195121952,0.13366336633663367,0.15346534653465346,0.07425742574257425,0.0,0.0
system_poisson:poisson_lifecycle_v1:joint_control:cd51224309a0b08a:periodic_customized:r15:s20260734,cd51224309a0b08a,joint_control,fixed_medium,reference,fixed_medium,15,20260734,system_poisson,poisson_lifecycle_v1,poisson_profile_catalog,periodic_customized,customized,p12_g4_a64,prewarm,measured,measured,fixed,fixed_total,1.0,9d81372cc2973096,868f2658ddad8015,1f9cdc4dfc70bd76,554a01216359253d,"{""algorithm"":""periodic_customized"",""alpha_l"":0.7,""alpha_r"":0.8,""availability_fraction"":0.5,""beta_l"":0.4,""beta_r"":0.5,""bootstrap_mode"":""prewarm"",""candidate_fixed_point_damping"":0.5,""candidate_fixed_point_max_iterations"":20,""candidate_fixed_point_relative_tolerance"":0.0001,""cloud_count"":1,""comparison_group"":""reference"",""comparison_method"":""fixed_medium"",""control_mode"":""fixed"",""downtime_log_mean"":2.5,""downtime_log_sigma"":0.8,""edge_count"":5,""edge_link_factor"":2.0,""experiment_layer"":""system_poisson"",""fixed_online_budget_ms"":10.0,""fixed_planning_interval_slots"":10,""fixed_total_pool_budget"":20,""lambda_g"":0.7,""lambda_h"":0.7,""lambda_per_slot"":1.0,""max_deadline_ms"":1999.0,""min_deadline_ms"":500.0,""minimum_control_window_slots"":5,""minimum_replanning_interval_slots"":2,""name"":""fixed_medium"",""online_budgets_ms"":[5.0,10.0,20.0],""online_timing_mode"":""measured"",""origin_group_count"":2,""plan_ttl_slots"":20,""planning_candidate_generator_mode"":""customized"",""planning_customized_archive_capacity"":64,""planning_customized_generations"":4,""planning_customized_population_size"":12,""planning_deadline_ms"":2000.0,""planning_intervals"":[5,10,20],""planning_runtime_ms"":100.0,""planning_sample_count"":20,""planning_timing_mode"":""measured"",""pool_budget_mode"":""fixed_total"",""profile_count"":2,""slot_count"":200,""slot_length_ms"":100.0,""suite"":""joint_control"",""total_pool_budgets"":[8,20,40],""uptime_scale"":100.0,""uptime_shape"":1.5,""user_count"":10,""workload_mode"":""poisson_profile_catalog""}",200,204,203,55,148,43,12,0,0,1,1.5327021408901553,713.1631133053249,0.8295810952299358,5494.68767978597,28,14,13,0,0,29,12,16,14633.955493220128,1205.731874681078,5.939565885128463,11.310833040624857,15,14,0,2286,1971,0,315,145,98,86,86,22260737,prewarm,stability_delay_energy_v4,unified_fixed_point_v3,explicit_snapshot_v1,poisson_profile_catalog_v1,periodic_repository_v1,customized_periodic_pool_v1,empirical_window_beta_v1,slot_up_down_v1,fixed_service_time_v1,fixed_path_v1,full_duplex_shared_heat_v1,deployment_return_energy_v1,periodic_three_objective_v3,discrete_mpc_v1,grid_tkb_v1,arrival_risk_diversity_v1,budgeted_fixed_point_v1,regularized_surrogate_v1,goodput_cost_v1,0.270935960591133,0.729064039408867,0.21182266009852216,0.21818181818181817,0.0,2.107843137254902,0.13793103448275862,0.06896551724137931,0.06403940886699508,0.0,0.0
system_poisson:poisson_lifecycle_v1:joint_control:cd51224309a0b08a:periodic_customized:r16:s20260735,cd51224309a0b08a,joint_control,fixed_medium,reference,fixed_medium,16,20260735,system_poisson,poisson_lifecycle_v1,poisson_profile_catalog,periodic_customized,customized,p12_g4_a64,prewarm,measured,measured,fixed,fixed_total,1.0,c61c842e17f225e3,3da65bab6008a478,33b568baf37f075d,615e85118266de25,"{""algorithm"":""periodic_customized"",""alpha_l"":0.7,""alpha_r"":0.8,""availability_fraction"":0.5,""beta_l"":0.4,""beta_r"":0.5,""bootstrap_mode"":""prewarm"",""candidate_fixed_point_damping"":0.5,""candidate_fixed_point_max_iterations"":20,""candidate_fixed_point_relative_tolerance"":0.0001,""cloud_count"":1,""comparison_group"":""reference"",""comparison_method"":""fixed_medium"",""control_mode"":""fixed"",""downtime_log_mean"":2.5,""downtime_log_sigma"":0.8,""edge_count"":5,""edge_link_factor"":2.0,""experiment_layer"":""system_poisson"",""fixed_online_budget_ms"":10.0,""fixed_planning_interval_slots"":10,""fixed_total_pool_budget"":20,""lambda_g"":0.7,""lambda_h"":0.7,""lambda_per_slot"":1.0,""max_deadline_ms"":1999.0,""min_deadline_ms"":500.0,""minimum_control_window_slots"":5,""minimum_replanning_interval_slots"":2,""name"":""fixed_medium"",""online_budgets_ms"":[5.0,10.0,20.0],""online_timing_mode"":""measured"",""origin_group_count"":2,""plan_ttl_slots"":20,""planning_candidate_generator_mode"":""customized"",""planning_customized_archive_capacity"":64,""planning_customized_generations"":4,""planning_customized_population_size"":12,""planning_deadline_ms"":2000.0,""planning_intervals"":[5,10,20],""planning_runtime_ms"":100.0,""planning_sample_count"":20,""planning_timing_mode"":""measured"",""pool_budget_mode"":""fixed_total"",""profile_count"":2,""slot_count"":200,""slot_length_ms"":100.0,""suite"":""joint_control"",""total_pool_budgets"":[8,20,40],""uptime_scale"":100.0,""uptime_shape"":1.5,""user_count"":10,""workload_mode"":""poisson_profile_catalog""}",200,205,215,64,151,48,16,3,0,1,1.5681860957223375,757.3115244682485,0.8410635847611935,8023.7039276502355,19,12,33,0,0,26,11,15,15284.41575227771,998.2649123994634,4.643092615811457,9.096625028178096,11,10,0,1886,1577,0,309,87,58,40,37,22260738,prewarm,stability_delay_energy_v4,unified_fixed_point_v3,explicit_snapshot_v1,poisson_profile_catalog_v1,periodic_repository_v1,customized_periodic_pool_v1,empirical_window_beta_v1,slot_up_down_v1,fixed_service_time_v1,fixed_path_v1,full_duplex_shared_heat_v1,deployment_return_energy_v1,periodic_three_objective_v3,discrete_mpc_v1,grid_tkb_v1,arrival_risk_diversity_v1,budgeted_fixed_point_v1,regularized_surrogate_v1,goodput_cost_v1,0.29767441860465116,0.7023255813953488,0.22325581395348837,0.25,0.046875,2.341463414634146,0.08837209302325581,0.05581395348837209,0.15348837209302327,0.0,0.0
system_poisson:poisson_lifecycle_v1:joint_control:cd51224309a0b08a:periodic_customized:r17:s20260736,cd51224309a0b08a,joint_control,fixed_medium,reference,fixed_medium,17,20260736,system_poisson,poisson_lifecycle_v1,poisson_profile_catalog,periodic_customized,customized,p12_g4_a64,prewarm,measured,measured,fixed,fixed_total,1.0,a1e1594e7589a223,d9b518a32809412d,f1078707bd950772,6d1494c76aa00136,"{""algorithm"":""periodic_customized"",""alpha_l"":0.7,""alpha_r"":0.8,""availability_fraction"":0.5,""beta_l"":0.4,""beta_r"":0.5,""bootstrap_mode"":""prewarm"",""candidate_fixed_point_damping"":0.5,""candidate_fixed_point_max_iterations"":20,""candidate_fixed_point_relative_tolerance"":0.0001,""cloud_count"":1,""comparison_group"":""reference"",""comparison_method"":""fixed_medium"",""control_mode"":""fixed"",""downtime_log_mean"":2.5,""downtime_log_sigma"":0.8,""edge_count"":5,""edge_link_factor"":2.0,""experiment_layer"":""system_poisson"",""fixed_online_budget_ms"":10.0,""fixed_planning_interval_slots"":10,""fixed_total_pool_budget"":20,""lambda_g"":0.7,""lambda_h"":0.7,""lambda_per_slot"":1.0,""max_deadline_ms"":1999.0,""min_deadline_ms"":500.0,""minimum_control_window_slots"":5,""minimum_replanning_interval_slots"":2,""name"":""fixed_medium"",""online_budgets_ms"":[5.0,10.0,20.0],""online_timing_mode"":""measured"",""origin_group_count"":2,""plan_ttl_slots"":20,""planning_candidate_generator_mode"":""customized"",""planning_customized_archive_capacity"":64,""planning_customized_generations"":4,""planning_customized_population_size"":12,""planning_deadline_ms"":2000.0,""planning_intervals"":[5,10,20],""planning_runtime_ms"":100.0,""planning_sample_count"":20,""planning_timing_mode"":""measured"",""pool_budget_mode"":""fixed_total"",""profile_count"":2,""slot_count"":200,""slot_length_ms"":100.0,""suite"":""joint_control"",""total_pool_budgets"":[8,20,40],""uptime_scale"":100.0,""uptime_shape"":1.5,""user_count"":10,""workload_mode"":""poisson_profile_catalog""}",200,208,191,54,137,49,5,1,0,1,1.6900221276052565,708.2361717872911,0.8437232129638509,6460.403682416636,17,13,24,0,0,31,11,19,15534.777829190716,1068.0900433799252,5.592094467957724,9.53479204326868,13,12,0,2290,1860,0,430,176,111,58,74,22260739,prewarm,stability_delay_energy_v4,unified_fixed_point_v3,explicit_snapshot_v1,poisson_profile_catalog_v1,periodic_repository_v1,customized_periodic_pool_v1,empirical_window_beta_v1,slot_up_down_v1,fixed_service_time_v1,fixed_path_v1,full_duplex_shared_heat_v1,deployment_return_energy_v1,periodic_three_objective_v3,discrete_mpc_v1,grid_tkb_v1,arrival_risk_diversity_v1,budgeted_fixed_point_v1,regularized_surrogate_v1,goodput_cost_v1,0.28272251308900526,0.7172774869109948,0.25654450261780104,0.09259259259259259,0.018518518518518517,2.355769230769231,0.08900523560209424,0.06806282722513089,0.1256544502617801,0.0,0.0
system_poisson:poisson_lifecycle_v1:joint_control:cd51224309a0b08a:periodic_customized:r18:s20260737,cd51224309a0b08a,joint_control,fixed_medium,reference,fixed_medium,18,20260737,system_poisson,poisson_lifecycle_v1,poisson_profile_catalog,periodic_customized,customized,p12_g4_a64,prewarm,measured,measured,fixed,fixed_total,1.0,2340d35db3923e87,6c6665153475ebe0,e91a6f9277c728f1,fb1a538d3c9d367a,"{""algorithm"":""periodic_customized"",""alpha_l"":0.7,""alpha_r"":0.8,""availability_fraction"":0.5,""beta_l"":0.4,""beta_r"":0.5,""bootstrap_mode"":""prewarm"",""candidate_fixed_point_damping"":0.5,""candidate_fixed_point_max_iterations"":20,""candidate_fixed_point_relative_tolerance"":0.0001,""cloud_count"":1,""comparison_group"":""reference"",""comparison_method"":""fixed_medium"",""control_mode"":""fixed"",""downtime_log_mean"":2.5,""downtime_log_sigma"":0.8,""edge_count"":5,""edge_link_factor"":2.0,""experiment_layer"":""system_poisson"",""fixed_online_budget_ms"":10.0,""fixed_planning_interval_slots"":10,""fixed_total_pool_budget"":20,""lambda_g"":0.7,""lambda_h"":0.7,""lambda_per_slot"":1.0,""max_deadline_ms"":1999.0,""min_deadline_ms"":500.0,""minimum_control_window_slots"":5,""minimum_replanning_interval_slots"":2,""name"":""fixed_medium"",""online_budgets_ms"":[5.0,10.0,20.0],""online_timing_mode"":""measured"",""origin_group_count"":2,""plan_ttl_slots"":20,""planning_candidate_generator_mode"":""customized"",""planning_customized_archive_capacity"":64,""planning_customized_generations"":4,""planning_customized_population_size"":12,""planning_deadline_ms"":2000.0,""planning_intervals"":[5,10,20],""planning_runtime_ms"":100.0,""planning_sample_count"":20,""planning_timing_mode"":""measured"",""pool_budget_mode"":""fixed_total"",""profile_count"":2,""slot_count"":200,""slot_length_ms"":100.0,""suite"":""joint_control"",""total_pool_budgets"":[8,20,40],""uptime_scale"":100.0,""uptime_shape"":1.5,""user_count"":10,""workload_mode"":""poisson_profile_catalog""}",200,203,177,78,99,72,6,0,0,1,2.7949232053671618,494.1047718986279,0.8343520664429271,4929.450534051592,33,32,13,0,0,28,20,7,15477.008583024144,1281.1061372049153,7.23788778081873,11.647791950963438,15,14,0,2320,1817,0,503,276,200,140,80,22260740,prewarm,stability_delay_energy_v4,unified_fixed_point_v3,explicit_snapshot_v1,poisson_profile_catalog_v1,periodic_repository_v1,customized_periodic_pool_v1,empirical_window_beta_v1,slot_up_down_v1,fixed_service_time_v1,fixed_path_v1,full_duplex_shared_heat_v1,deployment_return_energy_v1,periodic_three_objective_v3,discrete_mpc_v1,grid_tkb_v1,arrival_risk_diversity_v1,budgeted_fixed_point_v1,regularized_surrogate_v1,goodput_cost_v1,0.4406779661016949,0.559322033898305,0.4067796610169492,0.07692307692307693,0.0,3.54679802955665,0.1864406779661017,0.1807909604519774,0.07344632768361582,0.0,0.0
system_poisson:poisson_lifecycle_v1:joint_control:cd51224309a0b08a:periodic_customized:r19:s20260738,cd51224309a0b08a,joint_control,fixed_medium,reference,fixed_medium,19,20260738,system_poisson,poisson_lifecycle_v1,poisson_profile_catalog,periodic_customized,customized,p12_g4_a64,prewarm,measured,measured,fixed,fixed_total,1.0,2f8cac81e28c6822,342fe7b24aabf9c9,bca0f53820c0230d,a5b68c6f808e683d,"{""algorithm"":""periodic_customized"",""alpha_l"":0.7,""alpha_r"":0.8,""availability_fraction"":0.5,""beta_l"":0.4,""beta_r"":0.5,""bootstrap_mode"":""prewarm"",""candidate_fixed_point_damping"":0.5,""candidate_fixed_point_max_iterations"":20,""candidate_fixed_point_relative_tolerance"":0.0001,""cloud_count"":1,""comparison_group"":""reference"",""comparison_method"":""fixed_medium"",""control_mode"":""fixed"",""downtime_log_mean"":2.5,""downtime_log_sigma"":0.8,""edge_count"":5,""edge_link_factor"":2.0,""experiment_layer"":""system_poisson"",""fixed_online_budget_ms"":10.0,""fixed_planning_interval_slots"":10,""fixed_total_pool_budget"":20,""lambda_g"":0.7,""lambda_h"":0.7,""lambda_per_slot"":1.0,""max_deadline_ms"":1999.0,""min_deadline_ms"":500.0,""minimum_control_window_slots"":5,""minimum_replanning_interval_slots"":2,""name"":""fixed_medium"",""online_budgets_ms"":[5.0,10.0,20.0],""online_timing_mode"":""measured"",""origin_group_count"":2,""plan_ttl_slots"":20,""planning_candidate_generator_mode"":""customized"",""planning_customized_archive_capacity"":64,""planning_customized_generations"":4,""planning_customized_population_size"":12,""planning_deadline_ms"":2000.0,""planning_intervals"":[5,10,20],""planning_runtime_ms"":100.0,""planning_sample_count"":20,""planning_timing_mode"":""measured"",""pool_budget_mode"":""fixed_total"",""profile_count"":2,""slot_count"":200,""slot_length_ms"":100.0,""suite"":""joint_control"",""total_pool_budgets"":[8,20,40],""uptime_scale"":100.0,""uptime_shape"":1.5,""user_count"":10,""workload_mode"":""poisson_profile_catalog""}",200,204,180,38,142,31,7,1,0,1,1.043598817500504,741.1979135602327,0.8382901810679755,6744.92644315806,15,5,18,0,0,30,12,17,14894.770541228354,918.167209951207,5.100928944173372,8.551124949008226,14,13,0,2244,2078,0,166,84,53,19,41,22260741,prewarm,stability_delay_energy_v4,unified_fixed_point_v3,explicit_snapshot_v1,poisson_profile_catalog_v1,periodic_repository_v1,customized_periodic_pool_v1,empirical_window_beta_v1,slot_up_down_v1,fixed_service_time_v1,fixed_path_v1,full_duplex_shared_heat_v1,deployment_return_energy_v1,periodic_three_objective_v3,discrete_mpc_v1,grid_tkb_v1,arrival_risk_diversity_v1,budgeted_fixed_point_v1,regularized_surrogate_v1,goodput_cost_v1,0.2111111111111111,0.7888888888888889,0.17222222222222222,0.18421052631578946,0.02631578947368421,1.519607843137255,0.08333333333333333,0.027777777777777776,0.1,0.0,0.0
system_poisson:poisson_lifecycle_v1:joint_control:38f11168edd2c608:periodic_customized:r0:s20260719,38f11168edd2c608,joint_control,fixed_high,reference,fixed_high,0,20260719,system_poisson,poisson_lifecycle_v1,poisson_profile_catalog,periodic_customized,customized,p12_g4_a64,prewarm,measured,measured,fixed,fixed_total,1.0,6d295842eb0296d0,fca0df0e76e8aea8,68e477ed3df2fad8,c3ade63673949cb4,"{""algorithm"":""periodic_customized"",""alpha_l"":0.7,""alpha_r"":0.8,""availability_fraction"":0.5,""beta_l"":0.4,""beta_r"":0.5,""bootstrap_mode"":""prewarm"",""candidate_fixed_point_damping"":0.5,""candidate_fixed_point_max_iterations"":20,""candidate_fixed_point_relative_tolerance"":0.0001,""cloud_count"":1,""comparison_group"":""reference"",""comparison_method"":""fixed_high"",""control_mode"":""fixed"",""downtime_log_mean"":2.5,""downtime_log_sigma"":0.8,""edge_count"":5,""edge_link_factor"":2.0,""experiment_layer"":""system_poisson"",""fixed_online_budget_ms"":20.0,""fixed_planning_interval_slots"":5,""fixed_total_pool_budget"":40,""lambda_g"":0.7,""lambda_h"":0.7,""lambda_per_slot"":1.0,""max_deadline_ms"":1999.0,""min_deadline_ms"":500.0,""minimum_control_window_slots"":5,""minimum_replanning_interval_slots"":2,""name"":""fixed_high"",""online_budgets_ms"":[5.0,10.0,20.0],""online_timing_mode"":""measured"",""origin_group_count"":2,""plan_ttl_slots"":20,""planning_candidate_generator_mode"":""customized"",""planning_customized_archive_capacity"":64,""planning_customized_generations"":4,""planning_customized_population_size"":12,""planning_deadline_ms"":2000.0,""planning_intervals"":[5,10,20],""planning_runtime_ms"":100.0,""planning_sample_count"":20,""planning_timing_mode"":""measured"",""pool_budget_mode"":""fixed_total"",""profile_count"":2,""slot_count"":200,""slot_length_ms"":100.0,""suite"":""joint_control"",""total_pool_budgets"":[8,20,40],""uptime_scale"":100.0,""uptime_shape"":1.5,""user_count"":10,""workload_mode"":""poisson_profile_catalog""}",200,210,191,48,143,41,7,3,0,1,1.3128372430755335,732.0984312396464,0.8774597423169151,4779.035760203979,26,8,14,0,0,41,22,18,16276.670210529119,877.5848803343251,4.594685237352488,8.38820799253881,15,14,0,2819,2553,0,266,121,104,54,91,22260722,prewarm,stability_delay_energy_v4,unified_fixed_point_v3,explicit_snapshot_v1,poisson_profile_catalog_v1,periodic_repository_v1,customized_periodic_pool_v1,empirical_window_beta_v1,slot_up_down_v1,fixed_service_time_v1,fixed_path_v1,full_duplex_shared_heat_v1,deployment_return_energy_v1,periodic_three_objective_v3,discrete_mpc_v1,grid_tkb_v1,arrival_risk_diversity_v1,budgeted_fixed_point_v1,regularized_surrogate_v1,goodput_cost_v1,0.2513089005235602,0.7486910994764397,0.21465968586387435,0.14583333333333334,0.0625,1.9523809523809523,0.13612565445026178,0.041884816753926704,0.07329842931937172,0.0,0.0
system_poisson:poisson_lifecycle_v1:joint_control:38f11168edd2c608:periodic_customized:r1:s20260720,38f11168edd2c608,joint_control,fixed_high,reference,fixed_high,1,20260720,system_poisson,poisson_lifecycle_v1,poisson_profile_catalog,periodic_customized,customized,p12_g4_a64,prewarm,measured,measured,fixed,fixed_total,1.0,a4f53f5438a025fd,a0ac5e6d1accb3ff,b090fbef89e23494,4948b9b559ca3dae,"{""algorithm"":""periodic_customized"",""alpha_l"":0.7,""alpha_r"":0.8,""availability_fraction"":0.5,""beta_l"":0.4,""beta_r"":0.5,""bootstrap_mode"":""prewarm"",""candidate_fixed_point_damping"":0.5,""candidate_fixed_point_max_iterations"":20,""candidate_fixed_point_relative_tolerance"":0.0001,""cloud_count"":1,""comparison_group"":""reference"",""comparison_method"":""fixed_high"",""control_mode"":""fixed"",""downtime_log_mean"":2.5,""downtime_log_sigma"":0.8,""edge_count"":5,""edge_link_factor"":2.0,""experiment_layer"":""system_poisson"",""fixed_online_budget_ms"":20.0,""fixed_planning_interval_slots"":5,""fixed_total_pool_budget"":40,""lambda_g"":0.7,""lambda_h"":0.7,""lambda_per_slot"":1.0,""max_deadline_ms"":1999.0,""min_deadline_ms"":500.0,""minimum_control_window_slots"":5,""minimum_replanning_interval_slots"":2,""name"":""fixed_high"",""online_budgets_ms"":[5.0,10.0,20.0],""online_timing_mode"":""measured"",""origin_group_count"":2,""plan_ttl_slots"":20,""planning_candidate_generator_mode"":""customized"",""planning_customized_archive_capacity"":64,""planning_customized_generations"":4,""planning_customized_population_size"":12,""planning_deadline_ms"":2000.0,""planning_intervals"":[5,10,20],""planning_runtime_ms"":100.0,""planning_sample_count"":20,""planning_timing_mode"":""measured"",""pool_budget_mode"":""fixed_total"",""profile_count"":2,""slot_count"":200,""slot_length_ms"":100.0,""suite"":""joint_control"",""total_pool_budgets"":[8,20,40],""uptime_scale"":100.0,""uptime_shape"":1.5,""user_count"":10,""workload_mode"":""poisson_profile_catalog""}",200,206,209,63,146,54,9,0,0,1,1.904644835189331,668.4205514262025,0.8235603852496348,6903.355246766311,28,19,16,0,0,36,20,15,17370.834750821814,944.1197160631418,4.517319215613119,7.634500041604042,15,14,0,2736,2097,0,639,187,100,51,66,22260723,prewarm,stability_delay_energy_v4,unified_fixed_point_v3,explicit_snapshot_v1,poisson_profile_catalog_v1,periodic_repository_v1,customized_periodic_pool_v1,empirical_window_beta_v1,slot_up_down_v1,fixed_service_time_v1,fixed_path_v1,full_duplex_shared_heat_v1,deployment_return_energy_v1,periodic_three_objective_v3,discrete_mpc_v1,grid_tkb_v1,arrival_risk_diversity_v1,budgeted_fixed_point_v1,regularized_surrogate_v1,goodput_cost_v1,0.3014354066985646,0.6985645933014354,0.2583732057416268,0.14285714285714285,0.0,2.6213592233009706,0.1339712918660287,0.09090909090909091,0.07655502392344497,0.0,0.0
system_poisson:poisson_lifecycle_v1:joint_control:38f11168edd2c608:periodic_customized:r2:s20260721,38f11168edd2c608,joint_control,fixed_high,reference,fixed_high,2,20260721,system_poisson,poisson_lifecycle_v1,poisson_profile_catalog,periodic_customized,customized,p12_g4_a64,prewarm,measured,measured,fixed,fixed_total,1.0,e1936cba343be935,938f95453f2442e2,b1b7f5bba0248714,b3c97759fa661993,"{""algorithm"":""periodic_customized"",""alpha_l"":0.7,""alpha_r"":0.8,""availability_fraction"":0.5,""beta_l"":0.4,""beta_r"":0.5,""bootstrap_mode"":""prewarm"",""candidate_fixed_point_damping"":0.5,""candidate_fixed_point_max_iterations"":20,""candidate_fixed_point_relative_tolerance"":0.0001,""cloud_count"":1,""comparison_group"":""reference"",""comparison_method"":""fixed_high"",""control_mode"":""fixed"",""downtime_log_mean"":2.5,""downtime_log_sigma"":0.8,""edge_count"":5,""edge_link_factor"":2.0,""experiment_layer"":""system_poisson"",""fixed_online_budget_ms"":20.0,""fixed_planning_interval_slots"":5,""fixed_total_pool_budget"":40,""lambda_g"":0.7,""lambda_h"":0.7,""lambda_per_slot"":1.0,""max_deadline_ms"":1999.0,""min_deadline_ms"":500.0,""minimum_control_window_slots"":5,""minimum_replanning_interval_slots"":2,""name"":""fixed_high"",""online_budgets_ms"":[5.0,10.0,20.0],""online_timing_mode"":""measured"",""origin_group_count"":2,""plan_ttl_slots"":20,""planning_candidate_generator_mode"":""customized"",""planning_customized_archive_capacity"":64,""planning_customized_generations"":4,""planning_customized_population_size"":12,""planning_deadline_ms"":2000.0,""planning_intervals"":[5,10,20],""planning_runtime_ms"":100.0,""planning_sample_count"":20,""planning_timing_mode"":""measured"",""pool_budget_mode"":""fixed_total"",""profile_count"":2,""slot_count"":200,""slot_length_ms"":100.0,""suite"":""joint_control"",""total_pool_budgets"":[8,20,40],""uptime_scale"":100.0,""uptime_shape"":1.5,""user_count"":10,""workload_mode"":""poisson_profile_catalog""}",200,207,211,60,151,56,4,0,0,1,2.0758026102031026,599.9473582053645,0.828130861870804,5752.125793329426,21,20,19,0,0,32,9,22,18889.675791724585,1605.2235316019505,7.607694462568486,17.018041922710836,4,3,0,2514,2083,0,431,193,158,73,140,22260724,prewarm,stability_delay_energy_v4,unified_fixed_point_v3,explicit_snapshot_v1,poisson_profile_catalog_v1,periodic_repository_v1,customized_periodic_pool_v1,empirical_window_beta_v1,slot_up_down_v1,fixed_service_time_v1,fixed_path_v1,full_duplex_shared_heat_v1,deployment_return_energy_v1,periodic_three_objective_v3,discrete_mpc_v1,grid_tkb_v1,arrival_risk_diversity_v1,budgeted_fixed_point_v1,regularized_surrogate_v1,goodput_cost_v1,0.2843601895734597,0.7156398104265402,0.26540284360189575,0.06666666666666667,0.0,2.7053140096618358,0.0995260663507109,0.0947867298578199,0.09004739336492891,0.0,0.0
system_poisson:poisson_lifecycle_v1:joint_control:38f11168edd2c608:periodic_customized:r3:s20260722,38f11168edd2c608,joint_control,fixed_high,reference,fixed_high,3,20260722,system_poisson,poisson_lifecycle_v1,poisson_profile_catalog,periodic_customized,customized,p12_g4_a64,prewarm,measured,measured,fixed,fixed_total,1.0,cad518de228dec43,e2c448830ab998d5,5b89c04953d23a62,a8d64a668c29fff0,"{""algorithm"":""periodic_customized"",""alpha_l"":0.7,""alpha_r"":0.8,""availability_fraction"":0.5,""beta_l"":0.4,""beta_r"":0.5,""bootstrap_mode"":""prewarm"",""candidate_fixed_point_damping"":0.5,""candidate_fixed_point_max_iterations"":20,""candidate_fixed_point_relative_tolerance"":0.0001,""cloud_count"":1,""comparison_group"":""reference"",""comparison_method"":""fixed_high"",""control_mode"":""fixed"",""downtime_log_mean"":2.5,""downtime_log_sigma"":0.8,""edge_count"":5,""edge_link_factor"":2.0,""experiment_layer"":""system_poisson"",""fixed_online_budget_ms"":20.0,""fixed_planning_interval_slots"":5,""fixed_total_pool_budget"":40,""lambda_g"":0.7,""lambda_h"":0.7,""lambda_per_slot"":1.0,""max_deadline_ms"":1999.0,""min_deadline_ms"":500.0,""minimum_control_window_slots"":5,""minimum_replanning_interval_slots"":2,""name"":""fixed_high"",""online_budgets_ms"":[5.0,10.0,20.0],""online_timing_mode"":""measured"",""origin_group_count"":2,""plan_ttl_slots"":20,""planning_candidate_generator_mode"":""customized"",""planning_customized_archive_capacity"":64,""planning_customized_generations"":4,""planning_customized_population_size"":12,""planning_deadline_ms"":2000.0,""planning_intervals"":[5,10,20],""planning_runtime_ms"":100.0,""planning_sample_count"":20,""planning_timing_mode"":""measured"",""pool_budget_mode"":""fixed_total"",""profile_count"":2,""slot_count"":200,""slot_length_ms"":100.0,""suite"":""joint_control"",""total_pool_budgets"":[8,20,40],""uptime_scale"":100.0,""uptime_shape"":1.5,""user_count"":10,""workload_mode"":""poisson_profile_catalog""}",200,210,210,71,139,66,5,1,0,1,2.34263087364274,562.441993944776,0.8340757849399042,4923.370467754667,38,16,17,0,0,34,18,15,19111.01937177591,1304.9483416834846,6.214039722302307,13.957750052213669,5,4,0,2703,2118,0,585,281,209,120,165,22260725,prewarm,stability_delay_energy_v4,unified_fixed_point_v3,explicit_snapshot_v1,poisson_profile_catalog_v1,periodic_repository_v1,customized_periodic_pool_v1,empirical_window_beta_v1,slot_up_down_v1,fixed_service_time_v1,fixed_path_v1,full_duplex_shared_heat_v1,deployment_return_energy_v1,periodic_three_objective_v3,discrete_mpc_v1,grid_tkb_v1,arrival_risk_diversity_v1,budgeted_fixed_point_v1,regularized_surrogate_v1,goodput_cost_v1,0.3380952380952381,0.6619047619047619,0.3142857142857143,0.07042253521126761,0.014084507042253521,3.142857142857143,0.18095238095238095,0.0761904761904762,0.08095238095238096,0.0,0.0
system_poisson:poisson_lifecycle_v1:joint_control:38f11168edd2c608:periodic_customized:r4:s20260723,38f11168edd2c608,joint_control,fixed_high,reference,fixed_high,4,20260723,system_poisson,poisson_lifecycle_v1,poisson_profile_catalog,periodic_customized,customized,p12_g4_a64,prewarm,measured,measured,fixed,fixed_total,1.0,85e4775618fc9271,04cc006508118ace,6d76626369b7dc47,7df8c4f9894fbd11,"{""algorithm"":""periodic_customized"",""alpha_l"":0.7,""alpha_r"":0.8,""availability_fraction"":0.5,""beta_l"":0.4,""beta_r"":0.5,""bootstrap_mode"":""prewarm"",""candidate_fixed_point_damping"":0.5,""candidate_fixed_point_max_iterations"":20,""candidate_fixed_point_relative_tolerance"":0.0001,""cloud_count"":1,""comparison_group"":""reference"",""comparison_method"":""fixed_high"",""control_mode"":""fixed"",""downtime_log_mean"":2.5,""downtime_log_sigma"":0.8,""edge_count"":5,""edge_link_factor"":2.0,""experiment_layer"":""system_poisson"",""fixed_online_budget_ms"":20.0,""fixed_planning_interval_slots"":5,""fixed_total_pool_budget"":40,""lambda_g"":0.7,""lambda_h"":0.7,""lambda_per_slot"":1.0,""max_deadline_ms"":1999.0,""min_deadline_ms"":500.0,""minimum_control_window_slots"":5,""minimum_replanning_interval_slots"":2,""name"":""fixed_high"",""online_budgets_ms"":[5.0,10.0,20.0],""online_timing_mode"":""measured"",""origin_group_count"":2,""plan_ttl_slots"":20,""planning_candidate_generator_mode"":""customized"",""planning_customized_archive_capacity"":64,""planning_customized_generations"":4,""planning_customized_population_size"":12,""planning_deadline_ms"":2000.0,""planning_intervals"":[5,10,20],""planning_runtime_ms"":100.0,""planning_sample_count"":20,""planning_timing_mode"":""measured"",""pool_budget_mode"":""fixed_total"",""profile_count"":2,""slot_count"":200,""slot_length_ms"":100.0,""suite"":""joint_control"",""total_pool_budgets"":[8,20,40],""uptime_scale"":100.0,""uptime_shape"":1.5,""user_count"":10,""workload_mode"":""poisson_profile_catalog""}",200,206,206,67,139,61,6,0,0,1,2.21060521836006,611.8558388811138,0.8354328609885506,7127.251604927738,20,28,19,0,0,35,14,20,18571.600957773626,1202.1988292690367,5.835916646937071,11.140500078909099,3,2,0,2636,2329,0,307,130,104,63,78,22260726,prewarm,stability_delay_energy_v4,unified_fixed_point_v3,explicit_snapshot_v1,poisson_profile_catalog_v1,periodic_repository_v1,customized_periodic_pool_v1,empirical_window_beta_v1,slot_up_down_v1,fixed_service_time_v1,fixed_path_v1,full_duplex_shared_heat_v1,deployment_return_energy_v1,periodic_three_objective_v3,discrete_mpc_v1,grid_tkb_v1,arrival_risk_diversity_v1,budgeted_fixed_point_v1,regularized_surrogate_v1,goodput_cost_v1,0.32524271844660196,0.6747572815533981,0.2961165048543689,0.08955223880597014,0.0,2.9611650485436893,0.0970873786407767,0.13592233009708737,0.09223300970873786,0.0,0.0
system_poisson:poisson_lifecycle_v1:joint_control:38f11168edd2c608:periodic_customized:r5:s20260724,38f11168edd2c608,joint_control,fixed_high,reference,fixed_high,5,20260724,system_poisson,poisson_lifecycle_v1,poisson_profile_catalog,periodic_customized,customized,p12_g4_a64,prewarm,measured,measured,fixed,fixed_total,1.0,d24fe9836276a23a,5f88dfc591596c91,8236ef19df927245,c61766e5adeaf7a9,"{""algorithm"":""periodic_customized"",""alpha_l"":0.7,""alpha_r"":0.8,""availability_fraction"":0.5,""beta_l"":0.4,""beta_r"":0.5,""bootstrap_mode"":""prewarm"",""candidate_fixed_point_damping"":0.5,""candidate_fixed_point_max_iterations"":20,""candidate_fixed_point_relative_tolerance"":0.0001,""cloud_count"":1,""comparison_group"":""reference"",""comparison_method"":""fixed_high"",""control_mode"":""fixed"",""downtime_log_mean"":2.5,""downtime_log_sigma"":0.8,""edge_count"":5,""edge_link_factor"":2.0,""experiment_layer"":""system_poisson"",""fixed_online_budget_ms"":20.0,""fixed_planning_interval_slots"":5,""fixed_total_pool_budget"":40,""lambda_g"":0.7,""lambda_h"":0.7,""lambda_per_slot"":1.0,""max_deadline_ms"":1999.0,""min_deadline_ms"":500.0,""minimum_control_window_slots"":5,""minimum_replanning_interval_slots"":2,""name"":""fixed_high"",""online_budgets_ms"":[5.0,10.0,20.0],""online_timing_mode"":""measured"",""origin_group_count"":2,""plan_ttl_slots"":20,""planning_candidate_generator_mode"":""customized"",""planning_customized_archive_capacity"":64,""planning_customized_generations"":4,""planning_customized_population_size"":12,""planning_deadline_ms"":2000.0,""planning_intervals"":[5,10,20],""planning_runtime_ms"":100.0,""planning_sample_count"":20,""planning_timing_mode"":""measured"",""pool_budget_mode"":""fixed_total"",""profile_count"":2,""slot_count"":200,""slot_length_ms"":100.0,""suite"":""joint_control"",""total_pool_budgets"":[8,20,40],""uptime_scale"":100.0,""uptime_shape"":1.5,""user_count"":10,""workload_mode"":""poisson_profile_catalog""}",200,203,196,73,123,63,10,1,0,1,2.310530885002126,504.0376466418828,0.8339079438423674,3944.905053951626,42,17,14,0,0,39,22,16,17366.661038948223,1064.9424230214208,5.433379709292963,10.381749947555363,13,12,0,2941,2764,0,177,109,92,73,68,22260727,prewarm,stability_delay_energy_v4,unified_fixed_point_v3,explicit_snapshot_v1,poisson_profile_catalog_v1,periodic_repository_v1,customized_periodic_pool_v1,empirical_window_beta_v1,slot_up_down_v1,fixed_service_time_v1,fixed_path_v1,full_duplex_shared_heat_v1,deployment_return_energy_v1,periodic_three_objective_v3,discrete_mpc_v1,grid_tkb_v1,arrival_risk_diversity_v1,budgeted_fixed_point_v1,regularized_surrogate_v1,goodput_cost_v1,0.37244897959183676,0.6275510204081632,0.32142857142857145,0.136986301369863,0.0136986301369863,3.103448275862069,0.21428571428571427,0.08673469387755102,0.07142857142857142,0.0,0.0
system_poisson:poisson_lifecycle_v1:joint_control:38f11168edd2c608:periodic_customized:r6:s20260725,38f11168edd2c608,joint_control,fixed_high,reference,fixed_high,6,20260725,system_poisson,poisson_lifecycle_v1,poisson_profile_catalog,periodic_customized,customized,p12_g4_a64,prewarm,measured,measured,fixed,fixed_total,1.0,26abbdd9b75bc615,fc04fea1c464df4f,315f55f80c124787,b0aa21bae96916c6,"{""algorithm"":""periodic_customized"",""alpha_l"":0.7,""alpha_r"":0.8,""availability_fraction"":0.5,""beta_l"":0.4,""beta_r"":0.5,""bootstrap_mode"":""prewarm"",""candidate_fixed_point_damping"":0.5,""candidate_fixed_point_max_iterations"":20,""candidate_fixed_point_relative_tolerance"":0.0001,""cloud_count"":1,""comparison_group"":""reference"",""comparison_method"":""fixed_high"",""control_mode"":""fixed"",""downtime_log_mean"":2.5,""downtime_log_sigma"":0.8,""edge_count"":5,""edge_link_factor"":2.0,""experiment_layer"":""system_poisson"",""fixed_online_budget_ms"":20.0,""fixed_planning_interval_slots"":5,""fixed_total_pool_budget"":40,""lambda_g"":0.7,""lambda_h"":0.7,""lambda_per_slot"":1.0,""max_deadline_ms"":1999.0,""min_deadline_ms"":500.0,""minimum_control_window_slots"":5,""minimum_replanning_interval_slots"":2,""name"":""fixed_high"",""online_budgets_ms"":[5.0,10.0,20.0],""online_timing_mode"":""measured"",""origin_group_count"":2,""plan_ttl_slots"":20,""planning_candidate_generator_mode"":""customized"",""planning_customized_archive_capacity"":64,""planning_customized_generations"":4,""planning_customized_population_size"":12,""planning_deadline_ms"":2000.0,""planning_intervals"":[5,10,20],""planning_runtime_ms"":100.0,""planning_sample_count"":20,""planning_timing_mode"":""measured"",""pool_budget_mode"":""fixed_total"",""profile_count"":2,""slot_count"":200,""slot_length_ms"":100.0,""suite"":""joint_control"",""total_pool_budgets"":[8,20,40],""uptime_scale"":100.0,""uptime_shape"":1.5,""user_count"":10,""workload_mode"":""poisson_profile_catalog""}",200,206,183,56,127,47,9,0,0,1,1.6839675449483382,667.9750937119096,0.8564793403653479,6078.369848961958,19,18,19,0,0,35,14,20,17883.773372741416,888.3387073874474,4.854309876434138,8.540582959540188,10,9,0,2498,2191,0,307,118,83,40,74,22260728,prewarm,stability_delay_energy_v4,unified_fixed_point_v3,explicit_snapshot_v1,poisson_profile_catalog_v1,periodic_repository_v1,customized_periodic_pool_v1,empirical_window_beta_v1,slot_up_down_v1,fixed_service_time_v1,fixed_path_v1,full_duplex_shared_heat_v1,deployment_return_energy_v1,periodic_three_objective_v3,discrete_mpc_v1,grid_tkb_v1,arrival_risk_diversity_v1,budgeted_fixed_point_v1,regularized_surrogate_v1,goodput_cost_v1,0.30601092896174864,0.6939890710382514,0.2568306010928962,0.16071428571428573,0.0,2.2815533980582523,0.10382513661202186,0.09836065573770492,0.10382513661202186,0.0,0.0
system_poisson:poisson_lifecycle_v1:joint_control:38f11168edd2c608:periodic_customized:r7:s20260726,38f11168edd2c608,joint_control,fixed_high,reference,fixed_high,7,20260726,system_poisson,poisson_lifecycle_v1,poisson_profile_catalog,periodic_customized,customized,p12_g4_a64,prewarm,measured,measured,fixed,fixed_total,1.0,cfb348bc73ed6b08,6c2f0ddd78fdc176,45d9b67b7d7e2742,5d8d75c05ac19d95,"{""algorithm"":""periodic_customized"",""alpha_l"":0.7,""alpha_r"":0.8,""availability_fraction"":0.5,""beta_l"":0.4,""beta_r"":0.5,""bootstrap_mode"":""prewarm"",""candidate_fixed_point_damping"":0.5,""candidate_fixed_point_max_iterations"":20,""candidate_fixed_point_relative_tolerance"":0.0001,""cloud_count"":1,""comparison_group"":""reference"",""comparison_method"":""fixed_high"",""control_mode"":""fixed"",""downtime_log_mean"":2.5,""downtime_log_sigma"":0.8,""edge_count"":5,""edge_link_factor"":2.0,""experiment_layer"":""system_poisson"",""fixed_online_budget_ms"":20.0,""fixed_planning_interval_slots"":5,""fixed_total_pool_budget"":40,""lambda_g"":0.7,""lambda_h"":0.7,""lambda_per_slot"":1.0,""max_deadline_ms"":1999.0,""min_deadline_ms"":500.0,""minimum_control_window_slots"":5,""minimum_replanning_interval_slots"":2,""name"":""fixed_high"",""online_budgets_ms"":[5.0,10.0,20.0],""online_timing_mode"":""measured"",""origin_group_count"":2,""plan_ttl_slots"":20,""planning_candidate_generator_mode"":""customized"",""planning_customized_archive_capacity"":64,""planning_customized_generations"":4,""planning_customized_population_size"":12,""planning_deadline_ms"":2000.0,""planning_intervals"":[5,10,20],""planning_runtime_ms"":100.0,""planning_sample_count"":20,""planning_timing_mode"":""measured"",""pool_budget_mode"":""fixed_total"",""profile_count"":2,""slot_count"":200,""slot_length_ms"":100.0,""suite"":""joint_control"",""total_pool_budgets"":[8,20,40],""uptime_scale"":100.0,""uptime_shape"":1.5,""user_count"":10,""workload_mode"":""poisson_profile_catalog""}",200,208,190,59,131,51,8,0,0,1,1.70971974257882,767.4270624201826,0.8080606332877466,6627.599319191543,23,7,29,0,0,31,14,16,18757.734961109236,1094.269877532497,5.759315144907879,9.767999988980591,1,0,0,2316,2049,0,267,109,87,31,68,22260729,prewarm,stability_delay_energy_v4,unified_fixed_point_v3,explicit_snapshot_v1,poisson_profile_catalog_v1,periodic_repository_v1,customized_periodic_pool_v1,empirical_window_beta_v1,slot_up_down_v1,fixed_service_time_v1,fixed_path_v1,full_duplex_shared_heat_v1,deployment_return_energy_v1,periodic_three_objective_v3,discrete_mpc_v1,grid_tkb_v1,arrival_risk_diversity_v1,budgeted_fixed_point_v1,regularized_surrogate_v1,goodput_cost_v1,0.3105263157894737,0.6894736842105263,0.26842105263157895,0.13559322033898305,0.0,2.4519230769230766,0.12105263157894737,0.03684210526315789,0.15263157894736842,0.0,0.0
system_poisson:poisson_lifecycle_v1:joint_control:38f11168edd2c608:periodic_customized:r8:s20260727,38f11168edd2c608,joint_control,fixed_high,reference,fixed_high,8,20260727,system_poisson,poisson_lifecycle_v1,poisson_profile_catalog,periodic_customized,customized,p12_g4_a64,prewarm,measured,measured,fixed,fixed_total,1.0,77262aef7c650c15,adddb8a44db4224c,5ef7f7f709b227ab,5f427e7b1456da70,"{""algorithm"":""periodic_customized"",""alpha_l"":0.7,""alpha_r"":0.8,""availability_fraction"":0.5,""beta_l"":0.4,""beta_r"":0.5,""bootstrap_mode"":""prewarm"",""candidate_fixed_point_damping"":0.5,""candidate_fixed_point_max_iterations"":20,""candidate_fixed_point_relative_tolerance"":0.0001,""cloud_count"":1,""comparison_group"":""reference"",""comparison_method"":""fixed_high"",""control_mode"":""fixed"",""downtime_log_mean"":2.5,""downtime_log_sigma"":0.8,""edge_count"":5,""edge_link_factor"":2.0,""experiment_layer"":""system_poisson"",""fixed_online_budget_ms"":20.0,""fixed_planning_interval_slots"":5,""fixed_total_pool_budget"":40,""lambda_g"":0.7,""lambda_h"":0.7,""lambda_per_slot"":1.0,""max_deadline_ms"":1999.0,""min_deadline_ms"":500.0,""minimum_control_window_slots"":5,""minimum_replanning_interval_slots"":2,""name"":""fixed_high"",""online_budgets_ms"":[5.0,10.0,20.0],""online_timing_mode"":""measured"",""origin_group_count"":2,""plan_ttl_slots"":20,""planning_candidate_generator_mode"":""customized"",""planning_customized_archive_capacity"":64,""planning_customized_generations"":4,""planning_customized_population_size"":12,""planning_deadline_ms"":2000.0,""planning_intervals"":[5,10,20],""planning_runtime_ms"":100.0,""planning_sample_count"":20,""planning_timing_mode"":""measured"",""pool_budget_mode"":""fixed_total"",""profile_count"":2,""slot_count"":200,""slot_length_ms"":100.0,""suite"":""joint_control"",""total_pool_budgets"":[8,20,40],""uptime_scale"":100.0,""uptime_shape"":1.5,""user_count"":10,""workload_mode"":""poisson_profile_catalog""}",200,207,181,67,114,59,8,1,0,1,2.048839792538873,665.4724945251918,0.8404263450726367,7623.416599979706,21,16,30,0,0,32,10,21,19070.231918944046,1089.1946271294728,6.017649873643496,12.25008291658014,2,1,0,2513,1966,0,547,150,85,46,79,22260730,prewarm,stability_delay_energy_v4,unified_fixed_point_v3,explicit_snapshot_v1,poisson_profile_catalog_v1,periodic_repository_v1,customized_periodic_pool_v1,empirical_window_beta_v1,slot_up_down_v1,fixed_service_time_v1,fixed_path_v1,full_duplex_shared_heat_v1,deployment_return_energy_v1,periodic_three_objective_v3,discrete_mpc_v1,grid_tkb_v1,arrival_risk_diversity_v1,budgeted_fixed_point_v1,regularized_surrogate_v1,goodput_cost_v1,0.3701657458563536,0.6298342541436464,0.3259668508287293,0.11940298507462686,0.014925373134328358,2.85024154589372,0.11602209944751381,0.08839779005524862,0.16574585635359115,0.0,0.0
system_poisson:poisson_lifecycle_v1:joint_control:38f11168edd2c608:periodic_customized:r9:s20260728,38f11168edd2c608,joint_control,fixed_high,reference,fixed_high,9,20260728,system_poisson,poisson_lifecycle_v1,poisson_profile_catalog,periodic_customized,customized,p12_g4_a64,prewarm,measured,measured,fixed,fixed_total,1.0,51994d7f38a9b2d2,94c502adeeb85260,9f5ed373a6bd9324,58651f60c37cc329,"{""algorithm"":""periodic_customized"",""alpha_l"":0.7,""alpha_r"":0.8,""availability_fraction"":0.5,""beta_l"":0.4,""beta_r"":0.5,""bootstrap_mode"":""prewarm"",""candidate_fixed_point_damping"":0.5,""candidate_fixed_point_max_iterations"":20,""candidate_fixed_point_relative_tolerance"":0.0001,""cloud_count"":1,""comparison_group"":""reference"",""comparison_method"":""fixed_high"",""control_mode"":""fixed"",""downtime_log_mean"":2.5,""downtime_log_sigma"":0.8,""edge_count"":5,""edge_link_factor"":2.0,""experiment_layer"":""system_poisson"",""fixed_online_budget_ms"":20.0,""fixed_planning_interval_slots"":5,""fixed_total_pool_budget"":40,""lambda_g"":0.7,""lambda_h"":0.7,""lambda_per_slot"":1.0,""max_deadline_ms"":1999.0,""min_deadline_ms"":500.0,""minimum_control_window_slots"":5,""minimum_replanning_interval_slots"":2,""name"":""fixed_high"",""online_budgets_ms"":[5.0,10.0,20.0],""online_timing_mode"":""measured"",""origin_group_count"":2,""plan_ttl_slots"":20,""planning_candidate_generator_mode"":""customized"",""planning_customized_archive_capacity"":64,""planning_customized_generations"":4,""planning_customized_population_size"":12,""planning_deadline_ms"":2000.0,""planning_intervals"":[5,10,20],""planning_runtime_ms"":100.0,""planning_sample_count"":20,""planning_timing_mode"":""measured"",""pool_budget_mode"":""fixed_total"",""profile_count"":2,""slot_count"":200,""slot_length_ms"":100.0,""suite"":""joint_control"",""total_pool_budgets"":[8,20,40],""uptime_scale"":100.0,""uptime_shape"":1.5,""user_count"":10,""workload_mode"":""poisson_profile_catalog""}",200,208,211,77,134,63,14,0,0,1,2.2082189402132664,612.6703631997055,0.8391884682698556,6331.236471509771,27,12,38,0,0,38,19,18,17356.332625378855,1260.0325418170542,5.971718207663764,16.188667039386928,8,7,0,3422,2269,0,1153,401,257,109,193,22260731,prewarm,stability_delay_energy_v4,unified_fixed_point_v3,explicit_snapshot_v1,poisson_profile_catalog_v1,periodic_repository_v1,customized_periodic_pool_v1,empirical_window_beta_v1,slot_up_down_v1,fixed_service_time_v1,fixed_path_v1,full_duplex_shared_heat_v1,deployment_return_energy_v1,periodic_three_objective_v3,discrete_mpc_v1,grid_tkb_v1,arrival_risk_diversity_v1,budgeted_fixed_point_v1,regularized_surrogate_v1,goodput_cost_v1,0.36492890995260663,0.6350710900473934,0.2985781990521327,0.18181818181818182,0.0,3.0288461538461537,0.12796208530805686,0.05687203791469194,0.18009478672985782,0.0,0.0
system_poisson:poisson_lifecycle_v1:joint_control:38f11168edd2c608:periodic_customized:r10:s20260729,38f11168edd2c608,joint_control,fixed_high,reference,fixed_high,10,20260729,system_poisson,poisson_lifecycle_v1,poisson_profile_catalog,periodic_customized,customized,p12_g4_a64,prewarm,measured,measured,fixed,fixed_total,1.0,5b8d17f0ef7f4099,329b4f7d21be54ff,897cead0737f85bf,5bfdd62f4d90fc6a,"{""algorithm"":""periodic_customized"",""alpha_l"":0.7,""alpha_r"":0.8,""availability_fraction"":0.5,""beta_l"":0.4,""beta_r"":0.5,""bootstrap_mode"":""prewarm"",""candidate_fixed_point_damping"":0.5,""candidate_fixed_point_max_iterations"":20,""candidate_fixed_point_relative_tolerance"":0.0001,""cloud_count"":1,""comparison_group"":""reference"",""comparison_method"":""fixed_high"",""control_mode"":""fixed"",""downtime_log_mean"":2.5,""downtime_log_sigma"":0.8,""edge_count"":5,""edge_link_factor"":2.0,""experiment_layer"":""system_poisson"",""fixed_online_budget_ms"":20.0,""fixed_planning_interval_slots"":5,""fixed_total_pool_budget"":40,""lambda_g"":0.7,""lambda_h"":0.7,""lambda_per_slot"":1.0,""max_deadline_ms"":1999.0,""min_deadline_ms"":500.0,""minimum_control_window_slots"":5,""minimum_replanning_interval_slots"":2,""name"":""fixed_high"",""online_budgets_ms"":[5.0,10.0,20.0],""online_timing_mode"":""measured"",""origin_group_count"":2,""plan_ttl_slots"":20,""planning_candidate_generator_mode"":""customized"",""planning_customized_archive_capacity"":64,""planning_customized_generations"":4,""planning_customized_population_size"":12,""planning_deadline_ms"":2000.0,""planning_intervals"":[5,10,20],""planning_runtime_ms"":100.0,""planning_sample_count"":20,""planning_timing_mode"":""measured"",""pool_budget_mode"":""fixed_total"",""profile_count"":2,""slot_count"":200,""slot_length_ms"":100.0,""suite"":""joint_control"",""total_pool_budgets"":[8,20,40],""uptime_scale"":100.0,""uptime_shape"":1.5,""user_count"":10,""workload_mode"":""poisson_profile_catalog""}",200,203,209,74,135,59,15,0,0,1,2.1793605023903573,549.9270105573365,0.8078502075249255,6370.616353319408,31,10,33,0,0,35,16,18,18079.722875496373,1376.6853382112458,6.587011187613617,14.749541995115578,5,4,0,3123,2059,0,1064,383,264,110,227,22260732,prewarm,stability_delay_energy_v4,unified_fixed_point_v3,explicit_snapshot_v1,poisson_profile_catalog_v1,periodic_repository_v1,customized_periodic_pool_v1,empirical_window_beta_v1,slot_up_down_v1,fixed_service_time_v1,fixed_path_v1,full_duplex_shared_heat_v1,deployment_return_energy_v1,periodic_three_objective_v3,discrete_mpc_v1,grid_tkb_v1,arrival_risk_diversity_v1,budgeted_fixed_point_v1,regularized_surrogate_v1,goodput_cost_v1,0.35406698564593303,0.645933014354067,0.2822966507177033,0.20270270270270271,0.0,2.9064039408866993,0.14832535885167464,0.04784688995215311,0.15789473684210525,0.0,0.0
system_poisson:poisson_lifecycle_v1:joint_control:38f11168edd2c608:periodic_customized:r11:s20260730,38f11168edd2c608,joint_control,fixed_high,reference,fixed_high,11,20260730,system_poisson,poisson_lifecycle_v1,poisson_profile_catalog,periodic_customized,customized,p12_g4_a64,prewarm,measured,measured,fixed,fixed_total,1.0,30f077b6e956d2e4,a9f113d17c0a9b50,f4bafd7cbf888eae,2fbd8cdb625c9aae,"{""algorithm"":""periodic_customized"",""alpha_l"":0.7,""alpha_r"":0.8,""availability_fraction"":0.5,""beta_l"":0.4,""beta_r"":0.5,""bootstrap_mode"":""prewarm"",""candidate_fixed_point_damping"":0.5,""candidate_fixed_point_max_iterations"":20,""candidate_fixed_point_relative_tolerance"":0.0001,""cloud_count"":1,""comparison_group"":""reference"",""comparison_method"":""fixed_high"",""control_mode"":""fixed"",""downtime_log_mean"":2.5,""downtime_log_sigma"":0.8,""edge_count"":5,""edge_link_factor"":2.0,""experiment_layer"":""system_poisson"",""fixed_online_budget_ms"":20.0,""fixed_planning_interval_slots"":5,""fixed_total_pool_budget"":40,""lambda_g"":0.7,""lambda_h"":0.7,""lambda_per_slot"":1.0,""max_deadline_ms"":1999.0,""min_deadline_ms"":500.0,""minimum_control_window_slots"":5,""minimum_replanning_interval_slots"":2,""name"":""fixed_high"",""online_budgets_ms"":[5.0,10.0,20.0],""online_timing_mode"":""measured"",""origin_group_count"":2,""plan_ttl_slots"":20,""planning_candidate_generator_mode"":""customized"",""planning_customized_archive_capacity"":64,""planning_customized_generations"":4,""planning_customized_population_size"":12,""planning_deadline_ms"":2000.0,""planning_intervals"":[5,10,20],""planning_runtime_ms"":100.0,""planning_sample_count"":20,""planning_timing_mode"":""measured"",""pool_budget_mode"":""fixed_total"",""profile_count"":2,""slot_count"":200,""slot_length_ms"":100.0,""suite"":""joint_control"",""total_pool_budgets"":[8,20,40],""uptime_scale"":100.0,""uptime_shape"":1.5,""user_count"":10,""workload_mode"":""poisson_profile_catalog""}",200,202,179,44,135,42,2,0,0,1,1.6139419400650978,589.7298096112146,0.8344232713641908,5183.8315085186605,24,16,4,0,0,33,12,20,19114.42233226262,958.7100815260783,5.355922243162449,10.339375003241003,4,3,0,2817,2390,0,427,213,184,85,130,22260733,prewarm,stability_delay_energy_v4,unified_fixed_point_v3,explicit_snapshot_v1,poisson_profile_catalog_v1,periodic_repository_v1,customized_periodic_pool_v1,empirical_window_beta_v1,slot_up_down_v1,fixed_service_time_v1,fixed_path_v1,full_duplex_shared_heat_v1,deployment_return_energy_v1,periodic_three_objective_v3,discrete_mpc_v1,grid_tkb_v1,arrival_risk_diversity_v1,budgeted_fixed_point_v1,regularized_surrogate_v1,goodput_cost_v1,0.24581005586592178,0.7541899441340782,0.2346368715083799,0.045454545454545456,0.0,2.0792079207920793,0.1340782122905028,0.0893854748603352,0.0223463687150838,0.0,0.0
system_poisson:poisson_lifecycle_v1:joint_control:38f11168edd2c608:periodic_customized:r12:s20260731,38f11168edd2c608,joint_control,fixed_high,reference,fixed_high,12,20260731,system_poisson,poisson_lifecycle_v1,poisson_profile_catalog,periodic_customized,customized,p12_g4_a64,prewarm,measured,measured,fixed,fixed_total,1.0,c8a1c19b9973aa96,c57247db4e0508db,72a5571d4331dbf4,5615e2a246665bbb,"{""algorithm"":""periodic_customized"",""alpha_l"":0.7,""alpha_r"":0.8,""availability_fraction"":0.5,""beta_l"":0.4,""beta_r"":0.5,""bootstrap_mode"":""prewarm"",""candidate_fixed_point_damping"":0.5,""candidate_fixed_point_max_iterations"":20,""candidate_fixed_point_relative_tolerance"":0.0001,""cloud_count"":1,""comparison_group"":""reference"",""comparison_method"":""fixed_high"",""control_mode"":""fixed"",""downtime_log_mean"":2.5,""downtime_log_sigma"":0.8,""edge_count"":5,""edge_link_factor"":2.0,""experiment_layer"":""system_poisson"",""fixed_online_budget_ms"":20.0,""fixed_planning_interval_slots"":5,""fixed_total_pool_budget"":40,""lambda_g"":0.7,""lambda_h"":0.7,""lambda_per_slot"":1.0,""max_deadline_ms"":1999.0,""min_deadline_ms"":500.0,""minimum_control_window_slots"":5,""minimum_replanning_interval_slots"":2,""name"":""fixed_high"",""online_budgets_ms"":[5.0,10.0,20.0],""online_timing_mode"":""measured"",""origin_group_count"":2,""plan_ttl_slots"":20,""planning_candidate_generator_mode"":""customized"",""planning_customized_archive_capacity"":64,""planning_customized_generations"":4,""planning_customized_population_size"":12,""planning_deadline_ms"":2000.0,""planning_intervals"":[5,10,20],""planning_runtime_ms"":100.0,""planning_sample_count"":20,""planning_timing_mode"":""measured"",""pool_budget_mode"":""fixed_total"",""profile_count"":2,""slot_count"":200,""slot_length_ms"":100.0,""suite"":""joint_control"",""total_pool_budgets"":[8,20,40],""uptime_scale"":100.0,""uptime_shape"":1.5,""user_count"":10,""workload_mode"":""poisson_profile_catalog""}",200,206,184,62,122,58,4,2,0,1,2.025311627716123,623.3402177621002,0.8335606950821111,7498.616608437798,28,15,19,0,0,33,22,10,18633.729749242775,1008.8695794111118,5.482986844625607,10.130083071999252,2,1,0,2518,2163,0,355,164,123,81,102,22260734,prewarm,stability_delay_energy_v4,unified_fixed_point_v3,explicit_snapshot_v1,poisson_profile_catalog_v1,periodic_repository_v1,customized_periodic_pool_v1,empirical_window_beta_v1,slot_up_down_v1,fixed_service_time_v1,fixed_path_v1,full_duplex_shared_heat_v1,deployment_return_energy_v1,periodic_three_objective_v3,discrete_mpc_v1,grid_tkb_v1,arrival_risk_diversity_v1,budgeted_fixed_point_v1,regularized_surrogate_v1,goodput_cost_v1,0.33695652173913043,0.6630434782608695,0.31521739130434784,0.06451612903225806,0.03225806451612903,2.815533980582524,0.15217391304347827,0.08152173913043478,0.10326086956521739,0.0,0.0
system_poisson:poisson_lifecycle_v1:joint_control:38f11168edd2c608:periodic_customized:r13:s20260732,38f11168edd2c608,joint_control,fixed_high,reference,fixed_high,13,20260732,system_poisson,poisson_lifecycle_v1,poisson_profile_catalog,periodic_customized,customized,p12_g4_a64,prewarm,measured,measured,fixed,fixed_total,1.0,2570004416ece14a,3e0c88c5a91c29b4,5e6617b3e9dde363,a897565254a74026,"{""algorithm"":""periodic_customized"",""alpha_l"":0.7,""alpha_r"":0.8,""availability_fraction"":0.5,""beta_l"":0.4,""beta_r"":0.5,""bootstrap_mode"":""prewarm"",""candidate_fixed_point_damping"":0.5,""candidate_fixed_point_max_iterations"":20,""candidate_fixed_point_relative_tolerance"":0.0001,""cloud_count"":1,""comparison_group"":""reference"",""comparison_method"":""fixed_high"",""control_mode"":""fixed"",""downtime_log_mean"":2.5,""downtime_log_sigma"":0.8,""edge_count"":5,""edge_link_factor"":2.0,""experiment_layer"":""system_poisson"",""fixed_online_budget_ms"":20.0,""fixed_planning_interval_slots"":5,""fixed_total_pool_budget"":40,""lambda_g"":0.7,""lambda_h"":0.7,""lambda_per_slot"":1.0,""max_deadline_ms"":1999.0,""min_deadline_ms"":500.0,""minimum_control_window_slots"":5,""minimum_replanning_interval_slots"":2,""name"":""fixed_high"",""online_budgets_ms"":[5.0,10.0,20.0],""online_timing_mode"":""measured"",""origin_group_count"":2,""plan_ttl_slots"":20,""planning_candidate_generator_mode"":""customized"",""planning_customized_archive_capacity"":64,""planning_customized_generations"":4,""planning_customized_population_size"":12,""planning_deadline_ms"":2000.0,""planning_intervals"":[5,10,20],""planning_runtime_ms"":100.0,""planning_sample_count"":20,""planning_timing_mode"":""measured"",""pool_budget_mode"":""fixed_total"",""profile_count"":2,""slot_count"":200,""slot_length_ms"":100.0,""suite"":""joint_control"",""total_pool_budgets"":[8,20,40],""uptime_scale"":100.0,""uptime_shape"":1.5,""user_count"":10,""workload_mode"":""poisson_profile_catalog""}",200,205,208,83,125,74,9,5,0,1,2.5158762357800817,614.7096086934787,0.8336761717399244,8415.28680017187,31,26,26,0,0,33,13,19,19314.345709281042,1172.6683290908113,5.637828505244285,10.772000066936016,1,0,0,2705,2060,0,645,248,182,72,144,22260735,prewarm,stability_delay_energy_v4,unified_fixed_point_v3,explicit_snapshot_v1,poisson_profile_catalog_v1,periodic_repository_v1,customized_periodic_pool_v1,empirical_window_beta_v1,slot_up_down_v1,fixed_service_time_v1,fixed_path_v1,full_duplex_shared_heat_v1,deployment_return_energy_v1,periodic_three_objective_v3,discrete_mpc_v1,grid_tkb_v1,arrival_risk_diversity_v1,budgeted_fixed_point_v1,regularized_surrogate_v1,goodput_cost_v1,0.39903846153846156,0.6009615384615384,0.3557692307692308,0.10843373493975904,0.060240963855421686,3.6097560975609757,0.14903846153846154,0.125,0.125,0.0,0.0
system_poisson:poisson_lifecycle_v1:joint_control:38f11168edd2c608:periodic_customized:r14:s20260733,38f11168edd2c608,joint_control,fixed_high,reference,fixed_high,14,20260733,system_poisson,poisson_lifecycle_v1,poisson_profile_catalog,periodic_customized,customized,p12_g4_a64,prewarm,measured,measured,fixed,fixed_total,1.0,e549ef942191509c,82b0c7769f30bf5e,5fa9f2d6b0764417,9238a84d7f53868e,"{""algorithm"":""periodic_customized"",""alpha_l"":0.7,""alpha_r"":0.8,""availability_fraction"":0.5,""beta_l"":0.4,""beta_r"":0.5,""bootstrap_mode"":""prewarm"",""candidate_fixed_point_damping"":0.5,""candidate_fixed_point_max_iterations"":20,""candidate_fixed_point_relative_tolerance"":0.0001,""cloud_count"":1,""comparison_group"":""reference"",""comparison_method"":""fixed_high"",""control_mode"":""fixed"",""downtime_log_mean"":2.5,""downtime_log_sigma"":0.8,""edge_count"":5,""edge_link_factor"":2.0,""experiment_layer"":""system_poisson"",""fixed_online_budget_ms"":20.0,""fixed_planning_interval_slots"":5,""fixed_total_pool_budget"":40,""lambda_g"":0.7,""lambda_h"":0.7,""lambda_per_slot"":1.0,""max_deadline_ms"":1999.0,""min_deadline_ms"":500.0,""minimum_control_window_slots"":5,""minimum_replanning_interval_slots"":2,""name"":""fixed_high"",""online_budgets_ms"":[5.0,10.0,20.0],""online_timing_mode"":""measured"",""origin_group_count"":2,""plan_ttl_slots"":20,""planning_candidate_generator_mode"":""customized"",""planning_customized_archive_capacity"":64,""planning_customized_generations"":4,""planning_customized_population_size"":12,""planning_deadline_ms"":2000.0,""planning_intervals"":[5,10,20],""planning_runtime_ms"":100.0,""planning_sample_count"":20,""planning_timing_mode"":""measured"",""pool_budget_mode"":""fixed_total"",""profile_count"":2,""slot_count"":200,""slot_length_ms"":100.0,""suite"":""joint_control"",""total_pool_budgets"":[8,20,40],""uptime_scale"":100.0,""uptime_shape"":1.5,""user_count"":10,""workload_mode"":""poisson_profile_catalog""}",200,207,202,73,129,68,5,1,0,1,2.3661427051180914,591.7392972843703,0.8189673207138786,5884.024043968019,23,31,19,0,0,38,18,19,17344.063418218866,1037.7943739295006,5.137595910542082,10.216332972049713,10,9,0,2821,2394,0,427,194,151,100,112,22260736,prewarm,stability_delay_energy_v4,unified_fixed_point_v3,explicit_snapshot_v1,poisson_profile_catalog_v1,periodic_repository_v1,customized_periodic_pool_v1,empirical_window_beta_v1,slot_up_down_v1,fixed_service_time_v1,fixed_path_v1,full_duplex_shared_heat_v1,deployment_return_energy_v1,periodic_three_objective_v3,discrete_mpc_v1,grid_tkb_v1,arrival_risk_diversity_v1,budgeted_fixed_point_v1,regularized_surrogate_v1,goodput_cost_v1,0.3613861386138614,0.6386138613861386,0.33663366336633666,0.0684931506849315,0.0136986301369863,3.285024154589372,0.11386138613861387,0.15346534653465346,0.09405940594059406,0.0,0.0
system_poisson:poisson_lifecycle_v1:joint_control:38f11168edd2c608:periodic_customized:r15:s20260734,38f11168edd2c608,joint_control,fixed_high,reference,fixed_high,15,20260734,system_poisson,poisson_lifecycle_v1,poisson_profile_catalog,periodic_customized,customized,p12_g4_a64,prewarm,measured,measured,fixed,fixed_total,1.0,9d81372cc2973096,868f2658ddad8015,1f9cdc4dfc70bd76,554a01216359253d,"{""algorithm"":""periodic_customized"",""alpha_l"":0.7,""alpha_r"":0.8,""availability_fraction"":0.5,""beta_l"":0.4,""beta_r"":0.5,""bootstrap_mode"":""prewarm"",""candidate_fixed_point_damping"":0.5,""candidate_fixed_point_max_iterations"":20,""candidate_fixed_point_relative_tolerance"":0.0001,""cloud_count"":1,""comparison_group"":""reference"",""comparison_method"":""fixed_high"",""control_mode"":""fixed"",""downtime_log_mean"":2.5,""downtime_log_sigma"":0.8,""edge_count"":5,""edge_link_factor"":2.0,""experiment_layer"":""system_poisson"",""fixed_online_budget_ms"":20.0,""fixed_planning_interval_slots"":5,""fixed_total_pool_budget"":40,""lambda_g"":0.7,""lambda_h"":0.7,""lambda_per_slot"":1.0,""max_deadline_ms"":1999.0,""min_deadline_ms"":500.0,""minimum_control_window_slots"":5,""minimum_replanning_interval_slots"":2,""name"":""fixed_high"",""online_budgets_ms"":[5.0,10.0,20.0],""online_timing_mode"":""measured"",""origin_group_count"":2,""plan_ttl_slots"":20,""planning_candidate_generator_mode"":""customized"",""planning_customized_archive_capacity"":64,""planning_customized_generations"":4,""planning_customized_population_size"":12,""planning_deadline_ms"":2000.0,""planning_intervals"":[5,10,20],""planning_runtime_ms"":100.0,""planning_sample_count"":20,""planning_timing_mode"":""measured"",""pool_budget_mode"":""fixed_total"",""profile_count"":2,""slot_count"":200,""slot_length_ms"":100.0,""suite"":""joint_control"",""total_pool_budgets"":[8,20,40],""uptime_scale"":100.0,""uptime_shape"":1.5,""user_count"":10,""workload_mode"":""poisson_profile_catalog""}",200,206,203,55,148,47,8,0,0,1,1.624498158534565,727.5632790459274,0.8367171888795863,5669.128273053251,22,15,18,0,0,39,14,24,16773.156671435572,1017.2312534414232,5.010991396263169,9.115666034631431,15,14,0,2958,2556,0,402,176,135,55,142,22260737,prewarm,stability_delay_energy_v4,unified_fixed_point_v3,explicit_snapshot_v1,poisson_profile_catalog_v1,periodic_repository_v1,customized_periodic_pool_v1,empirical_window_beta_v1,slot_up_down_v1,fixed_service_time_v1,fixed_path_v1,full_duplex_shared_heat_v1,deployment_return_energy_v1,periodic_three_objective_v3,discrete_mpc_v1,grid_tkb_v1,arrival_risk_diversity_v1,budgeted_fixed_point_v1,regularized_surrogate_v1,goodput_cost_v1,0.270935960591133,0.729064039408867,0.2315270935960591,0.14545454545454545,0.0,2.2815533980582523,0.10837438423645321,0.07389162561576355,0.08866995073891626,0.0,0.0
system_poisson:poisson_lifecycle_v1:joint_control:38f11168edd2c608:periodic_customized:r16:s20260735,38f11168edd2c608,joint_control,fixed_high,reference,fixed_high,16,20260735,system_poisson,poisson_lifecycle_v1,poisson_profile_catalog,periodic_customized,customized,p12_g4_a64,prewarm,measured,measured,fixed,fixed_total,1.0,c61c842e17f225e3,3da65bab6008a478,33b568baf37f075d,615e85118266de25,"{""algorithm"":""periodic_customized"",""alpha_l"":0.7,""alpha_r"":0.8,""availability_fraction"":0.5,""beta_l"":0.4,""beta_r"":0.5,""bootstrap_mode"":""prewarm"",""candidate_fixed_point_damping"":0.5,""candidate_fixed_point_max_iterations"":20,""candidate_fixed_point_relative_tolerance"":0.0001,""cloud_count"":1,""comparison_group"":""reference"",""comparison_method"":""fixed_high"",""control_mode"":""fixed"",""downtime_log_mean"":2.5,""downtime_log_sigma"":0.8,""edge_count"":5,""edge_link_factor"":2.0,""experiment_layer"":""system_poisson"",""fixed_online_budget_ms"":20.0,""fixed_planning_interval_slots"":5,""fixed_total_pool_budget"":40,""lambda_g"":0.7,""lambda_h"":0.7,""lambda_per_slot"":1.0,""max_deadline_ms"":1999.0,""min_deadline_ms"":500.0,""minimum_control_window_slots"":5,""minimum_replanning_interval_slots"":2,""name"":""fixed_high"",""online_budgets_ms"":[5.0,10.0,20.0],""online_timing_mode"":""measured"",""origin_group_count"":2,""plan_ttl_slots"":20,""planning_candidate_generator_mode"":""customized"",""planning_customized_archive_capacity"":64,""planning_customized_generations"":4,""planning_customized_population_size"":12,""planning_deadline_ms"":2000.0,""planning_intervals"":[5,10,20],""planning_runtime_ms"":100.0,""planning_sample_count"":20,""planning_timing_mode"":""measured"",""pool_budget_mode"":""fixed_total"",""profile_count"":2,""slot_count"":200,""slot_length_ms"":100.0,""suite"":""joint_control"",""total_pool_budgets"":[8,20,40],""uptime_scale"":100.0,""uptime_shape"":1.5,""user_count"":10,""workload_mode"":""poisson_profile_catalog""}",200,205,215,69,146,55,14,2,0,1,1.858377285324735,725.5306205866617,0.8544646908674458,7941.130460111924,23,12,34,0,0,36,14,21,18371.83150020428,1016.9549582060426,4.730023061423454,8.27512494288385,4,3,0,2693,2150,0,543,169,115,39,97,22260738,prewarm,stability_delay_energy_v4,unified_fixed_point_v3,explicit_snapshot_v1,poisson_profile_catalog_v1,periodic_repository_v1,customized_periodic_pool_v1,empirical_window_beta_v1,slot_up_down_v1,fixed_service_time_v1,fixed_path_v1,full_duplex_shared_heat_v1,deployment_return_energy_v1,periodic_three_objective_v3,discrete_mpc_v1,grid_tkb_v1,arrival_risk_diversity_v1,budgeted_fixed_point_v1,regularized_surrogate_v1,goodput_cost_v1,0.3209302325581395,0.6790697674418604,0.2558139534883721,0.2028985507246377,0.028985507246376812,2.682926829268293,0.10697674418604651,0.05581395348837209,0.15813953488372093,0.0,0.0
system_poisson:poisson_lifecycle_v1:joint_control:38f11168edd2c608:periodic_customized:r17:s20260736,38f11168edd2c608,joint_control,fixed_high,reference,fixed_high,17,20260736,system_poisson,poisson_lifecycle_v1,poisson_profile_catalog,periodic_customized,customized,p12_g4_a64,prewarm,measured,measured,fixed,fixed_total,1.0,a1e1594e7589a223,d9b518a32809412d,f1078707bd950772,6d1494c76aa00136,"{""algorithm"":""periodic_customized"",""alpha_l"":0.7,""alpha_r"":0.8,""availability_fraction"":0.5,""beta_l"":0.4,""beta_r"":0.5,""bootstrap_mode"":""prewarm"",""candidate_fixed_point_damping"":0.5,""candidate_fixed_point_max_iterations"":20,""candidate_fixed_point_relative_tolerance"":0.0001,""cloud_count"":1,""comparison_group"":""reference"",""comparison_method"":""fixed_high"",""control_mode"":""fixed"",""downtime_log_mean"":2.5,""downtime_log_sigma"":0.8,""edge_count"":5,""edge_link_factor"":2.0,""experiment_layer"":""system_poisson"",""fixed_online_budget_ms"":20.0,""fixed_planning_interval_slots"":5,""fixed_total_pool_budget"":40,""lambda_g"":0.7,""lambda_h"":0.7,""lambda_per_slot"":1.0,""max_deadline_ms"":1999.0,""min_deadline_ms"":500.0,""minimum_control_window_slots"":5,""minimum_replanning_interval_slots"":2,""name"":""fixed_high"",""online_budgets_ms"":[5.0,10.0,20.0],""online_timing_mode"":""measured"",""origin_group_count"":2,""plan_ttl_slots"":20,""planning_candidate_generator_mode"":""customized"",""planning_customized_archive_capacity"":64,""planning_customized_generations"":4,""planning_customized_population_size"":12,""planning_deadline_ms"":2000.0,""planning_intervals"":[5,10,20],""planning_runtime_ms"":100.0,""planning_sample_count"":20,""planning_timing_mode"":""measured"",""pool_budget_mode"":""fixed_total"",""profile_count"":2,""slot_count"":200,""slot_length_ms"":100.0,""suite"":""joint_control"",""total_pool_budgets"":[8,20,40],""uptime_scale"":100.0,""uptime_shape"":1.5,""user_count"":10,""workload_mode"":""poisson_profile_catalog""}",200,207,191,63,128,56,7,1,0,1,1.9504542212444425,683.6328473568497,0.8545396040307591,6486.373100720151,29,10,24,0,0,37,15,21,17266.491253045388,1137.6460057217628,5.956261810061585,11.216707993298769,11,10,0,2731,2249,0,482,162,110,58,106,22260739,prewarm,stability_delay_energy_v4,unified_fixed_point_v3,explicit_snapshot_v1,poisson_profile_catalog_v1,periodic_repository_v1,customized_periodic_pool_v1,empirical_window_beta_v1,slot_up_down_v1,fixed_service_time_v1,fixed_path_v1,full_duplex_shared_heat_v1,deployment_return_energy_v1,periodic_three_objective_v3,discrete_mpc_v1,grid_tkb_v1,arrival_risk_diversity_v1,budgeted_fixed_point_v1,regularized_surrogate_v1,goodput_cost_v1,0.3298429319371728,0.6701570680628273,0.2931937172774869,0.1111111111111111,0.015873015873015872,2.7053140096618358,0.1518324607329843,0.05235602094240838,0.1256544502617801,0.0,0.0
system_poisson:poisson_lifecycle_v1:joint_control:38f11168edd2c608:periodic_customized:r18:s20260737,38f11168edd2c608,joint_control,fixed_high,reference,fixed_high,18,20260737,system_poisson,poisson_lifecycle_v1,poisson_profile_catalog,periodic_customized,customized,p12_g4_a64,prewarm,measured,measured,fixed,fixed_total,1.0,2340d35db3923e87,6c6665153475ebe0,e91a6f9277c728f1,fb1a538d3c9d367a,"{""algorithm"":""periodic_customized"",""alpha_l"":0.7,""alpha_r"":0.8,""availability_fraction"":0.5,""beta_l"":0.4,""beta_r"":0.5,""bootstrap_mode"":""prewarm"",""candidate_fixed_point_damping"":0.5,""candidate_fixed_point_max_iterations"":20,""candidate_fixed_point_relative_tolerance"":0.0001,""cloud_count"":1,""comparison_group"":""reference"",""comparison_method"":""fixed_high"",""control_mode"":""fixed"",""downtime_log_mean"":2.5,""downtime_log_sigma"":0.8,""edge_count"":5,""edge_link_factor"":2.0,""experiment_layer"":""system_poisson"",""fixed_online_budget_ms"":20.0,""fixed_planning_interval_slots"":5,""fixed_total_pool_budget"":40,""lambda_g"":0.7,""lambda_h"":0.7,""lambda_per_slot"":1.0,""max_deadline_ms"":1999.0,""min_deadline_ms"":500.0,""minimum_control_window_slots"":5,""minimum_replanning_interval_slots"":2,""name"":""fixed_high"",""online_budgets_ms"":[5.0,10.0,20.0],""online_timing_mode"":""measured"",""origin_group_count"":2,""plan_ttl_slots"":20,""planning_candidate_generator_mode"":""customized"",""planning_customized_archive_capacity"":64,""planning_customized_generations"":4,""planning_customized_population_size"":12,""planning_deadline_ms"":2000.0,""planning_intervals"":[5,10,20],""planning_runtime_ms"":100.0,""planning_sample_count"":20,""planning_timing_mode"":""measured"",""pool_budget_mode"":""fixed_total"",""profile_count"":2,""slot_count"":200,""slot_length_ms"":100.0,""suite"":""joint_control"",""total_pool_budgets"":[8,20,40],""uptime_scale"":100.0,""uptime_shape"":1.5,""user_count"":10,""workload_mode"":""poisson_profile_catalog""}",200,200,177,79,98,74,5,0,0,1,2.8632868910898894,506.86058469630933,0.828605745564108,5032.31823413354,34,27,18,0,0,31,17,13,18846.079040085897,1351.114954915829,7.633417824383215,16.537624993361533,3,2,0,2528,1948,0,580,324,247,153,197,22260740,prewarm,stability_delay_energy_v4,unified_fixed_point_v3,explicit_snapshot_v1,poisson_profile_catalog_v1,periodic_repository_v1,customized_periodic_pool_v1,empirical_window_beta_v1,slot_up_down_v1,fixed_service_time_v1,fixed_path_v1,full_duplex_shared_heat_v1,deployment_return_energy_v1,periodic_three_objective_v3,discrete_mpc_v1,grid_tkb_v1,arrival_risk_diversity_v1,budgeted_fixed_point_v1,regularized_surrogate_v1,goodput_cost_v1,0.4463276836158192,0.5536723163841808,0.4180790960451977,0.06329113924050633,0.0,3.7,0.192090395480226,0.15254237288135594,0.1016949152542373,0.0,0.0
system_poisson:poisson_lifecycle_v1:joint_control:38f11168edd2c608:periodic_customized:r19:s20260738,38f11168edd2c608,joint_control,fixed_high,reference,fixed_high,19,20260738,system_poisson,poisson_lifecycle_v1,poisson_profile_catalog,periodic_customized,customized,p12_g4_a64,prewarm,measured,measured,fixed,fixed_total,1.0,2f8cac81e28c6822,342fe7b24aabf9c9,bca0f53820c0230d,a5b68c6f808e683d,"{""algorithm"":""periodic_customized"",""alpha_l"":0.7,""alpha_r"":0.8,""availability_fraction"":0.5,""beta_l"":0.4,""beta_r"":0.5,""bootstrap_mode"":""prewarm"",""candidate_fixed_point_damping"":0.5,""candidate_fixed_point_max_iterations"":20,""candidate_fixed_point_relative_tolerance"":0.0001,""cloud_count"":1,""comparison_group"":""reference"",""comparison_method"":""fixed_high"",""control_mode"":""fixed"",""downtime_log_mean"":2.5,""downtime_log_sigma"":0.8,""edge_count"":5,""edge_link_factor"":2.0,""experiment_layer"":""system_poisson"",""fixed_online_budget_ms"":20.0,""fixed_planning_interval_slots"":5,""fixed_total_pool_budget"":40,""lambda_g"":0.7,""lambda_h"":0.7,""lambda_per_slot"":1.0,""max_deadline_ms"":1999.0,""min_deadline_ms"":500.0,""minimum_control_window_slots"":5,""minimum_replanning_interval_slots"":2,""name"":""fixed_high"",""online_budgets_ms"":[5.0,10.0,20.0],""online_timing_mode"":""measured"",""origin_group_count"":2,""plan_ttl_slots"":20,""planning_candidate_generator_mode"":""customized"",""planning_customized_archive_capacity"":64,""planning_customized_generations"":4,""planning_customized_population_size"":12,""planning_deadline_ms"":2000.0,""planning_intervals"":[5,10,20],""planning_runtime_ms"":100.0,""planning_sample_count"":20,""planning_timing_mode"":""measured"",""pool_budget_mode"":""fixed_total"",""profile_count"":2,""slot_count"":200,""slot_length_ms"":100.0,""suite"":""joint_control"",""total_pool_budgets"":[8,20,40],""uptime_scale"":100.0,""uptime_shape"":1.5,""user_count"":10,""workload_mode"":""poisson_profile_catalog""}",200,204,180,38,142,31,7,1,0,1,1.0391516061775015,758.4457701886798,0.8349247309021092,6873.691635083852,17,7,14,0,0,33,16,16,18596.38433274813,1035.3732469957322,5.752073594420734,11.621000012382865,5,4,0,2492,2243,0,249,96,75,42,58,22260741,prewarm,stability_delay_energy_v4,unified_fixed_point_v3,explicit_snapshot_v1,poisson_profile_catalog_v1,periodic_repository_v1,customized_periodic_pool_v1,empirical_window_beta_v1,slot_up_down_v1,fixed_service_time_v1,fixed_path_v1,full_duplex_shared_heat_v1,deployment_return_energy_v1,periodic_three_objective_v3,discrete_mpc_v1,grid_tkb_v1,arrival_risk_diversity_v1,budgeted_fixed_point_v1,regularized_surrogate_v1,goodput_cost_v1,0.2111111111111111,0.7888888888888889,0.17222222222222222,0.18421052631578946,0.02631578947368421,1.519607843137255,0.09444444444444444,0.03888888888888889,0.07777777777777778,0.0,0.0
system_poisson:poisson_lifecycle_v1:joint_control:e525b89486e99f88:periodic_customized:r0:s20260719,e525b89486e99f88,joint_control,rule_based,reference,rule_based,0,20260719,system_poisson,poisson_lifecycle_v1,poisson_profile_catalog,periodic_customized,customized,p12_g4_a64,prewarm,measured,measured,rule_based,fixed_total,1.0,6d295842eb0296d0,fca0df0e76e8aea8,68e477ed3df2fad8,c3ade63673949cb4,"{""algorithm"":""periodic_customized"",""alpha_l"":0.7,""alpha_r"":0.8,""availability_fraction"":0.5,""beta_l"":0.4,""beta_r"":0.5,""bootstrap_mode"":""prewarm"",""candidate_fixed_point_damping"":0.5,""candidate_fixed_point_max_iterations"":20,""candidate_fixed_point_relative_tolerance"":0.0001,""cloud_count"":1,""comparison_group"":""reference"",""comparison_method"":""rule_based"",""control_mode"":""rule_based"",""downtime_log_mean"":2.5,""downtime_log_sigma"":0.8,""edge_count"":5,""edge_link_factor"":2.0,""experiment_layer"":""system_poisson"",""fixed_online_budget_ms"":10.0,""fixed_planning_interval_slots"":10,""fixed_total_pool_budget"":20,""lambda_g"":0.7,""lambda_h"":0.7,""lambda_per_slot"":1.0,""max_deadline_ms"":1999.0,""min_deadline_ms"":500.0,""minimum_control_window_slots"":5,""minimum_replanning_interval_slots"":2,""name"":""rule_based"",""online_budgets_ms"":[5.0,10.0,20.0],""online_timing_mode"":""measured"",""origin_group_count"":2,""plan_ttl_slots"":20,""planning_candidate_generator_mode"":""customized"",""planning_customized_archive_capacity"":64,""planning_customized_generations"":4,""planning_customized_population_size"":12,""planning_deadline_ms"":2000.0,""planning_intervals"":[5,10,20],""planning_runtime_ms"":100.0,""planning_sample_count"":20,""planning_timing_mode"":""measured"",""pool_budget_mode"":""fixed_total"",""profile_count"":2,""slot_count"":200,""slot_length_ms"":100.0,""suite"":""joint_control"",""total_pool_budgets"":[8,20,40],""uptime_scale"":100.0,""uptime_shape"":1.5,""user_count"":10,""workload_mode"":""poisson_profile_catalog""}",200,200,191,47,144,40,7,1,0,1,1.416997034336114,706.4865448362455,0.8720427228562135,4352.176274164369,23,12,12,0,0,40,19,20,16625.309915980324,900.3985889721662,4.7141287380741685,10.18883299548179,14,13,13,2781,2496,0,285,126,103,58,88,22260722,prewarm,stability_delay_energy_v4,unified_fixed_point_v3,explicit_snapshot_v1,poisson_profile_catalog_v1,periodic_repository_v1,customized_periodic_pool_v1,empirical_window_beta_v1,slot_up_down_v1,fixed_service_time_v1,fixed_path_v1,full_duplex_shared_heat_v1,deployment_return_energy_v1,periodic_three_objective_v3,discrete_mpc_v1,grid_tkb_v1,arrival_risk_diversity_v1,budgeted_fixed_point_v1,regularized_surrogate_v1,goodput_cost_v1,0.24607329842931938,0.7539267015706806,0.2094240837696335,0.14893617021276595,0.02127659574468085,2.0,0.12041884816753927,0.06282722513089005,0.06282722513089005,0.0,0.0
system_poisson:poisson_lifecycle_v1:joint_control:e525b89486e99f88:periodic_customized:r1:s20260720,e525b89486e99f88,joint_control,rule_based,reference,rule_based,1,20260720,system_poisson,poisson_lifecycle_v1,poisson_profile_catalog,periodic_customized,customized,p12_g4_a64,prewarm,measured,measured,rule_based,fixed_total,1.0,a4f53f5438a025fd,a0ac5e6d1accb3ff,b090fbef89e23494,4948b9b559ca3dae,"{""algorithm"":""periodic_customized"",""alpha_l"":0.7,""alpha_r"":0.8,""availability_fraction"":0.5,""beta_l"":0.4,""beta_r"":0.5,""bootstrap_mode"":""prewarm"",""candidate_fixed_point_damping"":0.5,""candidate_fixed_point_max_iterations"":20,""candidate_fixed_point_relative_tolerance"":0.0001,""cloud_count"":1,""comparison_group"":""reference"",""comparison_method"":""rule_based"",""control_mode"":""rule_based"",""downtime_log_mean"":2.5,""downtime_log_sigma"":0.8,""edge_count"":5,""edge_link_factor"":2.0,""experiment_layer"":""system_poisson"",""fixed_online_budget_ms"":10.0,""fixed_planning_interval_slots"":10,""fixed_total_pool_budget"":20,""lambda_g"":0.7,""lambda_h"":0.7,""lambda_per_slot"":1.0,""max_deadline_ms"":1999.0,""min_deadline_ms"":500.0,""minimum_control_window_slots"":5,""minimum_replanning_interval_slots"":2,""name"":""rule_based"",""online_budgets_ms"":[5.0,10.0,20.0],""online_timing_mode"":""measured"",""origin_group_count"":2,""plan_ttl_slots"":20,""planning_candidate_generator_mode"":""customized"",""planning_customized_archive_capacity"":64,""planning_customized_generations"":4,""planning_customized_population_size"":12,""planning_deadline_ms"":2000.0,""planning_intervals"":[5,10,20],""planning_runtime_ms"":100.0,""planning_sample_count"":20,""planning_timing_mode"":""measured"",""pool_budget_mode"":""fixed_total"",""profile_count"":2,""slot_count"":200,""slot_length_ms"":100.0,""suite"":""joint_control"",""total_pool_budgets"":[8,20,40],""uptime_scale"":100.0,""uptime_shape"":1.5,""user_count"":10,""workload_mode"":""poisson_profile_catalog""}",200,205,209,63,146,56,7,1,0,1,1.9287327280650937,665.7414246535111,0.8243058310984515,7086.348306725749,27,13,23,0,0,37,17,19,17012.287208577618,975.962957367301,4.669679221853115,8.096624980680645,12,11,10,2737,2219,0,518,155,95,52,69,22260723,prewarm,stability_delay_energy_v4,unified_fixed_point_v3,explicit_snapshot_v1,poisson_profile_catalog_v1,periodic_repository_v1,customized_periodic_pool_v1,empirical_window_beta_v1,slot_up_down_v1,fixed_service_time_v1,fixed_path_v1,full_duplex_shared_heat_v1,deployment_return_energy_v1,periodic_three_objective_v3,discrete_mpc_v1,grid_tkb_v1,arrival_risk_diversity_v1,budgeted_fixed_point_v1,regularized_surrogate_v1,goodput_cost_v1,0.3014354066985646,0.6985645933014354,0.2679425837320574,0.1111111111111111,0.015873015873015872,2.731707317073171,0.1291866028708134,0.06220095693779904,0.11004784688995216,0.0,0.0
system_poisson:poisson_lifecycle_v1:joint_control:e525b89486e99f88:periodic_customized:r2:s20260721,e525b89486e99f88,joint_control,rule_based,reference,rule_based,2,20260721,system_poisson,poisson_lifecycle_v1,poisson_profile_catalog,periodic_customized,customized,p12_g4_a64,prewarm,measured,measured,rule_based,fixed_total,1.0,e1936cba343be935,938f95453f2442e2,b1b7f5bba0248714,b3c97759fa661993,"{""algorithm"":""periodic_customized"",""alpha_l"":0.7,""alpha_r"":0.8,""availability_fraction"":0.5,""beta_l"":0.4,""beta_r"":0.5,""bootstrap_mode"":""prewarm"",""candidate_fixed_point_damping"":0.5,""candidate_fixed_point_max_iterations"":20,""candidate_fixed_point_relative_tolerance"":0.0001,""cloud_count"":1,""comparison_group"":""reference"",""comparison_method"":""rule_based"",""control_mode"":""rule_based"",""downtime_log_mean"":2.5,""downtime_log_sigma"":0.8,""edge_count"":5,""edge_link_factor"":2.0,""experiment_layer"":""system_poisson"",""fixed_online_budget_ms"":10.0,""fixed_planning_interval_slots"":10,""fixed_total_pool_budget"":20,""lambda_g"":0.7,""lambda_h"":0.7,""lambda_per_slot"":1.0,""max_deadline_ms"":1999.0,""min_deadline_ms"":500.0,""minimum_control_window_slots"":5,""minimum_replanning_interval_slots"":2,""name"":""rule_based"",""online_budgets_ms"":[5.0,10.0,20.0],""online_timing_mode"":""measured"",""origin_group_count"":2,""plan_ttl_slots"":20,""planning_candidate_generator_mode"":""customized"",""planning_customized_archive_capacity"":64,""planning_customized_generations"":4,""planning_customized_population_size"":12,""planning_deadline_ms"":2000.0,""planning_intervals"":[5,10,20],""planning_runtime_ms"":100.0,""planning_sample_count"":20,""planning_timing_mode"":""measured"",""pool_budget_mode"":""fixed_total"",""profile_count"":2,""slot_count"":200,""slot_length_ms"":100.0,""suite"":""joint_control"",""total_pool_budgets"":[8,20,40],""uptime_scale"":100.0,""uptime_shape"":1.5,""user_count"":10,""workload_mode"":""poisson_profile_catalog""}",200,211,211,80,131,74,6,1,0,1,2.656937396828192,540.6207091699978,0.8215166351623836,5461.562763577669,30,36,14,0,0,35,16,18,18777.247252175584,1310.2432111045346,6.209683464950401,12.790875043720007,4,3,3,2851,2245,0,606,263,205,158,194,22260724,prewarm,stability_delay_energy_v4,unified_fixed_point_v3,explicit_snapshot_v1,poisson_profile_catalog_v1,periodic_repository_v1,customized_periodic_pool_v1,empirical_window_beta_v1,slot_up_down_v1,fixed_service_time_v1,fixed_path_v1,full_duplex_shared_heat_v1,deployment_return_energy_v1,periodic_three_objective_v3,discrete_mpc_v1,grid_tkb_v1,arrival_risk_diversity_v1,budgeted_fixed_point_v1,regularized_surrogate_v1,goodput_cost_v1,0.3791469194312796,0.6208530805687204,0.35071090047393366,0.075,0.0125,3.5071090047393363,0.14218009478672985,0.17061611374407584,0.06635071090047394,0.0,0.0
system_poisson:poisson_lifecycle_v1:joint_control:e525b89486e99f88:periodic_customized:r3:s20260722,e525b89486e99f88,joint_control,rule_based,reference,rule_based,3,20260722,system_poisson,poisson_lifecycle_v1,poisson_profile_catalog,periodic_customized,customized,p12_g4_a64,prewarm,measured,measured,rule_based,fixed_total,1.0,cad518de228dec43,e2c448830ab998d5,5b89c04953d23a62,a8d64a668c29fff0,"{""algorithm"":""periodic_customized"",""alpha_l"":0.7,""alpha_r"":0.8,""availability_fraction"":0.5,""beta_l"":0.4,""beta_r"":0.5,""bootstrap_mode"":""prewarm"",""candidate_fixed_point_damping"":0.5,""candidate_fixed_point_max_iterations"":20,""candidate_fixed_point_relative_tolerance"":0.0001,""cloud_count"":1,""comparison_group"":""reference"",""comparison_method"":""rule_based"",""control_mode"":""rule_based"",""downtime_log_mean"":2.5,""downtime_log_sigma"":0.8,""edge_count"":5,""edge_link_factor"":2.0,""experiment_layer"":""system_poisson"",""fixed_online_budget_ms"":10.0,""fixed_planning_interval_slots"":10,""fixed_total_pool_budget"":20,""lambda_g"":0.7,""lambda_h"":0.7,""lambda_per_slot"":1.0,""max_deadline_ms"":1999.0,""min_deadline_ms"":500.0,""minimum_control_window_slots"":5,""minimum_replanning_interval_slots"":2,""name"":""rule_based"",""online_budgets_ms"":[5.0,10.0,20.0],""online_timing_mode"":""measured"",""origin_group_count"":2,""plan_ttl_slots"":20,""planning_candidate_generator_mode"":""customized"",""planning_customized_archive_capacity"":64,""planning_customized_generations"":4,""planning_customized_population_size"":12,""planning_deadline_ms"":2000.0,""planning_intervals"":[5,10,20],""planning_runtime_ms"":100.0,""planning_sample_count"":20,""planning_timing_mode"":""measured"",""pool_budget_mode"":""fixed_total"",""profile_count"":2,""slot_count"":200,""slot_length_ms"":100.0,""suite"":""joint_control"",""total_pool_budgets"":[8,20,40],""uptime_scale"":100.0,""uptime_shape"":1.5,""user_count"":10,""workload_mode"":""poisson_profile_catalog""}",200,200,210,69,141,61,8,2,0,1,2.1434195931763407,615.0394356632853,0.8481976293837759,6169.321012728057,35,11,23,0,0,38,19,18,18236.17046175059,1124.7914595296606,5.3561498072840985,11.728959041647613,9,8,8,3060,2525,0,535,230,146,82,123,22260725,prewarm,stability_delay_energy_v4,unified_fixed_point_v3,explicit_snapshot_v1,poisson_profile_catalog_v1,periodic_repository_v1,customized_periodic_pool_v1,empirical_window_beta_v1,slot_up_down_v1,fixed_service_time_v1,fixed_path_v1,full_duplex_shared_heat_v1,deployment_return_energy_v1,periodic_three_objective_v3,discrete_mpc_v1,grid_tkb_v1,arrival_risk_diversity_v1,budgeted_fixed_point_v1,regularized_surrogate_v1,goodput_cost_v1,0.32857142857142857,0.6714285714285714,0.2904761904761905,0.11594202898550725,0.028985507246376812,3.05,0.16666666666666666,0.05238095238095238,0.10952380952380952,0.0,0.0
system_poisson:poisson_lifecycle_v1:joint_control:e525b89486e99f88:periodic_customized:r4:s20260723,e525b89486e99f88,joint_control,rule_based,reference,rule_based,4,20260723,system_poisson,poisson_lifecycle_v1,poisson_profile_catalog,periodic_customized,customized,p12_g4_a64,prewarm,measured,measured,rule_based,fixed_total,1.0,85e4775618fc9271,04cc006508118ace,6d76626369b7dc47,7df8c4f9894fbd11,"{""algorithm"":""periodic_customized"",""alpha_l"":0.7,""alpha_r"":0.8,""availability_fraction"":0.5,""beta_l"":0.4,""beta_r"":0.5,""bootstrap_mode"":""prewarm"",""candidate_fixed_point_damping"":0.5,""candidate_fixed_point_max_iterations"":20,""candidate_fixed_point_relative_tolerance"":0.0001,""cloud_count"":1,""comparison_group"":""reference"",""comparison_method"":""rule_based"",""control_mode"":""rule_based"",""downtime_log_mean"":2.5,""downtime_log_sigma"":0.8,""edge_count"":5,""edge_link_factor"":2.0,""experiment_layer"":""system_poisson"",""fixed_online_budget_ms"":10.0,""fixed_planning_interval_slots"":10,""fixed_total_pool_budget"":20,""lambda_g"":0.7,""lambda_h"":0.7,""lambda_per_slot"":1.0,""max_deadline_ms"":1999.0,""min_deadline_ms"":500.0,""minimum_control_window_slots"":5,""minimum_replanning_interval_slots"":2,""name"":""rule_based"",""online_budgets_ms"":[5.0,10.0,20.0],""online_timing_mode"":""measured"",""origin_group_count"":2,""plan_ttl_slots"":20,""planning_candidate_generator_mode"":""customized"",""planning_customized_archive_capacity"":64,""planning_customized_generations"":4,""planning_customized_population_size"":12,""planning_deadline_ms"":2000.0,""planning_intervals"":[5,10,20],""planning_runtime_ms"":100.0,""planning_sample_count"":20,""planning_timing_mode"":""measured"",""pool_budget_mode"":""fixed_total"",""profile_count"":2,""slot_count"":200,""slot_length_ms"":100.0,""suite"":""joint_control"",""total_pool_budgets"":[8,20,40],""uptime_scale"":100.0,""uptime_shape"":1.5,""user_count"":10,""workload_mode"":""poisson_profile_catalog""}",200,203,206,61,145,58,3,0,0,1,2.1786266257512428,604.3242828985825,0.8404291462390403,6873.824065807778,27,16,18,0,0,36,21,14,17533.91762881074,1141.4638658752665,5.541086727549837,11.012875009328127,9,8,8,2801,2331,0,470,222,152,96,117,22260726,prewarm,stability_delay_energy_v4,unified_fixed_point_v3,explicit_snapshot_v1,poisson_profile_catalog_v1,periodic_repository_v1,customized_periodic_pool_v1,empirical_window_beta_v1,slot_up_down_v1,fixed_service_time_v1,fixed_path_v1,full_duplex_shared_heat_v1,deployment_return_energy_v1,periodic_three_objective_v3,discrete_mpc_v1,grid_tkb_v1,arrival_risk_diversity_v1,budgeted_fixed_point_v1,regularized_surrogate_v1,goodput_cost_v1,0.2961165048543689,0.7038834951456311,0.2815533980582524,0.04918032786885246,0.0,2.857142857142857,0.13106796116504854,0.07766990291262135,0.08737864077669903,0.0,0.0
system_poisson:poisson_lifecycle_v1:joint_control:e525b89486e99f88:periodic_customized:r5:s20260724,e525b89486e99f88,joint_control,rule_based,reference,rule_based,5,20260724,system_poisson,poisson_lifecycle_v1,poisson_profile_catalog,periodic_customized,customized,p12_g4_a64,prewarm,measured,measured,rule_based,fixed_total,1.0,d24fe9836276a23a,5f88dfc591596c91,8236ef19df927245,c61766e5adeaf7a9,"{""algorithm"":""periodic_customized"",""alpha_l"":0.7,""alpha_r"":0.8,""availability_fraction"":0.5,""beta_l"":0.4,""beta_r"":0.5,""bootstrap_mode"":""prewarm"",""candidate_fixed_point_damping"":0.5,""candidate_fixed_point_max_iterations"":20,""candidate_fixed_point_relative_tolerance"":0.0001,""cloud_count"":1,""comparison_group"":""reference"",""comparison_method"":""rule_based"",""control_mode"":""rule_based"",""downtime_log_mean"":2.5,""downtime_log_sigma"":0.8,""edge_count"":5,""edge_link_factor"":2.0,""experiment_layer"":""system_poisson"",""fixed_online_budget_ms"":10.0,""fixed_planning_interval_slots"":10,""fixed_total_pool_budget"":20,""lambda_g"":0.7,""lambda_h"":0.7,""lambda_per_slot"":1.0,""max_deadline_ms"":1999.0,""min_deadline_ms"":500.0,""minimum_control_window_slots"":5,""minimum_replanning_interval_slots"":2,""name"":""rule_based"",""online_budgets_ms"":[5.0,10.0,20.0],""online_timing_mode"":""measured"",""origin_group_count"":2,""plan_ttl_slots"":20,""planning_candidate_generator_mode"":""customized"",""planning_customized_archive_capacity"":64,""planning_customized_generations"":4,""planning_customized_population_size"":12,""planning_deadline_ms"":2000.0,""planning_intervals"":[5,10,20],""planning_runtime_ms"":100.0,""planning_sample_count"":20,""planning_timing_mode"":""measured"",""pool_budget_mode"":""fixed_total"",""profile_count"":2,""slot_count"":200,""slot_length_ms"":100.0,""suite"":""joint_control"",""total_pool_budgets"":[8,20,40],""uptime_scale"":100.0,""uptime_shape"":1.5,""user_count"":10,""workload_mode"":""poisson_profile_catalog""}",200,203,196,59,137,51,8,2,0,1,1.7840848052392837,547.8871974204461,0.8321964918868892,4314.188930777838,41,5,13,0,0,41,24,16,16378.380539244972,876.8157908925787,4.473549953533564,8.97916592657566,17,16,16,3017,2841,0,176,119,108,109,70,22260727,prewarm,stability_delay_energy_v4,unified_fixed_point_v3,explicit_snapshot_v1,poisson_profile_catalog_v1,periodic_repository_v1,customized_periodic_pool_v1,empirical_window_beta_v1,slot_up_down_v1,fixed_service_time_v1,fixed_path_v1,full_duplex_shared_heat_v1,deployment_return_energy_v1,periodic_three_objective_v3,discrete_mpc_v1,grid_tkb_v1,arrival_risk_diversity_v1,budgeted_fixed_point_v1,regularized_surrogate_v1,goodput_cost_v1,0.3010204081632653,0.6989795918367347,0.2602040816326531,0.13559322033898305,0.03389830508474576,2.5123152709359604,0.20918367346938777,0.025510204081632654,0.0663265306122449,0.0,0.0
system_poisson:poisson_lifecycle_v1:joint_control:e525b89486e99f88:periodic_customized:r6:s20260725,e525b89486e99f88,joint_control,rule_based,reference,rule_based,6,20260725,system_poisson,poisson_lifecycle_v1,poisson_profile_catalog,periodic_customized,customized,p12_g4_a64,prewarm,measured,measured,rule_based,fixed_total,1.0,26abbdd9b75bc615,fc04fea1c464df4f,315f55f80c124787,b0aa21bae96916c6,"{""algorithm"":""periodic_customized"",""alpha_l"":0.7,""alpha_r"":0.8,""availability_fraction"":0.5,""beta_l"":0.4,""beta_r"":0.5,""bootstrap_mode"":""prewarm"",""candidate_fixed_point_damping"":0.5,""candidate_fixed_point_max_iterations"":20,""candidate_fixed_point_relative_tolerance"":0.0001,""cloud_count"":1,""comparison_group"":""reference"",""comparison_method"":""rule_based"",""control_mode"":""rule_based"",""downtime_log_mean"":2.5,""downtime_log_sigma"":0.8,""edge_count"":5,""edge_link_factor"":2.0,""experiment_layer"":""system_poisson"",""fixed_online_budget_ms"":10.0,""fixed_planning_interval_slots"":10,""fixed_total_pool_budget"":20,""lambda_g"":0.7,""lambda_h"":0.7,""lambda_per_slot"":1.0,""max_deadline_ms"":1999.0,""min_deadline_ms"":500.0,""minimum_control_window_slots"":5,""minimum_replanning_interval_slots"":2,""name"":""rule_based"",""online_budgets_ms"":[5.0,10.0,20.0],""online_timing_mode"":""measured"",""origin_group_count"":2,""plan_ttl_slots"":20,""planning_candidate_generator_mode"":""customized"",""planning_customized_archive_capacity"":64,""planning_customized_generations"":4,""planning_customized_population_size"":12,""planning_deadline_ms"":2000.0,""planning_intervals"":[5,10,20],""planning_runtime_ms"":100.0,""planning_sample_count"":20,""planning_timing_mode"":""measured"",""pool_budget_mode"":""fixed_total"",""profile_count"":2,""slot_count"":200,""slot_length_ms"":100.0,""suite"":""joint_control"",""total_pool_budgets"":[8,20,40],""uptime_scale"":100.0,""uptime_shape"":1.5,""user_count"":10,""workload_mode"":""poisson_profile_catalog""}",200,209,183,58,125,53,5,0,0,1,1.931856236760243,602.4848510020804,0.853840305799871,5326.548362451375,23,22,13,0,0,40,14,25,16495.207751984708,860.4608294554055,4.7019717456579535,10.600499925203621,14,13,13,2960,2640,0,320,121,100,89,81,22260728,prewarm,stability_delay_energy_v4,unified_fixed_point_v3,explicit_snapshot_v1,poisson_profile_catalog_v1,periodic_repository_v1,customized_periodic_pool_v1,empirical_window_beta_v1,slot_up_down_v1,fixed_service_time_v1,fixed_path_v1,full_duplex_shared_heat_v1,deployment_return_energy_v1,periodic_three_objective_v3,discrete_mpc_v1,grid_tkb_v1,arrival_risk_diversity_v1,budgeted_fixed_point_v1,regularized_surrogate_v1,goodput_cost_v1,0.31693989071038253,0.6830601092896175,0.2896174863387978,0.08620689655172414,0.0,2.535885167464115,0.12568306010928962,0.12021857923497267,0.07103825136612021,0.0,0.0
system_poisson:poisson_lifecycle_v1:joint_control:e525b89486e99f88:periodic_customized:r7:s20260726,e525b89486e99f88,joint_control,rule_based,reference,rule_based,7,20260726,system_poisson,poisson_lifecycle_v1,poisson_profile_catalog,periodic_customized,customized,p12_g4_a64,prewarm,measured,measured,rule_based,fixed_total,1.0,cfb348bc73ed6b08,6c2f0ddd78fdc176,45d9b67b7d7e2742,5d8d75c05ac19d95,"{""algorithm"":""periodic_customized"",""alpha_l"":0.7,""alpha_r"":0.8,""availability_fraction"":0.5,""beta_l"":0.4,""beta_r"":0.5,""bootstrap_mode"":""prewarm"",""candidate_fixed_point_damping"":0.5,""candidate_fixed_point_max_iterations"":20,""candidate_fixed_point_relative_tolerance"":0.0001,""cloud_count"":1,""comparison_group"":""reference"",""comparison_method"":""rule_based"",""control_mode"":""rule_based"",""downtime_log_mean"":2.5,""downtime_log_sigma"":0.8,""edge_count"":5,""edge_link_factor"":2.0,""experiment_layer"":""system_poisson"",""fixed_online_budget_ms"":10.0,""fixed_planning_interval_slots"":10,""fixed_total_pool_budget"":20,""lambda_g"":0.7,""lambda_h"":0.7,""lambda_per_slot"":1.0,""max_deadline_ms"":1999.0,""min_deadline_ms"":500.0,""minimum_control_window_slots"":5,""minimum_replanning_interval_slots"":2,""name"":""rule_based"",""online_budgets_ms"":[5.0,10.0,20.0],""online_timing_mode"":""measured"",""origin_group_count"":2,""plan_ttl_slots"":20,""planning_candidate_generator_mode"":""customized"",""planning_customized_archive_capacity"":64,""planning_customized_generations"":4,""planning_customized_population_size"":12,""planning_deadline_ms"":2000.0,""planning_intervals"":[5,10,20],""planning_runtime_ms"":100.0,""planning_sample_count"":20,""planning_timing_mode"":""measured"",""pool_budget_mode"":""fixed_total"",""profile_count"":2,""slot_count"":200,""slot_length_ms"":100.0,""suite"":""joint_control"",""total_pool_budgets"":[8,20,40],""uptime_scale"":100.0,""uptime_shape"":1.5,""user_count"":10,""workload_mode"":""poisson_profile_catalog""}",200,209,190,49,141,47,2,0,0,1,1.5892132444284328,794.4384287757614,0.8260828674961447,6975.247591452513,23,7,19,0,0,35,13,21,18852.293873904273,1036.3729178206995,5.454594304319471,11.155124986544251,6,5,5,2571,2244,0,327,130,102,42,76,22260729,prewarm,stability_delay_energy_v4,unified_fixed_point_v3,explicit_snapshot_v1,poisson_profile_catalog_v1,periodic_repository_v1,customized_periodic_pool_v1,empirical_window_beta_v1,slot_up_down_v1,fixed_service_time_v1,fixed_path_v1,full_duplex_shared_heat_v1,deployment_return_energy_v1,periodic_three_objective_v3,discrete_mpc_v1,grid_tkb_v1,arrival_risk_diversity_v1,budgeted_fixed_point_v1,regularized_surrogate_v1,goodput_cost_v1,0.2578947368421053,0.7421052631578947,0.24736842105263157,0.04081632653061224,0.0,2.248803827751196,0.12105263157894737,0.03684210526315789,0.1,0.0,0.0
system_poisson:poisson_lifecycle_v1:joint_control:e525b89486e99f88:periodic_customized:r8:s20260727,e525b89486e99f88,joint_control,rule_based,reference,rule_based,8,20260727,system_poisson,poisson_lifecycle_v1,poisson_profile_catalog,periodic_customized,customized,p12_g4_a64,prewarm,measured,measured,rule_based,fixed_total,1.0,77262aef7c650c15,adddb8a44db4224c,5ef7f7f709b227ab,5f427e7b1456da70,"{""algorithm"":""periodic_customized"",""alpha_l"":0.7,""alpha_r"":0.8,""availability_fraction"":0.5,""beta_l"":0.4,""beta_r"":0.5,""bootstrap_mode"":""prewarm"",""candidate_fixed_point_damping"":0.5,""candidate_fixed_point_max_iterations"":20,""candidate_fixed_point_relative_tolerance"":0.0001,""cloud_count"":1,""comparison_group"":""reference"",""comparison_method"":""rule_based"",""control_mode"":""rule_based"",""downtime_log_mean"":2.5,""downtime_log_sigma"":0.8,""edge_count"":5,""edge_link_factor"":2.0,""experiment_layer"":""system_poisson"",""fixed_online_budget_ms"":10.0,""fixed_planning_interval_slots"":10,""fixed_total_pool_budget"":20,""lambda_g"":0.7,""lambda_h"":0.7,""lambda_per_slot"":1.0,""max_deadline_ms"":1999.0,""min_deadline_ms"":500.0,""minimum_control_window_slots"":5,""minimum_replanning_interval_slots"":2,""name"":""rule_based"",""online_budgets_ms"":[5.0,10.0,20.0],""online_timing_mode"":""measured"",""origin_group_count"":2,""plan_ttl_slots"":20,""planning_candidate_generator_mode"":""customized"",""planning_customized_archive_capacity"":64,""planning_customized_generations"":4,""planning_customized_population_size"":12,""planning_deadline_ms"":2000.0,""planning_intervals"":[5,10,20],""planning_runtime_ms"":100.0,""planning_sample_count"":20,""planning_timing_mode"":""measured"",""pool_budget_mode"":""fixed_total"",""profile_count"":2,""slot_count"":200,""slot_length_ms"":100.0,""suite"":""joint_control"",""total_pool_budgets"":[8,20,40],""uptime_scale"":100.0,""uptime_shape"":1.5,""user_count"":10,""workload_mode"":""poisson_profile_catalog""}",200,207,181,73,108,61,12,1,0,1,2.1602869575407326,647.1457734324396,0.8416441746605047,7700.349836475897,19,18,36,0,0,31,10,20,18618.793413275853,1072.84277852159,5.927308168627569,11.16562495008111,5,4,4,2282,1959,0,323,110,80,49,96,22260730,prewarm,stability_delay_energy_v4,unified_fixed_point_v3,explicit_snapshot_v1,poisson_profile_catalog_v1,periodic_repository_v1,customized_periodic_pool_v1,empirical_window_beta_v1,slot_up_down_v1,fixed_service_time_v1,fixed_path_v1,full_duplex_shared_heat_v1,deployment_return_energy_v1,periodic_three_objective_v3,discrete_mpc_v1,grid_tkb_v1,arrival_risk_diversity_v1,budgeted_fixed_point_v1,regularized_surrogate_v1,goodput_cost_v1,0.40331491712707185,0.5966850828729282,0.3370165745856354,0.1643835616438356,0.0136986301369863,2.9468599033816427,0.10497237569060773,0.09944751381215469,0.19889502762430938,0.0,0.0
system_poisson:poisson_lifecycle_v1:joint_control:e525b89486e99f88:periodic_customized:r9:s20260728,e525b89486e99f88,joint_control,rule_based,reference,rule_based,9,20260728,system_poisson,poisson_lifecycle_v1,poisson_profile_catalog,periodic_customized,customized,p12_g4_a64,prewarm,measured,measured,rule_based,fixed_total,1.0,51994d7f38a9b2d2,94c502adeeb85260,9f5ed373a6bd9324,58651f60c37cc329,"{""algorithm"":""periodic_customized"",""alpha_l"":0.7,""alpha_r"":0.8,""availability_fraction"":0.5,""beta_l"":0.4,""beta_r"":0.5,""bootstrap_mode"":""prewarm"",""candidate_fixed_point_damping"":0.5,""candidate_fixed_point_max_iterations"":20,""candidate_fixed_point_relative_tolerance"":0.0001,""cloud_count"":1,""comparison_group"":""reference"",""comparison_method"":""rule_based"",""control_mode"":""rule_based"",""downtime_log_mean"":2.5,""downtime_log_sigma"":0.8,""edge_count"":5,""edge_link_factor"":2.0,""experiment_layer"":""system_poisson"",""fixed_online_budget_ms"":10.0,""fixed_planning_interval_slots"":10,""fixed_total_pool_budget"":20,""lambda_g"":0.7,""lambda_h"":0.7,""lambda_per_slot"":1.0,""max_deadline_ms"":1999.0,""min_deadline_ms"":500.0,""minimum_control_window_slots"":5,""minimum_replanning_interval_slots"":2,""name"":""rule_based"",""online_budgets_ms"":[5.0,10.0,20.0],""online_timing_mode"":""measured"",""origin_group_count"":2,""plan_ttl_slots"":20,""planning_candidate_generator_mode"":""customized"",""planning_customized_archive_capacity"":64,""planning_customized_generations"":4,""planning_customized_population_size"":12,""planning_deadline_ms"":2000.0,""planning_intervals"":[5,10,20],""planning_runtime_ms"":100.0,""planning_sample_count"":20,""planning_timing_mode"":""measured"",""pool_budget_mode"":""fixed_total"",""profile_count"":2,""slot_count"":200,""slot_length_ms"":100.0,""suite"":""joint_control"",""total_pool_budgets"":[8,20,40],""uptime_scale"":100.0,""uptime_shape"":1.5,""user_count"":10,""workload_mode"":""poisson_profile_catalog""}",200,208,211,75,136,63,12,0,0,1,2.1987983802765534,615.2445002424465,0.8395282135789678,6559.812544058803,24,6,45,0,0,37,14,22,17678.941668360494,1077.0937507040799,5.1047097189766815,10.793291963636875,8,7,7,3416,2217,0,1199,370,255,76,210,22260731,prewarm,stability_delay_energy_v4,unified_fixed_point_v3,explicit_snapshot_v1,poisson_profile_catalog_v1,periodic_repository_v1,customized_periodic_pool_v1,empirical_window_beta_v1,slot_up_down_v1,fixed_service_time_v1,fixed_path_v1,full_duplex_shared_heat_v1,deployment_return_energy_v1,periodic_three_objective_v3,discrete_mpc_v1,grid_tkb_v1,arrival_risk_diversity_v1,budgeted_fixed_point_v1,regularized_surrogate_v1,goodput_cost_v1,0.35545023696682465,0.6445497630331753,0.2985781990521327,0.16,0.0,3.0288461538461537,0.11374407582938388,0.02843601895734597,0.2132701421800948,0.0,0.0
system_poisson:poisson_lifecycle_v1:joint_control:e525b89486e99f88:periodic_customized:r10:s20260729,e525b89486e99f88,joint_control,rule_based,reference,rule_based,10,20260729,system_poisson,poisson_lifecycle_v1,poisson_profile_catalog,periodic_customized,customized,p12_g4_a64,prewarm,measured,measured,rule_based,fixed_total,1.0,5b8d17f0ef7f4099,329b4f7d21be54ff,897cead0737f85bf,5bfdd62f4d90fc6a,"{""algorithm"":""periodic_customized"",""alpha_l"":0.7,""alpha_r"":0.8,""availability_fraction"":0.5,""beta_l"":0.4,""beta_r"":0.5,""bootstrap_mode"":""prewarm"",""candidate_fixed_point_damping"":0.5,""candidate_fixed_point_max_iterations"":20,""candidate_fixed_point_relative_tolerance"":0.0001,""cloud_count"":1,""comparison_group"":""reference"",""comparison_method"":""rule_based"",""control_mode"":""rule_based"",""downtime_log_mean"":2.5,""downtime_log_sigma"":0.8,""edge_count"":5,""edge_link_factor"":2.0,""experiment_layer"":""system_poisson"",""fixed_online_budget_ms"":10.0,""fixed_planning_interval_slots"":10,""fixed_total_pool_budget"":20,""lambda_g"":0.7,""lambda_h"":0.7,""lambda_per_slot"":1.0,""max_deadline_ms"":1999.0,""min_deadline_ms"":500.0,""minimum_control_window_slots"":5,""minimum_replanning_interval_slots"":2,""name"":""rule_based"",""online_budgets_ms"":[5.0,10.0,20.0],""online_timing_mode"":""measured"",""origin_group_count"":2,""plan_ttl_slots"":20,""planning_candidate_generator_mode"":""customized"",""planning_customized_archive_capacity"":64,""planning_customized_generations"":4,""planning_customized_population_size"":12,""planning_deadline_ms"":2000.0,""planning_intervals"":[5,10,20],""planning_runtime_ms"":100.0,""planning_sample_count"":20,""planning_timing_mode"":""measured"",""pool_budget_mode"":""fixed_total"",""profile_count"":2,""slot_count"":200,""slot_length_ms"":100.0,""suite"":""joint_control"",""total_pool_budgets"":[8,20,40],""uptime_scale"":100.0,""uptime_shape"":1.5,""user_count"":10,""workload_mode"":""poisson_profile_catalog""}",200,204,209,87,122,67,20,2,0,1,2.410633003211381,533.2940932502613,0.806365973003305,5944.3926090778405,35,22,30,0,0,37,22,14,18339.482956915163,1282.1914259111509,6.134887205316511,11.53600006364286,7,6,6,3378,1955,0,1423,452,287,157,207,22260732,prewarm,stability_delay_energy_v4,unified_fixed_point_v3,explicit_snapshot_v1,poisson_profile_catalog_v1,periodic_repository_v1,customized_periodic_pool_v1,empirical_window_beta_v1,slot_up_down_v1,fixed_service_time_v1,fixed_path_v1,full_duplex_shared_heat_v1,deployment_return_energy_v1,periodic_three_objective_v3,discrete_mpc_v1,grid_tkb_v1,arrival_risk_diversity_v1,budgeted_fixed_point_v1,regularized_surrogate_v1,goodput_cost_v1,0.41626794258373206,0.583732057416268,0.32057416267942584,0.22988505747126436,0.022988505747126436,3.2843137254901964,0.1674641148325359,0.10526315789473684,0.14354066985645933,0.0,0.0
system_poisson:poisson_lifecycle_v1:joint_control:e525b89486e99f88:periodic_customized:r11:s20260730,e525b89486e99f88,joint_control,rule_based,reference,rule_based,11,20260730,system_poisson,poisson_lifecycle_v1,poisson_profile_catalog,periodic_customized,customized,p12_g4_a64,prewarm,measured,measured,rule_based,fixed_total,1.0,30f077b6e956d2e4,a9f113d17c0a9b50,f4bafd7cbf888eae,2fbd8cdb625c9aae,"{""algorithm"":""periodic_customized"",""alpha_l"":0.7,""alpha_r"":0.8,""availability_fraction"":0.5,""beta_l"":0.4,""beta_r"":0.5,""bootstrap_mode"":""prewarm"",""candidate_fixed_point_damping"":0.5,""candidate_fixed_point_max_iterations"":20,""candidate_fixed_point_relative_tolerance"":0.0001,""cloud_count"":1,""comparison_group"":""reference"",""comparison_method"":""rule_based"",""control_mode"":""rule_based"",""downtime_log_mean"":2.5,""downtime_log_sigma"":0.8,""edge_count"":5,""edge_link_factor"":2.0,""experiment_layer"":""system_poisson"",""fixed_online_budget_ms"":10.0,""fixed_planning_interval_slots"":10,""fixed_total_pool_budget"":20,""lambda_g"":0.7,""lambda_h"":0.7,""lambda_per_slot"":1.0,""max_deadline_ms"":1999.0,""min_deadline_ms"":500.0,""minimum_control_window_slots"":5,""minimum_replanning_interval_slots"":2,""name"":""rule_based"",""online_budgets_ms"":[5.0,10.0,20.0],""online_timing_mode"":""measured"",""origin_group_count"":2,""plan_ttl_slots"":20,""planning_candidate_generator_mode"":""customized"",""planning_customized_archive_capacity"":64,""planning_customized_generations"":4,""planning_customized_population_size"":12,""planning_deadline_ms"":2000.0,""planning_intervals"":[5,10,20],""planning_runtime_ms"":100.0,""planning_sample_count"":20,""planning_timing_mode"":""measured"",""pool_budget_mode"":""fixed_total"",""profile_count"":2,""slot_count"":200,""slot_length_ms"":100.0,""suite"":""joint_control"",""total_pool_budgets"":[8,20,40],""uptime_scale"":100.0,""uptime_shape"":1.5,""user_count"":10,""workload_mode"":""poisson_profile_catalog""}",200,202,179,49,130,46,3,1,0,1,1.739933526912608,569.9151001507496,0.8329799375866246,5258.296085527102,22,22,5,0,0,33,15,17,18655.008707079105,990.9037571633235,5.535775179683371,10.675958008505404,4,3,3,2830,2318,0,512,244,200,115,142,22260733,prewarm,stability_delay_energy_v4,unified_fixed_point_v3,explicit_snapshot_v1,poisson_profile_catalog_v1,periodic_repository_v1,customized_periodic_pool_v1,empirical_window_beta_v1,slot_up_down_v1,fixed_service_time_v1,fixed_path_v1,full_duplex_shared_heat_v1,deployment_return_energy_v1,periodic_three_objective_v3,discrete_mpc_v1,grid_tkb_v1,arrival_risk_diversity_v1,budgeted_fixed_point_v1,regularized_surrogate_v1,goodput_cost_v1,0.2737430167597765,0.7262569832402235,0.2569832402234637,0.061224489795918366,0.02040816326530612,2.2772277227722775,0.12290502793296089,0.12290502793296089,0.027932960893854747,0.0,0.0
system_poisson:poisson_lifecycle_v1:joint_control:e525b89486e99f88:periodic_customized:r12:s20260731,e525b89486e99f88,joint_control,rule_based,reference,rule_based,12,20260731,system_poisson,poisson_lifecycle_v1,poisson_profile_catalog,periodic_customized,customized,p12_g4_a64,prewarm,measured,measured,rule_based,fixed_total,1.0,c8a1c19b9973aa96,c57247db4e0508db,72a5571d4331dbf4,5615e2a246665bbb,"{""algorithm"":""periodic_customized"",""alpha_l"":0.7,""alpha_r"":0.8,""availability_fraction"":0.5,""beta_l"":0.4,""beta_r"":0.5,""bootstrap_mode"":""prewarm"",""candidate_fixed_point_damping"":0.5,""candidate_fixed_point_max_iterations"":20,""candidate_fixed_point_relative_tolerance"":0.0001,""cloud_count"":1,""comparison_group"":""reference"",""comparison_method"":""rule_based"",""control_mode"":""rule_based"",""downtime_log_mean"":2.5,""downtime_log_sigma"":0.8,""edge_count"":5,""edge_link_factor"":2.0,""experiment_layer"":""system_poisson"",""fixed_online_budget_ms"":10.0,""fixed_planning_interval_slots"":10,""fixed_total_pool_budget"":20,""lambda_g"":0.7,""lambda_h"":0.7,""lambda_per_slot"":1.0,""max_deadline_ms"":1999.0,""min_deadline_ms"":500.0,""minimum_control_window_slots"":5,""minimum_replanning_interval_slots"":2,""name"":""rule_based"",""online_budgets_ms"":[5.0,10.0,20.0],""online_timing_mode"":""measured"",""origin_group_count"":2,""plan_ttl_slots"":20,""planning_candidate_generator_mode"":""customized"",""planning_customized_archive_capacity"":64,""planning_customized_generations"":4,""planning_customized_population_size"":12,""planning_deadline_ms"":2000.0,""planning_intervals"":[5,10,20],""planning_runtime_ms"":100.0,""planning_sample_count"":20,""planning_timing_mode"":""measured"",""pool_budget_mode"":""fixed_total"",""profile_count"":2,""slot_count"":200,""slot_length_ms"":100.0,""suite"":""joint_control"",""total_pool_budgets"":[8,20,40],""uptime_scale"":100.0,""uptime_shape"":1.5,""user_count"":10,""workload_mode"":""poisson_profile_catalog""}",200,205,184,60,124,56,4,1,0,1,1.9742711087739688,622.5152915875395,0.833433221214006,7400.2671214191105,25,16,19,0,0,35,13,21,17661.04975203052,981.5400826046243,5.334456970677306,10.085541987791657,7,6,6,2779,2221,0,558,230,174,73,166,22260734,prewarm,stability_delay_energy_v4,unified_fixed_point_v3,explicit_snapshot_v1,poisson_profile_catalog_v1,periodic_repository_v1,customized_periodic_pool_v1,empirical_window_beta_v1,slot_up_down_v1,fixed_service_time_v1,fixed_path_v1,full_duplex_shared_heat_v1,deployment_return_energy_v1,periodic_three_objective_v3,discrete_mpc_v1,grid_tkb_v1,arrival_risk_diversity_v1,budgeted_fixed_point_v1,regularized_surrogate_v1,goodput_cost_v1,0.32608695652173914,0.6739130434782609,0.30434782608695654,0.06666666666666667,0.016666666666666666,2.731707317073171,0.1358695652173913,0.08695652173913043,0.10326086956521739,0.0,0.0
system_poisson:poisson_lifecycle_v1:joint_control:e525b89486e99f88:periodic_customized:r13:s20260732,e525b89486e99f88,joint_control,rule_based,reference,rule_based,13,20260732,system_poisson,poisson_lifecycle_v1,poisson_profile_catalog,periodic_customized,customized,p12_g4_a64,prewarm,measured,measured,rule_based,fixed_total,1.0,2570004416ece14a,3e0c88c5a91c29b4,5e6617b3e9dde363,a897565254a74026,"{""algorithm"":""periodic_customized"",""alpha_l"":0.7,""alpha_r"":0.8,""availability_fraction"":0.5,""beta_l"":0.4,""beta_r"":0.5,""bootstrap_mode"":""prewarm"",""candidate_fixed_point_damping"":0.5,""candidate_fixed_point_max_iterations"":20,""candidate_fixed_point_relative_tolerance"":0.0001,""cloud_count"":1,""comparison_group"":""reference"",""comparison_method"":""rule_based"",""control_mode"":""rule_based"",""downtime_log_mean"":2.5,""downtime_log_sigma"":0.8,""edge_count"":5,""edge_link_factor"":2.0,""experiment_layer"":""system_poisson"",""fixed_online_budget_ms"":10.0,""fixed_planning_interval_slots"":10,""fixed_total_pool_budget"":20,""lambda_g"":0.7,""lambda_h"":0.7,""lambda_per_slot"":1.0,""max_deadline_ms"":1999.0,""min_deadline_ms"":500.0,""minimum_control_window_slots"":5,""minimum_replanning_interval_slots"":2,""name"":""rule_based"",""online_budgets_ms"":[5.0,10.0,20.0],""online_timing_mode"":""measured"",""origin_group_count"":2,""plan_ttl_slots"":20,""planning_candidate_generator_mode"":""customized"",""planning_customized_archive_capacity"":64,""planning_customized_generations"":4,""planning_customized_population_size"":12,""planning_deadline_ms"":2000.0,""planning_intervals"":[5,10,20],""planning_runtime_ms"":100.0,""planning_sample_count"":20,""planning_timing_mode"":""measured"",""pool_budget_mode"":""fixed_total"",""profile_count"":2,""slot_count"":200,""slot_length_ms"":100.0,""suite"":""joint_control"",""total_pool_budgets"":[8,20,40],""uptime_scale"":100.0,""uptime_shape"":1.5,""user_count"":10,""workload_mode"":""poisson_profile_catalog""}",200,205,208,75,133,65,10,1,0,1,2.3787222819118523,596.0696919272242,0.84094251509354,7700.965566595856,29,20,26,0,0,31,18,12,19254.37741528731,1251.2643742375076,6.015694106911094,11.090249987319112,1,0,0,2585,1784,0,801,283,210,120,160,22260735,prewarm,stability_delay_energy_v4,unified_fixed_point_v3,explicit_snapshot_v1,poisson_profile_catalog_v1,periodic_repository_v1,customized_periodic_pool_v1,empirical_window_beta_v1,slot_up_down_v1,fixed_service_time_v1,fixed_path_v1,full_duplex_shared_heat_v1,deployment_return_energy_v1,periodic_three_objective_v3,discrete_mpc_v1,grid_tkb_v1,arrival_risk_diversity_v1,budgeted_fixed_point_v1,regularized_surrogate_v1,goodput_cost_v1,0.3605769230769231,0.6394230769230769,0.3125,0.13333333333333333,0.013333333333333334,3.1707317073170733,0.13942307692307693,0.09615384615384616,0.125,0.0,0.0
system_poisson:poisson_lifecycle_v1:joint_control:e525b89486e99f88:periodic_customized:r14:s20260733,e525b89486e99f88,joint_control,rule_based,reference,rule_based,14,20260733,system_poisson,poisson_lifecycle_v1,poisson_profile_catalog,periodic_customized,customized,p12_g4_a64,prewarm,measured,measured,rule_based,fixed_total,1.0,e549ef942191509c,82b0c7769f30bf5e,5fa9f2d6b0764417,9238a84d7f53868e,"{""algorithm"":""periodic_customized"",""alpha_l"":0.7,""alpha_r"":0.8,""availability_fraction"":0.5,""beta_l"":0.4,""beta_r"":0.5,""bootstrap_mode"":""prewarm"",""candidate_fixed_point_damping"":0.5,""candidate_fixed_point_max_iterations"":20,""candidate_fixed_point_relative_tolerance"":0.0001,""cloud_count"":1,""comparison_group"":""reference"",""comparison_method"":""rule_based"",""control_mode"":""rule_based"",""downtime_log_mean"":2.5,""downtime_log_sigma"":0.8,""edge_count"":5,""edge_link_factor"":2.0,""experiment_layer"":""system_poisson"",""fixed_online_budget_ms"":10.0,""fixed_planning_interval_slots"":10,""fixed_total_pool_budget"":20,""lambda_g"":0.7,""lambda_h"":0.7,""lambda_per_slot"":1.0,""max_deadline_ms"":1999.0,""min_deadline_ms"":500.0,""minimum_control_window_slots"":5,""minimum_replanning_interval_slots"":2,""name"":""rule_based"",""online_budgets_ms"":[5.0,10.0,20.0],""online_timing_mode"":""measured"",""origin_group_count"":2,""plan_ttl_slots"":20,""planning_candidate_generator_mode"":""customized"",""planning_customized_archive_capacity"":64,""planning_customized_generations"":4,""planning_customized_population_size"":12,""planning_deadline_ms"":2000.0,""planning_intervals"":[5,10,20],""planning_runtime_ms"":100.0,""planning_sample_count"":20,""planning_timing_mode"":""measured"",""pool_budget_mode"":""fixed_total"",""profile_count"":2,""slot_count"":200,""slot_length_ms"":100.0,""suite"":""joint_control"",""total_pool_budgets"":[8,20,40],""uptime_scale"":100.0,""uptime_shape"":1.5,""user_count"":10,""workload_mode"":""poisson_profile_catalog""}",200,211,202,77,125,68,9,1,0,1,2.3209735442436763,600.3353547362925,0.8220629076443203,5934.724566776201,27,30,20,0,0,35,17,18,13990.310537163168,854.400375043042,4.229704826945753,7.714250008575618,21,20,18,2596,2242,0,354,174,138,95,82,22260736,prewarm,stability_delay_energy_v4,unified_fixed_point_v3,explicit_snapshot_v1,poisson_profile_catalog_v1,periodic_repository_v1,customized_periodic_pool_v1,empirical_window_beta_v1,slot_up_down_v1,fixed_service_time_v1,fixed_path_v1,full_duplex_shared_heat_v1,deployment_return_energy_v1,periodic_three_objective_v3,discrete_mpc_v1,grid_tkb_v1,arrival_risk_diversity_v1,budgeted_fixed_point_v1,regularized_surrogate_v1,goodput_cost_v1,0.3811881188118812,0.6188118811881188,0.33663366336633666,0.11688311688311688,0.012987012987012988,3.2227488151658767,0.13366336633663367,0.1485148514851485,0.09900990099009901,0.0,0.0
system_poisson:poisson_lifecycle_v1:joint_control:e525b89486e99f88:periodic_customized:r15:s20260734,e525b89486e99f88,joint_control,rule_based,reference,rule_based,15,20260734,system_poisson,poisson_lifecycle_v1,poisson_profile_catalog,periodic_customized,customized,p12_g4_a64,prewarm,measured,measured,rule_based,fixed_total,1.0,9d81372cc2973096,868f2658ddad8015,1f9cdc4dfc70bd76,554a01216359253d,"{""algorithm"":""periodic_customized"",""alpha_l"":0.7,""alpha_r"":0.8,""availability_fraction"":0.5,""beta_l"":0.4,""beta_r"":0.5,""bootstrap_mode"":""prewarm"",""candidate_fixed_point_damping"":0.5,""candidate_fixed_point_max_iterations"":20,""candidate_fixed_point_relative_tolerance"":0.0001,""cloud_count"":1,""comparison_group"":""reference"",""comparison_method"":""rule_based"",""control_mode"":""rule_based"",""downtime_log_mean"":2.5,""downtime_log_sigma"":0.8,""edge_count"":5,""edge_link_factor"":2.0,""experiment_layer"":""system_poisson"",""fixed_online_budget_ms"":10.0,""fixed_planning_interval_slots"":10,""fixed_total_pool_budget"":20,""lambda_g"":0.7,""lambda_h"":0.7,""lambda_per_slot"":1.0,""max_deadline_ms"":1999.0,""min_deadline_ms"":500.0,""minimum_control_window_slots"":5,""minimum_replanning_interval_slots"":2,""name"":""rule_based"",""online_budgets_ms"":[5.0,10.0,20.0],""online_timing_mode"":""measured"",""origin_group_count"":2,""plan_ttl_slots"":20,""planning_candidate_generator_mode"":""customized"",""planning_customized_archive_capacity"":64,""planning_customized_generations"":4,""planning_customized_population_size"":12,""planning_deadline_ms"":2000.0,""planning_intervals"":[5,10,20],""planning_runtime_ms"":100.0,""planning_sample_count"":20,""planning_timing_mode"":""measured"",""pool_budget_mode"":""fixed_total"",""profile_count"":2,""slot_count"":200,""slot_length_ms"":100.0,""suite"":""joint_control"",""total_pool_budgets"":[8,20,40],""uptime_scale"":100.0,""uptime_shape"":1.5,""user_count"":10,""workload_mode"":""poisson_profile_catalog""}",200,206,203,53,150,45,8,0,0,1,1.5730279127284315,741.2691265357289,0.8346967633761403,5788.194684159938,25,7,21,0,0,43,13,29,15186.963584157638,885.4897373821586,4.36201841074955,8.026083000004292,22,21,20,3185,2740,0,445,216,140,68,140,22260737,prewarm,stability_delay_energy_v4,unified_fixed_point_v3,explicit_snapshot_v1,poisson_profile_catalog_v1,periodic_repository_v1,customized_periodic_pool_v1,empirical_window_beta_v1,slot_up_down_v1,fixed_service_time_v1,fixed_path_v1,full_duplex_shared_heat_v1,deployment_return_energy_v1,periodic_three_objective_v3,discrete_mpc_v1,grid_tkb_v1,arrival_risk_diversity_v1,budgeted_fixed_point_v1,regularized_surrogate_v1,goodput_cost_v1,0.26108374384236455,0.7389162561576355,0.22167487684729065,0.1509433962264151,0.0,2.1844660194174756,0.12315270935960591,0.034482758620689655,0.10344827586206896,0.0,0.0
system_poisson:poisson_lifecycle_v1:joint_control:e525b89486e99f88:periodic_customized:r16:s20260735,e525b89486e99f88,joint_control,rule_based,reference,rule_based,16,20260735,system_poisson,poisson_lifecycle_v1,poisson_profile_catalog,periodic_customized,customized,p12_g4_a64,prewarm,measured,measured,rule_based,fixed_total,1.0,c61c842e17f225e3,3da65bab6008a478,33b568baf37f075d,615e85118266de25,"{""algorithm"":""periodic_customized"",""alpha_l"":0.7,""alpha_r"":0.8,""availability_fraction"":0.5,""beta_l"":0.4,""beta_r"":0.5,""bootstrap_mode"":""prewarm"",""candidate_fixed_point_damping"":0.5,""candidate_fixed_point_max_iterations"":20,""candidate_fixed_point_relative_tolerance"":0.0001,""cloud_count"":1,""comparison_group"":""reference"",""comparison_method"":""rule_based"",""control_mode"":""rule_based"",""downtime_log_mean"":2.5,""downtime_log_sigma"":0.8,""edge_count"":5,""edge_link_factor"":2.0,""experiment_layer"":""system_poisson"",""fixed_online_budget_ms"":10.0,""fixed_planning_interval_slots"":10,""fixed_total_pool_budget"":20,""lambda_g"":0.7,""lambda_h"":0.7,""lambda_per_slot"":1.0,""max_deadline_ms"":1999.0,""min_deadline_ms"":500.0,""minimum_control_window_slots"":5,""minimum_replanning_interval_slots"":2,""name"":""rule_based"",""online_budgets_ms"":[5.0,10.0,20.0],""online_timing_mode"":""measured"",""origin_group_count"":2,""plan_ttl_slots"":20,""planning_candidate_generator_mode"":""customized"",""planning_customized_archive_capacity"":64,""planning_customized_generations"":4,""planning_customized_population_size"":12,""planning_deadline_ms"":2000.0,""planning_intervals"":[5,10,20],""planning_runtime_ms"":100.0,""planning_sample_count"":20,""planning_timing_mode"":""measured"",""pool_budget_mode"":""fixed_total"",""profile_count"":2,""slot_count"":200,""slot_length_ms"":100.0,""suite"":""joint_control"",""total_pool_budgets"":[8,20,40],""uptime_scale"":100.0,""uptime_shape"":1.5,""user_count"":10,""workload_mode"":""poisson_profile_catalog""}",200,205,215,59,156,51,8,3,0,1,1.6764914435662193,768.0850493349694,0.8486927500685189,8185.142560175796,19,11,29,0,0,37,16,20,17125.367417000234,828.3847023267299,3.852952103845255,7.064209086820483,17,16,16,2876,2253,0,623,155,103,45,72,22260738,prewarm,stability_delay_energy_v4,unified_fixed_point_v3,explicit_snapshot_v1,poisson_profile_catalog_v1,periodic_repository_v1,customized_periodic_pool_v1,empirical_window_beta_v1,slot_up_down_v1,fixed_service_time_v1,fixed_path_v1,full_duplex_shared_heat_v1,deployment_return_energy_v1,periodic_three_objective_v3,discrete_mpc_v1,grid_tkb_v1,arrival_risk_diversity_v1,budgeted_fixed_point_v1,regularized_surrogate_v1,goodput_cost_v1,0.2744186046511628,0.7255813953488373,0.2372093023255814,0.13559322033898305,0.05084745762711865,2.4878048780487805,0.08837209302325581,0.05116279069767442,0.13488372093023257,0.0,0.0
system_poisson:poisson_lifecycle_v1:joint_control:e525b89486e99f88:periodic_customized:r17:s20260736,e525b89486e99f88,joint_control,rule_based,reference,rule_based,17,20260736,system_poisson,poisson_lifecycle_v1,poisson_profile_catalog,periodic_customized,customized,p12_g4_a64,prewarm,measured,measured,rule_based,fixed_total,1.0,a1e1594e7589a223,d9b518a32809412d,f1078707bd950772,6d1494c76aa00136,"{""algorithm"":""periodic_customized"",""alpha_l"":0.7,""alpha_r"":0.8,""availability_fraction"":0.5,""beta_l"":0.4,""beta_r"":0.5,""bootstrap_mode"":""prewarm"",""candidate_fixed_point_damping"":0.5,""candidate_fixed_point_max_iterations"":20,""candidate_fixed_point_relative_tolerance"":0.0001,""cloud_count"":1,""comparison_group"":""reference"",""comparison_method"":""rule_based"",""control_mode"":""rule_based"",""downtime_log_mean"":2.5,""downtime_log_sigma"":0.8,""edge_count"":5,""edge_link_factor"":2.0,""experiment_layer"":""system_poisson"",""fixed_online_budget_ms"":10.0,""fixed_planning_interval_slots"":10,""fixed_total_pool_budget"":20,""lambda_g"":0.7,""lambda_h"":0.7,""lambda_per_slot"":1.0,""max_deadline_ms"":1999.0,""min_deadline_ms"":500.0,""minimum_control_window_slots"":5,""minimum_replanning_interval_slots"":2,""name"":""rule_based"",""online_budgets_ms"":[5.0,10.0,20.0],""online_timing_mode"":""measured"",""origin_group_count"":2,""plan_ttl_slots"":20,""planning_candidate_generator_mode"":""customized"",""planning_customized_archive_capacity"":64,""planning_customized_generations"":4,""planning_customized_population_size"":12,""planning_deadline_ms"":2000.0,""planning_intervals"":[5,10,20],""planning_runtime_ms"":100.0,""planning_sample_count"":20,""planning_timing_mode"":""measured"",""pool_budget_mode"":""fixed_total"",""profile_count"":2,""slot_count"":200,""slot_length_ms"":100.0,""suite"":""joint_control"",""total_pool_budgets"":[8,20,40],""uptime_scale"":100.0,""uptime_shape"":1.5,""user_count"":10,""workload_mode"":""poisson_profile_catalog""}",200,207,191,63,128,57,6,1,0,1,1.9886051657762758,671.6128194253704,0.8472913949341101,6249.5175011457,28,16,19,0,0,39,16,22,17307.42374784313,1013.1061288993806,5.3042205701538245,9.577624965459108,12,11,11,2926,2487,0,439,164,110,63,97,22260739,prewarm,stability_delay_energy_v4,unified_fixed_point_v3,explicit_snapshot_v1,poisson_profile_catalog_v1,periodic_repository_v1,customized_periodic_pool_v1,empirical_window_beta_v1,slot_up_down_v1,fixed_service_time_v1,fixed_path_v1,full_duplex_shared_heat_v1,deployment_return_energy_v1,periodic_three_objective_v3,discrete_mpc_v1,grid_tkb_v1,arrival_risk_diversity_v1,budgeted_fixed_point_v1,regularized_surrogate_v1,goodput_cost_v1,0.3298429319371728,0.6701570680628273,0.29842931937172773,0.09523809523809523,0.015873015873015872,2.7536231884057973,0.14659685863874344,0.08376963350785341,0.09947643979057591,0.0,0.0
system_poisson:poisson_lifecycle_v1:joint_control:e525b89486e99f88:periodic_customized:r18:s20260737,e525b89486e99f88,joint_control,rule_based,reference,rule_based,18,20260737,system_poisson,poisson_lifecycle_v1,poisson_profile_catalog,periodic_customized,customized,p12_g4_a64,prewarm,measured,measured,rule_based,fixed_total,1.0,2340d35db3923e87,6c6665153475ebe0,e91a6f9277c728f1,fb1a538d3c9d367a,"{""algorithm"":""periodic_customized"",""alpha_l"":0.7,""alpha_r"":0.8,""availability_fraction"":0.5,""beta_l"":0.4,""beta_r"":0.5,""bootstrap_mode"":""prewarm"",""candidate_fixed_point_damping"":0.5,""candidate_fixed_point_max_iterations"":20,""candidate_fixed_point_relative_tolerance"":0.0001,""cloud_count"":1,""comparison_group"":""reference"",""comparison_method"":""rule_based"",""control_mode"":""rule_based"",""downtime_log_mean"":2.5,""downtime_log_sigma"":0.8,""edge_count"":5,""edge_link_factor"":2.0,""experiment_layer"":""system_poisson"",""fixed_online_budget_ms"":10.0,""fixed_planning_interval_slots"":10,""fixed_total_pool_budget"":20,""lambda_g"":0.7,""lambda_h"":0.7,""lambda_per_slot"":1.0,""max_deadline_ms"":1999.0,""min_deadline_ms"":500.0,""minimum_control_window_slots"":5,""minimum_replanning_interval_slots"":2,""name"":""rule_based"",""online_budgets_ms"":[5.0,10.0,20.0],""online_timing_mode"":""measured"",""origin_group_count"":2,""plan_ttl_slots"":20,""planning_candidate_generator_mode"":""customized"",""planning_customized_archive_capacity"":64,""planning_customized_generations"":4,""planning_customized_population_size"":12,""planning_deadline_ms"":2000.0,""planning_intervals"":[5,10,20],""planning_runtime_ms"":100.0,""planning_sample_count"":20,""planning_timing_mode"":""measured"",""pool_budget_mode"":""fixed_total"",""profile_count"":2,""slot_count"":200,""slot_length_ms"":100.0,""suite"":""joint_control"",""total_pool_budgets"":[8,20,40],""uptime_scale"":100.0,""uptime_shape"":1.5,""user_count"":10,""workload_mode"":""poisson_profile_catalog""}",200,200,177,79,98,70,9,2,0,1,2.682879521368913,498.93457840165945,0.83473671390187,4844.756482484244,32,32,15,0,0,32,16,15,18295.025750179775,1286.7095787078142,7.26954564241703,13.376499991863966,4,3,3,2618,2052,0,566,304,239,144,186,22260740,prewarm,stability_delay_energy_v4,unified_fixed_point_v3,explicit_snapshot_v1,poisson_profile_catalog_v1,periodic_repository_v1,customized_periodic_pool_v1,empirical_window_beta_v1,slot_up_down_v1,fixed_service_time_v1,fixed_path_v1,full_duplex_shared_heat_v1,deployment_return_energy_v1,periodic_three_objective_v3,discrete_mpc_v1,grid_tkb_v1,arrival_risk_diversity_v1,budgeted_fixed_point_v1,regularized_surrogate_v1,goodput_cost_v1,0.4463276836158192,0.5536723163841808,0.3954802259887006,0.11392405063291139,0.02531645569620253,3.5,0.1807909604519774,0.1807909604519774,0.0847457627118644,0.0,0.0
system_poisson:poisson_lifecycle_v1:joint_control:e525b89486e99f88:periodic_customized:r19:s20260738,e525b89486e99f88,joint_control,rule_based,reference,rule_based,19,20260738,system_poisson,poisson_lifecycle_v1,poisson_profile_catalog,periodic_customized,customized,p12_g4_a64,prewarm,measured,measured,rule_based,fixed_total,1.0,2f8cac81e28c6822,342fe7b24aabf9c9,bca0f53820c0230d,a5b68c6f808e683d,"{""algorithm"":""periodic_customized"",""alpha_l"":0.7,""alpha_r"":0.8,""availability_fraction"":0.5,""beta_l"":0.4,""beta_r"":0.5,""bootstrap_mode"":""prewarm"",""candidate_fixed_point_damping"":0.5,""candidate_fixed_point_max_iterations"":20,""candidate_fixed_point_relative_tolerance"":0.0001,""cloud_count"":1,""comparison_group"":""reference"",""comparison_method"":""rule_based"",""control_mode"":""rule_based"",""downtime_log_mean"":2.5,""downtime_log_sigma"":0.8,""edge_count"":5,""edge_link_factor"":2.0,""experiment_layer"":""system_poisson"",""fixed_online_budget_ms"":10.0,""fixed_planning_interval_slots"":10,""fixed_total_pool_budget"":20,""lambda_g"":0.7,""lambda_h"":0.7,""lambda_per_slot"":1.0,""max_deadline_ms"":1999.0,""min_deadline_ms"":500.0,""minimum_control_window_slots"":5,""minimum_replanning_interval_slots"":2,""name"":""rule_based"",""online_budgets_ms"":[5.0,10.0,20.0],""online_timing_mode"":""measured"",""origin_group_count"":2,""plan_ttl_slots"":20,""planning_candidate_generator_mode"":""customized"",""planning_customized_archive_capacity"":64,""planning_customized_generations"":4,""planning_customized_population_size"":12,""planning_deadline_ms"":2000.0,""planning_intervals"":[5,10,20],""planning_runtime_ms"":100.0,""planning_sample_count"":20,""planning_timing_mode"":""measured"",""pool_budget_mode"":""fixed_total"",""profile_count"":2,""slot_count"":200,""slot_length_ms"":100.0,""suite"":""joint_control"",""total_pool_budgets"":[8,20,40],""uptime_scale"":100.0,""uptime_shape"":1.5,""user_count"":10,""workload_mode"":""poisson_profile_catalog""}",200,212,180,32,148,29,3,3,0,1,0.8890053170999328,798.1017204000166,0.8361292187584024,6819.96101848459,13,3,16,0,0,33,11,21,18336.639334447682,992.9882455617189,5.5166013642317715,10.197291965596378,3,2,2,2455,2324,0,131,72,56,27,47,22260741,prewarm,stability_delay_energy_v4,unified_fixed_point_v3,explicit_snapshot_v1,poisson_profile_catalog_v1,periodic_repository_v1,customized_periodic_pool_v1,empirical_window_beta_v1,slot_up_down_v1,fixed_service_time_v1,fixed_path_v1,full_duplex_shared_heat_v1,deployment_return_energy_v1,periodic_three_objective_v3,discrete_mpc_v1,grid_tkb_v1,arrival_risk_diversity_v1,budgeted_fixed_point_v1,regularized_surrogate_v1,goodput_cost_v1,0.17777777777777778,0.8222222222222222,0.16111111111111112,0.09375,0.09375,1.3679245283018868,0.07222222222222222,0.016666666666666666,0.08888888888888889,0.0,0.0
system_poisson:poisson_lifecycle_v1:joint_control:b604dbbc921b0ec4:periodic_customized:r0:s20260719,b604dbbc921b0ec4,joint_control,discrete_mpc,reference,discrete_mpc,0,20260719,system_poisson,poisson_lifecycle_v1,poisson_profile_catalog,periodic_customized,customized,p12_g4_a64,prewarm,measured,measured,discrete_mpc,fixed_total,1.0,6d295842eb0296d0,fca0df0e76e8aea8,68e477ed3df2fad8,c3ade63673949cb4,"{""algorithm"":""periodic_customized"",""alpha_l"":0.7,""alpha_r"":0.8,""availability_fraction"":0.5,""beta_l"":0.4,""beta_r"":0.5,""bootstrap_mode"":""prewarm"",""candidate_fixed_point_damping"":0.5,""candidate_fixed_point_max_iterations"":20,""candidate_fixed_point_relative_tolerance"":0.0001,""cloud_count"":1,""comparison_group"":""reference"",""comparison_method"":""discrete_mpc"",""control_mode"":""discrete_mpc"",""downtime_log_mean"":2.5,""downtime_log_sigma"":0.8,""edge_count"":5,""edge_link_factor"":2.0,""experiment_layer"":""system_poisson"",""fixed_online_budget_ms"":10.0,""fixed_planning_interval_slots"":10,""fixed_total_pool_budget"":20,""lambda_g"":0.7,""lambda_h"":0.7,""lambda_per_slot"":1.0,""max_deadline_ms"":1999.0,""min_deadline_ms"":500.0,""minimum_control_window_slots"":5,""minimum_replanning_interval_slots"":2,""name"":""discrete_mpc"",""online_budgets_ms"":[5.0,10.0,20.0],""online_timing_mode"":""measured"",""origin_group_count"":2,""plan_ttl_slots"":20,""planning_candidate_generator_mode"":""customized"",""planning_customized_archive_capacity"":64,""planning_customized_generations"":4,""planning_customized_population_size"":12,""planning_deadline_ms"":2000.0,""planning_intervals"":[5,10,20],""planning_runtime_ms"":100.0,""planning_sample_count"":20,""planning_timing_mode"":""measured"",""pool_budget_mode"":""fixed_total"",""profile_count"":2,""slot_count"":200,""slot_length_ms"":100.0,""suite"":""joint_control"",""total_pool_budgets"":[8,20,40],""uptime_scale"":100.0,""uptime_shape"":1.5,""user_count"":10,""workload_mode"":""poisson_profile_catalog""}",200,207,191,44,147,40,4,3,0,1,1.3017446459489228,736.8812235777914,0.8728818431219391,4403.984594036185,22,7,15,0,0,33,12,20,13491.684542852454,829.9275861354545,4.345170608039028,7.6674580341205,11,10,0,2329,2133,0,196,86,72,35,62,22260722,prewarm,stability_delay_energy_v4,unified_fixed_point_v3,explicit_snapshot_v1,poisson_profile_catalog_v1,periodic_repository_v1,customized_periodic_pool_v1,empirical_window_beta_v1,slot_up_down_v1,fixed_service_time_v1,fixed_path_v1,full_duplex_shared_heat_v1,deployment_return_energy_v1,periodic_three_objective_v3,discrete_mpc_v1,grid_tkb_v1,arrival_risk_diversity_v1,budgeted_fixed_point_v1,regularized_surrogate_v1,goodput_cost_v1,0.23036649214659685,0.7696335078534031,0.2094240837696335,0.09090909090909091,0.06818181818181818,1.9323671497584543,0.11518324607329843,0.03664921465968586,0.07853403141361257,0.0,0.0
system_poisson:poisson_lifecycle_v1:joint_control:b604dbbc921b0ec4:periodic_customized:r1:s20260720,b604dbbc921b0ec4,joint_control,discrete_mpc,reference,discrete_mpc,1,20260720,system_poisson,poisson_lifecycle_v1,poisson_profile_catalog,periodic_customized,customized,p12_g4_a64,prewarm,measured,measured,discrete_mpc,fixed_total,1.0,a4f53f5438a025fd,a0ac5e6d1accb3ff,b090fbef89e23494,4948b9b559ca3dae,"{""algorithm"":""periodic_customized"",""alpha_l"":0.7,""alpha_r"":0.8,""availability_fraction"":0.5,""beta_l"":0.4,""beta_r"":0.5,""bootstrap_mode"":""prewarm"",""candidate_fixed_point_damping"":0.5,""candidate_fixed_point_max_iterations"":20,""candidate_fixed_point_relative_tolerance"":0.0001,""cloud_count"":1,""comparison_group"":""reference"",""comparison_method"":""discrete_mpc"",""control_mode"":""discrete_mpc"",""downtime_log_mean"":2.5,""downtime_log_sigma"":0.8,""edge_count"":5,""edge_link_factor"":2.0,""experiment_layer"":""system_poisson"",""fixed_online_budget_ms"":10.0,""fixed_planning_interval_slots"":10,""fixed_total_pool_budget"":20,""lambda_g"":0.7,""lambda_h"":0.7,""lambda_per_slot"":1.0,""max_deadline_ms"":1999.0,""min_deadline_ms"":500.0,""minimum_control_window_slots"":5,""minimum_replanning_interval_slots"":2,""name"":""discrete_mpc"",""online_budgets_ms"":[5.0,10.0,20.0],""online_timing_mode"":""measured"",""origin_group_count"":2,""plan_ttl_slots"":20,""planning_candidate_generator_mode"":""customized"",""planning_customized_archive_capacity"":64,""planning_customized_generations"":4,""planning_customized_population_size"":12,""planning_deadline_ms"":2000.0,""planning_intervals"":[5,10,20],""planning_runtime_ms"":100.0,""planning_sample_count"":20,""planning_timing_mode"":""measured"",""pool_budget_mode"":""fixed_total"",""profile_count"":2,""slot_count"":200,""slot_length_ms"":100.0,""suite"":""joint_control"",""total_pool_budgets"":[8,20,40],""uptime_scale"":100.0,""uptime_shape"":1.5,""user_count"":10,""workload_mode"":""poisson_profile_catalog""}",200,206,209,65,144,58,7,2,0,1,1.9814002173071417,630.1055332587154,0.8294611472742858,6960.3587379656,18,23,24,0,0,30,10,19,15742.151874816045,1011.9885735912248,4.842050591345574,8.278958033770323,10,9,0,2214,1832,0,382,127,80,25,58,22260723,prewarm,stability_delay_energy_v4,unified_fixed_point_v3,explicit_snapshot_v1,poisson_profile_catalog_v1,periodic_repository_v1,customized_periodic_pool_v1,empirical_window_beta_v1,slot_up_down_v1,fixed_service_time_v1,fixed_path_v1,full_duplex_shared_heat_v1,deployment_return_energy_v1,periodic_three_objective_v3,discrete_mpc_v1,grid_tkb_v1,arrival_risk_diversity_v1,budgeted_fixed_point_v1,regularized_surrogate_v1,goodput_cost_v1,0.31100478468899523,0.6889952153110048,0.27751196172248804,0.1076923076923077,0.03076923076923077,2.815533980582524,0.0861244019138756,0.11004784688995216,0.11483253588516747,0.0,0.0
system_poisson:poisson_lifecycle_v1:joint_control:b604dbbc921b0ec4:periodic_customized:r2:s20260721,b604dbbc921b0ec4,joint_control,discrete_mpc,reference,discrete_mpc,2,20260721,system_poisson,poisson_lifecycle_v1,poisson_profile_catalog,periodic_customized,customized,p12_g4_a64,prewarm,measured,measured,discrete_mpc,fixed_total,1.0,e1936cba343be935,938f95453f2442e2,b1b7f5bba0248714,b3c97759fa661993,"{""algorithm"":""periodic_customized"",""alpha_l"":0.7,""alpha_r"":0.8,""availability_fraction"":0.5,""beta_l"":0.4,""beta_r"":0.5,""bootstrap_mode"":""prewarm"",""candidate_fixed_point_damping"":0.5,""candidate_fixed_point_max_iterations"":20,""candidate_fixed_point_relative_tolerance"":0.0001,""cloud_count"":1,""comparison_group"":""reference"",""comparison_method"":""discrete_mpc"",""control_mode"":""discrete_mpc"",""downtime_log_mean"":2.5,""downtime_log_sigma"":0.8,""edge_count"":5,""edge_link_factor"":2.0,""experiment_layer"":""system_poisson"",""fixed_online_budget_ms"":10.0,""fixed_planning_interval_slots"":10,""fixed_total_pool_budget"":20,""lambda_g"":0.7,""lambda_h"":0.7,""lambda_per_slot"":1.0,""max_deadline_ms"":1999.0,""min_deadline_ms"":500.0,""minimum_control_window_slots"":5,""minimum_replanning_interval_slots"":2,""name"":""discrete_mpc"",""online_budgets_ms"":[5.0,10.0,20.0],""online_timing_mode"":""measured"",""origin_group_count"":2,""plan_ttl_slots"":20,""planning_candidate_generator_mode"":""customized"",""planning_customized_archive_capacity"":64,""planning_customized_generations"":4,""planning_customized_population_size"":12,""planning_deadline_ms"":2000.0,""planning_intervals"":[5,10,20],""planning_runtime_ms"":100.0,""planning_sample_count"":20,""planning_timing_mode"":""measured"",""pool_budget_mode"":""fixed_total"",""profile_count"":2,""slot_count"":200,""slot_length_ms"":100.0,""suite"":""joint_control"",""total_pool_budgets"":[8,20,40],""uptime_scale"":100.0,""uptime_shape"":1.5,""user_count"":10,""workload_mode"":""poisson_profile_catalog""}",200,205,211,66,145,63,3,1,0,1,2.354143333123482,566.585793598295,0.8295346062323316,5370.0605499958,30,20,16,0,0,27,12,15,15570.280496496707,1295.9162074839696,6.141782973857676,15.04029193893075,10,9,0,2157,1859,0,298,159,133,99,78,22260724,prewarm,stability_delay_energy_v4,unified_fixed_point_v3,explicit_snapshot_v1,poisson_profile_catalog_v1,periodic_repository_v1,customized_periodic_pool_v1,empirical_window_beta_v1,slot_up_down_v1,fixed_service_time_v1,fixed_path_v1,full_duplex_shared_heat_v1,deployment_return_energy_v1,periodic_three_objective_v3,discrete_mpc_v1,grid_tkb_v1,arrival_risk_diversity_v1,budgeted_fixed_point_v1,regularized_surrogate_v1,goodput_cost_v1,0.3127962085308057,0.6872037914691943,0.2985781990521327,0.045454545454545456,0.015151515151515152,3.073170731707317,0.14218009478672985,0.0947867298578199,0.07582938388625593,0.0,0.0
system_poisson:poisson_lifecycle_v1:joint_control:b604dbbc921b0ec4:periodic_customized:r3:s20260722,b604dbbc921b0ec4,joint_control,discrete_mpc,reference,discrete_mpc,3,20260722,system_poisson,poisson_lifecycle_v1,poisson_profile_catalog,periodic_customized,customized,p12_g4_a64,prewarm,measured,measured,discrete_mpc,fixed_total,1.0,cad518de228dec43,e2c448830ab998d5,5b89c04953d23a62,a8d64a668c29fff0,"{""algorithm"":""periodic_customized"",""alpha_l"":0.7,""alpha_r"":0.8,""availability_fraction"":0.5,""beta_l"":0.4,""beta_r"":0.5,""bootstrap_mode"":""prewarm"",""candidate_fixed_point_damping"":0.5,""candidate_fixed_point_max_iterations"":20,""candidate_fixed_point_relative_tolerance"":0.0001,""cloud_count"":1,""comparison_group"":""reference"",""comparison_method"":""discrete_mpc"",""control_mode"":""discrete_mpc"",""downtime_log_mean"":2.5,""downtime_log_sigma"":0.8,""edge_count"":5,""edge_link_factor"":2.0,""experiment_layer"":""system_poisson"",""fixed_online_budget_ms"":10.0,""fixed_planning_interval_slots"":10,""fixed_total_pool_budget"":20,""lambda_g"":0.7,""lambda_h"":0.7,""lambda_per_slot"":1.0,""max_deadline_ms"":1999.0,""min_deadline_ms"":500.0,""minimum_control_window_slots"":5,""minimum_replanning_interval_slots"":2,""name"":""discrete_mpc"",""online_budgets_ms"":[5.0,10.0,20.0],""online_timing_mode"":""measured"",""origin_group_count"":2,""plan_ttl_slots"":20,""planning_candidate_generator_mode"":""customized"",""planning_customized_archive_capacity"":64,""planning_customized_generations"":4,""planning_customized_population_size"":12,""planning_deadline_ms"":2000.0,""planning_intervals"":[5,10,20],""planning_runtime_ms"":100.0,""planning_sample_count"":20,""planning_timing_mode"":""measured"",""pool_budget_mode"":""fixed_total"",""profile_count"":2,""slot_count"":200,""slot_length_ms"":100.0,""suite"":""joint_control"",""total_pool_budgets"":[8,20,40],""uptime_scale"":100.0,""uptime_shape"":1.5,""user_count"":10,""workload_mode"":""poisson_profile_catalog""}",200,210,210,72,138,66,6,1,0,1,2.329501564344229,583.20719503261,0.8494056267846124,5484.653686847258,35,14,23,0,0,32,20,11,14914.134203805588,963.4715826250613,4.5879599172621965,8.122417028062046,11,10,0,2502,1872,0,630,288,182,88,112,22260725,prewarm,stability_delay_energy_v4,unified_fixed_point_v3,explicit_snapshot_v1,poisson_profile_catalog_v1,periodic_repository_v1,customized_periodic_pool_v1,empirical_window_beta_v1,slot_up_down_v1,fixed_service_time_v1,fixed_path_v1,full_duplex_shared_heat_v1,deployment_return_energy_v1,periodic_three_objective_v3,discrete_mpc_v1,grid_tkb_v1,arrival_risk_diversity_v1,budgeted_fixed_point_v1,regularized_surrogate_v1,goodput_cost_v1,0.34285714285714286,0.6571428571428571,0.3142857142857143,0.08333333333333333,0.013888888888888888,3.142857142857143,0.16666666666666666,0.06666666666666667,0.10952380952380952,0.0,0.0
system_poisson:poisson_lifecycle_v1:joint_control:b604dbbc921b0ec4:periodic_customized:r4:s20260723,b604dbbc921b0ec4,joint_control,discrete_mpc,reference,discrete_mpc,4,20260723,system_poisson,poisson_lifecycle_v1,poisson_profile_catalog,periodic_customized,customized,p12_g4_a64,prewarm,measured,measured,discrete_mpc,fixed_total,1.0,85e4775618fc9271,04cc006508118ace,6d76626369b7dc47,7df8c4f9894fbd11,"{""algorithm"":""periodic_customized"",""alpha_l"":0.7,""alpha_r"":0.8,""availability_fraction"":0.5,""beta_l"":0.4,""beta_r"":0.5,""bootstrap_mode"":""prewarm"",""candidate_fixed_point_damping"":0.5,""candidate_fixed_point_max_iterations"":20,""candidate_fixed_point_relative_tolerance"":0.0001,""cloud_count"":1,""comparison_group"":""reference"",""comparison_method"":""discrete_mpc"",""control_mode"":""discrete_mpc"",""downtime_log_mean"":2.5,""downtime_log_sigma"":0.8,""edge_count"":5,""edge_link_factor"":2.0,""experiment_layer"":""system_poisson"",""fixed_online_budget_ms"":10.0,""fixed_planning_interval_slots"":10,""fixed_total_pool_budget"":20,""lambda_g"":0.7,""lambda_h"":0.7,""lambda_per_slot"":1.0,""max_deadline_ms"":1999.0,""min_deadline_ms"":500.0,""minimum_control_window_slots"":5,""minimum_replanning_interval_slots"":2,""name"":""discrete_mpc"",""online_budgets_ms"":[5.0,10.0,20.0],""online_timing_mode"":""measured"",""origin_group_count"":2,""plan_ttl_slots"":20,""planning_candidate_generator_mode"":""customized"",""planning_customized_archive_capacity"":64,""planning_customized_generations"":4,""planning_customized_population_size"":12,""planning_deadline_ms"":2000.0,""planning_intervals"":[5,10,20],""planning_runtime_ms"":100.0,""planning_sample_count"":20,""planning_timing_mode"":""measured"",""pool_budget_mode"":""fixed_total"",""profile_count"":2,""slot_count"":200,""slot_length_ms"":100.0,""suite"":""joint_control"",""total_pool_budgets"":[8,20,40],""uptime_scale"":100.0,""uptime_shape"":1.5,""user_count"":10,""workload_mode"":""poisson_profile_catalog""}",200,206,206,64,142,56,8,0,0,1,2.040017631358998,601.7597757908535,0.8413633086339406,7045.439635878893,19,24,21,0,0,28,10,18,15642.812710953876,1228.4303670749068,5.963254209101489,11.84937497600913,11,10,0,2183,1990,0,193,88,58,49,30,22260726,prewarm,stability_delay_energy_v4,unified_fixed_point_v3,explicit_snapshot_v1,poisson_profile_catalog_v1,periodic_repository_v1,customized_periodic_pool_v1,empirical_window_beta_v1,slot_up_down_v1,fixed_service_time_v1,fixed_path_v1,full_duplex_shared_heat_v1,deployment_return_energy_v1,periodic_three_objective_v3,discrete_mpc_v1,grid_tkb_v1,arrival_risk_diversity_v1,budgeted_fixed_point_v1,regularized_surrogate_v1,goodput_cost_v1,0.3106796116504854,0.6893203883495146,0.27184466019417475,0.125,0.0,2.7184466019417473,0.09223300970873786,0.11650485436893204,0.10194174757281553,0.0,0.0
system_poisson:poisson_lifecycle_v1:joint_control:b604dbbc921b0ec4:periodic_customized:r5:s20260724,b604dbbc921b0ec4,joint_control,discrete_mpc,reference,discrete_mpc,5,20260724,system_poisson,poisson_lifecycle_v1,poisson_profile_catalog,periodic_customized,customized,p12_g4_a64,prewarm,measured,measured,discrete_mpc,fixed_total,1.0,d24fe9836276a23a,5f88dfc591596c91,8236ef19df927245,c61766e5adeaf7a9,"{""algorithm"":""periodic_customized"",""alpha_l"":0.7,""alpha_r"":0.8,""availability_fraction"":0.5,""beta_l"":0.4,""beta_r"":0.5,""bootstrap_mode"":""prewarm"",""candidate_fixed_point_damping"":0.5,""candidate_fixed_point_max_iterations"":20,""candidate_fixed_point_relative_tolerance"":0.0001,""cloud_count"":1,""comparison_group"":""reference"",""comparison_method"":""discrete_mpc"",""control_mode"":""discrete_mpc"",""downtime_log_mean"":2.5,""downtime_log_sigma"":0.8,""edge_count"":5,""edge_link_factor"":2.0,""experiment_layer"":""system_poisson"",""fixed_online_budget_ms"":10.0,""fixed_planning_interval_slots"":10,""fixed_total_pool_budget"":20,""lambda_g"":0.7,""lambda_h"":0.7,""lambda_per_slot"":1.0,""max_deadline_ms"":1999.0,""min_deadline_ms"":500.0,""minimum_control_window_slots"":5,""minimum_replanning_interval_slots"":2,""name"":""discrete_mpc"",""online_budgets_ms"":[5.0,10.0,20.0],""online_timing_mode"":""measured"",""origin_group_count"":2,""plan_ttl_slots"":20,""planning_candidate_generator_mode"":""customized"",""planning_customized_archive_capacity"":64,""planning_customized_generations"":4,""planning_customized_population_size"":12,""planning_deadline_ms"":2000.0,""planning_intervals"":[5,10,20],""planning_runtime_ms"":100.0,""planning_sample_count"":20,""planning_timing_mode"":""measured"",""pool_budget_mode"":""fixed_total"",""profile_count"":2,""slot_count"":200,""slot_length_ms"":100.0,""suite"":""joint_control"",""total_pool_budgets"":[8,20,40],""uptime_scale"":100.0,""uptime_shape"":1.5,""user_count"":10,""workload_mode"":""poisson_profile_catalog""}",200,204,196,59,137,51,8,3,0,1,1.738777633095448,546.2568172806995,0.8333126425657851,4378.655145110822,35,12,12,0,0,33,19,14,13139.39529156778,937.0356647996232,4.780794208161343,8.72633303515613,12,11,0,2415,2272,0,143,87,80,62,39,22260727,prewarm,stability_delay_energy_v4,unified_fixed_point_v3,explicit_snapshot_v1,poisson_profile_catalog_v1,periodic_repository_v1,customized_periodic_pool_v1,empirical_window_beta_v1,slot_up_down_v1,fixed_service_time_v1,fixed_path_v1,full_duplex_shared_heat_v1,deployment_return_energy_v1,periodic_three_objective_v3,discrete_mpc_v1,grid_tkb_v1,arrival_risk_diversity_v1,budgeted_fixed_point_v1,regularized_surrogate_v1,goodput_cost_v1,0.3010204081632653,0.6989795918367347,0.2602040816326531,0.13559322033898305,0.05084745762711865,2.5,0.17857142857142858,0.061224489795918366,0.061224489795918366,0.0,0.0
system_poisson:poisson_lifecycle_v1:joint_control:b604dbbc921b0ec4:periodic_customized:r6:s20260725,b604dbbc921b0ec4,joint_control,discrete_mpc,reference,discrete_mpc,6,20260725,system_poisson,poisson_lifecycle_v1,poisson_profile_catalog,periodic_customized,customized,p12_g4_a64,prewarm,measured,measured,discrete_mpc,fixed_total,1.0,26abbdd9b75bc615,fc04fea1c464df4f,315f55f80c124787,b0aa21bae96916c6,"{""algorithm"":""periodic_customized"",""alpha_l"":0.7,""alpha_r"":0.8,""availability_fraction"":0.5,""beta_l"":0.4,""beta_r"":0.5,""bootstrap_mode"":""prewarm"",""candidate_fixed_point_damping"":0.5,""candidate_fixed_point_max_iterations"":20,""candidate_fixed_point_relative_tolerance"":0.0001,""cloud_count"":1,""comparison_group"":""reference"",""comparison_method"":""discrete_mpc"",""control_mode"":""discrete_mpc"",""downtime_log_mean"":2.5,""downtime_log_sigma"":0.8,""edge_count"":5,""edge_link_factor"":2.0,""experiment_layer"":""system_poisson"",""fixed_online_budget_ms"":10.0,""fixed_planning_interval_slots"":10,""fixed_total_pool_budget"":20,""lambda_g"":0.7,""lambda_h"":0.7,""lambda_per_slot"":1.0,""max_deadline_ms"":1999.0,""min_deadline_ms"":500.0,""minimum_control_window_slots"":5,""minimum_replanning_interval_slots"":2,""name"":""discrete_mpc"",""online_budgets_ms"":[5.0,10.0,20.0],""online_timing_mode"":""measured"",""origin_group_count"":2,""plan_ttl_slots"":20,""planning_candidate_generator_mode"":""customized"",""planning_customized_archive_capacity"":64,""planning_customized_generations"":4,""planning_customized_population_size"":12,""planning_deadline_ms"":2000.0,""planning_intervals"":[5,10,20],""planning_runtime_ms"":100.0,""planning_sample_count"":20,""planning_timing_mode"":""measured"",""pool_budget_mode"":""fixed_total"",""profile_count"":2,""slot_count"":200,""slot_length_ms"":100.0,""suite"":""joint_control"",""total_pool_budgets"":[8,20,40],""uptime_scale"":100.0,""uptime_shape"":1.5,""user_count"":10,""workload_mode"":""poisson_profile_catalog""}",200,203,183,46,137,37,9,1,0,1,1.3130162427890069,682.4865516406522,0.8526122895288161,6110.813219866417,16,13,17,0,0,31,13,17,14887.54629320465,846.5063341427594,4.625717672911254,7.754417019896209,12,11,0,2248,2030,0,218,110,79,32,67,22260728,prewarm,stability_delay_energy_v4,unified_fixed_point_v3,explicit_snapshot_v1,poisson_profile_catalog_v1,periodic_repository_v1,customized_periodic_pool_v1,empirical_window_beta_v1,slot_up_down_v1,fixed_service_time_v1,fixed_path_v1,full_duplex_shared_heat_v1,deployment_return_energy_v1,periodic_three_objective_v3,discrete_mpc_v1,grid_tkb_v1,arrival_risk_diversity_v1,budgeted_fixed_point_v1,regularized_surrogate_v1,goodput_cost_v1,0.25136612021857924,0.7486338797814208,0.20218579234972678,0.1956521739130435,0.021739130434782608,1.8226600985221675,0.08743169398907104,0.07103825136612021,0.09289617486338798,0.0,0.0
system_poisson:poisson_lifecycle_v1:joint_control:b604dbbc921b0ec4:periodic_customized:r7:s20260726,b604dbbc921b0ec4,joint_control,discrete_mpc,reference,discrete_mpc,7,20260726,system_poisson,poisson_lifecycle_v1,poisson_profile_catalog,periodic_customized,customized,p12_g4_a64,prewarm,measured,measured,discrete_mpc,fixed_total,1.0,cfb348bc73ed6b08,6c2f0ddd78fdc176,45d9b67b7d7e2742,5d8d75c05ac19d95,"{""algorithm"":""periodic_customized"",""alpha_l"":0.7,""alpha_r"":0.8,""availability_fraction"":0.5,""beta_l"":0.4,""beta_r"":0.5,""bootstrap_mode"":""prewarm"",""candidate_fixed_point_damping"":0.5,""candidate_fixed_point_max_iterations"":20,""candidate_fixed_point_relative_tolerance"":0.0001,""cloud_count"":1,""comparison_group"":""reference"",""comparison_method"":""discrete_mpc"",""control_mode"":""discrete_mpc"",""downtime_log_mean"":2.5,""downtime_log_sigma"":0.8,""edge_count"":5,""edge_link_factor"":2.0,""experiment_layer"":""system_poisson"",""fixed_online_budget_ms"":10.0,""fixed_planning_interval_slots"":10,""fixed_total_pool_budget"":20,""lambda_g"":0.7,""lambda_h"":0.7,""lambda_per_slot"":1.0,""max_deadline_ms"":1999.0,""min_deadline_ms"":500.0,""minimum_control_window_slots"":5,""minimum_replanning_interval_slots"":2,""name"":""discrete_mpc"",""online_budgets_ms"":[5.0,10.0,20.0],""online_timing_mode"":""measured"",""origin_group_count"":2,""plan_ttl_slots"":20,""planning_candidate_generator_mode"":""customized"",""planning_customized_archive_capacity"":64,""planning_customized_generations"":4,""planning_customized_population_size"":12,""planning_deadline_ms"":2000.0,""planning_intervals"":[5,10,20],""planning_runtime_ms"":100.0,""planning_sample_count"":20,""planning_timing_mode"":""measured"",""pool_budget_mode"":""fixed_total"",""profile_count"":2,""slot_count"":200,""slot_length_ms"":100.0,""suite"":""joint_control"",""total_pool_budgets"":[8,20,40],""uptime_scale"":100.0,""uptime_shape"":1.5,""user_count"":10,""workload_mode"":""poisson_profile_catalog""}",200,201,190,50,140,46,4,1,0,1,1.5899713164626108,745.0877531382771,0.8247141383027643,6684.861723190021,25,15,10,0,0,26,15,10,15074.704627273604,1150.9284635540098,6.05751822923163,13.773291953839362,10,9,0,1883,1566,0,317,147,91,69,25,22260729,prewarm,stability_delay_energy_v4,unified_fixed_point_v3,explicit_snapshot_v1,poisson_profile_catalog_v1,periodic_repository_v1,customized_periodic_pool_v1,empirical_window_beta_v1,slot_up_down_v1,fixed_service_time_v1,fixed_path_v1,full_duplex_shared_heat_v1,deployment_return_energy_v1,periodic_three_objective_v3,discrete_mpc_v1,grid_tkb_v1,arrival_risk_diversity_v1,budgeted_fixed_point_v1,regularized_surrogate_v1,goodput_cost_v1,0.2631578947368421,0.7368421052631579,0.24210526315789474,0.08,0.02,2.288557213930348,0.13157894736842105,0.07894736842105263,0.05263157894736842,0.0,0.0
