task_id,scenario_id,suite,scenario,comparison_group,comparison_method,repeat,seed,experiment_layer,protocol_version,workload_mode,algorithm,candidate_generator_mode,search_budget_id,bootstrap_mode_config,online_timing_mode,planning_timing_mode,control_mode,pool_budget_mode,lambda_per_slot,topology_hash,profile_catalog_hash,workload_trace_hash,environment_trace_hash,scenario_parameters,arrival_slots,elapsed_slots,arrived_requests,accepted_requests,rejected_requests,completed_requests,runtime_failed_requests,deadline_missed_requests,unfinished_requests,request_conservation_valid,goodput_utility,avg_estimated_delay_ms,avg_operational_stability_score,avg_total_energy,plan_direct_count,plan_repaired_count,fast_fallback_count,per_request_customized_count,online_baseline_count,planning_jobs_started,planning_jobs_published,planning_jobs_retained,total_planning_runtime_ms,total_online_runtime_ms,avg_online_runtime_ms,p95_online_runtime_ms,control_decision_count,control_outcome_count,control_fallback_count,search_assignments_generated,search_constraint_rejected_candidates,search_nonconverged_candidates,search_feasible_candidates,search_pareto_candidates,search_selected_candidates,publication_valid_candidates,publication_rejected_candidates,trace_seed,bootstrap_mode,objective_semantics_version,candidate_prediction_version,observation_semantics_version,workload_semantics_version,planning_semantics_version,candidate_generator_version,availability_estimator_version,availability_model_version,runtime_progress_mode,routing_mode,duplex_mode,energy_model_version,result_schema_version,joint_budget_control_version,joint_action_space_version,pool_allocation_version,online_anytime_revalidation_version,action_predictor_version,control_objective_version,acceptance_rate,rejection_rate,completion_rate,runtime_failure_rate,deadline_miss_rate,completion_throughput_rps,plan_direct_rate,plan_repaired_rate,fast_fallback_rate,per_request_customized_rate,online_baseline_rate
system_poisson:poisson_lifecycle_v1:generator_ablation:8f1d4e595c4d2f82:periodic_customized:r0:s20260719,8f1d4e595c4d2f82,generator_ablation,customized,reference,customized,0,20260719,system_poisson,poisson_lifecycle_v1,poisson_profile_catalog,periodic_customized,customized,p12_g4_a64,prewarm,measured,measured,fixed,fixed_total,1.0,6d295842eb0296d0,fca0df0e76e8aea8,68e477ed3df2fad8,c3ade63673949cb4,"{""algorithm"":""periodic_customized"",""alpha_l"":0.7,""alpha_r"":0.8,""availability_fraction"":0.5,""beta_l"":0.4,""beta_r"":0.5,""bootstrap_mode"":""prewarm"",""candidate_fixed_point_damping"":0.5,""candidate_fixed_point_max_iterations"":20,""candidate_fixed_point_relative_tolerance"":0.0001,""cloud_count"":1,""comparison_group"":""reference"",""comparison_method"":""customized"",""control_mode"":""fixed"",""downtime_log_mean"":2.5,""downtime_log_sigma"":0.8,""edge_count"":5,""edge_link_factor"":2.0,""experiment_layer"":""system_poisson"",""fixed_online_budget_ms"":10.0,""fixed_planning_interval_slots"":5,""fixed_total_pool_budget"":20,""lambda_g"":0.7,""lambda_h"":0.7,""lambda_per_slot"":1.0,""max_deadline_ms"":1999.0,""min_deadline_ms"":500.0,""minimum_control_window_slots"":5,""minimum_replanning_interval_slots"":2,""name"":""customized"",""online_budgets_ms"":[5.0,10.0,20.0],""online_timing_mode"":""measured"",""origin_group_count"":2,""plan_ttl_slots"":20,""planning_candidate_generator_mode"":""customized"",""planning_customized_archive_capacity"":64,""planning_customized_generations"":4,""planning_customized_population_size"":12,""planning_deadline_ms"":2000.0,""planning_intervals"":[5,10,20],""planning_runtime_ms"":100.0,""planning_sample_count"":20,""planning_timing_mode"":""measured"",""pool_budget_mode"":""fixed_total"",""profile_count"":2,""slot_count"":200,""slot_length_ms"":100.0,""suite"":""generator_ablation"",""total_pool_budgets"":[8,20,40],""uptime_scale"":100.0,""uptime_shape"":1.5,""user_count"":10,""workload_mode"":""poisson_profile_catalog""}",200,206,191,42,149,38,4,2,0,1,1.244103973588459,757.3626394451445,0.8774984297172975,4453.982953489839,25,6,11,0,0,42,25,16,14062.5478355214,652.0504161017016,3.4138765240926783,7.162958034314215,31,30,0,2949,2656,0,293,138,107,68,73,22260722,prewarm,stability_delay_energy_v4,unified_fixed_point_v3,explicit_snapshot_v1,poisson_profile_catalog_v1,periodic_repository_v1,customized_periodic_pool_v1,empirical_window_beta_v1,slot_up_down_v1,fixed_service_time_v1,fixed_path_v1,full_duplex_shared_heat_v1,deployment_return_energy_v1,periodic_three_objective_v3,discrete_mpc_v1,grid_tkb_v1,arrival_risk_diversity_v1,budgeted_fixed_point_v1,regularized_surrogate_v1,goodput_cost_v1,0.2198952879581152,0.7801047120418848,0.19895287958115182,0.09523809523809523,0.047619047619047616,1.8446601941747571,0.13089005235602094,0.031413612565445025,0.05759162303664921,0.0,0.0
system_poisson:poisson_lifecycle_v1:generator_ablation:8f1d4e595c4d2f82:periodic_customized:r1:s20260720,8f1d4e595c4d2f82,generator_ablation,customized,reference,customized,1,20260720,system_poisson,poisson_lifecycle_v1,poisson_profile_catalog,periodic_customized,customized,p12_g4_a64,prewarm,measured,measured,fixed,fixed_total,1.0,a4f53f5438a025fd,a0ac5e6d1accb3ff,b090fbef89e23494,4948b9b559ca3dae,"{""algorithm"":""periodic_customized"",""alpha_l"":0.7,""alpha_r"":0.8,""availability_fraction"":0.5,""beta_l"":0.4,""beta_r"":0.5,""bootstrap_mode"":""prewarm"",""candidate_fixed_point_damping"":0.5,""candidate_fixed_point_max_iterations"":20,""candidate_fixed_point_relative_tolerance"":0.0001,""cloud_count"":1,""comparison_group"":""reference"",""comparison_method"":""customized"",""control_mode"":""fixed"",""downtime_log_mean"":2.5,""downtime_log_sigma"":0.8,""edge_count"":5,""edge_link_factor"":2.0,""experiment_layer"":""system_poisson"",""fixed_online_budget_ms"":10.0,""fixed_planning_interval_slots"":5,""fixed_total_pool_budget"":20,""lambda_g"":0.7,""lambda_h"":0.7,""lambda_per_slot"":1.0,""max_deadline_ms"":1999.0,""min_deadline_ms"":500.0,""minimum_control_window_slots"":5,""minimum_replanning_interval_slots"":2,""name"":""customized"",""online_budgets_ms"":[5.0,10.0,20.0],""online_timing_mode"":""measured"",""origin_group_count"":2,""plan_ttl_slots"":20,""planning_candidate_generator_mode"":""customized"",""planning_customized_archive_capacity"":64,""planning_customized_generations"":4,""planning_customized_population_size"":12,""planning_deadline_ms"":2000.0,""planning_intervals"":[5,10,20],""planning_runtime_ms"":100.0,""planning_sample_count"":20,""planning_timing_mode"":""measured"",""pool_budget_mode"":""fixed_total"",""profile_count"":2,""slot_count"":200,""slot_length_ms"":100.0,""suite"":""generator_ablation"",""total_pool_budgets"":[8,20,40],""uptime_scale"":100.0,""uptime_shape"":1.5,""user_count"":10,""workload_mode"":""poisson_profile_catalog""}",200,201,209,66,143,59,7,1,0,1,2.073661523716178,672.5722422948243,0.8283906192071875,7165.004482640155,19,24,23,0,0,35,16,18,17154.920500004664,920.7506683887914,4.405505590376992,7.462834008038044,11,10,0,2556,2065,0,491,151,86,38,67,22260723,prewarm,stability_delay_energy_v4,unified_fixed_point_v3,explicit_snapshot_v1,poisson_profile_catalog_v1,periodic_repository_v1,customized_periodic_pool_v1,empirical_window_beta_v1,slot_up_down_v1,fixed_service_time_v1,fixed_path_v1,full_duplex_shared_heat_v1,deployment_return_energy_v1,periodic_three_objective_v3,discrete_mpc_v1,grid_tkb_v1,arrival_risk_diversity_v1,budgeted_fixed_point_v1,regularized_surrogate_v1,goodput_cost_v1,0.3157894736842105,0.6842105263157895,0.2822966507177033,0.10606060606060606,0.015151515151515152,2.935323383084577,0.09090909090909091,0.11483253588516747,0.11004784688995216,0.0,0.0
system_poisson:poisson_lifecycle_v1:generator_ablation:8f1d4e595c4d2f82:periodic_customized:r2:s20260721,8f1d4e595c4d2f82,generator_ablation,customized,reference,customized,2,20260721,system_poisson,poisson_lifecycle_v1,poisson_profile_catalog,periodic_customized,customized,p12_g4_a64,prewarm,measured,measured,fixed,fixed_total,1.0,e1936cba343be935,938f95453f2442e2,b1b7f5bba0248714,b3c97759fa661993,"{""algorithm"":""periodic_customized"",""alpha_l"":0.7,""alpha_r"":0.8,""availability_fraction"":0.5,""beta_l"":0.4,""beta_r"":0.5,""bootstrap_mode"":""prewarm"",""candidate_fixed_point_damping"":0.5,""candidate_fixed_point_max_iterations"":20,""candidate_fixed_point_relative_tolerance"":0.0001,""cloud_count"":1,""comparison_group"":""reference"",""comparison_method"":""customized"",""control_mode"":""fixed"",""downtime_log_mean"":2.5,""downtime_log_sigma"":0.8,""edge_count"":5,""edge_link_factor"":2.0,""experiment_layer"":""system_poisson"",""fixed_online_budget_ms"":10.0,""fixed_planning_interval_slots"":5,""fixed_total_pool_budget"":20,""lambda_g"":0.7,""lambda_h"":0.7,""lambda_per_slot"":1.0,""max_deadline_ms"":1999.0,""min_deadline_ms"":500.0,""minimum_control_window_slots"":5,""minimum_replanning_interval_slots"":2,""name"":""customized"",""online_budgets_ms"":[5.0,10.0,20.0],""online_timing_mode"":""measured"",""origin_group_count"":2,""plan_ttl_slots"":20,""planning_candidate_generator_mode"":""customized"",""planning_customized_archive_capacity"":64,""planning_customized_generations"":4,""planning_customized_population_size"":12,""planning_deadline_ms"":2000.0,""planning_intervals"":[5,10,20],""planning_runtime_ms"":100.0,""planning_sample_count"":20,""planning_timing_mode"":""measured"",""pool_budget_mode"":""fixed_total"",""profile_count"":2,""slot_count"":200,""slot_length_ms"":100.0,""suite"":""generator_ablation"",""total_pool_budgets"":[8,20,40],""uptime_scale"":100.0,""uptime_shape"":1.5,""user_count"":10,""workload_mode"":""poisson_profile_catalog""}",200,204,211,69,142,63,6,0,0,1,2.357833124413581,540.3712939289823,0.8298685003336509,5669.307837156692,30,27,12,0,0,31,19,11,19278.173876926303,1360.8176595298573,6.449372793980366,11.732500046491623,2,1,0,2603,1965,0,638,269,202,133,142,22260724,prewarm,stability_delay_energy_v4,unified_fixed_point_v3,explicit_snapshot_v1,poisson_profile_catalog_v1,periodic_repository_v1,customized_periodic_pool_v1,empirical_window_beta_v1,slot_up_down_v1,fixed_service_time_v1,fixed_path_v1,full_duplex_shared_heat_v1,deployment_return_energy_v1,periodic_three_objective_v3,discrete_mpc_v1,grid_tkb_v1,arrival_risk_diversity_v1,budgeted_fixed_point_v1,regularized_surrogate_v1,goodput_cost_v1,0.32701421800947866,0.6729857819905213,0.2985781990521327,0.08695652173913043,0.0,3.088235294117647,0.14218009478672985,0.12796208530805686,0.05687203791469194,0.0,0.0
system_poisson:poisson_lifecycle_v1:generator_ablation:8f1d4e595c4d2f82:periodic_customized:r3:s20260722,8f1d4e595c4d2f82,generator_ablation,customized,reference,customized,3,20260722,system_poisson,poisson_lifecycle_v1,poisson_profile_catalog,periodic_customized,customized,p12_g4_a64,prewarm,measured,measured,fixed,fixed_total,1.0,cad518de228dec43,e2c448830ab998d5,5b89c04953d23a62,a8d64a668c29fff0,"{""algorithm"":""periodic_customized"",""alpha_l"":0.7,""alpha_r"":0.8,""availability_fraction"":0.5,""beta_l"":0.4,""beta_r"":0.5,""bootstrap_mode"":""prewarm"",""candidate_fixed_point_damping"":0.5,""candidate_fixed_point_max_iterations"":20,""candidate_fixed_point_relative_tolerance"":0.0001,""cloud_count"":1,""comparison_group"":""reference"",""comparison_method"":""customized"",""control_mode"":""fixed"",""downtime_log_mean"":2.5,""downtime_log_sigma"":0.8,""edge_count"":5,""edge_link_factor"":2.0,""experiment_layer"":""system_poisson"",""fixed_online_budget_ms"":10.0,""fixed_planning_interval_slots"":5,""fixed_total_pool_budget"":20,""lambda_g"":0.7,""lambda_h"":0.7,""lambda_per_slot"":1.0,""max_deadline_ms"":1999.0,""min_deadline_ms"":500.0,""minimum_control_window_slots"":5,""minimum_replanning_interval_slots"":2,""name"":""customized"",""online_budgets_ms"":[5.0,10.0,20.0],""online_timing_mode"":""measured"",""origin_group_count"":2,""plan_ttl_slots"":20,""planning_candidate_generator_mode"":""customized"",""planning_customized_archive_capacity"":64,""planning_customized_generations"":4,""planning_customized_population_size"":12,""planning_deadline_ms"":2000.0,""planning_intervals"":[5,10,20],""planning_runtime_ms"":100.0,""planning_sample_count"":20,""planning_timing_mode"":""measured"",""pool_budget_mode"":""fixed_total"",""profile_count"":2,""slot_count"":200,""slot_length_ms"":100.0,""suite"":""generator_ablation"",""total_pool_budgets"":[8,20,40],""uptime_scale"":100.0,""uptime_shape"":1.5,""user_count"":10,""workload_mode"":""poisson_profile_catalog""}",200,206,210,70,140,62,8,1,0,1,2.1744048257219943,583.91804141505,0.8432272266747768,5872.0981094817225,29,18,23,0,0,36,19,16,18398.815751075745,1184.807455749251,5.641940265472623,10.492041008546948,4,3,0,2678,2170,0,508,220,146,87,112,22260725,prewarm,stability_delay_energy_v4,unified_fixed_point_v3,explicit_snapshot_v1,poisson_profile_catalog_v1,periodic_repository_v1,customized_periodic_pool_v1,empirical_window_beta_v1,slot_up_down_v1,fixed_service_time_v1,fixed_path_v1,full_duplex_shared_heat_v1,deployment_return_energy_v1,periodic_three_objective_v3,discrete_mpc_v1,grid_tkb_v1,arrival_risk_diversity_v1,budgeted_fixed_point_v1,regularized_surrogate_v1,goodput_cost_v1,0.3333333333333333,0.6666666666666666,0.29523809523809524,0.11428571428571428,0.014285714285714285,3.0097087378640777,0.1380952380952381,0.08571428571428572,0.10952380952380952,0.0,0.0
system_poisson:poisson_lifecycle_v1:generator_ablation:8f1d4e595c4d2f82:periodic_customized:r4:s20260723,8f1d4e595c4d2f82,generator_ablation,customized,reference,customized,4,20260723,system_poisson,poisson_lifecycle_v1,poisson_profile_catalog,periodic_customized,customized,p12_g4_a64,prewarm,measured,measured,fixed,fixed_total,1.0,85e4775618fc9271,04cc006508118ace,6d76626369b7dc47,7df8c4f9894fbd11,"{""algorithm"":""periodic_customized"",""alpha_l"":0.7,""alpha_r"":0.8,""availability_fraction"":0.5,""beta_l"":0.4,""beta_r"":0.5,""bootstrap_mode"":""prewarm"",""candidate_fixed_point_damping"":0.5,""candidate_fixed_point_max_iterations"":20,""candidate_fixed_point_relative_tolerance"":0.0001,""cloud_count"":1,""comparison_group"":""reference"",""comparison_method"":""customized"",""control_mode"":""fixed"",""downtime_log_mean"":2.5,""downtime_log_sigma"":0.8,""edge_count"":5,""edge_link_factor"":2.0,""experiment_layer"":""system_poisson"",""fixed_online_budget_ms"":10.0,""fixed_planning_interval_slots"":5,""fixed_total_pool_budget"":20,""lambda_g"":0.7,""lambda_h"":0.7,""lambda_per_slot"":1.0,""max_deadline_ms"":1999.0,""min_deadline_ms"":500.0,""minimum_control_window_slots"":5,""minimum_replanning_interval_slots"":2,""name"":""customized"",""online_budgets_ms"":[5.0,10.0,20.0],""online_timing_mode"":""measured"",""origin_group_count"":2,""plan_ttl_slots"":20,""planning_candidate_generator_mode"":""customized"",""planning_customized_archive_capacity"":64,""planning_customized_generations"":4,""planning_customized_population_size"":12,""planning_deadline_ms"":2000.0,""planning_intervals"":[5,10,20],""planning_runtime_ms"":100.0,""planning_sample_count"":20,""planning_timing_mode"":""measured"",""pool_budget_mode"":""fixed_total"",""profile_count"":2,""slot_count"":200,""slot_length_ms"":100.0,""suite"":""generator_ablation"",""total_pool_budgets"":[8,20,40],""uptime_scale"":100.0,""uptime_shape"":1.5,""user_count"":10,""workload_mode"":""poisson_profile_catalog""}",200,207,206,68,138,61,7,1,0,1,2.1589638875419106,612.364533515617,0.8448081612830753,7309.7278666048005,17,27,24,0,0,33,11,21,18080.761457211338,1319.553952664137,6.40560171196183,13.50666698999703,7,6,0,2537,2148,0,389,155,96,38,94,22260726,prewarm,stability_delay_energy_v4,unified_fixed_point_v3,explicit_snapshot_v1,poisson_profile_catalog_v1,periodic_repository_v1,customized_periodic_pool_v1,empirical_window_beta_v1,slot_up_down_v1,fixed_service_time_v1,fixed_path_v1,full_duplex_shared_heat_v1,deployment_return_energy_v1,periodic_three_objective_v3,discrete_mpc_v1,grid_tkb_v1,arrival_risk_diversity_v1,budgeted_fixed_point_v1,regularized_surrogate_v1,goodput_cost_v1,0.3300970873786408,0.6699029126213593,0.2961165048543689,0.10294117647058823,0.014705882352941176,2.9468599033816427,0.0825242718446602,0.13106796116504854,0.11650485436893204,0.0,0.0
system_poisson:poisson_lifecycle_v1:generator_ablation:8f1d4e595c4d2f82:periodic_customized:r5:s20260724,8f1d4e595c4d2f82,generator_ablation,customized,reference,customized,5,20260724,system_poisson,poisson_lifecycle_v1,poisson_profile_catalog,periodic_customized,customized,p12_g4_a64,prewarm,measured,measured,fixed,fixed_total,1.0,d24fe9836276a23a,5f88dfc591596c91,8236ef19df927245,c61766e5adeaf7a9,"{""algorithm"":""periodic_customized"",""alpha_l"":0.7,""alpha_r"":0.8,""availability_fraction"":0.5,""beta_l"":0.4,""beta_r"":0.5,""bootstrap_mode"":""prewarm"",""candidate_fixed_point_damping"":0.5,""candidate_fixed_point_max_iterations"":20,""candidate_fixed_point_relative_tolerance"":0.0001,""cloud_count"":1,""comparison_group"":""reference"",""comparison_method"":""customized"",""control_mode"":""fixed"",""downtime_log_mean"":2.5,""downtime_log_sigma"":0.8,""edge_count"":5,""edge_link_factor"":2.0,""experiment_layer"":""system_poisson"",""fixed_online_budget_ms"":10.0,""fixed_planning_interval_slots"":5,""fixed_total_pool_budget"":20,""lambda_g"":0.7,""lambda_h"":0.7,""lambda_per_slot"":1.0,""max_deadline_ms"":1999.0,""min_deadline_ms"":500.0,""minimum_control_window_slots"":5,""minimum_replanning_interval_slots"":2,""name"":""customized"",""online_budgets_ms"":[5.0,10.0,20.0],""online_timing_mode"":""measured"",""origin_group_count"":2,""plan_ttl_slots"":20,""planning_candidate_generator_mode"":""customized"",""planning_customized_archive_capacity"":64,""planning_customized_generations"":4,""planning_customized_population_size"":12,""planning_deadline_ms"":2000.0,""planning_intervals"":[5,10,20],""planning_runtime_ms"":100.0,""planning_sample_count"":20,""planning_timing_mode"":""measured"",""pool_budget_mode"":""fixed_total"",""profile_count"":2,""slot_count"":200,""slot_length_ms"":100.0,""suite"":""generator_ablation"",""total_pool_budgets"":[8,20,40],""uptime_scale"":100.0,""uptime_shape"":1.5,""user_count"":10,""workload_mode"":""poisson_profile_catalog""}",200,203,196,63,133,54,9,1,0,1,1.9527587901562138,538.9977421555278,0.8333922638538223,4335.64821152973,32,18,13,0,0,37,19,17,17705.468502128497,1042.1142971608788,5.316909679392238,10.258957976475358,7,6,0,2763,2549,0,214,134,111,81,77,22260727,prewarm,stability_delay_energy_v4,unified_fixed_point_v3,explicit_snapshot_v1,poisson_profile_catalog_v1,periodic_repository_v1,customized_periodic_pool_v1,empirical_window_beta_v1,slot_up_down_v1,fixed_service_time_v1,fixed_path_v1,full_duplex_shared_heat_v1,deployment_return_energy_v1,periodic_three_objective_v3,discrete_mpc_v1,grid_tkb_v1,arrival_risk_diversity_v1,budgeted_fixed_point_v1,regularized_surrogate_v1,goodput_cost_v1,0.32142857142857145,0.6785714285714286,0.2755102040816326,0.14285714285714285,0.015873015873015872,2.6600985221674875,0.16326530612244897,0.09183673469387756,0.0663265306122449,0.0,0.0
system_poisson:poisson_lifecycle_v1:generator_ablation:8f1d4e595c4d2f82:periodic_customized:r6:s20260725,8f1d4e595c4d2f82,generator_ablation,customized,reference,customized,6,20260725,system_poisson,poisson_lifecycle_v1,poisson_profile_catalog,periodic_customized,customized,p12_g4_a64,prewarm,measured,measured,fixed,fixed_total,1.0,26abbdd9b75bc615,fc04fea1c464df4f,315f55f80c124787,b0aa21bae96916c6,"{""algorithm"":""periodic_customized"",""alpha_l"":0.7,""alpha_r"":0.8,""availability_fraction"":0.5,""beta_l"":0.4,""beta_r"":0.5,""bootstrap_mode"":""prewarm"",""candidate_fixed_point_damping"":0.5,""candidate_fixed_point_max_iterations"":20,""candidate_fixed_point_relative_tolerance"":0.0001,""cloud_count"":1,""comparison_group"":""reference"",""comparison_method"":""customized"",""control_mode"":""fixed"",""downtime_log_mean"":2.5,""downtime_log_sigma"":0.8,""edge_count"":5,""edge_link_factor"":2.0,""experiment_layer"":""system_poisson"",""fixed_online_budget_ms"":10.0,""fixed_planning_interval_slots"":5,""fixed_total_pool_budget"":20,""lambda_g"":0.7,""lambda_h"":0.7,""lambda_per_slot"":1.0,""max_deadline_ms"":1999.0,""min_deadline_ms"":500.0,""minimum_control_window_slots"":5,""minimum_replanning_interval_slots"":2,""name"":""customized"",""online_budgets_ms"":[5.0,10.0,20.0],""online_timing_mode"":""measured"",""origin_group_count"":2,""plan_ttl_slots"":20,""planning_candidate_generator_mode"":""customized"",""planning_customized_archive_capacity"":64,""planning_customized_generations"":4,""planning_customized_population_size"":12,""planning_deadline_ms"":2000.0,""planning_intervals"":[5,10,20],""planning_runtime_ms"":100.0,""planning_sample_count"":20,""planning_timing_mode"":""measured"",""pool_budget_mode"":""fixed_total"",""profile_count"":2,""slot_count"":200,""slot_length_ms"":100.0,""suite"":""generator_ablation"",""total_pool_budgets"":[8,20,40],""uptime_scale"":100.0,""uptime_shape"":1.5,""user_count"":10,""workload_mode"":""poisson_profile_catalog""}",200,206,183,49,134,45,4,0,0,1,1.618831849629986,695.5754457299788,0.8551213477239691,5764.989451834618,22,10,17,0,0,36,16,19,17228.476291173138,781.9778005359694,4.273102735169232,7.938541937619448,12,11,0,2617,2294,0,323,115,86,48,59,22260728,prewarm,stability_delay_energy_v4,unified_fixed_point_v3,explicit_snapshot_v1,poisson_profile_catalog_v1,periodic_repository_v1,customized_periodic_pool_v1,empirical_window_beta_v1,slot_up_down_v1,fixed_service_time_v1,fixed_path_v1,full_duplex_shared_heat_v1,deployment_return_energy_v1,periodic_three_objective_v3,discrete_mpc_v1,grid_tkb_v1,arrival_risk_diversity_v1,budgeted_fixed_point_v1,regularized_surrogate_v1,goodput_cost_v1,0.2677595628415301,0.73224043715847,0.2459016393442623,0.08163265306122448,0.0,2.1844660194174756,0.12021857923497267,0.0546448087431694,0.09289617486338798,0.0,0.0
system_poisson:poisson_lifecycle_v1:generator_ablation:8f1d4e595c4d2f82:periodic_customized:r7:s20260726,8f1d4e595c4d2f82,generator_ablation,customized,reference,customized,7,20260726,system_poisson,poisson_lifecycle_v1,poisson_profile_catalog,periodic_customized,customized,p12_g4_a64,prewarm,measured,measured,fixed,fixed_total,1.0,cfb348bc73ed6b08,6c2f0ddd78fdc176,45d9b67b7d7e2742,5d8d75c05ac19d95,"{""algorithm"":""periodic_customized"",""alpha_l"":0.7,""alpha_r"":0.8,""availability_fraction"":0.5,""beta_l"":0.4,""beta_r"":0.5,""bootstrap_mode"":""prewarm"",""candidate_fixed_point_damping"":0.5,""candidate_fixed_point_max_iterations"":20,""candidate_fixed_point_relative_tolerance"":0.0001,""cloud_count"":1,""comparison_group"":""reference"",""comparison_method"":""customized"",""control_mode"":""fixed"",""downtime_log_mean"":2.5,""downtime_log_sigma"":0.8,""edge_count"":5,""edge_link_factor"":2.0,""experiment_layer"":""system_poisson"",""fixed_online_budget_ms"":10.0,""fixed_planning_interval_slots"":5,""fixed_total_pool_budget"":20,""lambda_g"":0.7,""lambda_h"":0.7,""lambda_per_slot"":1.0,""max_deadline_ms"":1999.0,""min_deadline_ms"":500.0,""minimum_control_window_slots"":5,""minimum_replanning_interval_slots"":2,""name"":""customized"",""online_budgets_ms"":[5.0,10.0,20.0],""online_timing_mode"":""measured"",""origin_group_count"":2,""plan_ttl_slots"":20,""planning_candidate_generator_mode"":""customized"",""planning_customized_archive_capacity"":64,""planning_customized_generations"":4,""planning_customized_population_size"":12,""planning_deadline_ms"":2000.0,""planning_intervals"":[5,10,20],""planning_runtime_ms"":100.0,""planning_sample_count"":20,""planning_timing_mode"":""measured"",""pool_budget_mode"":""fixed_total"",""profile_count"":2,""slot_count"":200,""slot_length_ms"":100.0,""suite"":""generator_ablation"",""total_pool_budgets"":[8,20,40],""uptime_scale"":100.0,""uptime_shape"":1.5,""user_count"":10,""workload_mode"":""poisson_profile_catalog""}",200,211,190,64,126,57,7,1,0,1,1.8685338801163358,740.3611212453728,0.8142263218169824,6939.911258876554,19,13,32,0,0,36,12,23,18666.60154191777,1167.062371270731,6.142433533003848,11.44324999768287,5,4,0,2659,2329,0,330,148,106,53,106,22260729,prewarm,stability_delay_energy_v4,unified_fixed_point_v3,explicit_snapshot_v1,poisson_profile_catalog_v1,periodic_repository_v1,customized_periodic_pool_v1,empirical_window_beta_v1,slot_up_down_v1,fixed_service_time_v1,fixed_path_v1,full_duplex_shared_heat_v1,deployment_return_energy_v1,periodic_three_objective_v3,discrete_mpc_v1,grid_tkb_v1,arrival_risk_diversity_v1,budgeted_fixed_point_v1,regularized_surrogate_v1,goodput_cost_v1,0.3368421052631579,0.6631578947368421,0.3,0.109375,0.015625,2.701421800947867,0.1,0.06842105263157895,0.16842105263157894,0.0,0.0
system_poisson:poisson_lifecycle_v1:generator_ablation:8f1d4e595c4d2f82:periodic_customized:r8:s20260727,8f1d4e595c4d2f82,generator_ablation,customized,reference,customized,8,20260727,system_poisson,poisson_lifecycle_v1,poisson_profile_catalog,periodic_customized,customized,p12_g4_a64,prewarm,measured,measured,fixed,fixed_total,1.0,77262aef7c650c15,adddb8a44db4224c,5ef7f7f709b227ab,5f427e7b1456da70,"{""algorithm"":""periodic_customized"",""alpha_l"":0.7,""alpha_r"":0.8,""availability_fraction"":0.5,""beta_l"":0.4,""beta_r"":0.5,""bootstrap_mode"":""prewarm"",""candidate_fixed_point_damping"":0.5,""candidate_fixed_point_max_iterations"":20,""candidate_fixed_point_relative_tolerance"":0.0001,""cloud_count"":1,""comparison_group"":""reference"",""comparison_method"":""customized"",""control_mode"":""fixed"",""downtime_log_mean"":2.5,""downtime_log_sigma"":0.8,""edge_count"":5,""edge_link_factor"":2.0,""experiment_layer"":""system_poisson"",""fixed_online_budget_ms"":10.0,""fixed_planning_interval_slots"":5,""fixed_total_pool_budget"":20,""lambda_g"":0.7,""lambda_h"":0.7,""lambda_per_slot"":1.0,""max_deadline_ms"":1999.0,""min_deadline_ms"":500.0,""minimum_control_window_slots"":5,""minimum_replanning_interval_slots"":2,""name"":""customized"",""online_budgets_ms"":[5.0,10.0,20.0],""online_timing_mode"":""measured"",""origin_group_count"":2,""plan_ttl_slots"":20,""planning_candidate_generator_mode"":""customized"",""planning_customized_archive_capacity"":64,""planning_customized_generations"":4,""planning_customized_population_size"":12,""planning_deadline_ms"":2000.0,""planning_intervals"":[5,10,20],""planning_runtime_ms"":100.0,""planning_sample_count"":20,""planning_timing_mode"":""measured"",""pool_budget_mode"":""fixed_total"",""profile_count"":2,""slot_count"":200,""slot_length_ms"":100.0,""suite"":""generator_ablation"",""total_pool_budgets"":[8,20,40],""uptime_scale"":100.0,""uptime_shape"":1.5,""user_count"":10,""workload_mode"":""poisson_profile_catalog""}",200,205,181,71,110,61,10,3,0,1,2.0891960631093323,633.0346378667567,0.844241529895492,7622.18340710159,23,23,25,0,0,30,10,19,19106.545626651496,1274.6458353940398,7.042242184497457,12.44945905636996,2,1,0,2261,1826,0,435,116,76,47,74,22260730,prewarm,stability_delay_energy_v4,unified_fixed_point_v3,explicit_snapshot_v1,poisson_profile_catalog_v1,periodic_repository_v1,customized_periodic_pool_v1,empirical_window_beta_v1,slot_up_down_v1,fixed_service_time_v1,fixed_path_v1,full_duplex_shared_heat_v1,deployment_return_energy_v1,periodic_three_objective_v3,discrete_mpc_v1,grid_tkb_v1,arrival_risk_diversity_v1,budgeted_fixed_point_v1,regularized_surrogate_v1,goodput_cost_v1,0.39226519337016574,0.6077348066298343,0.3370165745856354,0.14084507042253522,0.04225352112676056,2.975609756097561,0.1270718232044199,0.1270718232044199,0.13812154696132597,0.0,0.0
system_poisson:poisson_lifecycle_v1:generator_ablation:8f1d4e595c4d2f82:periodic_customized:r9:s20260728,8f1d4e595c4d2f82,generator_ablation,customized,reference,customized,9,20260728,system_poisson,poisson_lifecycle_v1,poisson_profile_catalog,periodic_customized,customized,p12_g4_a64,prewarm,measured,measured,fixed,fixed_total,1.0,51994d7f38a9b2d2,94c502adeeb85260,9f5ed373a6bd9324,58651f60c37cc329,"{""algorithm"":""periodic_customized"",""alpha_l"":0.7,""alpha_r"":0.8,""availability_fraction"":0.5,""beta_l"":0.4,""beta_r"":0.5,""bootstrap_mode"":""prewarm"",""candidate_fixed_point_damping"":0.5,""candidate_fixed_point_max_iterations"":20,""candidate_fixed_point_relative_tolerance"":0.0001,""cloud_count"":1,""comparison_group"":""reference"",""comparison_method"":""customized"",""control_mode"":""fixed"",""downtime_log_mean"":2.5,""downtime_log_sigma"":0.8,""edge_count"":5,""edge_link_factor"":2.0,""experiment_layer"":""system_poisson"",""fixed_online_budget_ms"":10.0,""fixed_planning_interval_slots"":5,""fixed_total_pool_budget"":20,""lambda_g"":0.7,""lambda_h"":0.7,""lambda_per_slot"":1.0,""max_deadline_ms"":1999.0,""min_deadline_ms"":500.0,""minimum_control_window_slots"":5,""minimum_replanning_interval_slots"":2,""name"":""customized"",""online_budgets_ms"":[5.0,10.0,20.0],""online_timing_mode"":""measured"",""origin_group_count"":2,""plan_ttl_slots"":20,""planning_candidate_generator_mode"":""customized"",""planning_customized_archive_capacity"":64,""planning_customized_generations"":4,""planning_customized_population_size"":12,""planning_deadline_ms"":2000.0,""planning_intervals"":[5,10,20],""planning_runtime_ms"":100.0,""planning_sample_count"":20,""planning_timing_mode"":""measured"",""pool_budget_mode"":""fixed_total"",""profile_count"":2,""slot_count"":200,""slot_length_ms"":100.0,""suite"":""generator_ablation"",""total_pool_budgets"":[8,20,40],""uptime_scale"":100.0,""uptime_shape"":1.5,""user_count"":10,""workload_mode"":""poisson_profile_catalog""}",200,212,211,75,136,64,11,0,0,1,2.2249934655179575,612.4517793050219,0.8383318436060679,6365.818237913372,22,13,40,0,0,37,16,20,17761.04100176599,1028.27025053557,4.873318722917394,11.024708044715226,9,8,0,3340,2153,0,1187,394,230,86,188,22260731,prewarm,stability_delay_energy_v4,unified_fixed_point_v3,explicit_snapshot_v1,poisson_profile_catalog_v1,periodic_repository_v1,customized_periodic_pool_v1,empirical_window_beta_v1,slot_up_down_v1,fixed_service_time_v1,fixed_path_v1,full_duplex_shared_heat_v1,deployment_return_energy_v1,periodic_three_objective_v3,discrete_mpc_v1,grid_tkb_v1,arrival_risk_diversity_v1,budgeted_fixed_point_v1,regularized_surrogate_v1,goodput_cost_v1,0.35545023696682465,0.6445497630331753,0.3033175355450237,0.14666666666666667,0.0,3.018867924528302,0.10426540284360189,0.061611374407582936,0.1895734597156398,0.0,0.0
system_poisson:poisson_lifecycle_v1:generator_ablation:8f1d4e595c4d2f82:periodic_customized:r10:s20260729,8f1d4e595c4d2f82,generator_ablation,customized,reference,customized,10,20260729,system_poisson,poisson_lifecycle_v1,poisson_profile_catalog,periodic_customized,customized,p12_g4_a64,prewarm,measured,measured,fixed,fixed_total,1.0,5b8d17f0ef7f4099,329b4f7d21be54ff,897cead0737f85bf,5bfdd62f4d90fc6a,"{""algorithm"":""periodic_customized"",""alpha_l"":0.7,""alpha_r"":0.8,""availability_fraction"":0.5,""beta_l"":0.4,""beta_r"":0.5,""bootstrap_mode"":""prewarm"",""candidate_fixed_point_damping"":0.5,""candidate_fixed_point_max_iterations"":20,""candidate_fixed_point_relative_tolerance"":0.0001,""cloud_count"":1,""comparison_group"":""reference"",""comparison_method"":""customized"",""control_mode"":""fixed"",""downtime_log_mean"":2.5,""downtime_log_sigma"":0.8,""edge_count"":5,""edge_link_factor"":2.0,""experiment_layer"":""system_poisson"",""fixed_online_budget_ms"":10.0,""fixed_planning_interval_slots"":5,""fixed_total_pool_budget"":20,""lambda_g"":0.7,""lambda_h"":0.7,""lambda_per_slot"":1.0,""max_deadline_ms"":1999.0,""min_deadline_ms"":500.0,""minimum_control_window_slots"":5,""minimum_replanning_interval_slots"":2,""name"":""customized"",""online_budgets_ms"":[5.0,10.0,20.0],""online_timing_mode"":""measured"",""origin_group_count"":2,""plan_ttl_slots"":20,""planning_candidate_generator_mode"":""customized"",""planning_customized_archive_capacity"":64,""planning_customized_generations"":4,""planning_customized_population_size"":12,""planning_deadline_ms"":2000.0,""planning_intervals"":[5,10,20],""planning_runtime_ms"":100.0,""planning_sample_count"":20,""planning_timing_mode"":""measured"",""pool_budget_mode"":""fixed_total"",""profile_count"":2,""slot_count"":200,""slot_length_ms"":100.0,""suite"":""generator_ablation"",""total_pool_budgets"":[8,20,40],""uptime_scale"":100.0,""uptime_shape"":1.5,""user_count"":10,""workload_mode"":""poisson_profile_catalog""}",200,203,209,80,129,63,17,1,0,1,2.3153750293598905,543.8834995069157,0.8076824126937872,6232.6162687096985,32,16,32,0,0,35,20,14,18748.098754673265,1249.5465085376054,5.978691428409595,10.532667045481503,5,4,0,3138,2030,0,1108,413,237,99,179,22260732,prewarm,stability_delay_energy_v4,unified_fixed_point_v3,explicit_snapshot_v1,poisson_profile_catalog_v1,periodic_repository_v1,customized_periodic_pool_v1,empirical_window_beta_v1,slot_up_down_v1,fixed_service_time_v1,fixed_path_v1,full_duplex_shared_heat_v1,deployment_return_energy_v1,periodic_three_objective_v3,discrete_mpc_v1,grid_tkb_v1,arrival_risk_diversity_v1,budgeted_fixed_point_v1,regularized_surrogate_v1,goodput_cost_v1,0.3827751196172249,0.6172248803827751,0.3014354066985646,0.2125,0.0125,3.103448275862069,0.15311004784688995,0.07655502392344497,0.15311004784688995,0.0,0.0
system_poisson:poisson_lifecycle_v1:generator_ablation:8f1d4e595c4d2f82:periodic_customized:r11:s20260730,8f1d4e595c4d2f82,generator_ablation,customized,reference,customized,11,20260730,system_poisson,poisson_lifecycle_v1,poisson_profile_catalog,periodic_customized,customized,p12_g4_a64,prewarm,measured,measured,fixed,fixed_total,1.0,30f077b6e956d2e4,a9f113d17c0a9b50,f4bafd7cbf888eae,2fbd8cdb625c9aae,"{""algorithm"":""periodic_customized"",""alpha_l"":0.7,""alpha_r"":0.8,""availability_fraction"":0.5,""beta_l"":0.4,""beta_r"":0.5,""bootstrap_mode"":""prewarm"",""candidate_fixed_point_damping"":0.5,""candidate_fixed_point_max_iterations"":20,""candidate_fixed_point_relative_tolerance"":0.0001,""cloud_count"":1,""comparison_group"":""reference"",""comparison_method"":""customized"",""control_mode"":""fixed"",""downtime_log_mean"":2.5,""downtime_log_sigma"":0.8,""edge_count"":5,""edge_link_factor"":2.0,""experiment_layer"":""system_poisson"",""fixed_online_budget_ms"":10.0,""fixed_planning_interval_slots"":5,""fixed_total_pool_budget"":20,""lambda_g"":0.7,""lambda_h"":0.7,""lambda_per_slot"":1.0,""max_deadline_ms"":1999.0,""min_deadline_ms"":500.0,""minimum_control_window_slots"":5,""minimum_replanning_interval_slots"":2,""name"":""customized"",""online_budgets_ms"":[5.0,10.0,20.0],""online_timing_mode"":""measured"",""origin_group_count"":2,""plan_ttl_slots"":20,""planning_candidate_generator_mode"":""customized"",""planning_customized_archive_capacity"":64,""planning_customized_generations"":4,""planning_customized_population_size"":12,""planning_deadline_ms"":2000.0,""planning_intervals"":[5,10,20],""planning_runtime_ms"":100.0,""planning_sample_count"":20,""planning_timing_mode"":""measured"",""pool_budget_mode"":""fixed_total"",""profile_count"":2,""slot_count"":200,""slot_length_ms"":100.0,""suite"":""generator_ablation"",""total_pool_budgets"":[8,20,40],""uptime_scale"":100.0,""uptime_shape"":1.5,""user_count"":10,""workload_mode"":""poisson_profile_catalog""}",200,201,179,53,126,47,6,2,0,1,1.7387212045805767,567.7845864553013,0.8283133032085451,5318.283995857394,26,21,6,0,0,32,17,14,19263.067878084257,1075.1879569143057,6.006636630806177,12.49020907562226,4,3,0,2639,2091,0,548,255,206,140,125,22260733,prewarm,stability_delay_energy_v4,unified_fixed_point_v3,explicit_snapshot_v1,poisson_profile_catalog_v1,periodic_repository_v1,customized_periodic_pool_v1,empirical_window_beta_v1,slot_up_down_v1,fixed_service_time_v1,fixed_path_v1,full_duplex_shared_heat_v1,deployment_return_energy_v1,periodic_three_objective_v3,discrete_mpc_v1,grid_tkb_v1,arrival_risk_diversity_v1,budgeted_fixed_point_v1,regularized_surrogate_v1,goodput_cost_v1,0.29608938547486036,0.7039106145251397,0.26256983240223464,0.11320754716981132,0.03773584905660377,2.3383084577114426,0.1452513966480447,0.11731843575418995,0.0335195530726257,0.0,0.0
system_poisson:poisson_lifecycle_v1:generator_ablation:8f1d4e595c4d2f82:periodic_customized:r12:s20260731,8f1d4e595c4d2f82,generator_ablation,customized,reference,customized,12,20260731,system_poisson,poisson_lifecycle_v1,poisson_profile_catalog,periodic_customized,customized,p12_g4_a64,prewarm,measured,measured,fixed,fixed_total,1.0,c8a1c19b9973aa96,c57247db4e0508db,72a5571d4331dbf4,5615e2a246665bbb,"{""algorithm"":""periodic_customized"",""alpha_l"":0.7,""alpha_r"":0.8,""availability_fraction"":0.5,""beta_l"":0.4,""beta_r"":0.5,""bootstrap_mode"":""prewarm"",""candidate_fixed_point_damping"":0.5,""candidate_fixed_point_max_iterations"":20,""candidate_fixed_point_relative_tolerance"":0.0001,""cloud_count"":1,""comparison_group"":""reference"",""comparison_method"":""customized"",""control_mode"":""fixed"",""downtime_log_mean"":2.5,""downtime_log_sigma"":0.8,""edge_count"":5,""edge_link_factor"":2.0,""experiment_layer"":""system_poisson"",""fixed_online_budget_ms"":10.0,""fixed_planning_interval_slots"":5,""fixed_total_pool_budget"":20,""lambda_g"":0.7,""lambda_h"":0.7,""lambda_per_slot"":1.0,""max_deadline_ms"":1999.0,""min_deadline_ms"":500.0,""minimum_control_window_slots"":5,""minimum_replanning_interval_slots"":2,""name"":""customized"",""online_budgets_ms"":[5.0,10.0,20.0],""online_timing_mode"":""measured"",""origin_group_count"":2,""plan_ttl_slots"":20,""planning_candidate_generator_mode"":""customized"",""planning_customized_archive_capacity"":64,""planning_customized_generations"":4,""planning_customized_population_size"":12,""planning_deadline_ms"":2000.0,""planning_intervals"":[5,10,20],""planning_runtime_ms"":100.0,""planning_sample_count"":20,""planning_timing_mode"":""measured"",""pool_budget_mode"":""fixed_total"",""profile_count"":2,""slot_count"":200,""slot_length_ms"":100.0,""suite"":""generator_ablation"",""total_pool_budgets"":[8,20,40],""uptime_scale"":100.0,""uptime_shape"":1.5,""user_count"":10,""workload_mode"":""poisson_profile_catalog""}",200,206,184,60,124,56,4,2,0,1,1.9824853069668693,616.0763251011869,0.8291836850594695,6526.941749931671,25,19,16,0,0,33,16,16,18528.459625784308,1118.5756622580811,6.079215555750441,11.444041971117258,2,1,0,2696,2087,0,609,240,157,104,113,22260734,prewarm,stability_delay_energy_v4,unified_fixed_point_v3,explicit_snapshot_v1,poisson_profile_catalog_v1,periodic_repository_v1,customized_periodic_pool_v1,empirical_window_beta_v1,slot_up_down_v1,fixed_service_time_v1,fixed_path_v1,full_duplex_shared_heat_v1,deployment_return_energy_v1,periodic_three_objective_v3,discrete_mpc_v1,grid_tkb_v1,arrival_risk_diversity_v1,budgeted_fixed_point_v1,regularized_surrogate_v1,goodput_cost_v1,0.32608695652173914,0.6739130434782609,0.30434782608695654,0.06666666666666667,0.03333333333333333,2.7184466019417473,0.1358695652173913,0.10326086956521739,0.08695652173913043,0.0,0.0
system_poisson:poisson_lifecycle_v1:generator_ablation:8f1d4e595c4d2f82:periodic_customized:r13:s20260732,8f1d4e595c4d2f82,generator_ablation,customized,reference,customized,13,20260732,system_poisson,poisson_lifecycle_v1,poisson_profile_catalog,periodic_customized,customized,p12_g4_a64,prewarm,measured,measured,fixed,fixed_total,1.0,2570004416ece14a,3e0c88c5a91c29b4,5e6617b3e9dde363,a897565254a74026,"{""algorithm"":""periodic_customized"",""alpha_l"":0.7,""alpha_r"":0.8,""availability_fraction"":0.5,""beta_l"":0.4,""beta_r"":0.5,""bootstrap_mode"":""prewarm"",""candidate_fixed_point_damping"":0.5,""candidate_fixed_point_max_iterations"":20,""candidate_fixed_point_relative_tolerance"":0.0001,""cloud_count"":1,""comparison_group"":""reference"",""comparison_method"":""customized"",""control_mode"":""fixed"",""downtime_log_mean"":2.5,""downtime_log_sigma"":0.8,""edge_count"":5,""edge_link_factor"":2.0,""experiment_layer"":""system_poisson"",""fixed_online_budget_ms"":10.0,""fixed_planning_interval_slots"":5,""fixed_total_pool_budget"":20,""lambda_g"":0.7,""lambda_h"":0.7,""lambda_per_slot"":1.0,""max_deadline_ms"":1999.0,""min_deadline_ms"":500.0,""minimum_control_window_slots"":5,""minimum_replanning_interval_slots"":2,""name"":""customized"",""online_budgets_ms"":[5.0,10.0,20.0],""online_timing_mode"":""measured"",""origin_group_count"":2,""plan_ttl_slots"":20,""planning_candidate_generator_mode"":""customized"",""planning_customized_archive_capacity"":64,""planning_customized_generations"":4,""planning_customized_population_size"":12,""planning_deadline_ms"":2000.0,""planning_intervals"":[5,10,20],""planning_runtime_ms"":100.0,""planning_sample_count"":20,""planning_timing_mode"":""measured"",""pool_budget_mode"":""fixed_total"",""profile_count"":2,""slot_count"":200,""slot_length_ms"":100.0,""suite"":""generator_ablation"",""total_pool_budgets"":[8,20,40],""uptime_scale"":100.0,""uptime_shape"":1.5,""user_count"":10,""workload_mode"":""poisson_profile_catalog""}",200,200,208,69,139,60,9,2,0,1,2.1819737584365404,613.6641711522248,0.8333500755787697,7812.257415390542,25,16,28,0,0,30,13,16,18894.442458753474,1256.3663347391412,6.040222763168948,12.040083995088935,1,0,0,2503,1880,0,623,239,184,81,120,22260735,prewarm,stability_delay_energy_v4,unified_fixed_point_v3,explicit_snapshot_v1,poisson_profile_catalog_v1,periodic_repository_v1,customized_periodic_pool_v1,empirical_window_beta_v1,slot_up_down_v1,fixed_service_time_v1,fixed_path_v1,full_duplex_shared_heat_v1,deployment_return_energy_v1,periodic_three_objective_v3,discrete_mpc_v1,grid_tkb_v1,arrival_risk_diversity_v1,budgeted_fixed_point_v1,regularized_surrogate_v1,goodput_cost_v1,0.3317307692307692,0.6682692307692307,0.28846153846153844,0.13043478260869565,0.028985507246376812,3.0,0.1201923076923077,0.07692307692307693,0.1346153846153846,0.0,0.0
system_poisson:poisson_lifecycle_v1:generator_ablation:8f1d4e595c4d2f82:periodic_customized:r14:s20260733,8f1d4e595c4d2f82,generator_ablation,customized,reference,customized,14,20260733,system_poisson,poisson_lifecycle_v1,poisson_profile_catalog,periodic_customized,customized,p12_g4_a64,prewarm,measured,measured,fixed,fixed_total,1.0,e549ef942191509c,82b0c7769f30bf5e,5fa9f2d6b0764417,9238a84d7f53868e,"{""algorithm"":""periodic_customized"",""alpha_l"":0.7,""alpha_r"":0.8,""availability_fraction"":0.5,""beta_l"":0.4,""beta_r"":0.5,""bootstrap_mode"":""prewarm"",""candidate_fixed_point_damping"":0.5,""candidate_fixed_point_max_iterations"":20,""candidate_fixed_point_relative_tolerance"":0.0001,""cloud_count"":1,""comparison_group"":""reference"",""comparison_method"":""customized"",""control_mode"":""fixed"",""downtime_log_mean"":2.5,""downtime_log_sigma"":0.8,""edge_count"":5,""edge_link_factor"":2.0,""experiment_layer"":""system_poisson"",""fixed_online_budget_ms"":10.0,""fixed_planning_interval_slots"":5,""fixed_total_pool_budget"":20,""lambda_g"":0.7,""lambda_h"":0.7,""lambda_per_slot"":1.0,""max_deadline_ms"":1999.0,""min_deadline_ms"":500.0,""minimum_control_window_slots"":5,""minimum_replanning_interval_slots"":2,""name"":""customized"",""online_budgets_ms"":[5.0,10.0,20.0],""online_timing_mode"":""measured"",""origin_group_count"":2,""plan_ttl_slots"":20,""planning_candidate_generator_mode"":""customized"",""planning_customized_archive_capacity"":64,""planning_customized_generations"":4,""planning_customized_population_size"":12,""planning_deadline_ms"":2000.0,""planning_intervals"":[5,10,20],""planning_runtime_ms"":100.0,""planning_sample_count"":20,""planning_timing_mode"":""measured"",""pool_budget_mode"":""fixed_total"",""profile_count"":2,""slot_count"":200,""slot_length_ms"":100.0,""suite"":""generator_ablation"",""total_pool_budgets"":[8,20,40],""uptime_scale"":100.0,""uptime_shape"":1.5,""user_count"":10,""workload_mode"":""poisson_profile_catalog""}",200,207,202,69,133,61,8,1,0,1,2.1490269859674855,597.2133843265299,0.8350108808448865,6015.94673439381,23,29,17,0,0,38,17,20,17634.97491995804,996.3852493092418,4.932600244105157,8.381874999031425,13,12,0,2808,2453,0,355,160,115,97,73,22260736,prewarm,stability_delay_energy_v4,unified_fixed_point_v3,explicit_snapshot_v1,poisson_profile_catalog_v1,periodic_repository_v1,customized_periodic_pool_v1,empirical_window_beta_v1,slot_up_down_v1,fixed_service_time_v1,fixed_path_v1,full_duplex_shared_heat_v1,deployment_return_energy_v1,periodic_three_objective_v3,discrete_mpc_v1,grid_tkb_v1,arrival_risk_diversity_v1,budgeted_fixed_point_v1,regularized_surrogate_v1,goodput_cost_v1,0.3415841584158416,0.6584158415841584,0.30198019801980197,0.11594202898550725,0.014492753623188406,2.9468599033816427,0.11386138613861387,0.14356435643564355,0.08415841584158416,0.0,0.0
system_poisson:poisson_lifecycle_v1:generator_ablation:8f1d4e595c4d2f82:periodic_customized:r15:s20260734,8f1d4e595c4d2f82,generator_ablation,customized,reference,customized,15,20260734,system_poisson,poisson_lifecycle_v1,poisson_profile_catalog,periodic_customized,customized,p12_g4_a64,prewarm,measured,measured,fixed,fixed_total,1.0,9d81372cc2973096,868f2658ddad8015,1f9cdc4dfc70bd76,554a01216359253d,"{""algorithm"":""periodic_customized"",""alpha_l"":0.7,""alpha_r"":0.8,""availability_fraction"":0.5,""beta_l"":0.4,""beta_r"":0.5,""bootstrap_mode"":""prewarm"",""candidate_fixed_point_damping"":0.5,""candidate_fixed_point_max_iterations"":20,""candidate_fixed_point_relative_tolerance"":0.0001,""cloud_count"":1,""comparison_group"":""reference"",""comparison_method"":""customized"",""control_mode"":""fixed"",""downtime_log_mean"":2.5,""downtime_log_sigma"":0.8,""edge_count"":5,""edge_link_factor"":2.0,""experiment_layer"":""system_poisson"",""fixed_online_budget_ms"":10.0,""fixed_planning_interval_slots"":5,""fixed_total_pool_budget"":20,""lambda_g"":0.7,""lambda_h"":0.7,""lambda_per_slot"":1.0,""max_deadline_ms"":1999.0,""min_deadline_ms"":500.0,""minimum_control_window_slots"":5,""minimum_replanning_interval_slots"":2,""name"":""customized"",""online_budgets_ms"":[5.0,10.0,20.0],""online_timing_mode"":""measured"",""origin_group_count"":2,""plan_ttl_slots"":20,""planning_candidate_generator_mode"":""customized"",""planning_customized_archive_capacity"":64,""planning_customized_generations"":4,""planning_customized_population_size"":12,""planning_deadline_ms"":2000.0,""planning_intervals"":[5,10,20],""planning_runtime_ms"":100.0,""planning_sample_count"":20,""planning_timing_mode"":""measured"",""pool_budget_mode"":""fixed_total"",""profile_count"":2,""slot_count"":200,""slot_length_ms"":100.0,""suite"":""generator_ablation"",""total_pool_budgets"":[8,20,40],""uptime_scale"":100.0,""uptime_shape"":1.5,""user_count"":10,""workload_mode"":""poisson_profile_catalog""}",200,211,203,54,149,41,13,0,0,1,1.3804780266594565,712.0540724173892,0.8405580285992661,5696.526432115845,29,9,16,0,0,39,17,21,16340.013750712387,913.8415805064142,4.501682662593173,8.177125011570752,17,16,0,2940,2457,0,483,246,151,66,124,22260737,prewarm,stability_delay_energy_v4,unified_fixed_point_v3,explicit_snapshot_v1,poisson_profile_catalog_v1,periodic_repository_v1,customized_periodic_pool_v1,empirical_window_beta_v1,slot_up_down_v1,fixed_service_time_v1,fixed_path_v1,full_duplex_shared_heat_v1,deployment_return_energy_v1,periodic_three_objective_v3,discrete_mpc_v1,grid_tkb_v1,arrival_risk_diversity_v1,budgeted_fixed_point_v1,regularized_surrogate_v1,goodput_cost_v1,0.2660098522167488,0.7339901477832512,0.2019704433497537,0.24074074074074073,0.0,1.943127962085308,0.14285714285714285,0.04433497536945813,0.07881773399014778,0.0,0.0
system_poisson:poisson_lifecycle_v1:generator_ablation:8f1d4e595c4d2f82:periodic_customized:r16:s20260735,8f1d4e595c4d2f82,generator_ablation,customized,reference,customized,16,20260735,system_poisson,poisson_lifecycle_v1,poisson_profile_catalog,periodic_customized,customized,p12_g4_a64,prewarm,measured,measured,fixed,fixed_total,1.0,c61c842e17f225e3,3da65bab6008a478,33b568baf37f075d,615e85118266de25,"{""algorithm"":""periodic_customized"",""alpha_l"":0.7,""alpha_r"":0.8,""availability_fraction"":0.5,""beta_l"":0.4,""beta_r"":0.5,""bootstrap_mode"":""prewarm"",""candidate_fixed_point_damping"":0.5,""candidate_fixed_point_max_iterations"":20,""candidate_fixed_point_relative_tolerance"":0.0001,""cloud_count"":1,""comparison_group"":""reference"",""comparison_method"":""customized"",""control_mode"":""fixed"",""downtime_log_mean"":2.5,""downtime_log_sigma"":0.8,""edge_count"":5,""edge_link_factor"":2.0,""experiment_layer"":""system_poisson"",""fixed_online_budget_ms"":10.0,""fixed_planning_interval_slots"":5,""fixed_total_pool_budget"":20,""lambda_g"":0.7,""lambda_h"":0.7,""lambda_per_slot"":1.0,""max_deadline_ms"":1999.0,""min_deadline_ms"":500.0,""minimum_control_window_slots"":5,""minimum_replanning_interval_slots"":2,""name"":""customized"",""online_budgets_ms"":[5.0,10.0,20.0],""online_timing_mode"":""measured"",""origin_group_count"":2,""plan_ttl_slots"":20,""planning_candidate_generator_mode"":""customized"",""planning_customized_archive_capacity"":64,""planning_customized_generations"":4,""planning_customized_population_size"":12,""planning_deadline_ms"":2000.0,""planning_intervals"":[5,10,20],""planning_runtime_ms"":100.0,""planning_sample_count"":20,""planning_timing_mode"":""measured"",""pool_budget_mode"":""fixed_total"",""profile_count"":2,""slot_count"":200,""slot_length_ms"":100.0,""suite"":""generator_ablation"",""total_pool_budgets"":[8,20,40],""uptime_scale"":100.0,""uptime_shape"":1.5,""user_count"":10,""workload_mode"":""poisson_profile_catalog""}",200,205,215,68,147,55,13,2,0,1,1.8552330329415503,727.9346374326171,0.8428298125802169,8155.3156786849895,24,13,31,0,0,35,18,16,18118.910753168166,961.1667016288266,4.470542798273612,8.012875099666417,9,8,0,2738,2288,0,450,129,79,42,53,22260738,prewarm,stability_delay_energy_v4,unified_fixed_point_v3,explicit_snapshot_v1,poisson_profile_catalog_v1,periodic_repository_v1,customized_periodic_pool_v1,empirical_window_beta_v1,slot_up_down_v1,fixed_service_time_v1,fixed_path_v1,full_duplex_shared_heat_v1,deployment_return_energy_v1,periodic_three_objective_v3,discrete_mpc_v1,grid_tkb_v1,arrival_risk_diversity_v1,budgeted_fixed_point_v1,regularized_surrogate_v1,goodput_cost_v1,0.31627906976744186,0.6837209302325581,0.2558139534883721,0.19117647058823528,0.029411764705882353,2.682926829268293,0.11162790697674418,0.06046511627906977,0.14418604651162792,0.0,0.0
system_poisson:poisson_lifecycle_v1:generator_ablation:8f1d4e595c4d2f82:periodic_customized:r17:s20260736,8f1d4e595c4d2f82,generator_ablation,customized,reference,customized,17,20260736,system_poisson,poisson_lifecycle_v1,poisson_profile_catalog,periodic_customized,customized,p12_g4_a64,prewarm,measured,measured,fixed,fixed_total,1.0,a1e1594e7589a223,d9b518a32809412d,f1078707bd950772,6d1494c76aa00136,"{""algorithm"":""periodic_customized"",""alpha_l"":0.7,""alpha_r"":0.8,""availability_fraction"":0.5,""beta_l"":0.4,""beta_r"":0.5,""bootstrap_mode"":""prewarm"",""candidate_fixed_point_damping"":0.5,""candidate_fixed_point_max_iterations"":20,""candidate_fixed_point_relative_tolerance"":0.0001,""cloud_count"":1,""comparison_group"":""reference"",""comparison_method"":""customized"",""control_mode"":""fixed"",""downtime_log_mean"":2.5,""downtime_log_sigma"":0.8,""edge_count"":5,""edge_link_factor"":2.0,""experiment_layer"":""system_poisson"",""fixed_online_budget_ms"":10.0,""fixed_planning_interval_slots"":5,""fixed_total_pool_budget"":20,""lambda_g"":0.7,""lambda_h"":0.7,""lambda_per_slot"":1.0,""max_deadline_ms"":1999.0,""min_deadline_ms"":500.0,""minimum_control_window_slots"":5,""minimum_replanning_interval_slots"":2,""name"":""customized"",""online_budgets_ms"":[5.0,10.0,20.0],""online_timing_mode"":""measured"",""origin_group_count"":2,""plan_ttl_slots"":20,""planning_candidate_generator_mode"":""customized"",""planning_customized_archive_capacity"":64,""planning_customized_generations"":4,""planning_customized_population_size"":12,""planning_deadline_ms"":2000.0,""planning_intervals"":[5,10,20],""planning_runtime_ms"":100.0,""planning_sample_count"":20,""planning_timing_mode"":""measured"",""pool_budget_mode"":""fixed_total"",""profile_count"":2,""slot_count"":200,""slot_length_ms"":100.0,""suite"":""generator_ablation"",""total_pool_budgets"":[8,20,40],""uptime_scale"":100.0,""uptime_shape"":1.5,""user_count"":10,""workload_mode"":""poisson_profile_catalog""}",200,207,191,66,125,55,11,2,0,1,1.8855163541065214,661.8287119707907,0.8390604355142455,6410.781260527789,32,12,22,0,0,38,13,24,17573.731751414016,1074.5045406511053,5.625678223304217,9.629291016608477,10,9,0,2819,2420,0,399,158,110,72,98,22260739,prewarm,stability_delay_energy_v4,unified_fixed_point_v3,explicit_snapshot_v1,poisson_profile_catalog_v1,periodic_repository_v1,customized_periodic_pool_v1,empirical_window_beta_v1,slot_up_down_v1,fixed_service_time_v1,fixed_path_v1,full_duplex_shared_heat_v1,deployment_return_energy_v1,periodic_three_objective_v3,discrete_mpc_v1,grid_tkb_v1,arrival_risk_diversity_v1,budgeted_fixed_point_v1,regularized_surrogate_v1,goodput_cost_v1,0.34554973821989526,0.6544502617801047,0.2879581151832461,0.16666666666666666,0.030303030303030304,2.6570048309178746,0.16753926701570682,0.06282722513089005,0.11518324607329843,0.0,0.0
system_poisson:poisson_lifecycle_v1:generator_ablation:8f1d4e595c4d2f82:periodic_customized:r18:s20260737,8f1d4e595c4d2f82,generator_ablation,customized,reference,customized,18,20260737,system_poisson,poisson_lifecycle_v1,poisson_profile_catalog,periodic_customized,customized,p12_g4_a64,prewarm,measured,measured,fixed,fixed_total,1.0,2340d35db3923e87,6c6665153475ebe0,e91a6f9277c728f1,fb1a538d3c9d367a,"{""algorithm"":""periodic_customized"",""alpha_l"":0.7,""alpha_r"":0.8,""availability_fraction"":0.5,""beta_l"":0.4,""beta_r"":0.5,""bootstrap_mode"":""prewarm"",""candidate_fixed_point_damping"":0.5,""candidate_fixed_point_max_iterations"":20,""candidate_fixed_point_relative_tolerance"":0.0001,""cloud_count"":1,""comparison_group"":""reference"",""comparison_method"":""customized"",""control_mode"":""fixed"",""downtime_log_mean"":2.5,""downtime_log_sigma"":0.8,""edge_count"":5,""edge_link_factor"":2.0,""experiment_layer"":""system_poisson"",""fixed_online_budget_ms"":10.0,""fixed_planning_interval_slots"":5,""fixed_total_pool_budget"":20,""lambda_g"":0.7,""lambda_h"":0.7,""lambda_per_slot"":1.0,""max_deadline_ms"":1999.0,""min_deadline_ms"":500.0,""minimum_control_window_slots"":5,""minimum_replanning_interval_slots"":2,""name"":""customized"",""online_budgets_ms"":[5.0,10.0,20.0],""online_timing_mode"":""measured"",""origin_group_count"":2,""plan_ttl_slots"":20,""planning_candidate_generator_mode"":""customized"",""planning_customized_archive_capacity"":64,""planning_customized_generations"":4,""planning_customized_population_size"":12,""planning_deadline_ms"":2000.0,""planning_intervals"":[5,10,20],""planning_runtime_ms"":100.0,""planning_sample_count"":20,""planning_timing_mode"":""measured"",""pool_budget_mode"":""fixed_total"",""profile_count"":2,""slot_count"":200,""slot_length_ms"":100.0,""suite"":""generator_ablation"",""total_pool_budgets"":[8,20,40],""uptime_scale"":100.0,""uptime_shape"":1.5,""user_count"":10,""workload_mode"":""poisson_profile_catalog""}",200,200,177,72,105,65,7,0,0,1,2.5195558081165244,500.7334186957127,0.8369194508148585,4887.283410979599,30,26,16,0,0,32,19,12,18641.485999687575,1463.6578406207263,8.269253336840261,14.70437494572252,3,2,0,2621,2022,0,599,340,249,108,172,22260740,prewarm,stability_delay_energy_v4,unified_fixed_point_v3,explicit_snapshot_v1,poisson_profile_catalog_v1,periodic_repository_v1,customized_periodic_pool_v1,empirical_window_beta_v1,slot_up_down_v1,fixed_service_time_v1,fixed_path_v1,full_duplex_shared_heat_v1,deployment_return_energy_v1,periodic_three_objective_v3,discrete_mpc_v1,grid_tkb_v1,arrival_risk_diversity_v1,budgeted_fixed_point_v1,regularized_surrogate_v1,goodput_cost_v1,0.4067796610169492,0.5932203389830508,0.3672316384180791,0.09722222222222222,0.0,3.25,0.1694915254237288,0.14689265536723164,0.0903954802259887,0.0,0.0
system_poisson:poisson_lifecycle_v1:generator_ablation:8f1d4e595c4d2f82:periodic_customized:r19:s20260738,8f1d4e595c4d2f82,generator_ablation,customized,reference,customized,19,20260738,system_poisson,poisson_lifecycle_v1,poisson_profile_catalog,periodic_customized,customized,p12_g4_a64,prewarm,measured,measured,fixed,fixed_total,1.0,2f8cac81e28c6822,342fe7b24aabf9c9,bca0f53820c0230d,a5b68c6f808e683d,"{""algorithm"":""periodic_customized"",""alpha_l"":0.7,""alpha_r"":0.8,""availability_fraction"":0.5,""beta_l"":0.4,""beta_r"":0.5,""bootstrap_mode"":""prewarm"",""candidate_fixed_point_damping"":0.5,""candidate_fixed_point_max_iterations"":20,""candidate_fixed_point_relative_tolerance"":0.0001,""cloud_count"":1,""comparison_group"":""reference"",""comparison_method"":""customized"",""control_mode"":""fixed"",""downtime_log_mean"":2.5,""downtime_log_sigma"":0.8,""edge_count"":5,""edge_link_factor"":2.0,""experiment_layer"":""system_poisson"",""fixed_online_budget_ms"":10.0,""fixed_planning_interval_slots"":5,""fixed_total_pool_budget"":20,""lambda_g"":0.7,""lambda_h"":0.7,""lambda_per_slot"":1.0,""max_deadline_ms"":1999.0,""min_deadline_ms"":500.0,""minimum_control_window_slots"":5,""minimum_replanning_interval_slots"":2,""name"":""customized"",""online_budgets_ms"":[5.0,10.0,20.0],""online_timing_mode"":""measured"",""origin_group_count"":2,""plan_ttl_slots"":20,""planning_candidate_generator_mode"":""customized"",""planning_customized_archive_capacity"":64,""planning_customized_generations"":4,""planning_customized_population_size"":12,""planning_deadline_ms"":2000.0,""planning_intervals"":[5,10,20],""planning_runtime_ms"":100.0,""planning_sample_count"":20,""planning_timing_mode"":""measured"",""pool_budget_mode"":""fixed_total"",""profile_count"":2,""slot_count"":200,""slot_length_ms"":100.0,""suite"":""generator_ablation"",""total_pool_budgets"":[8,20,40],""uptime_scale"":100.0,""uptime_shape"":1.5,""user_count"":10,""workload_mode"":""poisson_profile_catalog""}",200,204,180,35,145,31,4,2,0,1,1.0092326131056961,775.4679513167897,0.8370093654352063,6682.335752016658,14,7,14,0,0,37,13,23,17198.09149915818,827.5756759103388,4.597642643946326,9.195375023409724,10,9,0,2761,2570,0,191,83,53,26,44,22260741,prewarm,stability_delay_energy_v4,unified_fixed_point_v3,explicit_snapshot_v1,poisson_profile_catalog_v1,periodic_repository_v1,customized_periodic_pool_v1,empirical_window_beta_v1,slot_up_down_v1,fixed_service_time_v1,fixed_path_v1,full_duplex_shared_heat_v1,deployment_return_energy_v1,periodic_three_objective_v3,discrete_mpc_v1,grid_tkb_v1,arrival_risk_diversity_v1,budgeted_fixed_point_v1,regularized_surrogate_v1,goodput_cost_v1,0.19444444444444445,0.8055555555555556,0.17222222222222222,0.11428571428571428,0.05714285714285714,1.519607843137255,0.07777777777777778,0.03888888888888889,0.07777777777777778,0.0,0.0
system_poisson:poisson_lifecycle_v1:generator_ablation:6a3fe36af372961f:periodic_lightweight:r0:s20260719,6a3fe36af372961f,generator_ablation,lightweight,reference,lightweight,0,20260719,system_poisson,poisson_lifecycle_v1,poisson_profile_catalog,periodic_lightweight,lightweight,not_applicable,prewarm,measured,measured,fixed,fixed_total,1.0,6d295842eb0296d0,fca0df0e76e8aea8,68e477ed3df2fad8,c3ade63673949cb4,"{""algorithm"":""periodic_lightweight"",""alpha_l"":0.7,""alpha_r"":0.8,""availability_fraction"":0.5,""beta_l"":0.4,""beta_r"":0.5,""bootstrap_mode"":""prewarm"",""candidate_fixed_point_damping"":0.5,""candidate_fixed_point_max_iterations"":20,""candidate_fixed_point_relative_tolerance"":0.0001,""cloud_count"":1,""comparison_group"":""reference"",""comparison_method"":""lightweight"",""control_mode"":""fixed"",""downtime_log_mean"":2.5,""downtime_log_sigma"":0.8,""edge_count"":5,""edge_link_factor"":2.0,""experiment_layer"":""system_poisson"",""fixed_online_budget_ms"":10.0,""fixed_planning_interval_slots"":5,""fixed_total_pool_budget"":20,""lambda_g"":0.7,""lambda_h"":0.7,""lambda_per_slot"":1.0,""max_deadline_ms"":1999.0,""min_deadline_ms"":500.0,""minimum_control_window_slots"":5,""minimum_replanning_interval_slots"":2,""name"":""lightweight"",""online_budgets_ms"":[5.0,10.0,20.0],""online_timing_mode"":""measured"",""origin_group_count"":2,""plan_ttl_slots"":20,""planning_candidate_generator_mode"":""lightweight"",""planning_customized_archive_capacity"":64,""planning_customized_generations"":4,""planning_customized_population_size"":12,""planning_deadline_ms"":2000.0,""planning_intervals"":[5,10,20],""planning_runtime_ms"":100.0,""planning_sample_count"":20,""planning_timing_mode"":""measured"",""pool_budget_mode"":""fixed_total"",""profile_count"":2,""slot_count"":200,""slot_length_ms"":100.0,""suite"":""generator_ablation"",""total_pool_budgets"":[8,20,40],""uptime_scale"":100.0,""uptime_shape"":1.5,""user_count"":10,""workload_mode"":""poisson_profile_catalog""}",200,205,191,57,134,54,3,2,0,1,1.8749909166650904,708.0265580997161,0.8273837270238651,3903.955888533287,33,12,12,0,0,32,25,6,19084.92875273805,1113.949044025503,5.832193947777503,10.584917035885155,2,1,0,3940,3450,0,490,375,325,192,140,22260722,prewarm,stability_delay_energy_v4,unified_fixed_point_v3,explicit_snapshot_v1,poisson_profile_catalog_v1,periodic_repository_v1,customized_periodic_pool_v1,empirical_window_beta_v1,slot_up_down_v1,fixed_service_time_v1,fixed_path_v1,full_duplex_shared_heat_v1,deployment_return_energy_v1,periodic_three_objective_v3,discrete_mpc_v1,grid_tkb_v1,arrival_risk_diversity_v1,budgeted_fixed_point_v1,regularized_surrogate_v1,goodput_cost_v1,0.29842931937172773,0.7015706806282722,0.28272251308900526,0.05263157894736842,0.03508771929824561,2.6341463414634148,0.17277486910994763,0.06282722513089005,0.06282722513089005,0.0,0.0
system_poisson:poisson_lifecycle_v1:generator_ablation:6a3fe36af372961f:periodic_lightweight:r1:s20260720,6a3fe36af372961f,generator_ablation,lightweight,reference,lightweight,1,20260720,system_poisson,poisson_lifecycle_v1,poisson_profile_catalog,periodic_lightweight,lightweight,not_applicable,prewarm,measured,measured,fixed,fixed_total,1.0,a4f53f5438a025fd,a0ac5e6d1accb3ff,b090fbef89e23494,4948b9b559ca3dae,"{""algorithm"":""periodic_lightweight"",""alpha_l"":0.7,""alpha_r"":0.8,""availability_fraction"":0.5,""beta_l"":0.4,""beta_r"":0.5,""bootstrap_mode"":""prewarm"",""candidate_fixed_point_damping"":0.5,""candidate_fixed_point_max_iterations"":20,""candidate_fixed_point_relative_tolerance"":0.0001,""cloud_count"":1,""comparison_group"":""reference"",""comparison_method"":""lightweight"",""control_mode"":""fixed"",""downtime_log_mean"":2.5,""downtime_log_sigma"":0.8,""edge_count"":5,""edge_link_factor"":2.0,""experiment_layer"":""system_poisson"",""fixed_online_budget_ms"":10.0,""fixed_planning_interval_slots"":5,""fixed_total_pool_budget"":20,""lambda_g"":0.7,""lambda_h"":0.7,""lambda_per_slot"":1.0,""max_deadline_ms"":1999.0,""min_deadline_ms"":500.0,""minimum_control_window_slots"":5,""minimum_replanning_interval_slots"":2,""name"":""lightweight"",""online_budgets_ms"":[5.0,10.0,20.0],""online_timing_mode"":""measured"",""origin_group_count"":2,""plan_ttl_slots"":20,""planning_candidate_generator_mode"":""lightweight"",""planning_customized_archive_capacity"":64,""planning_customized_generations"":4,""planning_customized_population_size"":12,""planning_deadline_ms"":2000.0,""planning_intervals"":[5,10,20],""planning_runtime_ms"":100.0,""planning_sample_count"":20,""planning_timing_mode"":""measured"",""pool_budget_mode"":""fixed_total"",""profile_count"":2,""slot_count"":200,""slot_length_ms"":100.0,""suite"":""generator_ablation"",""total_pool_budgets"":[8,20,40],""uptime_scale"":100.0,""uptime_shape"":1.5,""user_count"":10,""workload_mode"":""poisson_profile_catalog""}",200,201,209,47,162,42,5,0,0,1,1.5050308313614147,739.783841687791,0.814498386193337,6712.517604718797,9,8,30,0,0,32,6,25,18973.71453733649,982.0306194014847,4.698711097614759,7.813666015863419,6,5,0,3811,3460,0,351,110,59,11,48,22260723,prewarm,stability_delay_energy_v4,unified_fixed_point_v3,explicit_snapshot_v1,poisson_profile_catalog_v1,periodic_repository_v1,customized_periodic_pool_v1,empirical_window_beta_v1,slot_up_down_v1,fixed_service_time_v1,fixed_path_v1,full_duplex_shared_heat_v1,deployment_return_energy_v1,periodic_three_objective_v3,discrete_mpc_v1,grid_tkb_v1,arrival_risk_diversity_v1,budgeted_fixed_point_v1,regularized_surrogate_v1,goodput_cost_v1,0.22488038277511962,0.7751196172248804,0.20095693779904306,0.10638297872340426,0.0,2.08955223880597,0.0430622009569378,0.03827751196172249,0.14354066985645933,0.0,0.0
system_poisson:poisson_lifecycle_v1:generator_ablation:6a3fe36af372961f:periodic_lightweight:r2:s20260721,6a3fe36af372961f,generator_ablation,lightweight,reference,lightweight,2,20260721,system_poisson,poisson_lifecycle_v1,poisson_profile_catalog,periodic_lightweight,lightweight,not_applicable,prewarm,measured,measured,fixed,fixed_total,1.0,e1936cba343be935,938f95453f2442e2,b1b7f5bba0248714,b3c97759fa661993,"{""algorithm"":""periodic_lightweight"",""alpha_l"":0.7,""alpha_r"":0.8,""availability_fraction"":0.5,""beta_l"":0.4,""beta_r"":0.5,""bootstrap_mode"":""prewarm"",""candidate_fixed_point_damping"":0.5,""candidate_fixed_point_max_iterations"":20,""candidate_fixed_point_relative_tolerance"":0.0001,""cloud_count"":1,""comparison_group"":""reference"",""comparison_method"":""lightweight"",""control_mode"":""fixed"",""downtime_log_mean"":2.5,""downtime_log_sigma"":0.8,""edge_count"":5,""edge_link_factor"":2.0,""experiment_layer"":""system_poisson"",""fixed_online_budget_ms"":10.0,""fixed_planning_interval_slots"":5,""fixed_total_pool_budget"":20,""lambda_g"":0.7,""lambda_h"":0.7,""lambda_per_slot"":1.0,""max_deadline_ms"":1999.0,""min_deadline_ms"":500.0,""minimum_control_window_slots"":5,""minimum_replanning_interval_slots"":2,""name"":""lightweight"",""online_budgets_ms"":[5.0,10.0,20.0],""online_timing_mode"":""measured"",""origin_group_count"":2,""plan_ttl_slots"":20,""planning_candidate_generator_mode"":""lightweight"",""planning_customized_archive_capacity"":64,""planning_customized_generations"":4,""planning_customized_population_size"":12,""planning_deadline_ms"":2000.0,""planning_intervals"":[5,10,20],""planning_runtime_ms"":100.0,""planning_sample_count"":20,""planning_timing_mode"":""measured"",""pool_budget_mode"":""fixed_total"",""profile_count"":2,""slot_count"":200,""slot_length_ms"":100.0,""suite"":""generator_ablation"",""total_pool_budgets"":[8,20,40],""uptime_scale"":100.0,""uptime_shape"":1.5,""user_count"":10,""workload_mode"":""poisson_profile_catalog""}",200,205,211,69,142,67,2,2,0,1,2.4478577505823442,553.7409983581882,0.8146089574034744,5498.483948365453,39,15,15,0,0,27,15,11,19668.172958074138,1172.1633390989155,5.555276488620453,8.91420803964138,1,0,0,3392,3251,0,141,120,120,60,63,22260724,prewarm,stability_delay_energy_v4,unified_fixed_point_v3,explicit_snapshot_v1,poisson_profile_catalog_v1,periodic_repository_v1,customized_periodic_pool_v1,empirical_window_beta_v1,slot_up_down_v1,fixed_service_time_v1,fixed_path_v1,full_duplex_shared_heat_v1,deployment_return_energy_v1,periodic_three_objective_v3,discrete_mpc_v1,grid_tkb_v1,arrival_risk_diversity_v1,budgeted_fixed_point_v1,regularized_surrogate_v1,goodput_cost_v1,0.32701421800947866,0.6729857819905213,0.3175355450236967,0.028985507246376812,0.028985507246376812,3.268292682926829,0.1848341232227488,0.07109004739336493,0.07109004739336493,0.0,0.0
system_poisson:poisson_lifecycle_v1:generator_ablation:6a3fe36af372961f:periodic_lightweight:r3:s20260722,6a3fe36af372961f,generator_ablation,lightweight,reference,lightweight,3,20260722,system_poisson,poisson_lifecycle_v1,poisson_profile_catalog,periodic_lightweight,lightweight,not_applicable,prewarm,measured,measured,fixed,fixed_total,1.0,cad518de228dec43,e2c448830ab998d5,5b89c04953d23a62,a8d64a668c29fff0,"{""algorithm"":""periodic_lightweight"",""alpha_l"":0.7,""alpha_r"":0.8,""availability_fraction"":0.5,""beta_l"":0.4,""beta_r"":0.5,""bootstrap_mode"":""prewarm"",""candidate_fixed_point_damping"":0.5,""candidate_fixed_point_max_iterations"":20,""candidate_fixed_point_relative_tolerance"":0.0001,""cloud_count"":1,""comparison_group"":""reference"",""comparison_method"":""lightweight"",""control_mode"":""fixed"",""downtime_log_mean"":2.5,""downtime_log_sigma"":0.8,""edge_count"":5,""edge_link_factor"":2.0,""experiment_layer"":""system_poisson"",""fixed_online_budget_ms"":10.0,""fixed_planning_interval_slots"":5,""fixed_total_pool_budget"":20,""lambda_g"":0.7,""lambda_h"":0.7,""lambda_per_slot"":1.0,""max_deadline_ms"":1999.0,""min_deadline_ms"":500.0,""minimum_control_window_slots"":5,""minimum_replanning_interval_slots"":2,""name"":""lightweight"",""online_budgets_ms"":[5.0,10.0,20.0],""online_timing_mode"":""measured"",""origin_group_count"":2,""plan_ttl_slots"":20,""planning_candidate_generator_mode"":""lightweight"",""planning_customized_archive_capacity"":64,""planning_customized_generations"":4,""planning_customized_population_size"":12,""planning_deadline_ms"":2000.0,""planning_intervals"":[5,10,20],""planning_runtime_ms"":100.0,""planning_sample_count"":20,""planning_timing_mode"":""measured"",""pool_budget_mode"":""fixed_total"",""profile_count"":2,""slot_count"":200,""slot_length_ms"":100.0,""suite"":""generator_ablation"",""total_pool_budgets"":[8,20,40],""uptime_scale"":100.0,""uptime_shape"":1.5,""user_count"":10,""workload_mode"":""poisson_profile_catalog""}",200,201,210,70,140,64,6,0,0,1,2.421649817004028,581.9016119708555,0.8339545641672969,4995.948122453397,46,5,19,0,0,34,25,8,18153.79750332795,981.2146726762876,4.672450822268036,8.887207950465381,9,8,0,4148,3661,0,487,287,235,117,127,22260725,prewarm,stability_delay_energy_v4,unified_fixed_point_v3,explicit_snapshot_v1,poisson_profile_catalog_v1,periodic_repository_v1,customized_periodic_pool_v1,empirical_window_beta_v1,slot_up_down_v1,fixed_service_time_v1,fixed_path_v1,full_duplex_shared_heat_v1,deployment_return_energy_v1,periodic_three_objective_v3,discrete_mpc_v1,grid_tkb_v1,arrival_risk_diversity_v1,budgeted_fixed_point_v1,regularized_surrogate_v1,goodput_cost_v1,0.3333333333333333,0.6666666666666666,0.3047619047619048,0.08571428571428572,0.0,3.1840796019900495,0.21904761904761905,0.023809523809523808,0.09047619047619047,0.0,0.0
system_poisson:poisson_lifecycle_v1:generator_ablation:6a3fe36af372961f:periodic_lightweight:r4:s20260723,6a3fe36af372961f,generator_ablation,lightweight,reference,lightweight,4,20260723,system_poisson,poisson_lifecycle_v1,poisson_profile_catalog,periodic_lightweight,lightweight,not_applicable,prewarm,measured,measured,fixed,fixed_total,1.0,85e4775618fc9271,04cc006508118ace,6d76626369b7dc47,7df8c4f9894fbd11,"{""algorithm"":""periodic_lightweight"",""alpha_l"":0.7,""alpha_r"":0.8,""availability_fraction"":0.5,""beta_l"":0.4,""beta_r"":0.5,""bootstrap_mode"":""prewarm"",""candidate_fixed_point_damping"":0.5,""candidate_fixed_point_max_iterations"":20,""candidate_fixed_point_relative_tolerance"":0.0001,""cloud_count"":1,""comparison_group"":""reference"",""comparison_method"":""lightweight"",""control_mode"":""fixed"",""downtime_log_mean"":2.5,""downtime_log_sigma"":0.8,""edge_count"":5,""edge_link_factor"":2.0,""experiment_layer"":""system_poisson"",""fixed_online_budget_ms"":10.0,""fixed_planning_interval_slots"":5,""fixed_total_pool_budget"":20,""lambda_g"":0.7,""lambda_h"":0.7,""lambda_per_slot"":1.0,""max_deadline_ms"":1999.0,""min_deadline_ms"":500.0,""minimum_control_window_slots"":5,""minimum_replanning_interval_slots"":2,""name"":""lightweight"",""online_budgets_ms"":[5.0,10.0,20.0],""online_timing_mode"":""measured"",""origin_group_count"":2,""plan_ttl_slots"":20,""planning_candidate_generator_mode"":""lightweight"",""planning_customized_archive_capacity"":64,""planning_customized_generations"":4,""planning_customized_population_size"":12,""planning_deadline_ms"":2000.0,""planning_intervals"":[5,10,20],""planning_runtime_ms"":100.0,""planning_sample_count"":20,""planning_timing_mode"":""measured"",""pool_budget_mode"":""fixed_total"",""profile_count"":2,""slot_count"":200,""slot_length_ms"":100.0,""suite"":""generator_ablation"",""total_pool_budgets"":[8,20,40],""uptime_scale"":100.0,""uptime_shape"":1.5,""user_count"":10,""workload_mode"":""poisson_profile_catalog""}",200,206,206,70,136,65,5,0,0,1,2.430813046191353,558.9008137650628,0.8281551647706307,5923.2103061395155,37,12,21,0,0,29,19,9,18720.575462211855,1307.6111250557005,6.34762682065874,11.961125070229173,4,3,0,3567,3209,0,358,233,217,124,99,22260726,prewarm,stability_delay_energy_v4,unified_fixed_point_v3,explicit_snapshot_v1,poisson_profile_catalog_v1,periodic_repository_v1,customized_periodic_pool_v1,empirical_window_beta_v1,slot_up_down_v1,fixed_service_time_v1,fixed_path_v1,full_duplex_shared_heat_v1,deployment_return_energy_v1,periodic_three_objective_v3,discrete_mpc_v1,grid_tkb_v1,arrival_risk_diversity_v1,budgeted_fixed_point_v1,regularized_surrogate_v1,goodput_cost_v1,0.33980582524271846,0.6601941747572816,0.3155339805825243,0.07142857142857142,0.0,3.1553398058252426,0.1796116504854369,0.05825242718446602,0.10194174757281553,0.0,0.0
system_poisson:poisson_lifecycle_v1:generator_ablation:6a3fe36af372961f:periodic_lightweight:r5:s20260724,6a3fe36af372961f,generator_ablation,lightweight,reference,lightweight,5,20260724,system_poisson,poisson_lifecycle_v1,poisson_profile_catalog,periodic_lightweight,lightweight,not_applicable,prewarm,measured,measured,fixed,fixed_total,1.0,d24fe9836276a23a,5f88dfc591596c91,8236ef19df927245,c61766e5adeaf7a9,"{""algorithm"":""periodic_lightweight"",""alpha_l"":0.7,""alpha_r"":0.8,""availability_fraction"":0.5,""beta_l"":0.4,""beta_r"":0.5,""bootstrap_mode"":""prewarm"",""candidate_fixed_point_damping"":0.5,""candidate_fixed_point_max_iterations"":20,""candidate_fixed_point_relative_tolerance"":0.0001,""cloud_count"":1,""comparison_group"":""reference"",""comparison_method"":""lightweight"",""control_mode"":""fixed"",""downtime_log_mean"":2.5,""downtime_log_sigma"":0.8,""edge_count"":5,""edge_link_factor"":2.0,""experiment_layer"":""system_poisson"",""fixed_online_budget_ms"":10.0,""fixed_planning_interval_slots"":5,""fixed_total_pool_budget"":20,""lambda_g"":0.7,""lambda_h"":0.7,""lambda_per_slot"":1.0,""max_deadline_ms"":1999.0,""min_deadline_ms"":500.0,""minimum_control_window_slots"":5,""minimum_replanning_interval_slots"":2,""name"":""lightweight"",""online_budgets_ms"":[5.0,10.0,20.0],""online_timing_mode"":""measured"",""origin_group_count"":2,""plan_ttl_slots"":20,""planning_candidate_generator_mode"":""lightweight"",""planning_customized_archive_capacity"":64,""planning_customized_generations"":4,""planning_customized_population_size"":12,""planning_deadline_ms"":2000.0,""planning_intervals"":[5,10,20],""planning_runtime_ms"":100.0,""planning_sample_count"":20,""planning_timing_mode"":""measured"",""pool_budget_mode"":""fixed_total"",""profile_count"":2,""slot_count"":200,""slot_length_ms"":100.0,""suite"":""generator_ablation"",""total_pool_budgets"":[8,20,40],""uptime_scale"":100.0,""uptime_shape"":1.5,""user_count"":10,""workload_mode"":""poisson_profile_catalog""}",200,202,196,80,116,74,6,2,0,1,2.8010881080394037,453.59979443002766,0.8136865561395265,3292.3242301274136,58,7,15,0,0,34,28,5,18049.63991593104,996.3223427766934,5.083277259064762,8.402584004215896,8,7,0,4176,3813,0,363,238,233,144,110,22260727,prewarm,stability_delay_energy_v4,unified_fixed_point_v3,explicit_snapshot_v1,poisson_profile_catalog_v1,periodic_repository_v1,customized_periodic_pool_v1,empirical_window_beta_v1,slot_up_down_v1,fixed_service_time_v1,fixed_path_v1,full_duplex_shared_heat_v1,deployment_return_energy_v1,periodic_three_objective_v3,discrete_mpc_v1,grid_tkb_v1,arrival_risk_diversity_v1,budgeted_fixed_point_v1,regularized_surrogate_v1,goodput_cost_v1,0.40816326530612246,0.5918367346938775,0.37755102040816324,0.075,0.025,3.6633663366336635,0.29591836734693877,0.03571428571428571,0.07653061224489796,0.0,0.0
system_poisson:poisson_lifecycle_v1:generator_ablation:6a3fe36af372961f:periodic_lightweight:r6:s20260725,6a3fe36af372961f,generator_ablation,lightweight,reference,lightweight,6,20260725,system_poisson,poisson_lifecycle_v1,poisson_profile_catalog,periodic_lightweight,lightweight,not_applicable,prewarm,measured,measured,fixed,fixed_total,1.0,26abbdd9b75bc615,fc04fea1c464df4f,315f55f80c124787,b0aa21bae96916c6,"{""algorithm"":""periodic_lightweight"",""alpha_l"":0.7,""alpha_r"":0.8,""availability_fraction"":0.5,""beta_l"":0.4,""beta_r"":0.5,""bootstrap_mode"":""prewarm"",""candidate_fixed_point_damping"":0.5,""candidate_fixed_point_max_iterations"":20,""candidate_fixed_point_relative_tolerance"":0.0001,""cloud_count"":1,""comparison_group"":""reference"",""comparison_method"":""lightweight"",""control_mode"":""fixed"",""downtime_log_mean"":2.5,""downtime_log_sigma"":0.8,""edge_count"":5,""edge_link_factor"":2.0,""experiment_layer"":""system_poisson"",""fixed_online_budget_ms"":10.0,""fixed_planning_interval_slots"":5,""fixed_total_pool_budget"":20,""lambda_g"":0.7,""lambda_h"":0.7,""lambda_per_slot"":1.0,""max_deadline_ms"":1999.0,""min_deadline_ms"":500.0,""minimum_control_window_slots"":5,""minimum_replanning_interval_slots"":2,""name"":""lightweight"",""online_budgets_ms"":[5.0,10.0,20.0],""online_timing_mode"":""measured"",""origin_group_count"":2,""plan_ttl_slots"":20,""planning_candidate_generator_mode"":""lightweight"",""planning_customized_archive_capacity"":64,""planning_customized_generations"":4,""planning_customized_population_size"":12,""planning_deadline_ms"":2000.0,""planning_intervals"":[5,10,20],""planning_runtime_ms"":100.0,""planning_sample_count"":20,""planning_timing_mode"":""measured"",""pool_budget_mode"":""fixed_total"",""profile_count"":2,""slot_count"":200,""slot_length_ms"":100.0,""suite"":""generator_ablation"",""total_pool_budgets"":[8,20,40],""uptime_scale"":100.0,""uptime_shape"":1.5,""user_count"":10,""workload_mode"":""poisson_profile_catalog""}",200,202,183,62,121,56,6,0,0,1,2.1258839630446493,571.9069456264651,0.8146868939711104,4444.624792884611,34,14,14,0,0,31,18,12,18537.395749939606,824.8576675541699,4.507418948383442,7.439582957886159,5,4,0,3797,3540,0,257,158,149,75,76,22260728,prewarm,stability_delay_energy_v4,unified_fixed_point_v3,explicit_snapshot_v1,poisson_profile_catalog_v1,periodic_repository_v1,customized_periodic_pool_v1,empirical_window_beta_v1,slot_up_down_v1,fixed_service_time_v1,fixed_path_v1,full_duplex_shared_heat_v1,deployment_return_energy_v1,periodic_three_objective_v3,discrete_mpc_v1,grid_tkb_v1,arrival_risk_diversity_v1,budgeted_fixed_point_v1,regularized_surrogate_v1,goodput_cost_v1,0.33879781420765026,0.6612021857923497,0.30601092896174864,0.0967741935483871,0.0,2.7722772277227725,0.18579234972677597,0.07650273224043716,0.07650273224043716,0.0,0.0
system_poisson:poisson_lifecycle_v1:generator_ablation:6a3fe36af372961f:periodic_lightweight:r7:s20260726,6a3fe36af372961f,generator_ablation,lightweight,reference,lightweight,7,20260726,system_poisson,poisson_lifecycle_v1,poisson_profile_catalog,periodic_lightweight,lightweight,not_applicable,prewarm,measured,measured,fixed,fixed_total,1.0,cfb348bc73ed6b08,6c2f0ddd78fdc176,45d9b67b7d7e2742,5d8d75c05ac19d95,"{""algorithm"":""periodic_lightweight"",""alpha_l"":0.7,""alpha_r"":0.8,""availability_fraction"":0.5,""beta_l"":0.4,""beta_r"":0.5,""bootstrap_mode"":""prewarm"",""candidate_fixed_point_damping"":0.5,""candidate_fixed_point_max_iterations"":20,""candidate_fixed_point_relative_tolerance"":0.0001,""cloud_count"":1,""comparison_group"":""reference"",""comparison_method"":""lightweight"",""control_mode"":""fixed"",""downtime_log_mean"":2.5,""downtime_log_sigma"":0.8,""edge_count"":5,""edge_link_factor"":2.0,""experiment_layer"":""system_poisson"",""fixed_online_budget_ms"":10.0,""fixed_planning_interval_slots"":5,""fixed_total_pool_budget"":20,""lambda_g"":0.7,""lambda_h"":0.7,""lambda_per_slot"":1.0,""max_deadline_ms"":1999.0,""min_deadline_ms"":500.0,""minimum_control_window_slots"":5,""minimum_replanning_interval_slots"":2,""name"":""lightweight"",""online_budgets_ms"":[5.0,10.0,20.0],""online_timing_mode"":""measured"",""origin_group_count"":2,""plan_ttl_slots"":20,""planning_candidate_generator_mode"":""lightweight"",""planning_customized_archive_capacity"":64,""planning_customized_generations"":4,""planning_customized_population_size"":12,""planning_deadline_ms"":2000.0,""planning_intervals"":[5,10,20],""planning_runtime_ms"":100.0,""planning_sample_count"":20,""planning_timing_mode"":""measured"",""pool_budget_mode"":""fixed_total"",""profile_count"":2,""slot_count"":200,""slot_length_ms"":100.0,""suite"":""generator_ablation"",""total_pool_budgets"":[8,20,40],""uptime_scale"":100.0,""uptime_shape"":1.5,""user_count"":10,""workload_mode"":""poisson_profile_catalog""}",200,207,190,62,128,60,2,1,0,1,2.078733628445255,700.2189566024583,0.8038621977868713,6217.814002502559,28,6,28,0,0,28,15,12,18986.867791274562,1066.817959654145,5.614831366600763,9.916375041939318,1,0,0,3490,3338,0,152,116,116,55,62,22260729,prewarm,stability_delay_energy_v4,unified_fixed_point_v3,explicit_snapshot_v1,poisson_profile_catalog_v1,periodic_repository_v1,customized_periodic_pool_v1,empirical_window_beta_v1,slot_up_down_v1,fixed_service_time_v1,fixed_path_v1,full_duplex_shared_heat_v1,deployment_return_energy_v1,periodic_three_objective_v3,discrete_mpc_v1,grid_tkb_v1,arrival_risk_diversity_v1,budgeted_fixed_point_v1,regularized_surrogate_v1,goodput_cost_v1,0.3263157894736842,0.6736842105263158,0.3157894736842105,0.03225806451612903,0.016129032258064516,2.898550724637681,0.14736842105263157,0.031578947368421054,0.14736842105263157,0.0,0.0
system_poisson:poisson_lifecycle_v1:generator_ablation:6a3fe36af372961f:periodic_lightweight:r8:s20260727,6a3fe36af372961f,generator_ablation,lightweight,reference,lightweight,8,20260727,system_poisson,poisson_lifecycle_v1,poisson_profile_catalog,periodic_lightweight,lightweight,not_applicable,prewarm,measured,measured,fixed,fixed_total,1.0,77262aef7c650c15,adddb8a44db4224c,5ef7f7f709b227ab,5f427e7b1456da70,"{""algorithm"":""periodic_lightweight"",""alpha_l"":0.7,""alpha_r"":0.8,""availability_fraction"":0.5,""beta_l"":0.4,""beta_r"":0.5,""bootstrap_mode"":""prewarm"",""candidate_fixed_point_damping"":0.5,""candidate_fixed_point_max_iterations"":20,""candidate_fixed_point_relative_tolerance"":0.0001,""cloud_count"":1,""comparison_group"":""reference"",""comparison_method"":""lightweight"",""control_mode"":""fixed"",""downtime_log_mean"":2.5,""downtime_log_sigma"":0.8,""edge_count"":5,""edge_link_factor"":2.0,""experiment_layer"":""system_poisson"",""fixed_online_budget_ms"":10.0,""fixed_planning_interval_slots"":5,""fixed_total_pool_budget"":20,""lambda_g"":0.7,""lambda_h"":0.7,""lambda_per_slot"":1.0,""max_deadline_ms"":1999.0,""min_deadline_ms"":500.0,""minimum_control_window_slots"":5,""minimum_replanning_interval_slots"":2,""name"":""lightweight"",""online_budgets_ms"":[5.0,10.0,20.0],""online_timing_mode"":""measured"",""origin_group_count"":2,""plan_ttl_slots"":20,""planning_candidate_generator_mode"":""lightweight"",""planning_customized_archive_capacity"":64,""planning_customized_generations"":4,""planning_customized_population_size"":12,""planning_deadline_ms"":2000.0,""planning_intervals"":[5,10,20],""planning_runtime_ms"":100.0,""planning_sample_count"":20,""planning_timing_mode"":""measured"",""pool_budget_mode"":""fixed_total"",""profile_count"":2,""slot_count"":200,""slot_length_ms"":100.0,""suite"":""generator_ablation"",""total_pool_budgets"":[8,20,40],""uptime_scale"":100.0,""uptime_shape"":1.5,""user_count"":10,""workload_mode"":""poisson_profile_catalog""}",200,207,181,70,111,64,6,0,0,1,2.2773712247482467,640.8229085266827,0.8191655906604284,7265.032026372918,29,13,28,0,0,31,16,14,18804.565876955166,925.3979154163972,5.112695665283963,11.025583022274077,3,2,0,3697,3510,0,187,122,110,36,70,22260730,prewarm,stability_delay_energy_v4,unified_fixed_point_v3,explicit_snapshot_v1,poisson_profile_catalog_v1,periodic_repository_v1,customized_periodic_pool_v1,empirical_window_beta_v1,slot_up_down_v1,fixed_service_time_v1,fixed_path_v1,full_duplex_shared_heat_v1,deployment_return_energy_v1,periodic_three_objective_v3,discrete_mpc_v1,grid_tkb_v1,arrival_risk_diversity_v1,budgeted_fixed_point_v1,regularized_surrogate_v1,goodput_cost_v1,0.3867403314917127,0.6132596685082873,0.35359116022099446,0.08571428571428572,0.0,3.0917874396135265,0.16022099447513813,0.0718232044198895,0.15469613259668508,0.0,0.0
system_poisson:poisson_lifecycle_v1:generator_ablation:6a3fe36af372961f:periodic_lightweight:r9:s20260728,6a3fe36af372961f,generator_ablation,lightweight,reference,lightweight,9,20260728,system_poisson,poisson_lifecycle_v1,poisson_profile_catalog,periodic_lightweight,lightweight,not_applicable,prewarm,measured,measured,fixed,fixed_total,1.0,51994d7f38a9b2d2,94c502adeeb85260,9f5ed373a6bd9324,58651f60c37cc329,"{""algorithm"":""periodic_lightweight"",""alpha_l"":0.7,""alpha_r"":0.8,""availability_fraction"":0.5,""beta_l"":0.4,""beta_r"":0.5,""bootstrap_mode"":""prewarm"",""candidate_fixed_point_damping"":0.5,""candidate_fixed_point_max_iterations"":20,""candidate_fixed_point_relative_tolerance"":0.0001,""cloud_count"":1,""comparison_group"":""reference"",""comparison_method"":""lightweight"",""control_mode"":""fixed"",""downtime_log_mean"":2.5,""downtime_log_sigma"":0.8,""edge_count"":5,""edge_link_factor"":2.0,""experiment_layer"":""system_poisson"",""fixed_online_budget_ms"":10.0,""fixed_planning_interval_slots"":5,""fixed_total_pool_budget"":20,""lambda_g"":0.7,""lambda_h"":0.7,""lambda_per_slot"":1.0,""max_deadline_ms"":1999.0,""min_deadline_ms"":500.0,""minimum_control_window_slots"":5,""minimum_replanning_interval_slots"":2,""name"":""lightweight"",""online_budgets_ms"":[5.0,10.0,20.0],""online_timing_mode"":""measured"",""origin_group_count"":2,""plan_ttl_slots"":20,""planning_candidate_generator_mode"":""lightweight"",""planning_customized_archive_capacity"":64,""planning_customized_generations"":4,""planning_customized_population_size"":12,""planning_deadline_ms"":2000.0,""planning_intervals"":[5,10,20],""planning_runtime_ms"":100.0,""planning_sample_count"":20,""planning_timing_mode"":""measured"",""pool_budget_mode"":""fixed_total"",""profile_count"":2,""slot_count"":200,""slot_length_ms"":100.0,""suite"":""generator_ablation"",""total_pool_budgets"":[8,20,40],""uptime_scale"":100.0,""uptime_shape"":1.5,""user_count"":10,""workload_mode"":""poisson_profile_catalog""}",200,209,211,77,134,66,11,3,0,1,2.201548411414875,616.3108294279348,0.8285949964819478,6392.7342565397585,32,14,31,0,0,34,14,19,17918.844001949765,1249.7520062606782,5.922995290334968,10.583250084891915,14,13,0,4078,3601,0,477,240,209,87,136,22260731,prewarm,stability_delay_energy_v4,unified_fixed_point_v3,explicit_snapshot_v1,poisson_profile_catalog_v1,periodic_repository_v1,customized_periodic_pool_v1,empirical_window_beta_v1,slot_up_down_v1,fixed_service_time_v1,fixed_path_v1,full_duplex_shared_heat_v1,deployment_return_energy_v1,periodic_three_objective_v3,discrete_mpc_v1,grid_tkb_v1,arrival_risk_diversity_v1,budgeted_fixed_point_v1,regularized_surrogate_v1,goodput_cost_v1,0.36492890995260663,0.6350710900473934,0.3127962085308057,0.14285714285714285,0.03896103896103896,3.1578947368421053,0.15165876777251186,0.06635071090047394,0.14691943127962084,0.0,0.0
system_poisson:poisson_lifecycle_v1:generator_ablation:6a3fe36af372961f:periodic_lightweight:r10:s20260729,6a3fe36af372961f,generator_ablation,lightweight,reference,lightweight,10,20260729,system_poisson,poisson_lifecycle_v1,poisson_profile_catalog,periodic_lightweight,lightweight,not_applicable,prewarm,measured,measured,fixed,fixed_total,1.0,5b8d17f0ef7f4099,329b4f7d21be54ff,897cead0737f85bf,5bfdd62f4d90fc6a,"{""algorithm"":""periodic_lightweight"",""alpha_l"":0.7,""alpha_r"":0.8,""availability_fraction"":0.5,""beta_l"":0.4,""beta_r"":0.5,""bootstrap_mode"":""prewarm"",""candidate_fixed_point_damping"":0.5,""candidate_fixed_point_max_iterations"":20,""candidate_fixed_point_relative_tolerance"":0.0001,""cloud_count"":1,""comparison_group"":""reference"",""comparison_method"":""lightweight"",""control_mode"":""fixed"",""downtime_log_mean"":2.5,""downtime_log_sigma"":0.8,""edge_count"":5,""edge_link_factor"":2.0,""experiment_layer"":""system_poisson"",""fixed_online_budget_ms"":10.0,""fixed_planning_interval_slots"":5,""fixed_total_pool_budget"":20,""lambda_g"":0.7,""lambda_h"":0.7,""lambda_per_slot"":1.0,""max_deadline_ms"":1999.0,""min_deadline_ms"":500.0,""minimum_control_window_slots"":5,""minimum_replanning_interval_slots"":2,""name"":""lightweight"",""online_budgets_ms"":[5.0,10.0,20.0],""online_timing_mode"":""measured"",""origin_group_count"":2,""plan_ttl_slots"":20,""planning_candidate_generator_mode"":""lightweight"",""planning_customized_archive_capacity"":64,""planning_customized_generations"":4,""planning_customized_population_size"":12,""planning_deadline_ms"":2000.0,""planning_intervals"":[5,10,20],""planning_runtime_ms"":100.0,""planning_sample_count"":20,""planning_timing_mode"":""measured"",""pool_budget_mode"":""fixed_total"",""profile_count"":2,""slot_count"":200,""slot_length_ms"":100.0,""suite"":""generator_ablation"",""total_pool_budgets"":[8,20,40],""uptime_scale"":100.0,""uptime_shape"":1.5,""user_count"":10,""workload_mode"":""poisson_profile_catalog""}",200,202,209,71,138,56,15,2,0,1,2.0474371768591837,527.3002561265902,0.7963766458456305,5766.751743337816,34,10,27,0,0,34,20,13,17669.66058150865,1310.489167808555,6.270283099562464,10.826374986208975,12,11,0,4161,3723,0,438,288,242,101,146,22260732,prewarm,stability_delay_energy_v4,unified_fixed_point_v3,explicit_snapshot_v1,poisson_profile_catalog_v1,periodic_repository_v1,customized_periodic_pool_v1,empirical_window_beta_v1,slot_up_down_v1,fixed_service_time_v1,fixed_path_v1,full_duplex_shared_heat_v1,deployment_return_energy_v1,periodic_three_objective_v3,discrete_mpc_v1,grid_tkb_v1,arrival_risk_diversity_v1,budgeted_fixed_point_v1,regularized_surrogate_v1,goodput_cost_v1,0.3397129186602871,0.6602870813397129,0.2679425837320574,0.2112676056338028,0.028169014084507043,2.7722772277227725,0.16267942583732056,0.04784688995215311,0.1291866028708134,0.0,0.0
system_poisson:poisson_lifecycle_v1:generator_ablation:6a3fe36af372961f:periodic_lightweight:r11:s20260730,6a3fe36af372961f,generator_ablation,lightweight,reference,lightweight,11,20260730,system_poisson,poisson_lifecycle_v1,poisson_profile_catalog,periodic_lightweight,lightweight,not_applicable,prewarm,measured,measured,fixed,fixed_total,1.0,30f077b6e956d2e4,a9f113d17c0a9b50,f4bafd7cbf888eae,2fbd8cdb625c9aae,"{""algorithm"":""periodic_lightweight"",""alpha_l"":0.7,""alpha_r"":0.8,""availability_fraction"":0.5,""beta_l"":0.4,""beta_r"":0.5,""bootstrap_mode"":""prewarm"",""candidate_fixed_point_damping"":0.5,""candidate_fixed_point_max_iterations"":20,""candidate_fixed_point_relative_tolerance"":0.0001,""cloud_count"":1,""comparison_group"":""reference"",""comparison_method"":""lightweight"",""control_mode"":""fixed"",""downtime_log_mean"":2.5,""downtime_log_sigma"":0.8,""edge_count"":5,""edge_link_factor"":2.0,""experiment_layer"":""system_poisson"",""fixed_online_budget_ms"":10.0,""fixed_planning_interval_slots"":5,""fixed_total_pool_budget"":20,""lambda_g"":0.7,""lambda_h"":0.7,""lambda_per_slot"":1.0,""max_deadline_ms"":1999.0,""min_deadline_ms"":500.0,""minimum_control_window_slots"":5,""minimum_replanning_interval_slots"":2,""name"":""lightweight"",""online_budgets_ms"":[5.0,10.0,20.0],""online_timing_mode"":""measured"",""origin_group_count"":2,""plan_ttl_slots"":20,""planning_candidate_generator_mode"":""lightweight"",""planning_customized_archive_capacity"":64,""planning_customized_generations"":4,""planning_customized_population_size"":12,""planning_deadline_ms"":2000.0,""planning_intervals"":[5,10,20],""planning_runtime_ms"":100.0,""planning_sample_count"":20,""planning_timing_mode"":""measured"",""pool_budget_mode"":""fixed_total"",""profile_count"":2,""slot_count"":200,""slot_length_ms"":100.0,""suite"":""generator_ablation"",""total_pool_budgets"":[8,20,40],""uptime_scale"":100.0,""uptime_shape"":1.5,""user_count"":10,""workload_mode"":""poisson_profile_catalog""}",200,203,179,67,112,64,3,2,0,1,2.4094368845182723,521.1316930589128,0.811932830225755,4987.906181222861,42,19,6,0,0,23,12,10,20599.403709173203,1009.5163810765371,5.639756318863336,9.555833064951003,1,0,0,2888,2624,0,264,189,188,96,109,22260733,prewarm,stability_delay_energy_v4,unified_fixed_point_v3,explicit_snapshot_v1,poisson_profile_catalog_v1,periodic_repository_v1,customized_periodic_pool_v1,empirical_window_beta_v1,slot_up_down_v1,fixed_service_time_v1,fixed_path_v1,full_duplex_shared_heat_v1,deployment_return_energy_v1,periodic_three_objective_v3,discrete_mpc_v1,grid_tkb_v1,arrival_risk_diversity_v1,budgeted_fixed_point_v1,regularized_surrogate_v1,goodput_cost_v1,0.3743016759776536,0.6256983240223464,0.3575418994413408,0.04477611940298507,0.029850746268656716,3.152709359605911,0.2346368715083799,0.10614525139664804,0.0335195530726257,0.0,0.0
system_poisson:poisson_lifecycle_v1:generator_ablation:6a3fe36af372961f:periodic_lightweight:r12:s20260731,6a3fe36af372961f,generator_ablation,lightweight,reference,lightweight,12,20260731,system_poisson,poisson_lifecycle_v1,poisson_profile_catalog,periodic_lightweight,lightweight,not_applicable,prewarm,measured,measured,fixed,fixed_total,1.0,c8a1c19b9973aa96,c57247db4e0508db,72a5571d4331dbf4,5615e2a246665bbb,"{""algorithm"":""periodic_lightweight"",""alpha_l"":0.7,""alpha_r"":0.8,""availability_fraction"":0.5,""beta_l"":0.4,""beta_r"":0.5,""bootstrap_mode"":""prewarm"",""candidate_fixed_point_damping"":0.5,""candidate_fixed_point_max_iterations"":20,""candidate_fixed_point_relative_tolerance"":0.0001,""cloud_count"":1,""comparison_group"":""reference"",""comparison_method"":""lightweight"",""control_mode"":""fixed"",""downtime_log_mean"":2.5,""downtime_log_sigma"":0.8,""edge_count"":5,""edge_link_factor"":2.0,""experiment_layer"":""system_poisson"",""fixed_online_budget_ms"":10.0,""fixed_planning_interval_slots"":5,""fixed_total_pool_budget"":20,""lambda_g"":0.7,""lambda_h"":0.7,""lambda_per_slot"":1.0,""max_deadline_ms"":1999.0,""min_deadline_ms"":500.0,""minimum_control_window_slots"":5,""minimum_replanning_interval_slots"":2,""name"":""lightweight"",""online_budgets_ms"":[5.0,10.0,20.0],""online_timing_mode"":""measured"",""origin_group_count"":2,""plan_ttl_slots"":20,""planning_candidate_generator_mode"":""lightweight"",""planning_customized_archive_capacity"":64,""planning_customized_generations"":4,""planning_customized_population_size"":12,""planning_deadline_ms"":2000.0,""planning_intervals"":[5,10,20],""planning_runtime_ms"":100.0,""planning_sample_count"":20,""planning_timing_mode"":""measured"",""pool_budget_mode"":""fixed_total"",""profile_count"":2,""slot_count"":200,""slot_length_ms"":100.0,""suite"":""generator_ablation"",""total_pool_budgets"":[8,20,40],""uptime_scale"":100.0,""uptime_shape"":1.5,""user_count"":10,""workload_mode"":""poisson_profile_catalog""}",200,205,184,67,117,63,4,1,0,1,2.277928159771426,582.0484936347773,0.8145562951026073,6076.527247242542,36,13,18,0,0,26,17,8,19012.81520642806,1047.8825406171381,5.695013807701838,9.325374965555966,1,0,0,3268,3090,0,178,119,117,74,56,22260734,prewarm,stability_delay_energy_v4,unified_fixed_point_v3,explicit_snapshot_v1,poisson_profile_catalog_v1,periodic_repository_v1,customized_periodic_pool_v1,empirical_window_beta_v1,slot_up_down_v1,fixed_service_time_v1,fixed_path_v1,full_duplex_shared_heat_v1,deployment_return_energy_v1,periodic_three_objective_v3,discrete_mpc_v1,grid_tkb_v1,arrival_risk_diversity_v1,budgeted_fixed_point_v1,regularized_surrogate_v1,goodput_cost_v1,0.3641304347826087,0.6358695652173914,0.3423913043478261,0.05970149253731343,0.014925373134328358,3.073170731707317,0.1956521739130435,0.07065217391304347,0.09782608695652174,0.0,0.0
system_poisson:poisson_lifecycle_v1:generator_ablation:6a3fe36af372961f:periodic_lightweight:r13:s20260732,6a3fe36af372961f,generator_ablation,lightweight,reference,lightweight,13,20260732,system_poisson,poisson_lifecycle_v1,poisson_profile_catalog,periodic_lightweight,lightweight,not_applicable,prewarm,measured,measured,fixed,fixed_total,1.0,2570004416ece14a,3e0c88c5a91c29b4,5e6617b3e9dde363,a897565254a74026,"{""algorithm"":""periodic_lightweight"",""alpha_l"":0.7,""alpha_r"":0.8,""availability_fraction"":0.5,""beta_l"":0.4,""beta_r"":0.5,""bootstrap_mode"":""prewarm"",""candidate_fixed_point_damping"":0.5,""candidate_fixed_point_max_iterations"":20,""candidate_fixed_point_relative_tolerance"":0.0001,""cloud_count"":1,""comparison_group"":""reference"",""comparison_method"":""lightweight"",""control_mode"":""fixed"",""downtime_log_mean"":2.5,""downtime_log_sigma"":0.8,""edge_count"":5,""edge_link_factor"":2.0,""experiment_layer"":""system_poisson"",""fixed_online_budget_ms"":10.0,""fixed_planning_interval_slots"":5,""fixed_total_pool_budget"":20,""lambda_g"":0.7,""lambda_h"":0.7,""lambda_per_slot"":1.0,""max_deadline_ms"":1999.0,""min_deadline_ms"":500.0,""minimum_control_window_slots"":5,""minimum_replanning_interval_slots"":2,""name"":""lightweight"",""online_budgets_ms"":[5.0,10.0,20.0],""online_timing_mode"":""measured"",""origin_group_count"":2,""plan_ttl_slots"":20,""planning_candidate_generator_mode"":""lightweight"",""planning_customized_archive_capacity"":64,""planning_customized_generations"":4,""planning_customized_population_size"":12,""planning_deadline_ms"":2000.0,""planning_intervals"":[5,10,20],""planning_runtime_ms"":100.0,""planning_sample_count"":20,""planning_timing_mode"":""measured"",""pool_budget_mode"":""fixed_total"",""profile_count"":2,""slot_count"":200,""slot_length_ms"":100.0,""suite"":""generator_ablation"",""total_pool_budgets"":[8,20,40],""uptime_scale"":100.0,""uptime_shape"":1.5,""user_count"":10,""workload_mode"":""poisson_profile_catalog""}",200,213,208,76,132,71,5,6,0,1,2.3017833273322794,612.8372782200964,0.8190084536927508,7816.301772937501,29,21,26,0,0,27,10,16,18879.592668032274,1196.0419514216483,5.750201689527155,9.965832927264273,4,3,0,3328,3180,0,148,121,117,47,75,22260735,prewarm,stability_delay_energy_v4,unified_fixed_point_v3,explicit_snapshot_v1,poisson_profile_catalog_v1,periodic_repository_v1,customized_periodic_pool_v1,empirical_window_beta_v1,slot_up_down_v1,fixed_service_time_v1,fixed_path_v1,full_duplex_shared_heat_v1,deployment_return_energy_v1,periodic_three_objective_v3,discrete_mpc_v1,grid_tkb_v1,arrival_risk_diversity_v1,budgeted_fixed_point_v1,regularized_surrogate_v1,goodput_cost_v1,0.36538461538461536,0.6346153846153846,0.34134615384615385,0.06578947368421052,0.07894736842105263,3.333333333333333,0.13942307692307693,0.10096153846153846,0.125,0.0,0.0
system_poisson:poisson_lifecycle_v1:generator_ablation:6a3fe36af372961f:periodic_lightweight:r14:s20260733,6a3fe36af372961f,generator_ablation,lightweight,reference,lightweight,14,20260733,system_poisson,poisson_lifecycle_v1,poisson_profile_catalog,periodic_lightweight,lightweight,not_applicable,prewarm,measured,measured,fixed,fixed_total,1.0,e549ef942191509c,82b0c7769f30bf5e,5fa9f2d6b0764417,9238a84d7f53868e,"{""algorithm"":""periodic_lightweight"",""alpha_l"":0.7,""alpha_r"":0.8,""availability_fraction"":0.5,""beta_l"":0.4,""beta_r"":0.5,""bootstrap_mode"":""prewarm"",""candidate_fixed_point_damping"":0.5,""candidate_fixed_point_max_iterations"":20,""candidate_fixed_point_relative_tolerance"":0.0001,""cloud_count"":1,""comparison_group"":""reference"",""comparison_method"":""lightweight"",""control_mode"":""fixed"",""downtime_log_mean"":2.5,""downtime_log_sigma"":0.8,""edge_count"":5,""edge_link_factor"":2.0,""experiment_layer"":""system_poisson"",""fixed_online_budget_ms"":10.0,""fixed_planning_interval_slots"":5,""fixed_total_pool_budget"":20,""lambda_g"":0.7,""lambda_h"":0.7,""lambda_per_slot"":1.0,""max_deadline_ms"":1999.0,""min_deadline_ms"":500.0,""minimum_control_window_slots"":5,""minimum_replanning_interval_slots"":2,""name"":""lightweight"",""online_budgets_ms"":[5.0,10.0,20.0],""online_timing_mode"":""measured"",""origin_group_count"":2,""plan_ttl_slots"":20,""planning_candidate_generator_mode"":""lightweight"",""planning_customized_archive_capacity"":64,""planning_customized_generations"":4,""planning_customized_population_size"":12,""planning_deadline_ms"":2000.0,""planning_intervals"":[5,10,20],""planning_runtime_ms"":100.0,""planning_sample_count"":20,""planning_timing_mode"":""measured"",""pool_budget_mode"":""fixed_total"",""profile_count"":2,""slot_count"":200,""slot_length_ms"":100.0,""suite"":""generator_ablation"",""total_pool_budgets"":[8,20,40],""uptime_scale"":100.0,""uptime_shape"":1.5,""user_count"":10,""workload_mode"":""poisson_profile_catalog""}",200,205,202,86,116,83,3,0,0,1,3.104031365974793,540.1667351581013,0.809953127840498,5079.112472891984,37,34,15,0,0,27,17,9,19484.39228965435,997.3368771607056,4.9373112730728,9.174459031783044,2,1,0,3356,3110,0,246,158,154,92,82,22260736,prewarm,stability_delay_energy_v4,unified_fixed_point_v3,explicit_snapshot_v1,poisson_profile_catalog_v1,periodic_repository_v1,customized_periodic_pool_v1,empirical_window_beta_v1,slot_up_down_v1,fixed_service_time_v1,fixed_path_v1,full_duplex_shared_heat_v1,deployment_return_energy_v1,periodic_three_objective_v3,discrete_mpc_v1,grid_tkb_v1,arrival_risk_diversity_v1,budgeted_fixed_point_v1,regularized_surrogate_v1,goodput_cost_v1,0.42574257425742573,0.5742574257425742,0.41089108910891087,0.03488372093023256,0.0,4.048780487804878,0.18316831683168316,0.16831683168316833,0.07425742574257425,0.0,0.0
system_poisson:poisson_lifecycle_v1:generator_ablation:6a3fe36af372961f:periodic_lightweight:r15:s20260734,6a3fe36af372961f,generator_ablation,lightweight,reference,lightweight,15,20260734,system_poisson,poisson_lifecycle_v1,poisson_profile_catalog,periodic_lightweight,lightweight,not_applicable,prewarm,measured,measured,fixed,fixed_total,1.0,9d81372cc2973096,868f2658ddad8015,1f9cdc4dfc70bd76,554a01216359253d,"{""algorithm"":""periodic_lightweight"",""alpha_l"":0.7,""alpha_r"":0.8,""availability_fraction"":0.5,""beta_l"":0.4,""beta_r"":0.5,""bootstrap_mode"":""prewarm"",""candidate_fixed_point_damping"":0.5,""candidate_fixed_point_max_iterations"":20,""candidate_fixed_point_relative_tolerance"":0.0001,""cloud_count"":1,""comparison_group"":""reference"",""comparison_method"":""lightweight"",""control_mode"":""fixed"",""downtime_log_mean"":2.5,""downtime_log_sigma"":0.8,""edge_count"":5,""edge_link_factor"":2.0,""experiment_layer"":""system_poisson"",""fixed_online_budget_ms"":10.0,""fixed_planning_interval_slots"":5,""fixed_total_pool_budget"":20,""lambda_g"":0.7,""lambda_h"":0.7,""lambda_per_slot"":1.0,""max_deadline_ms"":1999.0,""min_deadline_ms"":500.0,""minimum_control_window_slots"":5,""minimum_replanning_interval_slots"":2,""name"":""lightweight"",""online_budgets_ms"":[5.0,10.0,20.0],""online_timing_mode"":""measured"",""origin_group_count"":2,""plan_ttl_slots"":20,""planning_candidate_generator_mode"":""lightweight"",""planning_customized_archive_capacity"":64,""planning_customized_generations"":4,""planning_customized_population_size"":12,""planning_deadline_ms"":2000.0,""planning_intervals"":[5,10,20],""planning_runtime_ms"":100.0,""planning_sample_count"":20,""planning_timing_mode"":""measured"",""pool_budget_mode"":""fixed_total"",""profile_count"":2,""slot_count"":200,""slot_length_ms"":100.0,""suite"":""generator_ablation"",""total_pool_budgets"":[8,20,40],""uptime_scale"":100.0,""uptime_shape"":1.5,""user_count"":10,""workload_mode"":""poisson_profile_catalog""}",200,212,203,54,149,49,5,0,0,1,1.7140591185533753,700.8665294984319,0.8136364165208475,4679.581349403319,30,8,16,0,0,27,20,6,18546.766919782385,1403.849754948169,6.9155160342274336,12.930625001899898,3,2,0,3344,3000,0,344,251,240,124,120,22260737,prewarm,stability_delay_energy_v4,unified_fixed_point_v3,explicit_snapshot_v1,poisson_profile_catalog_v1,periodic_repository_v1,customized_periodic_pool_v1,empirical_window_beta_v1,slot_up_down_v1,fixed_service_time_v1,fixed_path_v1,full_duplex_shared_heat_v1,deployment_return_energy_v1,periodic_three_objective_v3,discrete_mpc_v1,grid_tkb_v1,arrival_risk_diversity_v1,budgeted_fixed_point_v1,regularized_surrogate_v1,goodput_cost_v1,0.2660098522167488,0.7339901477832512,0.2413793103448276,0.09259259259259259,0.0,2.311320754716981,0.1477832512315271,0.03940886699507389,0.07881773399014778,0.0,0.0
system_poisson:poisson_lifecycle_v1:generator_ablation:6a3fe36af372961f:periodic_lightweight:r16:s20260735,6a3fe36af372961f,generator_ablation,lightweight,reference,lightweight,16,20260735,system_poisson,poisson_lifecycle_v1,poisson_profile_catalog,periodic_lightweight,lightweight,not_applicable,prewarm,measured,measured,fixed,fixed_total,1.0,c61c842e17f225e3,3da65bab6008a478,33b568baf37f075d,615e85118266de25,"{""algorithm"":""periodic_lightweight"",""alpha_l"":0.7,""alpha_r"":0.8,""availability_fraction"":0.5,""beta_l"":0.4,""beta_r"":0.5,""bootstrap_mode"":""prewarm"",""candidate_fixed_point_damping"":0.5,""candidate_fixed_point_max_iterations"":20,""candidate_fixed_point_relative_tolerance"":0.0001,""cloud_count"":1,""comparison_group"":""reference"",""comparison_method"":""lightweight"",""control_mode"":""fixed"",""downtime_log_mean"":2.5,""downtime_log_sigma"":0.8,""edge_count"":5,""edge_link_factor"":2.0,""experiment_layer"":""system_poisson"",""fixed_online_budget_ms"":10.0,""fixed_planning_interval_slots"":5,""fixed_total_pool_budget"":20,""lambda_g"":0.7,""lambda_h"":0.7,""lambda_per_slot"":1.0,""max_deadline_ms"":1999.0,""min_deadline_ms"":500.0,""minimum_control_window_slots"":5,""minimum_replanning_interval_slots"":2,""name"":""lightweight"",""online_budgets_ms"":[5.0,10.0,20.0],""online_timing_mode"":""measured"",""origin_group_count"":2,""plan_ttl_slots"":20,""planning_candidate_generator_mode"":""lightweight"",""planning_customized_archive_capacity"":64,""planning_customized_generations"":4,""planning_customized_population_size"":12,""planning_deadline_ms"":2000.0,""planning_intervals"":[5,10,20],""planning_runtime_ms"":100.0,""planning_sample_count"":20,""planning_timing_mode"":""measured"",""pool_budget_mode"":""fixed_total"",""profile_count"":2,""slot_count"":200,""slot_length_ms"":100.0,""suite"":""generator_ablation"",""total_pool_budgets"":[8,20,40],""uptime_scale"":100.0,""uptime_shape"":1.5,""user_count"":10,""workload_mode"":""poisson_profile_catalog""}",200,205,215,65,150,53,12,3,0,1,1.7581914882269887,740.6052938227293,0.8488442629391255,8142.31967640933,24,9,32,0,0,29,13,15,19172.75741742924,1133.2122109597549,5.270754469580255,9.471000055782497,2,1,0,3508,3328,0,180,97,76,40,51,22260738,prewarm,stability_delay_energy_v4,unified_fixed_point_v3,explicit_snapshot_v1,poisson_profile_catalog_v1,periodic_repository_v1,customized_periodic_pool_v1,empirical_window_beta_v1,slot_up_down_v1,fixed_service_time_v1,fixed_path_v1,full_duplex_shared_heat_v1,deployment_return_energy_v1,periodic_three_objective_v3,discrete_mpc_v1,grid_tkb_v1,arrival_risk_diversity_v1,budgeted_fixed_point_v1,regularized_surrogate_v1,goodput_cost_v1,0.3023255813953488,0.6976744186046512,0.24651162790697675,0.18461538461538463,0.046153846153846156,2.5853658536585367,0.11162790697674418,0.04186046511627907,0.14883720930232558,0.0,0.0
system_poisson:poisson_lifecycle_v1:generator_ablation:6a3fe36af372961f:periodic_lightweight:r17:s20260736,6a3fe36af372961f,generator_ablation,lightweight,reference,lightweight,17,20260736,system_poisson,poisson_lifecycle_v1,poisson_profile_catalog,periodic_lightweight,lightweight,not_applicable,prewarm,measured,measured,fixed,fixed_total,1.0,a1e1594e7589a223,d9b518a32809412d,f1078707bd950772,6d1494c76aa00136,"{""algorithm"":""periodic_lightweight"",""alpha_l"":0.7,""alpha_r"":0.8,""availability_fraction"":0.5,""beta_l"":0.4,""beta_r"":0.5,""bootstrap_mode"":""prewarm"",""candidate_fixed_point_damping"":0.5,""candidate_fixed_point_max_iterations"":20,""candidate_fixed_point_relative_tolerance"":0.0001,""cloud_count"":1,""comparison_group"":""reference"",""comparison_method"":""lightweight"",""control_mode"":""fixed"",""downtime_log_mean"":2.5,""downtime_log_sigma"":0.8,""edge_count"":5,""edge_link_factor"":2.0,""experiment_layer"":""system_poisson"",""fixed_online_budget_ms"":10.0,""fixed_planning_interval_slots"":5,""fixed_total_pool_budget"":20,""lambda_g"":0.7,""lambda_h"":0.7,""lambda_per_slot"":1.0,""max_deadline_ms"":1999.0,""min_deadline_ms"":500.0,""minimum_control_window_slots"":5,""minimum_replanning_interval_slots"":2,""name"":""lightweight"",""online_budgets_ms"":[5.0,10.0,20.0],""online_timing_mode"":""measured"",""origin_group_count"":2,""plan_ttl_slots"":20,""planning_candidate_generator_mode"":""lightweight"",""planning_customized_archive_capacity"":64,""planning_customized_generations"":4,""planning_customized_population_size"":12,""planning_deadline_ms"":2000.0,""planning_intervals"":[5,10,20],""planning_runtime_ms"":100.0,""planning_sample_count"":20,""planning_timing_mode"":""measured"",""pool_budget_mode"":""fixed_total"",""profile_count"":2,""slot_count"":200,""slot_length_ms"":100.0,""suite"":""generator_ablation"",""total_pool_budgets"":[8,20,40],""uptime_scale"":100.0,""uptime_shape"":1.5,""user_count"":10,""workload_mode"":""poisson_profile_catalog""}",200,208,191,54,137,50,4,0,0,1,1.8082021727715745,646.4928573616403,0.817546501629557,5084.567316719149,31,5,18,0,0,28,17,10,19893.882748670876,1121.73041945789,5.872934133287383,10.365125024691224,2,1,0,3450,3278,0,172,144,138,75,70,22260739,prewarm,stability_delay_energy_v4,unified_fixed_point_v3,explicit_snapshot_v1,poisson_profile_catalog_v1,periodic_repository_v1,customized_periodic_pool_v1,empirical_window_beta_v1,slot_up_down_v1,fixed_service_time_v1,fixed_path_v1,full_duplex_shared_heat_v1,deployment_return_energy_v1,periodic_three_objective_v3,discrete_mpc_v1,grid_tkb_v1,arrival_risk_diversity_v1,budgeted_fixed_point_v1,regularized_surrogate_v1,goodput_cost_v1,0.28272251308900526,0.7172774869109948,0.2617801047120419,0.07407407407407407,0.0,2.4038461538461537,0.16230366492146597,0.02617801047120419,0.09424083769633508,0.0,0.0
system_poisson:poisson_lifecycle_v1:generator_ablation:6a3fe36af372961f:periodic_lightweight:r18:s20260737,6a3fe36af372961f,generator_ablation,lightweight,reference,lightweight,18,20260737,system_poisson,poisson_lifecycle_v1,poisson_profile_catalog,periodic_lightweight,lightweight,not_applicable,prewarm,measured,measured,fixed,fixed_total,1.0,2340d35db3923e87,6c6665153475ebe0,e91a6f9277c728f1,fb1a538d3c9d367a,"{""algorithm"":""periodic_lightweight"",""alpha_l"":0.7,""alpha_r"":0.8,""availability_fraction"":0.5,""beta_l"":0.4,""beta_r"":0.5,""bootstrap_mode"":""prewarm"",""candidate_fixed_point_damping"":0.5,""candidate_fixed_point_max_iterations"":20,""candidate_fixed_point_relative_tolerance"":0.0001,""cloud_count"":1,""comparison_group"":""reference"",""comparison_method"":""lightweight"",""control_mode"":""fixed"",""downtime_log_mean"":2.5,""downtime_log_sigma"":0.8,""edge_count"":5,""edge_link_factor"":2.0,""experiment_layer"":""system_poisson"",""fixed_online_budget_ms"":10.0,""fixed_planning_interval_slots"":5,""fixed_total_pool_budget"":20,""lambda_g"":0.7,""lambda_h"":0.7,""lambda_per_slot"":1.0,""max_deadline_ms"":1999.0,""min_deadline_ms"":500.0,""minimum_control_window_slots"":5,""minimum_replanning_interval_slots"":2,""name"":""lightweight"",""online_budgets_ms"":[5.0,10.0,20.0],""online_timing_mode"":""measured"",""origin_group_count"":2,""plan_ttl_slots"":20,""planning_candidate_generator_mode"":""lightweight"",""planning_customized_archive_capacity"":64,""planning_customized_generations"":4,""planning_customized_population_size"":12,""planning_deadline_ms"":2000.0,""planning_intervals"":[5,10,20],""planning_runtime_ms"":100.0,""planning_sample_count"":20,""planning_timing_mode"":""measured"",""pool_budget_mode"":""fixed_total"",""profile_count"":2,""slot_count"":200,""slot_length_ms"":100.0,""suite"":""generator_ablation"",""total_pool_budgets"":[8,20,40],""uptime_scale"":100.0,""uptime_shape"":1.5,""user_count"":10,""workload_mode"":""poisson_profile_catalog""}",200,204,177,85,92,80,5,1,0,1,3.033942854967914,471.68585211303116,0.8118505999046726,4455.782802119869,60,11,14,0,0,27,19,7,19477.58487367537,1378.0337033094838,7.785501148641152,13.424042030237615,3,2,0,3361,2919,0,442,333,295,154,136,22260740,prewarm,stability_delay_energy_v4,unified_fixed_point_v3,explicit_snapshot_v1,poisson_profile_catalog_v1,periodic_repository_v1,customized_periodic_pool_v1,empirical_window_beta_v1,slot_up_down_v1,fixed_service_time_v1,fixed_path_v1,full_duplex_shared_heat_v1,deployment_return_energy_v1,periodic_three_objective_v3,discrete_mpc_v1,grid_tkb_v1,arrival_risk_diversity_v1,budgeted_fixed_point_v1,regularized_surrogate_v1,goodput_cost_v1,0.480225988700565,0.519774011299435,0.4519774011299435,0.058823529411764705,0.011764705882352941,3.9215686274509807,0.3389830508474576,0.062146892655367235,0.07909604519774012,0.0,0.0
system_poisson:poisson_lifecycle_v1:generator_ablation:6a3fe36af372961f:periodic_lightweight:r19:s20260738,6a3fe36af372961f,generator_ablation,lightweight,reference,lightweight,19,20260738,system_poisson,poisson_lifecycle_v1,poisson_profile_catalog,periodic_lightweight,lightweight,not_applicable,prewarm,measured,measured,fixed,fixed_total,1.0,2f8cac81e28c6822,342fe7b24aabf9c9,bca0f53820c0230d,a5b68c6f808e683d,"{""algorithm"":""periodic_lightweight"",""alpha_l"":0.7,""alpha_r"":0.8,""availability_fraction"":0.5,""beta_l"":0.4,""beta_r"":0.5,""bootstrap_mode"":""prewarm"",""candidate_fixed_point_damping"":0.5,""candidate_fixed_point_max_iterations"":20,""candidate_fixed_point_relative_tolerance"":0.0001,""cloud_count"":1,""comparison_group"":""reference"",""comparison_method"":""lightweight"",""control_mode"":""fixed"",""downtime_log_mean"":2.5,""downtime_log_sigma"":0.8,""edge_count"":5,""edge_link_factor"":2.0,""experiment_layer"":""system_poisson"",""fixed_online_budget_ms"":10.0,""fixed_planning_interval_slots"":5,""fixed_total_pool_budget"":20,""lambda_g"":0.7,""lambda_h"":0.7,""lambda_per_slot"":1.0,""max_deadline_ms"":1999.0,""min_deadline_ms"":500.0,""minimum_control_window_slots"":5,""minimum_replanning_interval_slots"":2,""name"":""lightweight"",""online_budgets_ms"":[5.0,10.0,20.0],""online_timing_mode"":""measured"",""origin_group_count"":2,""plan_ttl_slots"":20,""planning_candidate_generator_mode"":""lightweight"",""planning_customized_archive_capacity"":64,""planning_customized_generations"":4,""planning_customized_population_size"":12,""planning_deadline_ms"":2000.0,""planning_intervals"":[5,10,20],""planning_runtime_ms"":100.0,""planning_sample_count"":20,""planning_timing_mode"":""measured"",""pool_budget_mode"":""fixed_total"",""profile_count"":2,""slot_count"":200,""slot_length_ms"":100.0,""suite"":""generator_ablation"",""total_pool_budgets"":[8,20,40],""uptime_scale"":100.0,""uptime_shape"":1.5,""user_count"":10,""workload_mode"":""poisson_profile_catalog""}",200,200,180,43,137,40,3,2,0,1,1.3764140517156513,715.8837613942748,0.8153348432152893,5668.081210150474,26,0,17,0,0,27,12,14,19138.58307991177,1111.9789506774396,6.177660837096886,11.245374917052686,1,0,0,3360,3272,0,88,74,73,52,33,22260741,prewarm,stability_delay_energy_v4,unified_fixed_point_v3,explicit_snapshot_v1,poisson_profile_catalog_v1,periodic_repository_v1,customized_periodic_pool_v1,empirical_window_beta_v1,slot_up_down_v1,fixed_service_time_v1,fixed_path_v1,full_duplex_shared_heat_v1,deployment_return_energy_v1,periodic_three_objective_v3,discrete_mpc_v1,grid_tkb_v1,arrival_risk_diversity_v1,budgeted_fixed_point_v1,regularized_surrogate_v1,goodput_cost_v1,0.2388888888888889,0.7611111111111111,0.2222222222222222,0.06976744186046512,0.046511627906976744,2.0,0.14444444444444443,0.0,0.09444444444444444,0.0,0.0
system_poisson:poisson_lifecycle_v1:generator_ablation:974ffbc424a95fdb:periodic_customized:r0:s20260719,974ffbc424a95fdb,generator_ablation,customized_with_fallback,reference,customized_with_fallback,0,20260719,system_poisson,poisson_lifecycle_v1,poisson_profile_catalog,periodic_customized,customized_with_fallback,p12_g4_a64,prewarm,measured,measured,fixed,fixed_total,1.0,6d295842eb0296d0,fca0df0e76e8aea8,68e477ed3df2fad8,c3ade63673949cb4,"{""algorithm"":""periodic_customized"",""alpha_l"":0.7,""alpha_r"":0.8,""availability_fraction"":0.5,""beta_l"":0.4,""beta_r"":0.5,""bootstrap_mode"":""prewarm"",""candidate_fixed_point_damping"":0.5,""candidate_fixed_point_max_iterations"":20,""candidate_fixed_point_relative_tolerance"":0.0001,""cloud_count"":1,""comparison_group"":""reference"",""comparison_method"":""customized_with_fallback"",""control_mode"":""fixed"",""downtime_log_mean"":2.5,""downtime_log_sigma"":0.8,""edge_count"":5,""edge_link_factor"":2.0,""experiment_layer"":""system_poisson"",""fixed_online_budget_ms"":10.0,""fixed_planning_interval_slots"":5,""fixed_total_pool_budget"":20,""lambda_g"":0.7,""lambda_h"":0.7,""lambda_per_slot"":1.0,""max_deadline_ms"":1999.0,""min_deadline_ms"":500.0,""minimum_control_window_slots"":5,""minimum_replanning_interval_slots"":2,""name"":""customized_with_fallback"",""online_budgets_ms"":[5.0,10.0,20.0],""online_timing_mode"":""measured"",""origin_group_count"":2,""plan_ttl_slots"":20,""planning_candidate_generator_mode"":""customized_with_fallback"",""planning_customized_archive_capacity"":64,""planning_customized_generations"":4,""planning_customized_population_size"":12,""planning_deadline_ms"":2000.0,""planning_intervals"":[5,10,20],""planning_runtime_ms"":100.0,""planning_sample_count"":20,""planning_timing_mode"":""measured"",""pool_budget_mode"":""fixed_total"",""profile_count"":2,""slot_count"":200,""slot_length_ms"":100.0,""suite"":""generator_ablation"",""total_pool_budgets"":[8,20,40],""uptime_scale"":100.0,""uptime_shape"":1.5,""user_count"":10,""workload_mode"":""poisson_profile_catalog""}",200,202,191,52,139,46,6,2,0,1,1.6095413693914573,733.7833465822295,0.85766008350829,4573.093400687432,33,6,13,0,0,25,18,6,18615.9017062746,816.8178793275729,4.2765333996208,8.23062495328486,2,1,0,2455,2117,0,338,187,159,83,116,22260722,prewarm,stability_delay_energy_v4,unified_fixed_point_v3,explicit_snapshot_v1,poisson_profile_catalog_v1,periodic_repository_v1,customized_periodic_pool_v1,empirical_window_beta_v1,slot_up_down_v1,fixed_service_time_v1,fixed_path_v1,full_duplex_shared_heat_v1,deployment_return_energy_v1,periodic_three_objective_v3,discrete_mpc_v1,grid_tkb_v1,arrival_risk_diversity_v1,budgeted_fixed_point_v1,regularized_surrogate_v1,goodput_cost_v1,0.27225130890052357,0.7277486910994765,0.24083769633507854,0.11538461538461539,0.038461538461538464,2.2772277227722775,0.17277486910994763,0.031413612565445025,0.06806282722513089,0.0,0.0
system_poisson:poisson_lifecycle_v1:generator_ablation:974ffbc424a95fdb:periodic_customized:r1:s20260720,974ffbc424a95fdb,generator_ablation,customized_with_fallback,reference,customized_with_fallback,1,20260720,system_poisson,poisson_lifecycle_v1,poisson_profile_catalog,periodic_customized,customized_with_fallback,p12_g4_a64,prewarm,measured,measured,fixed,fixed_total,1.0,a4f53f5438a025fd,a0ac5e6d1accb3ff,b090fbef89e23494,4948b9b559ca3dae,"{""algorithm"":""periodic_customized"",""alpha_l"":0.7,""alpha_r"":0.8,""availability_fraction"":0.5,""beta_l"":0.4,""beta_r"":0.5,""bootstrap_mode"":""prewarm"",""candidate_fixed_point_damping"":0.5,""candidate_fixed_point_max_iterations"":20,""candidate_fixed_point_relative_tolerance"":0.0001,""cloud_count"":1,""comparison_group"":""reference"",""comparison_method"":""customized_with_fallback"",""control_mode"":""fixed"",""downtime_log_mean"":2.5,""downtime_log_sigma"":0.8,""edge_count"":5,""edge_link_factor"":2.0,""experiment_layer"":""system_poisson"",""fixed_online_budget_ms"":10.0,""fixed_planning_interval_slots"":5,""fixed_total_pool_budget"":20,""lambda_g"":0.7,""lambda_h"":0.7,""lambda_per_slot"":1.0,""max_deadline_ms"":1999.0,""min_deadline_ms"":500.0,""minimum_control_window_slots"":5,""minimum_replanning_interval_slots"":2,""name"":""customized_with_fallback"",""online_budgets_ms"":[5.0,10.0,20.0],""online_timing_mode"":""measured"",""origin_group_count"":2,""plan_ttl_slots"":20,""planning_candidate_generator_mode"":""customized_with_fallback"",""planning_customized_archive_capacity"":64,""planning_customized_generations"":4,""planning_customized_population_size"":12,""planning_deadline_ms"":2000.0,""planning_intervals"":[5,10,20],""planning_runtime_ms"":100.0,""planning_sample_count"":20,""planning_timing_mode"":""measured"",""pool_budget_mode"":""fixed_total"",""profile_count"":2,""slot_count"":200,""slot_length_ms"":100.0,""suite"":""generator_ablation"",""total_pool_budgets"":[8,20,40],""uptime_scale"":100.0,""uptime_shape"":1.5,""user_count"":10,""workload_mode"":""poisson_profile_catalog""}",200,201,209,64,145,55,9,1,0,1,1.935629296345954,672.682086131315,0.824323155487646,6878.438583593368,18,20,26,0,0,25,7,17,19506.3815418398,991.8016231385991,4.745462311667938,8.156790980137885,3,2,0,2443,2193,0,250,87,64,29,53,22260723,prewarm,stability_delay_energy_v4,unified_fixed_point_v3,explicit_snapshot_v1,poisson_profile_catalog_v1,periodic_repository_v1,customized_periodic_pool_v1,empirical_window_beta_v1,slot_up_down_v1,fixed_service_time_v1,fixed_path_v1,full_duplex_shared_heat_v1,deployment_return_energy_v1,periodic_three_objective_v3,discrete_mpc_v1,grid_tkb_v1,arrival_risk_diversity_v1,budgeted_fixed_point_v1,regularized_surrogate_v1,goodput_cost_v1,0.3062200956937799,0.69377990430622,0.2631578947368421,0.140625,0.015625,2.7363184079601988,0.0861244019138756,0.09569377990430622,0.12440191387559808,0.0,0.0
system_poisson:poisson_lifecycle_v1:generator_ablation:974ffbc424a95fdb:periodic_customized:r2:s20260721,974ffbc424a95fdb,generator_ablation,customized_with_fallback,reference,customized_with_fallback,2,20260721,system_poisson,poisson_lifecycle_v1,poisson_profile_catalog,periodic_customized,customized_with_fallback,p12_g4_a64,prewarm,measured,measured,fixed,fixed_total,1.0,e1936cba343be935,938f95453f2442e2,b1b7f5bba0248714,b3c97759fa661993,"{""algorithm"":""periodic_customized"",""alpha_l"":0.7,""alpha_r"":0.8,""availability_fraction"":0.5,""beta_l"":0.4,""beta_r"":0.5,""bootstrap_mode"":""prewarm"",""candidate_fixed_point_damping"":0.5,""candidate_fixed_point_max_iterations"":20,""candidate_fixed_point_relative_tolerance"":0.0001,""cloud_count"":1,""comparison_group"":""reference"",""comparison_method"":""customized_with_fallback"",""control_mode"":""fixed"",""downtime_log_mean"":2.5,""downtime_log_sigma"":0.8,""edge_count"":5,""edge_link_factor"":2.0,""experiment_layer"":""system_poisson"",""fixed_online_budget_ms"":10.0,""fixed_planning_interval_slots"":5,""fixed_total_pool_budget"":20,""lambda_g"":0.7,""lambda_h"":0.7,""lambda_per_slot"":1.0,""max_deadline_ms"":1999.0,""min_deadline_ms"":500.0,""minimum_control_window_slots"":5,""minimum_replanning_interval_slots"":2,""name"":""customized_with_fallback"",""online_budgets_ms"":[5.0,10.0,20.0],""online_timing_mode"":""measured"",""origin_group_count"":2,""plan_ttl_slots"":20,""planning_candidate_generator_mode"":""customized_with_fallback"",""planning_customized_archive_capacity"":64,""planning_customized_generations"":4,""planning_customized_population_size"":12,""planning_deadline_ms"":2000.0,""planning_intervals"":[5,10,20],""planning_runtime_ms"":100.0,""planning_sample_count"":20,""planning_timing_mode"":""measured"",""pool_budget_mode"":""fixed_total"",""profile_count"":2,""slot_count"":200,""slot_length_ms"":100.0,""suite"":""generator_ablation"",""total_pool_budgets"":[8,20,40],""uptime_scale"":100.0,""uptime_shape"":1.5,""user_count"":10,""workload_mode"":""poisson_profile_catalog""}",200,205,211,68,143,66,2,2,0,1,2.424112448167314,535.2355935582619,0.826397674555619,5271.638890324002,30,24,14,0,0,26,15,10,20571.16237306036,1250.9387467289343,5.928619652743765,10.724833002313972,2,1,0,2476,2082,0,394,223,180,119,129,22260724,prewarm,stability_delay_energy_v4,unified_fixed_point_v3,explicit_snapshot_v1,poisson_profile_catalog_v1,periodic_repository_v1,customized_periodic_pool_v1,empirical_window_beta_v1,slot_up_down_v1,fixed_service_time_v1,fixed_path_v1,full_duplex_shared_heat_v1,deployment_return_energy_v1,periodic_three_objective_v3,discrete_mpc_v1,grid_tkb_v1,arrival_risk_diversity_v1,budgeted_fixed_point_v1,regularized_surrogate_v1,goodput_cost_v1,0.3222748815165877,0.6777251184834123,0.3127962085308057,0.029411764705882353,0.029411764705882353,3.2195121951219514,0.14218009478672985,0.11374407582938388,0.06635071090047394,0.0,0.0
system_poisson:poisson_lifecycle_v1:generator_ablation:974ffbc424a95fdb:periodic_customized:r3:s20260722,974ffbc424a95fdb,generator_ablation,customized_with_fallback,reference,customized_with_fallback,3,20260722,system_poisson,poisson_lifecycle_v1,poisson_profile_catalog,periodic_customized,customized_with_fallback,p12_g4_a64,prewarm,measured,measured,fixed,fixed_total,1.0,cad518de228dec43,e2c448830ab998d5,5b89c04953d23a62,a8d64a668c29fff0,"{""algorithm"":""periodic_customized"",""alpha_l"":0.7,""alpha_r"":0.8,""availability_fraction"":0.5,""beta_l"":0.4,""beta_r"":0.5,""bootstrap_mode"":""prewarm"",""candidate_fixed_point_damping"":0.5,""candidate_fixed_point_max_iterations"":20,""candidate_fixed_point_relative_tolerance"":0.0001,""cloud_count"":1,""comparison_group"":""reference"",""comparison_method"":""customized_with_fallback"",""control_mode"":""fixed"",""downtime_log_mean"":2.5,""downtime_log_sigma"":0.8,""edge_count"":5,""edge_link_factor"":2.0,""experiment_layer"":""system_poisson"",""fixed_online_budget_ms"":10.0,""fixed_planning_interval_slots"":5,""fixed_total_pool_budget"":20,""lambda_g"":0.7,""lambda_h"":0.7,""lambda_per_slot"":1.0,""max_deadline_ms"":1999.0,""min_deadline_ms"":500.0,""minimum_control_window_slots"":5,""minimum_replanning_interval_slots"":2,""name"":""customized_with_fallback"",""online_budgets_ms"":[5.0,10.0,20.0],""online_timing_mode"":""measured"",""origin_group_count"":2,""plan_ttl_slots"":20,""planning_candidate_generator_mode"":""customized_with_fallback"",""planning_customized_archive_capacity"":64,""planning_customized_generations"":4,""planning_customized_population_size"":12,""planning_deadline_ms"":2000.0,""planning_intervals"":[5,10,20],""planning_runtime_ms"":100.0,""planning_sample_count"":20,""planning_timing_mode"":""measured"",""pool_budget_mode"":""fixed_total"",""profile_count"":2,""slot_count"":200,""slot_length_ms"":100.0,""suite"":""generator_ablation"",""total_pool_budgets"":[8,20,40],""uptime_scale"":100.0,""uptime_shape"":1.5,""user_count"":10,""workload_mode"":""poisson_profile_catalog""}",200,210,210,70,140,65,5,1,0,1,2.259108066465331,624.9774115238204,0.8422261836501411,5708.076876595352,33,14,23,0,0,26,17,8,18729.836710961536,938.8687916798517,4.470803769904056,9.131875005550683,3,2,0,2574,2163,0,411,213,156,90,106,22260725,prewarm,stability_delay_energy_v4,unified_fixed_point_v3,explicit_snapshot_v1,poisson_profile_catalog_v1,periodic_repository_v1,customized_periodic_pool_v1,empirical_window_beta_v1,slot_up_down_v1,fixed_service_time_v1,fixed_path_v1,full_duplex_shared_heat_v1,deployment_return_energy_v1,periodic_three_objective_v3,discrete_mpc_v1,grid_tkb_v1,arrival_risk_diversity_v1,budgeted_fixed_point_v1,regularized_surrogate_v1,goodput_cost_v1,0.3333333333333333,0.6666666666666666,0.30952380952380953,0.07142857142857142,0.014285714285714285,3.0952380952380953,0.15714285714285714,0.06666666666666667,0.10952380952380952,0.0,0.0
system_poisson:poisson_lifecycle_v1:generator_ablation:974ffbc424a95fdb:periodic_customized:r4:s20260723,974ffbc424a95fdb,generator_ablation,customized_with_fallback,reference,customized_with_fallback,4,20260723,system_poisson,poisson_lifecycle_v1,poisson_profile_catalog,periodic_customized,customized_with_fallback,p12_g4_a64,prewarm,measured,measured,fixed,fixed_total,1.0,85e4775618fc9271,04cc006508118ace,6d76626369b7dc47,7df8c4f9894fbd11,"{""algorithm"":""periodic_customized"",""alpha_l"":0.7,""alpha_r"":0.8,""availability_fraction"":0.5,""beta_l"":0.4,""beta_r"":0.5,""bootstrap_mode"":""prewarm"",""candidate_fixed_point_damping"":0.5,""candidate_fixed_point_max_iterations"":20,""candidate_fixed_point_relative_tolerance"":0.0001,""cloud_count"":1,""comparison_group"":""reference"",""comparison_method"":""customized_with_fallback"",""control_mode"":""fixed"",""downtime_log_mean"":2.5,""downtime_log_sigma"":0.8,""edge_count"":5,""edge_link_factor"":2.0,""experiment_layer"":""system_poisson"",""fixed_online_budget_ms"":10.0,""fixed_planning_interval_slots"":5,""fixed_total_pool_budget"":20,""lambda_g"":0.7,""lambda_h"":0.7,""lambda_per_slot"":1.0,""max_deadline_ms"":1999.0,""min_deadline_ms"":500.0,""minimum_control_window_slots"":5,""minimum_replanning_interval_slots"":2,""name"":""customized_with_fallback"",""online_budgets_ms"":[5.0,10.0,20.0],""online_timing_mode"":""measured"",""origin_group_count"":2,""plan_ttl_slots"":20,""planning_candidate_generator_mode"":""customized_with_fallback"",""planning_customized_archive_capacity"":64,""planning_customized_generations"":4,""planning_customized_population_size"":12,""planning_deadline_ms"":2000.0,""planning_intervals"":[5,10,20],""planning_runtime_ms"":100.0,""planning_sample_count"":20,""planning_timing_mode"":""measured"",""pool_budget_mode"":""fixed_total"",""profile_count"":2,""slot_count"":200,""slot_length_ms"":100.0,""suite"":""generator_ablation"",""total_pool_budgets"":[8,20,40],""uptime_scale"":100.0,""uptime_shape"":1.5,""user_count"":10,""workload_mode"":""poisson_profile_catalog""}",200,206,206,74,132,67,7,0,0,1,2.4640887695300906,587.7300858718768,0.8356339300965323,6407.06123202912,28,25,21,0,0,24,14,9,19706.503377412446,1213.2219198392704,5.889426795336264,10.872417013160884,2,1,0,2484,2067,0,417,210,167,82,117,22260726,prewarm,stability_delay_energy_v4,unified_fixed_point_v3,explicit_snapshot_v1,poisson_profile_catalog_v1,periodic_repository_v1,customized_periodic_pool_v1,empirical_window_beta_v1,slot_up_down_v1,fixed_service_time_v1,fixed_path_v1,full_duplex_shared_heat_v1,deployment_return_energy_v1,periodic_three_objective_v3,discrete_mpc_v1,grid_tkb_v1,arrival_risk_diversity_v1,budgeted_fixed_point_v1,regularized_surrogate_v1,goodput_cost_v1,0.3592233009708738,0.6407766990291263,0.32524271844660196,0.0945945945945946,0.0,3.2524271844660193,0.13592233009708737,0.12135922330097088,0.10194174757281553,0.0,0.0
system_poisson:poisson_lifecycle_v1:generator_ablation:974ffbc424a95fdb:periodic_customized:r5:s20260724,974ffbc424a95fdb,generator_ablation,customized_with_fallback,reference,customized_with_fallback,5,20260724,system_poisson,poisson_lifecycle_v1,poisson_profile_catalog,periodic_customized,customized_with_fallback,p12_g4_a64,prewarm,measured,measured,fixed,fixed_total,1.0,d24fe9836276a23a,5f88dfc591596c91,8236ef19df927245,c61766e5adeaf7a9,"{""algorithm"":""periodic_customized"",""alpha_l"":0.7,""alpha_r"":0.8,""availability_fraction"":0.5,""beta_l"":0.4,""beta_r"":0.5,""bootstrap_mode"":""prewarm"",""candidate_fixed_point_damping"":0.5,""candidate_fixed_point_max_iterations"":20,""candidate_fixed_point_relative_tolerance"":0.0001,""cloud_count"":1,""comparison_group"":""reference"",""comparison_method"":""customized_with_fallback"",""control_mode"":""fixed"",""downtime_log_mean"":2.5,""downtime_log_sigma"":0.8,""edge_count"":5,""edge_link_factor"":2.0,""experiment_layer"":""system_poisson"",""fixed_online_budget_ms"":10.0,""fixed_planning_interval_slots"":5,""fixed_total_pool_budget"":20,""lambda_g"":0.7,""lambda_h"":0.7,""lambda_per_slot"":1.0,""max_deadline_ms"":1999.0,""min_deadline_ms"":500.0,""minimum_control_window_slots"":5,""minimum_replanning_interval_slots"":2,""name"":""customized_with_fallback"",""online_budgets_ms"":[5.0,10.0,20.0],""online_timing_mode"":""measured"",""origin_group_count"":2,""plan_ttl_slots"":20,""planning_candidate_generator_mode"":""customized_with_fallback"",""planning_customized_archive_capacity"":64,""planning_customized_generations"":4,""planning_customized_population_size"":12,""planning_deadline_ms"":2000.0,""planning_intervals"":[5,10,20],""planning_runtime_ms"":100.0,""planning_sample_count"":20,""planning_timing_mode"":""measured"",""pool_budget_mode"":""fixed_total"",""profile_count"":2,""slot_count"":200,""slot_length_ms"":100.0,""suite"":""generator_ablation"",""total_pool_budgets"":[8,20,40],""uptime_scale"":100.0,""uptime_shape"":1.5,""user_count"":10,""workload_mode"":""poisson_profile_catalog""}",200,200,196,65,131,62,3,2,0,1,2.3385854503094743,486.54309167772215,0.8141454604894975,3439.636446049284,46,7,12,0,0,28,23,4,18577.40170310717,999.2914592148736,5.098425812320784,10.997749981470406,8,7,0,2834,2537,0,297,193,179,130,97,22260727,prewarm,stability_delay_energy_v4,unified_fixed_point_v3,explicit_snapshot_v1,poisson_profile_catalog_v1,periodic_repository_v1,customized_periodic_pool_v1,empirical_window_beta_v1,slot_up_down_v1,fixed_service_time_v1,fixed_path_v1,full_duplex_shared_heat_v1,deployment_return_energy_v1,periodic_three_objective_v3,discrete_mpc_v1,grid_tkb_v1,arrival_risk_diversity_v1,budgeted_fixed_point_v1,regularized_surrogate_v1,goodput_cost_v1,0.33163265306122447,0.6683673469387755,0.3163265306122449,0.046153846153846156,0.03076923076923077,3.1,0.23469387755102042,0.03571428571428571,0.061224489795918366,0.0,0.0
system_poisson:poisson_lifecycle_v1:generator_ablation:974ffbc424a95fdb:periodic_customized:r6:s20260725,974ffbc424a95fdb,generator_ablation,customized_with_fallback,reference,customized_with_fallback,6,20260725,system_poisson,poisson_lifecycle_v1,poisson_profile_catalog,periodic_customized,customized_with_fallback,p12_g4_a64,prewarm,measured,measured,fixed,fixed_total,1.0,26abbdd9b75bc615,fc04fea1c464df4f,315f55f80c124787,b0aa21bae96916c6,"{""algorithm"":""periodic_customized"",""alpha_l"":0.7,""alpha_r"":0.8,""availability_fraction"":0.5,""beta_l"":0.4,""beta_r"":0.5,""bootstrap_mode"":""prewarm"",""candidate_fixed_point_damping"":0.5,""candidate_fixed_point_max_iterations"":20,""candidate_fixed_point_relative_tolerance"":0.0001,""cloud_count"":1,""comparison_group"":""reference"",""comparison_method"":""customized_with_fallback"",""control_mode"":""fixed"",""downtime_log_mean"":2.5,""downtime_log_sigma"":0.8,""edge_count"":5,""edge_link_factor"":2.0,""experiment_layer"":""system_poisson"",""fixed_online_budget_ms"":10.0,""fixed_planning_interval_slots"":5,""fixed_total_pool_budget"":20,""lambda_g"":0.7,""lambda_h"":0.7,""lambda_per_slot"":1.0,""max_deadline_ms"":1999.0,""min_deadline_ms"":500.0,""minimum_control_window_slots"":5,""minimum_replanning_interval_slots"":2,""name"":""customized_with_fallback"",""online_budgets_ms"":[5.0,10.0,20.0],""online_timing_mode"":""measured"",""origin_group_count"":2,""plan_ttl_slots"":20,""planning_candidate_generator_mode"":""customized_with_fallback"",""planning_customized_archive_capacity"":64,""planning_customized_generations"":4,""planning_customized_population_size"":12,""planning_deadline_ms"":2000.0,""planning_intervals"":[5,10,20],""planning_runtime_ms"":100.0,""planning_sample_count"":20,""planning_timing_mode"":""measured"",""pool_budget_mode"":""fixed_total"",""profile_count"":2,""slot_count"":200,""slot_length_ms"":100.0,""suite"":""generator_ablation"",""total_pool_budgets"":[8,20,40],""uptime_scale"":100.0,""uptime_shape"":1.5,""user_count"":10,""workload_mode"":""poisson_profile_catalog""}",200,202,183,50,133,44,6,1,0,1,1.645685512533451,610.4347130813943,0.8462985924361978,4924.677980144578,29,13,8,0,0,27,14,12,19474.776956252754,731.4663317520171,3.9970837800656676,7.4075000593438745,6,5,0,2767,2242,0,525,213,146,50,114,22260728,prewarm,stability_delay_energy_v4,unified_fixed_point_v3,explicit_snapshot_v1,poisson_profile_catalog_v1,periodic_repository_v1,customized_periodic_pool_v1,empirical_window_beta_v1,slot_up_down_v1,fixed_service_time_v1,fixed_path_v1,full_duplex_shared_heat_v1,deployment_return_energy_v1,periodic_three_objective_v3,discrete_mpc_v1,grid_tkb_v1,arrival_risk_diversity_v1,budgeted_fixed_point_v1,regularized_surrogate_v1,goodput_cost_v1,0.273224043715847,0.726775956284153,0.24043715846994534,0.12,0.02,2.1782178217821784,0.15846994535519127,0.07103825136612021,0.04371584699453552,0.0,0.0
system_poisson:poisson_lifecycle_v1:generator_ablation:974ffbc424a95fdb:periodic_customized:r7:s20260726,974ffbc424a95fdb,generator_ablation,customized_with_fallback,reference,customized_with_fallback,7,20260726,system_poisson,poisson_lifecycle_v1,poisson_profile_catalog,periodic_customized,customized_with_fallback,p12_g4_a64,prewarm,measured,measured,fixed,fixed_total,1.0,cfb348bc73ed6b08,6c2f0ddd78fdc176,45d9b67b7d7e2742,5d8d75c05ac19d95,"{""algorithm"":""periodic_customized"",""alpha_l"":0.7,""alpha_r"":0.8,""availability_fraction"":0.5,""beta_l"":0.4,""beta_r"":0.5,""bootstrap_mode"":""prewarm"",""candidate_fixed_point_damping"":0.5,""candidate_fixed_point_max_iterations"":20,""candidate_fixed_point_relative_tolerance"":0.0001,""cloud_count"":1,""comparison_group"":""reference"",""comparison_method"":""customized_with_fallback"",""control_mode"":""fixed"",""downtime_log_mean"":2.5,""downtime_log_sigma"":0.8,""edge_count"":5,""edge_link_factor"":2.0,""experiment_layer"":""system_poisson"",""fixed_online_budget_ms"":10.0,""fixed_planning_interval_slots"":5,""fixed_total_pool_budget"":20,""lambda_g"":0.7,""lambda_h"":0.7,""lambda_per_slot"":1.0,""max_deadline_ms"":1999.0,""min_deadline_ms"":500.0,""minimum_control_window_slots"":5,""minimum_replanning_interval_slots"":2,""name"":""customized_with_fallback"",""online_budgets_ms"":[5.0,10.0,20.0],""online_timing_mode"":""measured"",""origin_group_count"":2,""plan_ttl_slots"":20,""planning_candidate_generator_mode"":""customized_with_fallback"",""planning_customized_archive_capacity"":64,""planning_customized_generations"":4,""planning_customized_population_size"":12,""planning_deadline_ms"":2000.0,""planning_intervals"":[5,10,20],""planning_runtime_ms"":100.0,""planning_sample_count"":20,""planning_timing_mode"":""measured"",""pool_budget_mode"":""fixed_total"",""profile_count"":2,""slot_count"":200,""slot_length_ms"":100.0,""suite"":""generator_ablation"",""total_pool_budgets"":[8,20,40],""uptime_scale"":100.0,""uptime_shape"":1.5,""user_count"":10,""workload_mode"":""poisson_profile_catalog""}",200,207,190,67,123,63,4,0,0,1,2.197941455029193,699.6393897045635,0.8092342582109353,6468.504324085775,32,8,27,0,0,24,14,9,19775.04587441217,1064.4033728167415,5.602123014824955,10.329665965400636,1,0,0,2384,2039,0,345,148,122,69,82,22260729,prewarm,stability_delay_energy_v4,unified_fixed_point_v3,explicit_snapshot_v1,poisson_profile_catalog_v1,periodic_repository_v1,customized_periodic_pool_v1,empirical_window_beta_v1,slot_up_down_v1,fixed_service_time_v1,fixed_path_v1,full_duplex_shared_heat_v1,deployment_return_energy_v1,periodic_three_objective_v3,discrete_mpc_v1,grid_tkb_v1,arrival_risk_diversity_v1,budgeted_fixed_point_v1,regularized_surrogate_v1,goodput_cost_v1,0.3526315789473684,0.6473684210526316,0.33157894736842103,0.05970149253731343,0.0,3.0434782608695654,0.16842105263157894,0.042105263157894736,0.14210526315789473,0.0,0.0
system_poisson:poisson_lifecycle_v1:generator_ablation:974ffbc424a95fdb:periodic_customized:r8:s20260727,974ffbc424a95fdb,generator_ablation,customized_with_fallback,reference,customized_with_fallback,8,20260727,system_poisson,poisson_lifecycle_v1,poisson_profile_catalog,periodic_customized,customized_with_fallback,p12_g4_a64,prewarm,measured,measured,fixed,fixed_total,1.0,77262aef7c650c15,adddb8a44db4224c,5ef7f7f709b227ab,5f427e7b1456da70,"{""algorithm"":""periodic_customized"",""alpha_l"":0.7,""alpha_r"":0.8,""availability_fraction"":0.5,""beta_l"":0.4,""beta_r"":0.5,""bootstrap_mode"":""prewarm"",""candidate_fixed_point_damping"":0.5,""candidate_fixed_point_max_iterations"":20,""candidate_fixed_point_relative_tolerance"":0.0001,""cloud_count"":1,""comparison_group"":""reference"",""comparison_method"":""customized_with_fallback"",""control_mode"":""fixed"",""downtime_log_mean"":2.5,""downtime_log_sigma"":0.8,""edge_count"":5,""edge_link_factor"":2.0,""experiment_layer"":""system_poisson"",""fixed_online_budget_ms"":10.0,""fixed_planning_interval_slots"":5,""fixed_total_pool_budget"":20,""lambda_g"":0.7,""lambda_h"":0.7,""lambda_per_slot"":1.0,""max_deadline_ms"":1999.0,""min_deadline_ms"":500.0,""minimum_control_window_slots"":5,""minimum_replanning_interval_slots"":2,""name"":""customized_with_fallback"",""online_budgets_ms"":[5.0,10.0,20.0],""online_timing_mode"":""measured"",""origin_group_count"":2,""plan_ttl_slots"":20,""planning_candidate_generator_mode"":""customized_with_fallback"",""planning_customized_archive_capacity"":64,""planning_customized_generations"":4,""planning_customized_population_size"":12,""planning_deadline_ms"":2000.0,""planning_intervals"":[5,10,20],""planning_runtime_ms"":100.0,""planning_sample_count"":20,""planning_timing_mode"":""measured"",""pool_budget_mode"":""fixed_total"",""profile_count"":2,""slot_count"":200,""slot_length_ms"":100.0,""suite"":""generator_ablation"",""total_pool_budgets"":[8,20,40],""uptime_scale"":100.0,""uptime_shape"":1.5,""user_count"":10,""workload_mode"":""poisson_profile_catalog""}",200,207,181,64,117,56,8,1,0,1,1.9391387776413158,670.8399108585761,0.8347447628028853,7794.825818116791,22,7,35,0,0,21,8,12,19548.91758330632,958.7891667615622,5.2971777169147085,10.960582992993295,1,0,0,2234,1746,0,488,147,86,33,55,22260730,prewarm,stability_delay_energy_v4,unified_fixed_point_v3,explicit_snapshot_v1,poisson_profile_catalog_v1,periodic_repository_v1,customized_periodic_pool_v1,empirical_window_beta_v1,slot_up_down_v1,fixed_service_time_v1,fixed_path_v1,full_duplex_shared_heat_v1,deployment_return_energy_v1,periodic_three_objective_v3,discrete_mpc_v1,grid_tkb_v1,arrival_risk_diversity_v1,budgeted_fixed_point_v1,regularized_surrogate_v1,goodput_cost_v1,0.35359116022099446,0.6464088397790055,0.30939226519337015,0.125,0.015625,2.7053140096618358,0.12154696132596685,0.03867403314917127,0.19337016574585636,0.0,0.0
system_poisson:poisson_lifecycle_v1:generator_ablation:974ffbc424a95fdb:periodic_customized:r9:s20260728,974ffbc424a95fdb,generator_ablation,customized_with_fallback,reference,customized_with_fallback,9,20260728,system_poisson,poisson_lifecycle_v1,poisson_profile_catalog,periodic_customized,customized_with_fallback,p12_g4_a64,prewarm,measured,measured,fixed,fixed_total,1.0,51994d7f38a9b2d2,94c502adeeb85260,9f5ed373a6bd9324,58651f60c37cc329,"{""algorithm"":""periodic_customized"",""alpha_l"":0.7,""alpha_r"":0.8,""availability_fraction"":0.5,""beta_l"":0.4,""beta_r"":0.5,""bootstrap_mode"":""prewarm"",""candidate_fixed_point_damping"":0.5,""candidate_fixed_point_max_iterations"":20,""candidate_fixed_point_relative_tolerance"":0.0001,""cloud_count"":1,""comparison_group"":""reference"",""comparison_method"":""customized_with_fallback"",""control_mode"":""fixed"",""downtime_log_mean"":2.5,""downtime_log_sigma"":0.8,""edge_count"":5,""edge_link_factor"":2.0,""experiment_layer"":""system_poisson"",""fixed_online_budget_ms"":10.0,""fixed_planning_interval_slots"":5,""fixed_total_pool_budget"":20,""lambda_g"":0.7,""lambda_h"":0.7,""lambda_per_slot"":1.0,""max_deadline_ms"":1999.0,""min_deadline_ms"":500.0,""minimum_control_window_slots"":5,""minimum_replanning_interval_slots"":2,""name"":""customized_with_fallback"",""online_budgets_ms"":[5.0,10.0,20.0],""online_timing_mode"":""measured"",""origin_group_count"":2,""plan_ttl_slots"":20,""planning_candidate_generator_mode"":""customized_with_fallback"",""planning_customized_archive_capacity"":64,""planning_customized_generations"":4,""planning_customized_population_size"":12,""planning_deadline_ms"":2000.0,""planning_intervals"":[5,10,20],""planning_runtime_ms"":100.0,""planning_sample_count"":20,""planning_timing_mode"":""measured"",""pool_budget_mode"":""fixed_total"",""profile_count"":2,""slot_count"":200,""slot_length_ms"":100.0,""suite"":""generator_ablation"",""total_pool_budgets"":[8,20,40],""uptime_scale"":100.0,""uptime_shape"":1.5,""user_count"":10,""workload_mode"":""poisson_profile_catalog""}",200,209,211,75,136,62,13,1,0,1,2.128034340641636,616.9032951923996,0.8421920415409561,6551.050059842164,28,14,33,0,0,29,14,14,19141.23816532083,1231.0816247481853,5.834510069896613,10.972665972076356,2,1,0,2915,1797,0,1118,382,223,113,151,22260731,prewarm,stability_delay_energy_v4,unified_fixed_point_v3,explicit_snapshot_v1,poisson_profile_catalog_v1,periodic_repository_v1,customized_periodic_pool_v1,empirical_window_beta_v1,slot_up_down_v1,fixed_service_time_v1,fixed_path_v1,full_duplex_shared_heat_v1,deployment_return_energy_v1,periodic_three_objective_v3,discrete_mpc_v1,grid_tkb_v1,arrival_risk_diversity_v1,budgeted_fixed_point_v1,regularized_surrogate_v1,goodput_cost_v1,0.35545023696682465,0.6445497630331753,0.2938388625592417,0.17333333333333334,0.013333333333333334,2.966507177033493,0.13270142180094788,0.06635071090047394,0.15639810426540285,0.0,0.0
system_poisson:poisson_lifecycle_v1:generator_ablation:974ffbc424a95fdb:periodic_customized:r10:s20260729,974ffbc424a95fdb,generator_ablation,customized_with_fallback,reference,customized_with_fallback,10,20260729,system_poisson,poisson_lifecycle_v1,poisson_profile_catalog,periodic_customized,customized_with_fallback,p12_g4_a64,prewarm,measured,measured,fixed,fixed_total,1.0,5b8d17f0ef7f4099,329b4f7d21be54ff,897cead0737f85bf,5bfdd62f4d90fc6a,"{""algorithm"":""periodic_customized"",""alpha_l"":0.7,""alpha_r"":0.8,""availability_fraction"":0.5,""beta_l"":0.4,""beta_r"":0.5,""bootstrap_mode"":""prewarm"",""candidate_fixed_point_damping"":0.5,""candidate_fixed_point_max_iterations"":20,""candidate_fixed_point_relative_tolerance"":0.0001,""cloud_count"":1,""comparison_group"":""reference"",""comparison_method"":""customized_with_fallback"",""control_mode"":""fixed"",""downtime_log_mean"":2.5,""downtime_log_sigma"":0.8,""edge_count"":5,""edge_link_factor"":2.0,""experiment_layer"":""system_poisson"",""fixed_online_budget_ms"":10.0,""fixed_planning_interval_slots"":5,""fixed_total_pool_budget"":20,""lambda_g"":0.7,""lambda_h"":0.7,""lambda_per_slot"":1.0,""max_deadline_ms"":1999.0,""min_deadline_ms"":500.0,""minimum_control_window_slots"":5,""minimum_replanning_interval_slots"":2,""name"":""customized_with_fallback"",""online_budgets_ms"":[5.0,10.0,20.0],""online_timing_mode"":""measured"",""origin_group_count"":2,""plan_ttl_slots"":20,""planning_candidate_generator_mode"":""customized_with_fallback"",""planning_customized_archive_capacity"":64,""planning_customized_generations"":4,""planning_customized_population_size"":12,""planning_deadline_ms"":2000.0,""planning_intervals"":[5,10,20],""planning_runtime_ms"":100.0,""planning_sample_count"":20,""planning_timing_mode"":""measured"",""pool_budget_mode"":""fixed_total"",""profile_count"":2,""slot_count"":200,""slot_length_ms"":100.0,""suite"":""generator_ablation"",""total_pool_budgets"":[8,20,40],""uptime_scale"":100.0,""uptime_shape"":1.5,""user_count"":10,""workload_mode"":""poisson_profile_catalog""}",200,203,209,71,138,59,12,2,0,1,2.1014797675407277,564.065913751292,0.8018690210149259,6377.1771773159335,23,8,40,0,0,23,13,9,19644.890124094673,1358.0343322828412,6.4977719247982835,12.365167029201984,1,0,0,2357,1806,0,551,195,148,52,122,22260732,prewarm,stability_delay_energy_v4,unified_fixed_point_v3,explicit_snapshot_v1,poisson_profile_catalog_v1,periodic_repository_v1,customized_periodic_pool_v1,empirical_window_beta_v1,slot_up_down_v1,fixed_service_time_v1,fixed_path_v1,full_duplex_shared_heat_v1,deployment_return_energy_v1,periodic_three_objective_v3,discrete_mpc_v1,grid_tkb_v1,arrival_risk_diversity_v1,budgeted_fixed_point_v1,regularized_surrogate_v1,goodput_cost_v1,0.3397129186602871,0.6602870813397129,0.2822966507177033,0.16901408450704225,0.028169014084507043,2.9064039408866993,0.11004784688995216,0.03827751196172249,0.19138755980861244,0.0,0.0
system_poisson:poisson_lifecycle_v1:generator_ablation:974ffbc424a95fdb:periodic_customized:r11:s20260730,974ffbc424a95fdb,generator_ablation,customized_with_fallback,reference,customized_with_fallback,11,20260730,system_poisson,poisson_lifecycle_v1,poisson_profile_catalog,periodic_customized,customized_with_fallback,p12_g4_a64,prewarm,measured,measured,fixed,fixed_total,1.0,30f077b6e956d2e4,a9f113d17c0a9b50,f4bafd7cbf888eae,2fbd8cdb625c9aae,"{""algorithm"":""periodic_customized"",""alpha_l"":0.7,""alpha_r"":0.8,""availability_fraction"":0.5,""beta_l"":0.4,""beta_r"":0.5,""bootstrap_mode"":""prewarm"",""candidate_fixed_point_damping"":0.5,""candidate_fixed_point_max_iterations"":20,""candidate_fixed_point_relative_tolerance"":0.0001,""cloud_count"":1,""comparison_group"":""reference"",""comparison_method"":""customized_with_fallback"",""control_mode"":""fixed"",""downtime_log_mean"":2.5,""downtime_log_sigma"":0.8,""edge_count"":5,""edge_link_factor"":2.0,""experiment_layer"":""system_poisson"",""fixed_online_budget_ms"":10.0,""fixed_planning_interval_slots"":5,""fixed_total_pool_budget"":20,""lambda_g"":0.7,""lambda_h"":0.7,""lambda_per_slot"":1.0,""max_deadline_ms"":1999.0,""min_deadline_ms"":500.0,""minimum_control_window_slots"":5,""minimum_replanning_interval_slots"":2,""name"":""customized_with_fallback"",""online_budgets_ms"":[5.0,10.0,20.0],""online_timing_mode"":""measured"",""origin_group_count"":2,""plan_ttl_slots"":20,""planning_candidate_generator_mode"":""customized_with_fallback"",""planning_customized_archive_capacity"":64,""planning_customized_generations"":4,""planning_customized_population_size"":12,""planning_deadline_ms"":2000.0,""planning_intervals"":[5,10,20],""planning_runtime_ms"":100.0,""planning_sample_count"":20,""planning_timing_mode"":""measured"",""pool_budget_mode"":""fixed_total"",""profile_count"":2,""slot_count"":200,""slot_length_ms"":100.0,""suite"":""generator_ablation"",""total_pool_budgets"":[8,20,40],""uptime_scale"":100.0,""uptime_shape"":1.5,""user_count"":10,""workload_mode"":""poisson_profile_catalog""}",200,200,179,38,141,36,2,2,0,1,1.3026747011981532,660.1868447841159,0.8191183246094288,5465.790058352375,14,14,10,0,0,18,7,10,20922.318830154836,1191.7637494625524,6.6578980416902365,12.346875038929284,3,2,0,1821,1544,0,277,136,112,78,54,22260733,prewarm,stability_delay_energy_v4,unified_fixed_point_v3,explicit_snapshot_v1,poisson_profile_catalog_v1,periodic_repository_v1,customized_periodic_pool_v1,empirical_window_beta_v1,slot_up_down_v1,fixed_service_time_v1,fixed_path_v1,full_duplex_shared_heat_v1,deployment_return_energy_v1,periodic_three_objective_v3,discrete_mpc_v1,grid_tkb_v1,arrival_risk_diversity_v1,budgeted_fixed_point_v1,regularized_surrogate_v1,goodput_cost_v1,0.2122905027932961,0.7877094972067039,0.2011173184357542,0.05263157894736842,0.05263157894736842,1.8,0.0782122905027933,0.0782122905027933,0.055865921787709494,0.0,0.0
system_poisson:poisson_lifecycle_v1:generator_ablation:974ffbc424a95fdb:periodic_customized:r12:s20260731,974ffbc424a95fdb,generator_ablation,customized_with_fallback,reference,customized_with_fallback,12,20260731,system_poisson,poisson_lifecycle_v1,poisson_profile_catalog,periodic_customized,customized_with_fallback,p12_g4_a64,prewarm,measured,measured,fixed,fixed_total,1.0,c8a1c19b9973aa96,c57247db4e0508db,72a5571d4331dbf4,5615e2a246665bbb,"{""algorithm"":""periodic_customized"",""alpha_l"":0.7,""alpha_r"":0.8,""availability_fraction"":0.5,""beta_l"":0.4,""beta_r"":0.5,""bootstrap_mode"":""prewarm"",""candidate_fixed_point_damping"":0.5,""candidate_fixed_point_max_iterations"":20,""candidate_fixed_point_relative_tolerance"":0.0001,""cloud_count"":1,""comparison_group"":""reference"",""comparison_method"":""customized_with_fallback"",""control_mode"":""fixed"",""downtime_log_mean"":2.5,""downtime_log_sigma"":0.8,""edge_count"":5,""edge_link_factor"":2.0,""experiment_layer"":""system_poisson"",""fixed_online_budget_ms"":10.0,""fixed_planning_interval_slots"":5,""fixed_total_pool_budget"":20,""lambda_g"":0.7,""lambda_h"":0.7,""lambda_per_slot"":1.0,""max_deadline_ms"":1999.0,""min_deadline_ms"":500.0,""minimum_control_window_slots"":5,""minimum_replanning_interval_slots"":2,""name"":""customized_with_fallback"",""online_budgets_ms"":[5.0,10.0,20.0],""online_timing_mode"":""measured"",""origin_group_count"":2,""plan_ttl_slots"":20,""planning_candidate_generator_mode"":""customized_with_fallback"",""planning_customized_archive_capacity"":64,""planning_customized_generations"":4,""planning_customized_population_size"":12,""planning_deadline_ms"":2000.0,""planning_intervals"":[5,10,20],""planning_runtime_ms"":100.0,""planning_sample_count"":20,""planning_timing_mode"":""measured"",""pool_budget_mode"":""fixed_total"",""profile_count"":2,""slot_count"":200,""slot_length_ms"":100.0,""suite"":""generator_ablation"",""total_pool_budgets"":[8,20,40],""uptime_scale"":100.0,""uptime_shape"":1.5,""user_count"":10,""workload_mode"":""poisson_profile_catalog""}",200,205,184,59,125,54,5,1,0,1,1.939074843616735,609.491432114507,0.8200463630908741,6431.467176906359,25,19,15,0,0,23,9,13,20285.53629014641,828.8335447432473,4.50453013447417,8.577208034694195,1,0,0,2285,2056,0,229,141,109,53,81,22260734,prewarm,stability_delay_energy_v4,unified_fixed_point_v3,explicit_snapshot_v1,poisson_profile_catalog_v1,periodic_repository_v1,customized_periodic_pool_v1,empirical_window_beta_v1,slot_up_down_v1,fixed_service_time_v1,fixed_path_v1,full_duplex_shared_heat_v1,deployment_return_energy_v1,periodic_three_objective_v3,discrete_mpc_v1,grid_tkb_v1,arrival_risk_diversity_v1,budgeted_fixed_point_v1,regularized_surrogate_v1,goodput_cost_v1,0.32065217391304346,0.6793478260869565,0.29347826086956524,0.0847457627118644,0.01694915254237288,2.6341463414634148,0.1358695652173913,0.10326086956521739,0.08152173913043478,0.0,0.0
system_poisson:poisson_lifecycle_v1:generator_ablation:974ffbc424a95fdb:periodic_customized:r13:s20260732,974ffbc424a95fdb,generator_ablation,customized_with_fallback,reference,customized_with_fallback,13,20260732,system_poisson,poisson_lifecycle_v1,poisson_profile_catalog,periodic_customized,customized_with_fallback,p12_g4_a64,prewarm,measured,measured,fixed,fixed_total,1.0,2570004416ece14a,3e0c88c5a91c29b4,5e6617b3e9dde363,a897565254a74026,"{""algorithm"":""periodic_customized"",""alpha_l"":0.7,""alpha_r"":0.8,""availability_fraction"":0.5,""beta_l"":0.4,""beta_r"":0.5,""bootstrap_mode"":""prewarm"",""candidate_fixed_point_damping"":0.5,""candidate_fixed_point_max_iterations"":20,""candidate_fixed_point_relative_tolerance"":0.0001,""cloud_count"":1,""comparison_group"":""reference"",""comparison_method"":""customized_with_fallback"",""control_mode"":""fixed"",""downtime_log_mean"":2.5,""downtime_log_sigma"":0.8,""edge_count"":5,""edge_link_factor"":2.0,""experiment_layer"":""system_poisson"",""fixed_online_budget_ms"":10.0,""fixed_planning_interval_slots"":5,""fixed_total_pool_budget"":20,""lambda_g"":0.7,""lambda_h"":0.7,""lambda_per_slot"":1.0,""max_deadline_ms"":1999.0,""min_deadline_ms"":500.0,""minimum_control_window_slots"":5,""minimum_replanning_interval_slots"":2,""name"":""customized_with_fallback"",""online_budgets_ms"":[5.0,10.0,20.0],""online_timing_mode"":""measured"",""origin_group_count"":2,""plan_ttl_slots"":20,""planning_candidate_generator_mode"":""customized_with_fallback"",""planning_customized_archive_capacity"":64,""planning_customized_generations"":4,""planning_customized_population_size"":12,""planning_deadline_ms"":2000.0,""planning_intervals"":[5,10,20],""planning_runtime_ms"":100.0,""planning_sample_count"":20,""planning_timing_mode"":""measured"",""pool_budget_mode"":""fixed_total"",""profile_count"":2,""slot_count"":200,""slot_length_ms"":100.0,""suite"":""generator_ablation"",""total_pool_budgets"":[8,20,40],""uptime_scale"":100.0,""uptime_shape"":1.5,""user_count"":10,""workload_mode"":""poisson_profile_catalog""}",200,213,208,73,135,64,9,3,0,1,2.178154902157868,613.1150317185477,0.8435445812975323,7928.011203240576,26,21,26,0,0,24,14,9,19891.010585124604,1213.8544553890824,5.835838727832127,10.65774995367974,2,1,0,2406,1761,0,645,232,170,75,121,22260735,prewarm,stability_delay_energy_v4,unified_fixed_point_v3,explicit_snapshot_v1,poisson_profile_catalog_v1,periodic_repository_v1,customized_periodic_pool_v1,empirical_window_beta_v1,slot_up_down_v1,fixed_service_time_v1,fixed_path_v1,full_duplex_shared_heat_v1,deployment_return_energy_v1,periodic_three_objective_v3,discrete_mpc_v1,grid_tkb_v1,arrival_risk_diversity_v1,budgeted_fixed_point_v1,regularized_surrogate_v1,goodput_cost_v1,0.35096153846153844,0.6490384615384616,0.3076923076923077,0.1232876712328767,0.0410958904109589,3.004694835680751,0.125,0.10096153846153846,0.125,0.0,0.0
system_poisson:poisson_lifecycle_v1:generator_ablation:974ffbc424a95fdb:periodic_customized:r14:s20260733,974ffbc424a95fdb,generator_ablation,customized_with_fallback,reference,customized_with_fallback,14,20260733,system_poisson,poisson_lifecycle_v1,poisson_profile_catalog,periodic_customized,customized_with_fallback,p12_g4_a64,prewarm,measured,measured,fixed,fixed_total,1.0,e549ef942191509c,82b0c7769f30bf5e,5fa9f2d6b0764417,9238a84d7f53868e,"{""algorithm"":""periodic_customized"",""alpha_l"":0.7,""alpha_r"":0.8,""availability_fraction"":0.5,""beta_l"":0.4,""beta_r"":0.5,""bootstrap_mode"":""prewarm"",""candidate_fixed_point_damping"":0.5,""candidate_fixed_point_max_iterations"":20,""candidate_fixed_point_relative_tolerance"":0.0001,""cloud_count"":1,""comparison_group"":""reference"",""comparison_method"":""customized_with_fallback"",""control_mode"":""fixed"",""downtime_log_mean"":2.5,""downtime_log_sigma"":0.8,""edge_count"":5,""edge_link_factor"":2.0,""experiment_layer"":""system_poisson"",""fixed_online_budget_ms"":10.0,""fixed_planning_interval_slots"":5,""fixed_total_pool_budget"":20,""lambda_g"":0.7,""lambda_h"":0.7,""lambda_per_slot"":1.0,""max_deadline_ms"":1999.0,""min_deadline_ms"":500.0,""minimum_control_window_slots"":5,""minimum_replanning_interval_slots"":2,""name"":""customized_with_fallback"",""online_budgets_ms"":[5.0,10.0,20.0],""online_timing_mode"":""measured"",""origin_group_count"":2,""plan_ttl_slots"":20,""planning_candidate_generator_mode"":""customized_with_fallback"",""planning_customized_archive_capacity"":64,""planning_customized_generations"":4,""planning_customized_population_size"":12,""planning_deadline_ms"":2000.0,""planning_intervals"":[5,10,20],""planning_runtime_ms"":100.0,""planning_sample_count"":20,""planning_timing_mode"":""measured"",""pool_budget_mode"":""fixed_total"",""profile_count"":2,""slot_count"":200,""slot_length_ms"":100.0,""suite"":""generator_ablation"",""total_pool_budgets"":[8,20,40],""uptime_scale"":100.0,""uptime_shape"":1.5,""user_count"":10,""workload_mode"":""poisson_profile_catalog""}",200,207,202,80,122,71,9,0,0,1,2.5866790769195163,570.7539376675871,0.8216538168604564,5667.675145505778,32,30,18,0,0,24,13,10,18855.572834261693,933.1388685386628,4.619499349201301,8.17537505645305,3,2,0,2375,2056,0,319,173,140,79,109,22260736,prewarm,stability_delay_energy_v4,unified_fixed_point_v3,explicit_snapshot_v1,poisson_profile_catalog_v1,periodic_repository_v1,customized_periodic_pool_v1,empirical_window_beta_v1,slot_up_down_v1,fixed_service_time_v1,fixed_path_v1,full_duplex_shared_heat_v1,deployment_return_energy_v1,periodic_three_objective_v3,discrete_mpc_v1,grid_tkb_v1,arrival_risk_diversity_v1,budgeted_fixed_point_v1,regularized_surrogate_v1,goodput_cost_v1,0.39603960396039606,0.6039603960396039,0.35148514851485146,0.1125,0.0,3.429951690821256,0.15841584158415842,0.1485148514851485,0.0891089108910891,0.0,0.0
system_poisson:poisson_lifecycle_v1:generator_ablation:974ffbc424a95fdb:periodic_customized:r15:s20260734,974ffbc424a95fdb,generator_ablation,customized_with_fallback,reference,customized_with_fallback,15,20260734,system_poisson,poisson_lifecycle_v1,poisson_profile_catalog,periodic_customized,customized_with_fallback,p12_g4_a64,prewarm,measured,measured,fixed,fixed_total,1.0,9d81372cc2973096,868f2658ddad8015,1f9cdc4dfc70bd76,554a01216359253d,"{""algorithm"":""periodic_customized"",""alpha_l"":0.7,""alpha_r"":0.8,""availability_fraction"":0.5,""beta_l"":0.4,""beta_r"":0.5,""bootstrap_mode"":""prewarm"",""candidate_fixed_point_damping"":0.5,""candidate_fixed_point_max_iterations"":20,""candidate_fixed_point_relative_tolerance"":0.0001,""cloud_count"":1,""comparison_group"":""reference"",""comparison_method"":""customized_with_fallback"",""control_mode"":""fixed"",""downtime_log_mean"":2.5,""downtime_log_sigma"":0.8,""edge_count"":5,""edge_link_factor"":2.0,""experiment_layer"":""system_poisson"",""fixed_online_budget_ms"":10.0,""fixed_planning_interval_slots"":5,""fixed_total_pool_budget"":20,""lambda_g"":0.7,""lambda_h"":0.7,""lambda_per_slot"":1.0,""max_deadline_ms"":1999.0,""min_deadline_ms"":500.0,""minimum_control_window_slots"":5,""minimum_replanning_interval_slots"":2,""name"":""customized_with_fallback"",""online_budgets_ms"":[5.0,10.0,20.0],""online_timing_mode"":""measured"",""origin_group_count"":2,""plan_ttl_slots"":20,""planning_candidate_generator_mode"":""customized_with_fallback"",""planning_customized_archive_capacity"":64,""planning_customized_generations"":4,""planning_customized_population_size"":12,""planning_deadline_ms"":2000.0,""planning_intervals"":[5,10,20],""planning_runtime_ms"":100.0,""planning_sample_count"":20,""planning_timing_mode"":""measured"",""pool_budget_mode"":""fixed_total"",""profile_count"":2,""slot_count"":200,""slot_length_ms"":100.0,""suite"":""generator_ablation"",""total_pool_budgets"":[8,20,40],""uptime_scale"":100.0,""uptime_shape"":1.5,""user_count"":10,""workload_mode"":""poisson_profile_catalog""}",200,212,203,47,156,43,4,1,0,1,1.4744339268854647,727.4033123049546,0.8157555228269243,4934.439325212631,23,8,16,0,0,24,15,8,18425.909665762447,1107.2823716094717,5.4545929635934565,10.360167012549937,5,4,0,2405,2057,0,348,208,171,94,106,22260737,prewarm,stability_delay_energy_v4,unified_fixed_point_v3,explicit_snapshot_v1,poisson_profile_catalog_v1,periodic_repository_v1,customized_periodic_pool_v1,empirical_window_beta_v1,slot_up_down_v1,fixed_service_time_v1,fixed_path_v1,full_duplex_shared_heat_v1,deployment_return_energy_v1,periodic_three_objective_v3,discrete_mpc_v1,grid_tkb_v1,arrival_risk_diversity_v1,budgeted_fixed_point_v1,regularized_surrogate_v1,goodput_cost_v1,0.2315270935960591,0.7684729064039408,0.21182266009852216,0.0851063829787234,0.02127659574468085,2.0283018867924527,0.11330049261083744,0.03940886699507389,0.07881773399014778,0.0,0.0
system_poisson:poisson_lifecycle_v1:generator_ablation:974ffbc424a95fdb:periodic_customized:r16:s20260735,974ffbc424a95fdb,generator_ablation,customized_with_fallback,reference,customized_with_fallback,16,20260735,system_poisson,poisson_lifecycle_v1,poisson_profile_catalog,periodic_customized,customized_with_fallback,p12_g4_a64,prewarm,measured,measured,fixed,fixed_total,1.0,c61c842e17f225e3,3da65bab6008a478,33b568baf37f075d,615e85118266de25,"{""algorithm"":""periodic_customized"",""alpha_l"":0.7,""alpha_r"":0.8,""availability_fraction"":0.5,""beta_l"":0.4,""beta_r"":0.5,""bootstrap_mode"":""prewarm"",""candidate_fixed_point_damping"":0.5,""candidate_fixed_point_max_iterations"":20,""candidate_fixed_point_relative_tolerance"":0.0001,""cloud_count"":1,""comparison_group"":""reference"",""comparison_method"":""customized_with_fallback"",""control_mode"":""fixed"",""downtime_log_mean"":2.5,""downtime_log_sigma"":0.8,""edge_count"":5,""edge_link_factor"":2.0,""experiment_layer"":""system_poisson"",""fixed_online_budget_ms"":10.0,""fixed_planning_interval_slots"":5,""fixed_total_pool_budget"":20,""lambda_g"":0.7,""lambda_h"":0.7,""lambda_per_slot"":1.0,""max_deadline_ms"":1999.0,""min_deadline_ms"":500.0,""minimum_control_window_slots"":5,""minimum_replanning_interval_slots"":2,""name"":""customized_with_fallback"",""online_budgets_ms"":[5.0,10.0,20.0],""online_timing_mode"":""measured"",""origin_group_count"":2,""plan_ttl_slots"":20,""planning_candidate_generator_mode"":""customized_with_fallback"",""planning_customized_archive_capacity"":64,""planning_customized_generations"":4,""planning_customized_population_size"":12,""planning_deadline_ms"":2000.0,""planning_intervals"":[5,10,20],""planning_runtime_ms"":100.0,""planning_sample_count"":20,""planning_timing_mode"":""measured"",""pool_budget_mode"":""fixed_total"",""profile_count"":2,""slot_count"":200,""slot_length_ms"":100.0,""suite"":""generator_ablation"",""total_pool_budgets"":[8,20,40],""uptime_scale"":100.0,""uptime_shape"":1.5,""user_count"":10,""workload_mode"":""poisson_profile_catalog""}",200,204,215,58,157,48,10,2,0,1,1.6331000543831968,785.377867782203,0.8435841654577529,7683.988095007909,16,1,41,0,0,21,9,11,19513.01566604525,1071.913341525942,4.9856434489578705,9.281041915528476,1,0,0,2184,1919,0,265,95,69,25,41,22260738,prewarm,stability_delay_energy_v4,unified_fixed_point_v3,explicit_snapshot_v1,poisson_profile_catalog_v1,periodic_repository_v1,customized_periodic_pool_v1,empirical_window_beta_v1,slot_up_down_v1,fixed_service_time_v1,fixed_path_v1,full_duplex_shared_heat_v1,deployment_return_energy_v1,periodic_three_objective_v3,discrete_mpc_v1,grid_tkb_v1,arrival_risk_diversity_v1,budgeted_fixed_point_v1,regularized_surrogate_v1,goodput_cost_v1,0.26976744186046514,0.7302325581395349,0.22325581395348837,0.1724137931034483,0.034482758620689655,2.3529411764705883,0.07441860465116279,0.004651162790697674,0.19069767441860466,0.0,0.0
system_poisson:poisson_lifecycle_v1:generator_ablation:974ffbc424a95fdb:periodic_customized:r17:s20260736,974ffbc424a95fdb,generator_ablation,customized_with_fallback,reference,customized_with_fallback,17,20260736,system_poisson,poisson_lifecycle_v1,poisson_profile_catalog,periodic_customized,customized_with_fallback,p12_g4_a64,prewarm,measured,measured,fixed,fixed_total,1.0,a1e1594e7589a223,d9b518a32809412d,f1078707bd950772,6d1494c76aa00136,"{""algorithm"":""periodic_customized"",""alpha_l"":0.7,""alpha_r"":0.8,""availability_fraction"":0.5,""beta_l"":0.4,""beta_r"":0.5,""bootstrap_mode"":""prewarm"",""candidate_fixed_point_damping"":0.5,""candidate_fixed_point_max_iterations"":20,""candidate_fixed_point_relative_tolerance"":0.0001,""cloud_count"":1,""comparison_group"":""reference"",""comparison_method"":""customized_with_fallback"",""control_mode"":""fixed"",""downtime_log_mean"":2.5,""downtime_log_sigma"":0.8,""edge_count"":5,""edge_link_factor"":2.0,""experiment_layer"":""system_poisson"",""fixed_online_budget_ms"":10.0,""fixed_planning_interval_slots"":5,""fixed_total_pool_budget"":20,""lambda_g"":0.7,""lambda_h"":0.7,""lambda_per_slot"":1.0,""max_deadline_ms"":1999.0,""min_deadline_ms"":500.0,""minimum_control_window_slots"":5,""minimum_replanning_interval_slots"":2,""name"":""customized_with_fallback"",""online_budgets_ms"":[5.0,10.0,20.0],""online_timing_mode"":""measured"",""origin_group_count"":2,""plan_ttl_slots"":20,""planning_candidate_generator_mode"":""customized_with_fallback"",""planning_customized_archive_capacity"":64,""planning_customized_generations"":4,""planning_customized_population_size"":12,""planning_deadline_ms"":2000.0,""planning_intervals"":[5,10,20],""planning_runtime_ms"":100.0,""planning_sample_count"":20,""planning_timing_mode"":""measured"",""pool_budget_mode"":""fixed_total"",""profile_count"":2,""slot_count"":200,""slot_length_ms"":100.0,""suite"":""generator_ablation"",""total_pool_budgets"":[8,20,40],""uptime_scale"":100.0,""uptime_shape"":1.5,""user_count"":10,""workload_mode"":""poisson_profile_catalog""}",200,208,191,59,132,54,5,1,0,1,1.8824284344671223,687.0439972424582,0.8426060679161305,5883.3878839133795,26,11,22,0,0,23,16,6,18840.364586096257,982.7948305755854,5.145522673170604,8.141833008266985,4,3,0,2376,1988,0,388,163,124,63,71,22260739,prewarm,stability_delay_energy_v4,unified_fixed_point_v3,explicit_snapshot_v1,poisson_profile_catalog_v1,periodic_repository_v1,customized_periodic_pool_v1,empirical_window_beta_v1,slot_up_down_v1,fixed_service_time_v1,fixed_path_v1,full_duplex_shared_heat_v1,deployment_return_energy_v1,periodic_three_objective_v3,discrete_mpc_v1,grid_tkb_v1,arrival_risk_diversity_v1,budgeted_fixed_point_v1,regularized_surrogate_v1,goodput_cost_v1,0.3089005235602094,0.6910994764397905,0.28272251308900526,0.0847457627118644,0.01694915254237288,2.5961538461538463,0.13612565445026178,0.05759162303664921,0.11518324607329843,0.0,0.0
system_poisson:poisson_lifecycle_v1:generator_ablation:974ffbc424a95fdb:periodic_customized:r18:s20260737,974ffbc424a95fdb,generator_ablation,customized_with_fallback,reference,customized_with_fallback,18,20260737,system_poisson,poisson_lifecycle_v1,poisson_profile_catalog,periodic_customized,customized_with_fallback,p12_g4_a64,prewarm,measured,measured,fixed,fixed_total,1.0,2340d35db3923e87,6c6665153475ebe0,e91a6f9277c728f1,fb1a538d3c9d367a,"{""algorithm"":""periodic_customized"",""alpha_l"":0.7,""alpha_r"":0.8,""availability_fraction"":0.5,""beta_l"":0.4,""beta_r"":0.5,""bootstrap_mode"":""prewarm"",""candidate_fixed_point_damping"":0.5,""candidate_fixed_point_max_iterations"":20,""candidate_fixed_point_relative_tolerance"":0.0001,""cloud_count"":1,""comparison_group"":""reference"",""comparison_method"":""customized_with_fallback"",""control_mode"":""fixed"",""downtime_log_mean"":2.5,""downtime_log_sigma"":0.8,""edge_count"":5,""edge_link_factor"":2.0,""experiment_layer"":""system_poisson"",""fixed_online_budget_ms"":10.0,""fixed_planning_interval_slots"":5,""fixed_total_pool_budget"":20,""lambda_g"":0.7,""lambda_h"":0.7,""lambda_per_slot"":1.0,""max_deadline_ms"":1999.0,""min_deadline_ms"":500.0,""minimum_control_window_slots"":5,""minimum_replanning_interval_slots"":2,""name"":""customized_with_fallback"",""online_budgets_ms"":[5.0,10.0,20.0],""online_timing_mode"":""measured"",""origin_group_count"":2,""plan_ttl_slots"":20,""planning_candidate_generator_mode"":""customized_with_fallback"",""planning_customized_archive_capacity"":64,""planning_customized_generations"":4,""planning_customized_population_size"":12,""planning_deadline_ms"":2000.0,""planning_intervals"":[5,10,20],""planning_runtime_ms"":100.0,""planning_sample_count"":20,""planning_timing_mode"":""measured"",""pool_budget_mode"":""fixed_total"",""profile_count"":2,""slot_count"":200,""slot_length_ms"":100.0,""suite"":""generator_ablation"",""total_pool_budgets"":[8,20,40],""uptime_scale"":100.0,""uptime_shape"":1.5,""user_count"":10,""workload_mode"":""poisson_profile_catalog""}",200,203,177,80,97,77,3,0,0,1,2.9764300613947787,489.168437318468,0.82388072674036,4687.775488429053,38,25,17,0,0,28,21,6,19447.42291898001,1205.8872980996966,6.81292258813388,12.038500048220158,4,3,0,2601,2018,0,583,321,266,202,128,22260740,prewarm,stability_delay_energy_v4,unified_fixed_point_v3,explicit_snapshot_v1,poisson_profile_catalog_v1,periodic_repository_v1,customized_periodic_pool_v1,empirical_window_beta_v1,slot_up_down_v1,fixed_service_time_v1,fixed_path_v1,full_duplex_shared_heat_v1,deployment_return_energy_v1,periodic_three_objective_v3,discrete_mpc_v1,grid_tkb_v1,arrival_risk_diversity_v1,budgeted_fixed_point_v1,regularized_surrogate_v1,goodput_cost_v1,0.4519774011299435,0.5480225988700564,0.4350282485875706,0.0375,0.0,3.793103448275862,0.21468926553672316,0.14124293785310735,0.096045197740113,0.0,0.0
system_poisson:poisson_lifecycle_v1:generator_ablation:974ffbc424a95fdb:periodic_customized:r19:s20260738,974ffbc424a95fdb,generator_ablation,customized_with_fallback,reference,customized_with_fallback,19,20260738,system_poisson,poisson_lifecycle_v1,poisson_profile_catalog,periodic_customized,customized_with_fallback,p12_g4_a64,prewarm,measured,measured,fixed,fixed_total,1.0,2f8cac81e28c6822,342fe7b24aabf9c9,bca0f53820c0230d,a5b68c6f808e683d,"{""algorithm"":""periodic_customized"",""alpha_l"":0.7,""alpha_r"":0.8,""availability_fraction"":0.5,""beta_l"":0.4,""beta_r"":0.5,""bootstrap_mode"":""prewarm"",""candidate_fixed_point_damping"":0.5,""candidate_fixed_point_max_iterations"":20,""candidate_fixed_point_relative_tolerance"":0.0001,""cloud_count"":1,""comparison_group"":""reference"",""comparison_method"":""customized_with_fallback"",""control_mode"":""fixed"",""downtime_log_mean"":2.5,""downtime_log_sigma"":0.8,""edge_count"":5,""edge_link_factor"":2.0,""experiment_layer"":""system_poisson"",""fixed_online_budget_ms"":10.0,""fixed_planning_interval_slots"":5,""fixed_total_pool_budget"":20,""lambda_g"":0.7,""lambda_h"":0.7,""lambda_per_slot"":1.0,""max_deadline_ms"":1999.0,""min_deadline_ms"":500.0,""minimum_control_window_slots"":5,""minimum_replanning_interval_slots"":2,""name"":""customized_with_fallback"",""online_budgets_ms"":[5.0,10.0,20.0],""online_timing_mode"":""measured"",""origin_group_count"":2,""plan_ttl_slots"":20,""planning_candidate_generator_mode"":""customized_with_fallback"",""planning_customized_archive_capacity"":64,""planning_customized_generations"":4,""planning_customized_population_size"":12,""planning_deadline_ms"":2000.0,""planning_intervals"":[5,10,20],""planning_runtime_ms"":100.0,""planning_sample_count"":20,""planning_timing_mode"":""measured"",""pool_budget_mode"":""fixed_total"",""profile_count"":2,""slot_count"":200,""slot_length_ms"":100.0,""suite"":""generator_ablation"",""total_pool_budgets"":[8,20,40],""uptime_scale"":100.0,""uptime_shape"":1.5,""user_count"":10,""workload_mode"":""poisson_profile_catalog""}",200,211,180,38,142,33,5,1,0,1,1.1155777052731204,736.9875327036774,0.8233340315709322,5967.126806388402,19,2,17,0,0,21,13,7,19125.323750078678,856.4475800376385,4.758042111320214,7.902582990936935,3,2,0,2257,2121,0,136,82,69,37,42,22260741,prewarm,stability_delay_energy_v4,unified_fixed_point_v3,explicit_snapshot_v1,poisson_profile_catalog_v1,periodic_repository_v1,customized_periodic_pool_v1,empirical_window_beta_v1,slot_up_down_v1,fixed_service_time_v1,fixed_path_v1,full_duplex_shared_heat_v1,deployment_return_energy_v1,periodic_three_objective_v3,discrete_mpc_v1,grid_tkb_v1,arrival_risk_diversity_v1,budgeted_fixed_point_v1,regularized_surrogate_v1,goodput_cost_v1,0.2111111111111111,0.7888888888888889,0.18333333333333332,0.13157894736842105,0.02631578947368421,1.5639810426540284,0.10555555555555556,0.011111111111111112,0.09444444444444444,0.0,0.0
