task_id,scenario_id,suite,scenario,comparison_group,comparison_method,repeat,seed,experiment_layer,protocol_version,workload_mode,algorithm,candidate_generator_mode,search_budget_id,bootstrap_mode_config,online_timing_mode,planning_timing_mode,control_mode,pool_budget_mode,lambda_per_slot,topology_hash,profile_catalog_hash,workload_trace_hash,environment_trace_hash,scenario_parameters,arrival_slots,elapsed_slots,arrived_requests,accepted_requests,rejected_requests,completed_requests,runtime_failed_requests,deadline_missed_requests,unfinished_requests,request_conservation_valid,goodput_utility,avg_estimated_delay_ms,avg_operational_stability_score,avg_total_energy,plan_direct_count,plan_repaired_count,fast_fallback_count,per_request_customized_count,online_baseline_count,planning_jobs_started,planning_jobs_published,planning_jobs_retained,total_planning_runtime_ms,total_online_runtime_ms,avg_online_runtime_ms,p95_online_runtime_ms,control_decision_count,control_outcome_count,control_fallback_count,search_assignments_generated,search_constraint_rejected_candidates,search_nonconverged_candidates,search_feasible_candidates,search_pareto_candidates,search_selected_candidates,publication_valid_candidates,publication_rejected_candidates,trace_seed,bootstrap_mode,objective_semantics_version,candidate_prediction_version,observation_semantics_version,workload_semantics_version,planning_semantics_version,candidate_generator_version,availability_estimator_version,availability_model_version,runtime_progress_mode,routing_mode,duplex_mode,energy_model_version,result_schema_version,joint_budget_control_version,joint_action_space_version,pool_allocation_version,online_anytime_revalidation_version,action_predictor_version,control_objective_version,acceptance_rate,rejection_rate,completion_rate,runtime_failure_rate,deadline_miss_rate,completion_throughput_rps,plan_direct_rate,plan_repaired_rate,fast_fallback_rate,per_request_customized_rate,online_baseline_rate
system_poisson:poisson_lifecycle_v1:load:29099f8fc93f273e:periodic_customized:r0:s20260719,29099f8fc93f273e,load,lambda_0.1_periodic_customized,lambda_0.1,periodic_customized,0,20260719,system_poisson,poisson_lifecycle_v1,poisson_profile_catalog,periodic_customized,customized,p12_g4_a64,prewarm,measured,measured,fixed,fixed_total,0.1,6d295842eb0296d0,fca0df0e76e8aea8,1a1368a7502ffd8c,c3ade63673949cb4,"{""algorithm"":""periodic_customized"",""alpha_l"":0.7,""alpha_r"":0.8,""availability_fraction"":0.5,""beta_l"":0.4,""beta_r"":0.5,""bootstrap_mode"":""prewarm"",""candidate_fixed_point_damping"":0.5,""candidate_fixed_point_max_iterations"":20,""candidate_fixed_point_relative_tolerance"":0.0001,""cloud_count"":1,""comparison_group"":""lambda_0.1"",""comparison_method"":""periodic_customized"",""control_mode"":""fixed"",""downtime_log_mean"":2.5,""downtime_log_sigma"":0.8,""edge_count"":5,""edge_link_factor"":2.0,""experiment_layer"":""system_poisson"",""fixed_online_budget_ms"":10.0,""fixed_planning_interval_slots"":5,""fixed_total_pool_budget"":20,""lambda_g"":0.7,""lambda_h"":0.7,""lambda_per_slot"":0.1,""max_deadline_ms"":1999.0,""min_deadline_ms"":500.0,""minimum_control_window_slots"":5,""minimum_replanning_interval_slots"":2,""name"":""lambda_0.1_periodic_customized"",""online_budgets_ms"":[5.0,10.0,20.0],""online_timing_mode"":""measured"",""origin_group_count"":2,""plan_ttl_slots"":20,""planning_candidate_generator_mode"":""customized"",""planning_customized_archive_capacity"":64,""planning_customized_generations"":4,""planning_customized_population_size"":12,""planning_deadline_ms"":2000.0,""planning_intervals"":[5,10,20],""planning_runtime_ms"":100.0,""planning_sample_count"":20,""planning_timing_mode"":""measured"",""pool_budget_mode"":""fixed_total"",""profile_count"":2,""slot_count"":200,""slot_length_ms"":100.0,""suite"":""load"",""total_pool_budgets"":[8,20,40],""uptime_scale"":100.0,""uptime_shape"":1.5,""user_count"":10,""workload_mode"":""poisson_profile_catalog""}",200,200,13,11,2,10,1,0,0,1,0.3564649907330704,617.8259927319137,0.9020140133923467,4218.982440169658,11,0,0,0,0,45,43,1,6770.801877137274,39.01724889874458,3.001326838364968,4.620749969035387,38,37,0,3305,2527,0,778,347,289,389,61,22260722,prewarm,stability_delay_energy_v4,unified_fixed_point_v3,explicit_snapshot_v1,poisson_profile_catalog_v1,periodic_repository_v1,customized_periodic_pool_v1,empirical_window_beta_v1,slot_up_down_v1,fixed_service_time_v1,fixed_path_v1,full_duplex_shared_heat_v1,deployment_return_energy_v1,periodic_three_objective_v3,discrete_mpc_v1,grid_tkb_v1,arrival_risk_diversity_v1,budgeted_fixed_point_v1,regularized_surrogate_v1,goodput_cost_v1,0.8461538461538461,0.15384615384615385,0.7692307692307693,0.09090909090909091,0.0,0.5,0.8461538461538461,0.0,0.0,0.0,0.0
system_poisson:poisson_lifecycle_v1:load:29099f8fc93f273e:periodic_customized:r1:s20260720,29099f8fc93f273e,load,lambda_0.1_periodic_customized,lambda_0.1,periodic_customized,1,20260720,system_poisson,poisson_lifecycle_v1,poisson_profile_catalog,periodic_customized,customized,p12_g4_a64,prewarm,measured,measured,fixed,fixed_total,0.1,a4f53f5438a025fd,a0ac5e6d1accb3ff,db84540cdd45769d,4948b9b559ca3dae,"{""algorithm"":""periodic_customized"",""alpha_l"":0.7,""alpha_r"":0.8,""availability_fraction"":0.5,""beta_l"":0.4,""beta_r"":0.5,""bootstrap_mode"":""prewarm"",""candidate_fixed_point_damping"":0.5,""candidate_fixed_point_max_iterations"":20,""candidate_fixed_point_relative_tolerance"":0.0001,""cloud_count"":1,""comparison_group"":""lambda_0.1"",""comparison_method"":""periodic_customized"",""control_mode"":""fixed"",""downtime_log_mean"":2.5,""downtime_log_sigma"":0.8,""edge_count"":5,""edge_link_factor"":2.0,""experiment_layer"":""system_poisson"",""fixed_online_budget_ms"":10.0,""fixed_planning_interval_slots"":5,""fixed_total_pool_budget"":20,""lambda_g"":0.7,""lambda_h"":0.7,""lambda_per_slot"":0.1,""max_deadline_ms"":1999.0,""min_deadline_ms"":500.0,""minimum_control_window_slots"":5,""minimum_replanning_interval_slots"":2,""name"":""lambda_0.1_periodic_customized"",""online_budgets_ms"":[5.0,10.0,20.0],""online_timing_mode"":""measured"",""origin_group_count"":2,""plan_ttl_slots"":20,""planning_candidate_generator_mode"":""customized"",""planning_customized_archive_capacity"":64,""planning_customized_generations"":4,""planning_customized_population_size"":12,""planning_deadline_ms"":2000.0,""planning_intervals"":[5,10,20],""planning_runtime_ms"":100.0,""planning_sample_count"":20,""planning_timing_mode"":""measured"",""pool_budget_mode"":""fixed_total"",""profile_count"":2,""slot_count"":200,""slot_length_ms"":100.0,""suite"":""load"",""total_pool_budgets"":[8,20,40],""uptime_scale"":100.0,""uptime_shape"":1.5,""user_count"":10,""workload_mode"":""poisson_profile_catalog""}",200,200,16,12,4,11,1,0,0,1,0.3933448043935389,669.031641328725,0.8529236330252153,6344.461430509527,9,2,1,0,0,44,41,2,8694.226666702889,35.54775100201368,2.221734437625855,6.979792029596865,37,36,0,3533,2426,0,1107,364,233,284,33,22260723,prewarm,stability_delay_energy_v4,unified_fixed_point_v3,explicit_snapshot_v1,poisson_profile_catalog_v1,periodic_repository_v1,customized_periodic_pool_v1,empirical_window_beta_v1,slot_up_down_v1,fixed_service_time_v1,fixed_path_v1,full_duplex_shared_heat_v1,deployment_return_energy_v1,periodic_three_objective_v3,discrete_mpc_v1,grid_tkb_v1,arrival_risk_diversity_v1,budgeted_fixed_point_v1,regularized_surrogate_v1,goodput_cost_v1,0.75,0.25,0.6875,0.08333333333333333,0.0,0.55,0.5625,0.125,0.0625,0.0,0.0
system_poisson:poisson_lifecycle_v1:load:29099f8fc93f273e:periodic_customized:r2:s20260721,29099f8fc93f273e,load,lambda_0.1_periodic_customized,lambda_0.1,periodic_customized,2,20260721,system_poisson,poisson_lifecycle_v1,poisson_profile_catalog,periodic_customized,customized,p12_g4_a64,prewarm,measured,measured,fixed,fixed_total,0.1,e1936cba343be935,938f95453f2442e2,a9f529c33a0c0772,b3c97759fa661993,"{""algorithm"":""periodic_customized"",""alpha_l"":0.7,""alpha_r"":0.8,""availability_fraction"":0.5,""beta_l"":0.4,""beta_r"":0.5,""bootstrap_mode"":""prewarm"",""candidate_fixed_point_damping"":0.5,""candidate_fixed_point_max_iterations"":20,""candidate_fixed_point_relative_tolerance"":0.0001,""cloud_count"":1,""comparison_group"":""lambda_0.1"",""comparison_method"":""periodic_customized"",""control_mode"":""fixed"",""downtime_log_mean"":2.5,""downtime_log_sigma"":0.8,""edge_count"":5,""edge_link_factor"":2.0,""experiment_layer"":""system_poisson"",""fixed_online_budget_ms"":10.0,""fixed_planning_interval_slots"":5,""fixed_total_pool_budget"":20,""lambda_g"":0.7,""lambda_h"":0.7,""lambda_per_slot"":0.1,""max_deadline_ms"":1999.0,""min_deadline_ms"":500.0,""minimum_control_window_slots"":5,""minimum_replanning_interval_slots"":2,""name"":""lambda_0.1_periodic_customized"",""online_budgets_ms"":[5.0,10.0,20.0],""online_timing_mode"":""measured"",""origin_group_count"":2,""plan_ttl_slots"":20,""planning_candidate_generator_mode"":""customized"",""planning_customized_archive_capacity"":64,""planning_customized_generations"":4,""planning_customized_population_size"":12,""planning_deadline_ms"":2000.0,""planning_intervals"":[5,10,20],""planning_runtime_ms"":100.0,""planning_sample_count"":20,""planning_timing_mode"":""measured"",""pool_budget_mode"":""fixed_total"",""profile_count"":2,""slot_count"":200,""slot_length_ms"":100.0,""suite"":""load"",""total_pool_budgets"":[8,20,40],""uptime_scale"":100.0,""uptime_shape"":1.5,""user_count"":10,""workload_mode"":""poisson_profile_catalog""}",200,200,16,13,3,13,0,0,0,1,0.5401724603618544,404.774303235874,0.8613589372189809,4874.837165824242,11,1,1,0,0,42,39,3,8994.746040203609,51.99741886463016,3.249838679039385,5.518167046830058,38,37,0,3601,2242,0,1359,566,442,460,147,22260724,prewarm,stability_delay_energy_v4,unified_fixed_point_v3,explicit_snapshot_v1,poisson_profile_catalog_v1,periodic_repository_v1,customized_periodic_pool_v1,empirical_window_beta_v1,slot_up_down_v1,fixed_service_time_v1,fixed_path_v1,full_duplex_shared_heat_v1,deployment_return_energy_v1,periodic_three_objective_v3,discrete_mpc_v1,grid_tkb_v1,arrival_risk_diversity_v1,budgeted_fixed_point_v1,regularized_surrogate_v1,goodput_cost_v1,0.8125,0.1875,0.8125,0.0,0.0,0.65,0.6875,0.0625,0.0625,0.0,0.0
system_poisson:poisson_lifecycle_v1:load:29099f8fc93f273e:periodic_customized:r3:s20260722,29099f8fc93f273e,load,lambda_0.1_periodic_customized,lambda_0.1,periodic_customized,3,20260722,system_poisson,poisson_lifecycle_v1,poisson_profile_catalog,periodic_customized,customized,p12_g4_a64,prewarm,measured,measured,fixed,fixed_total,0.1,cad518de228dec43,e2c448830ab998d5,a1065c41e0c1485e,a8d64a668c29fff0,"{""algorithm"":""periodic_customized"",""alpha_l"":0.7,""alpha_r"":0.8,""availability_fraction"":0.5,""beta_l"":0.4,""beta_r"":0.5,""bootstrap_mode"":""prewarm"",""candidate_fixed_point_damping"":0.5,""candidate_fixed_point_max_iterations"":20,""candidate_fixed_point_relative_tolerance"":0.0001,""cloud_count"":1,""comparison_group"":""lambda_0.1"",""comparison_method"":""periodic_customized"",""control_mode"":""fixed"",""downtime_log_mean"":2.5,""downtime_log_sigma"":0.8,""edge_count"":5,""edge_link_factor"":2.0,""experiment_layer"":""system_poisson"",""fixed_online_budget_ms"":10.0,""fixed_planning_interval_slots"":5,""fixed_total_pool_budget"":20,""lambda_g"":0.7,""lambda_h"":0.7,""lambda_per_slot"":0.1,""max_deadline_ms"":1999.0,""min_deadline_ms"":500.0,""minimum_control_window_slots"":5,""minimum_replanning_interval_slots"":2,""name"":""lambda_0.1_periodic_customized"",""online_budgets_ms"":[5.0,10.0,20.0],""online_timing_mode"":""measured"",""origin_group_count"":2,""plan_ttl_slots"":20,""planning_candidate_generator_mode"":""customized"",""planning_customized_archive_capacity"":64,""planning_customized_generations"":4,""planning_customized_population_size"":12,""planning_deadline_ms"":2000.0,""planning_intervals"":[5,10,20],""planning_runtime_ms"":100.0,""planning_sample_count"":20,""planning_timing_mode"":""measured"",""pool_budget_mode"":""fixed_total"",""profile_count"":2,""slot_count"":200,""slot_length_ms"":100.0,""suite"":""load"",""total_pool_budgets"":[8,20,40],""uptime_scale"":100.0,""uptime_shape"":1.5,""user_count"":10,""workload_mode"":""poisson_profile_catalog""}",200,200,20,15,5,14,1,0,0,1,0.542771429022998,526.1647672581872,0.8671068347906158,4667.447427895014,14,0,1,0,0,46,46,0,8182.461751624942,55.80350011587143,2.7901750057935715,5.342207965441048,36,35,0,3912,2359,0,1553,657,440,485,80,22260725,prewarm,stability_delay_energy_v4,unified_fixed_point_v3,explicit_snapshot_v1,poisson_profile_catalog_v1,periodic_repository_v1,customized_periodic_pool_v1,empirical_window_beta_v1,slot_up_down_v1,fixed_service_time_v1,fixed_path_v1,full_duplex_shared_heat_v1,deployment_return_energy_v1,periodic_three_objective_v3,discrete_mpc_v1,grid_tkb_v1,arrival_risk_diversity_v1,budgeted_fixed_point_v1,regularized_surrogate_v1,goodput_cost_v1,0.75,0.25,0.7,0.06666666666666667,0.0,0.7,0.7,0.0,0.05,0.0,0.0
system_poisson:poisson_lifecycle_v1:load:29099f8fc93f273e:periodic_customized:r4:s20260723,29099f8fc93f273e,load,lambda_0.1_periodic_customized,lambda_0.1,periodic_customized,4,20260723,system_poisson,poisson_lifecycle_v1,poisson_profile_catalog,periodic_customized,customized,p12_g4_a64,prewarm,measured,measured,fixed,fixed_total,0.1,85e4775618fc9271,04cc006508118ace,f39d4ae46d39844b,7df8c4f9894fbd11,"{""algorithm"":""periodic_customized"",""alpha_l"":0.7,""alpha_r"":0.8,""availability_fraction"":0.5,""beta_l"":0.4,""beta_r"":0.5,""bootstrap_mode"":""prewarm"",""candidate_fixed_point_damping"":0.5,""candidate_fixed_point_max_iterations"":20,""candidate_fixed_point_relative_tolerance"":0.0001,""cloud_count"":1,""comparison_group"":""lambda_0.1"",""comparison_method"":""periodic_customized"",""control_mode"":""fixed"",""downtime_log_mean"":2.5,""downtime_log_sigma"":0.8,""edge_count"":5,""edge_link_factor"":2.0,""experiment_layer"":""system_poisson"",""fixed_online_budget_ms"":10.0,""fixed_planning_interval_slots"":5,""fixed_total_pool_budget"":20,""lambda_g"":0.7,""lambda_h"":0.7,""lambda_per_slot"":0.1,""max_deadline_ms"":1999.0,""min_deadline_ms"":500.0,""minimum_control_window_slots"":5,""minimum_replanning_interval_slots"":2,""name"":""lambda_0.1_periodic_customized"",""online_budgets_ms"":[5.0,10.0,20.0],""online_timing_mode"":""measured"",""origin_group_count"":2,""plan_ttl_slots"":20,""planning_candidate_generator_mode"":""customized"",""planning_customized_archive_capacity"":64,""planning_customized_generations"":4,""planning_customized_population_size"":12,""planning_deadline_ms"":2000.0,""planning_intervals"":[5,10,20],""planning_runtime_ms"":100.0,""planning_sample_count"":20,""planning_timing_mode"":""measured"",""pool_budget_mode"":""fixed_total"",""profile_count"":2,""slot_count"":200,""slot_length_ms"":100.0,""suite"":""load"",""total_pool_budgets"":[8,20,40],""uptime_scale"":100.0,""uptime_shape"":1.5,""user_count"":10,""workload_mode"":""poisson_profile_catalog""}",200,200,20,15,5,14,1,0,0,1,0.5484163982277954,562.0693612751531,0.8766665537543399,5813.861477064344,13,1,1,0,0,44,35,8,8494.62566303555,63.59749904368073,3.1798749521840364,4.869750002399087,36,35,0,3490,2610,0,880,414,293,349,86,22260726,prewarm,stability_delay_energy_v4,unified_fixed_point_v3,explicit_snapshot_v1,poisson_profile_catalog_v1,periodic_repository_v1,customized_periodic_pool_v1,empirical_window_beta_v1,slot_up_down_v1,fixed_service_time_v1,fixed_path_v1,full_duplex_shared_heat_v1,deployment_return_energy_v1,periodic_three_objective_v3,discrete_mpc_v1,grid_tkb_v1,arrival_risk_diversity_v1,budgeted_fixed_point_v1,regularized_surrogate_v1,goodput_cost_v1,0.75,0.25,0.7,0.06666666666666667,0.0,0.7,0.65,0.05,0.05,0.0,0.0
system_poisson:poisson_lifecycle_v1:load:29099f8fc93f273e:periodic_customized:r5:s20260724,29099f8fc93f273e,load,lambda_0.1_periodic_customized,lambda_0.1,periodic_customized,5,20260724,system_poisson,poisson_lifecycle_v1,poisson_profile_catalog,periodic_customized,customized,p12_g4_a64,prewarm,measured,measured,fixed,fixed_total,0.1,d24fe9836276a23a,5f88dfc591596c91,316df9c95c3b7308,c61766e5adeaf7a9,"{""algorithm"":""periodic_customized"",""alpha_l"":0.7,""alpha_r"":0.8,""availability_fraction"":0.5,""beta_l"":0.4,""beta_r"":0.5,""bootstrap_mode"":""prewarm"",""candidate_fixed_point_damping"":0.5,""candidate_fixed_point_max_iterations"":20,""candidate_fixed_point_relative_tolerance"":0.0001,""cloud_count"":1,""comparison_group"":""lambda_0.1"",""comparison_method"":""periodic_customized"",""control_mode"":""fixed"",""downtime_log_mean"":2.5,""downtime_log_sigma"":0.8,""edge_count"":5,""edge_link_factor"":2.0,""experiment_layer"":""system_poisson"",""fixed_online_budget_ms"":10.0,""fixed_planning_interval_slots"":5,""fixed_total_pool_budget"":20,""lambda_g"":0.7,""lambda_h"":0.7,""lambda_per_slot"":0.1,""max_deadline_ms"":1999.0,""min_deadline_ms"":500.0,""minimum_control_window_slots"":5,""minimum_replanning_interval_slots"":2,""name"":""lambda_0.1_periodic_customized"",""online_budgets_ms"":[5.0,10.0,20.0],""online_timing_mode"":""measured"",""origin_group_count"":2,""plan_ttl_slots"":20,""planning_candidate_generator_mode"":""customized"",""planning_customized_archive_capacity"":64,""planning_customized_generations"":4,""planning_customized_population_size"":12,""planning_deadline_ms"":2000.0,""planning_intervals"":[5,10,20],""planning_runtime_ms"":100.0,""planning_sample_count"":20,""planning_timing_mode"":""measured"",""pool_budget_mode"":""fixed_total"",""profile_count"":2,""slot_count"":200,""slot_length_ms"":100.0,""suite"":""load"",""total_pool_budgets"":[8,20,40],""uptime_scale"":100.0,""uptime_shape"":1.5,""user_count"":10,""workload_mode"":""poisson_profile_catalog""}",200,203,32,27,5,25,2,0,0,1,0.9575164384318068,504.88982074405243,0.85479146851478,4159.330196901729,21,4,2,0,0,48,42,6,7630.969710997306,77.53583125304431,2.4229947266576346,4.277082975022495,37,36,0,3558,3161,0,397,266,233,315,60,22260727,prewarm,stability_delay_energy_v4,unified_fixed_point_v3,explicit_snapshot_v1,poisson_profile_catalog_v1,periodic_repository_v1,customized_periodic_pool_v1,empirical_window_beta_v1,slot_up_down_v1,fixed_service_time_v1,fixed_path_v1,full_duplex_shared_heat_v1,deployment_return_energy_v1,periodic_three_objective_v3,discrete_mpc_v1,grid_tkb_v1,arrival_risk_diversity_v1,budgeted_fixed_point_v1,regularized_surrogate_v1,goodput_cost_v1,0.84375,0.15625,0.78125,0.07407407407407407,0.0,1.2315270935960592,0.65625,0.125,0.0625,0.0,0.0
system_poisson:poisson_lifecycle_v1:load:29099f8fc93f273e:periodic_customized:r6:s20260725,29099f8fc93f273e,load,lambda_0.1_periodic_customized,lambda_0.1,periodic_customized,6,20260725,system_poisson,poisson_lifecycle_v1,poisson_profile_catalog,periodic_customized,customized,p12_g4_a64,prewarm,measured,measured,fixed,fixed_total,0.1,26abbdd9b75bc615,fc04fea1c464df4f,40245dc6c76b5ccf,b0aa21bae96916c6,"{""algorithm"":""periodic_customized"",""alpha_l"":0.7,""alpha_r"":0.8,""availability_fraction"":0.5,""beta_l"":0.4,""beta_r"":0.5,""bootstrap_mode"":""prewarm"",""candidate_fixed_point_damping"":0.5,""candidate_fixed_point_max_iterations"":20,""candidate_fixed_point_relative_tolerance"":0.0001,""cloud_count"":1,""comparison_group"":""lambda_0.1"",""comparison_method"":""periodic_customized"",""control_mode"":""fixed"",""downtime_log_mean"":2.5,""downtime_log_sigma"":0.8,""edge_count"":5,""edge_link_factor"":2.0,""experiment_layer"":""system_poisson"",""fixed_online_budget_ms"":10.0,""fixed_planning_interval_slots"":5,""fixed_total_pool_budget"":20,""lambda_g"":0.7,""lambda_h"":0.7,""lambda_per_slot"":0.1,""max_deadline_ms"":1999.0,""min_deadline_ms"":500.0,""minimum_control_window_slots"":5,""minimum_replanning_interval_slots"":2,""name"":""lambda_0.1_periodic_customized"",""online_budgets_ms"":[5.0,10.0,20.0],""online_timing_mode"":""measured"",""origin_group_count"":2,""plan_ttl_slots"":20,""planning_candidate_generator_mode"":""customized"",""planning_customized_archive_capacity"":64,""planning_customized_generations"":4,""planning_customized_population_size"":12,""planning_deadline_ms"":2000.0,""planning_intervals"":[5,10,20],""planning_runtime_ms"":100.0,""planning_sample_count"":20,""planning_timing_mode"":""measured"",""pool_budget_mode"":""fixed_total"",""profile_count"":2,""slot_count"":200,""slot_length_ms"":100.0,""suite"":""load"",""total_pool_budgets"":[8,20,40],""uptime_scale"":100.0,""uptime_shape"":1.5,""user_count"":10,""workload_mode"":""poisson_profile_catalog""}",200,203,22,14,8,14,0,0,0,1,0.5229642893827862,607.4018282415497,0.8757956736419502,4932.523521255808,12,1,1,0,0,46,41,4,7789.623792399652,42.87124995607883,1.9486931798217648,3.867833991535008,36,35,0,3508,2633,0,875,382,269,290,70,22260728,prewarm,stability_delay_energy_v4,unified_fixed_point_v3,explicit_snapshot_v1,poisson_profile_catalog_v1,periodic_repository_v1,customized_periodic_pool_v1,empirical_window_beta_v1,slot_up_down_v1,fixed_service_time_v1,fixed_path_v1,full_duplex_shared_heat_v1,deployment_return_energy_v1,periodic_three_objective_v3,discrete_mpc_v1,grid_tkb_v1,arrival_risk_diversity_v1,budgeted_fixed_point_v1,regularized_surrogate_v1,goodput_cost_v1,0.6363636363636364,0.36363636363636365,0.6363636363636364,0.0,0.0,0.689655172413793,0.5454545454545454,0.045454545454545456,0.045454545454545456,0.0,0.0
system_poisson:poisson_lifecycle_v1:load:29099f8fc93f273e:periodic_customized:r7:s20260726,29099f8fc93f273e,load,lambda_0.1_periodic_customized,lambda_0.1,periodic_customized,7,20260726,system_poisson,poisson_lifecycle_v1,poisson_profile_catalog,periodic_customized,customized,p12_g4_a64,prewarm,measured,measured,fixed,fixed_total,0.1,cfb348bc73ed6b08,6c2f0ddd78fdc176,65e967f2a559afca,5d8d75c05ac19d95,"{""algorithm"":""periodic_customized"",""alpha_l"":0.7,""alpha_r"":0.8,""availability_fraction"":0.5,""beta_l"":0.4,""beta_r"":0.5,""bootstrap_mode"":""prewarm"",""candidate_fixed_point_damping"":0.5,""candidate_fixed_point_max_iterations"":20,""candidate_fixed_point_relative_tolerance"":0.0001,""cloud_count"":1,""comparison_group"":""lambda_0.1"",""comparison_method"":""periodic_customized"",""control_mode"":""fixed"",""downtime_log_mean"":2.5,""downtime_log_sigma"":0.8,""edge_count"":5,""edge_link_factor"":2.0,""experiment_layer"":""system_poisson"",""fixed_online_budget_ms"":10.0,""fixed_planning_interval_slots"":5,""fixed_total_pool_budget"":20,""lambda_g"":0.7,""lambda_h"":0.7,""lambda_per_slot"":0.1,""max_deadline_ms"":1999.0,""min_deadline_ms"":500.0,""minimum_control_window_slots"":5,""minimum_replanning_interval_slots"":2,""name"":""lambda_0.1_periodic_customized"",""online_budgets_ms"":[5.0,10.0,20.0],""online_timing_mode"":""measured"",""origin_group_count"":2,""plan_ttl_slots"":20,""planning_candidate_generator_mode"":""customized"",""planning_customized_archive_capacity"":64,""planning_customized_generations"":4,""planning_customized_population_size"":12,""planning_deadline_ms"":2000.0,""planning_intervals"":[5,10,20],""planning_runtime_ms"":100.0,""planning_sample_count"":20,""planning_timing_mode"":""measured"",""pool_budget_mode"":""fixed_total"",""profile_count"":2,""slot_count"":200,""slot_length_ms"":100.0,""suite"":""load"",""total_pool_budgets"":[8,20,40],""uptime_scale"":100.0,""uptime_shape"":1.5,""user_count"":10,""workload_mode"":""poisson_profile_catalog""}",200,200,18,14,4,13,1,0,0,1,0.4728522516425581,818.2293713093197,0.8453620582275242,6772.152516041822,13,0,1,0,0,42,35,7,8423.75824751798,51.99733329936862,2.888740738853812,12.15800002682954,38,37,0,3256,2384,0,872,386,264,273,48,22260729,prewarm,stability_delay_energy_v4,unified_fixed_point_v3,explicit_snapshot_v1,poisson_profile_catalog_v1,periodic_repository_v1,customized_periodic_pool_v1,empirical_window_beta_v1,slot_up_down_v1,fixed_service_time_v1,fixed_path_v1,full_duplex_shared_heat_v1,deployment_return_energy_v1,periodic_three_objective_v3,discrete_mpc_v1,grid_tkb_v1,arrival_risk_diversity_v1,budgeted_fixed_point_v1,regularized_surrogate_v1,goodput_cost_v1,0.7777777777777778,0.2222222222222222,0.7222222222222222,0.07142857142857142,0.0,0.65,0.7222222222222222,0.0,0.05555555555555555,0.0,0.0
system_poisson:poisson_lifecycle_v1:load:29099f8fc93f273e:periodic_customized:r8:s20260727,29099f8fc93f273e,load,lambda_0.1_periodic_customized,lambda_0.1,periodic_customized,8,20260727,system_poisson,poisson_lifecycle_v1,poisson_profile_catalog,periodic_customized,customized,p12_g4_a64,prewarm,measured,measured,fixed,fixed_total,0.1,77262aef7c650c15,adddb8a44db4224c,f2ad514990b2cc90,5f427e7b1456da70,"{""algorithm"":""periodic_customized"",""alpha_l"":0.7,""alpha_r"":0.8,""availability_fraction"":0.5,""beta_l"":0.4,""beta_r"":0.5,""bootstrap_mode"":""prewarm"",""candidate_fixed_point_damping"":0.5,""candidate_fixed_point_max_iterations"":20,""candidate_fixed_point_relative_tolerance"":0.0001,""cloud_count"":1,""comparison_group"":""lambda_0.1"",""comparison_method"":""periodic_customized"",""control_mode"":""fixed"",""downtime_log_mean"":2.5,""downtime_log_sigma"":0.8,""edge_count"":5,""edge_link_factor"":2.0,""experiment_layer"":""system_poisson"",""fixed_online_budget_ms"":10.0,""fixed_planning_interval_slots"":5,""fixed_total_pool_budget"":20,""lambda_g"":0.7,""lambda_h"":0.7,""lambda_per_slot"":0.1,""max_deadline_ms"":1999.0,""min_deadline_ms"":500.0,""minimum_control_window_slots"":5,""minimum_replanning_interval_slots"":2,""name"":""lambda_0.1_periodic_customized"",""online_budgets_ms"":[5.0,10.0,20.0],""online_timing_mode"":""measured"",""origin_group_count"":2,""plan_ttl_slots"":20,""planning_candidate_generator_mode"":""customized"",""planning_customized_archive_capacity"":64,""planning_customized_generations"":4,""planning_customized_population_size"":12,""planning_deadline_ms"":2000.0,""planning_intervals"":[5,10,20],""planning_runtime_ms"":100.0,""planning_sample_count"":20,""planning_timing_mode"":""measured"",""pool_budget_mode"":""fixed_total"",""profile_count"":2,""slot_count"":200,""slot_length_ms"":100.0,""suite"":""load"",""total_pool_budgets"":[8,20,40],""uptime_scale"":100.0,""uptime_shape"":1.5,""user_count"":10,""workload_mode"":""poisson_profile_catalog""}",200,200,16,14,2,13,1,1,0,1,0.4296834560745005,715.2313395429629,0.8410989173747515,6816.810411370096,11,1,2,0,0,44,36,7,10046.934671001509,39.55208614934236,2.4720053843338974,5.60516701079905,36,35,0,3649,2169,0,1480,554,355,358,65,22260730,prewarm,stability_delay_energy_v4,unified_fixed_point_v3,explicit_snapshot_v1,poisson_profile_catalog_v1,periodic_repository_v1,customized_periodic_pool_v1,empirical_window_beta_v1,slot_up_down_v1,fixed_service_time_v1,fixed_path_v1,full_duplex_shared_heat_v1,deployment_return_energy_v1,periodic_three_objective_v3,discrete_mpc_v1,grid_tkb_v1,arrival_risk_diversity_v1,budgeted_fixed_point_v1,regularized_surrogate_v1,goodput_cost_v1,0.875,0.125,0.8125,0.07142857142857142,0.07142857142857142,0.65,0.6875,0.0625,0.125,0.0,0.0
system_poisson:poisson_lifecycle_v1:load:29099f8fc93f273e:periodic_customized:r9:s20260728,29099f8fc93f273e,load,lambda_0.1_periodic_customized,lambda_0.1,periodic_customized,9,20260728,system_poisson,poisson_lifecycle_v1,poisson_profile_catalog,periodic_customized,customized,p12_g4_a64,prewarm,measured,measured,fixed,fixed_total,0.1,51994d7f38a9b2d2,94c502adeeb85260,22fc4efd87a4ea78,58651f60c37cc329,"{""algorithm"":""periodic_customized"",""alpha_l"":0.7,""alpha_r"":0.8,""availability_fraction"":0.5,""beta_l"":0.4,""beta_r"":0.5,""bootstrap_mode"":""prewarm"",""candidate_fixed_point_damping"":0.5,""candidate_fixed_point_max_iterations"":20,""candidate_fixed_point_relative_tolerance"":0.0001,""cloud_count"":1,""comparison_group"":""lambda_0.1"",""comparison_method"":""periodic_customized"",""control_mode"":""fixed"",""downtime_log_mean"":2.5,""downtime_log_sigma"":0.8,""edge_count"":5,""edge_link_factor"":2.0,""experiment_layer"":""system_poisson"",""fixed_online_budget_ms"":10.0,""fixed_planning_interval_slots"":5,""fixed_total_pool_budget"":20,""lambda_g"":0.7,""lambda_h"":0.7,""lambda_per_slot"":0.1,""max_deadline_ms"":1999.0,""min_deadline_ms"":500.0,""minimum_control_window_slots"":5,""minimum_replanning_interval_slots"":2,""name"":""lambda_0.1_periodic_customized"",""online_budgets_ms"":[5.0,10.0,20.0],""online_timing_mode"":""measured"",""origin_group_count"":2,""plan_ttl_slots"":20,""planning_candidate_generator_mode"":""customized"",""planning_customized_archive_capacity"":64,""planning_customized_generations"":4,""planning_customized_population_size"":12,""planning_deadline_ms"":2000.0,""planning_intervals"":[5,10,20],""planning_runtime_ms"":100.0,""planning_sample_count"":20,""planning_timing_mode"":""measured"",""pool_budget_mode"":""fixed_total"",""profile_count"":2,""slot_count"":200,""slot_length_ms"":100.0,""suite"":""load"",""total_pool_budgets"":[8,20,40],""uptime_scale"":100.0,""uptime_shape"":1.5,""user_count"":10,""workload_mode"":""poisson_profile_catalog""}",200,200,21,19,2,17,2,0,0,1,0.6722978191097745,479.2569425364723,0.8761833415006309,5259.135131654648,14,4,1,0,0,45,42,2,7974.801666103303,70.43325086124241,3.353964326725829,5.338124930858612,37,36,0,4161,1585,0,2576,884,579,528,150,22260731,prewarm,stability_delay_energy_v4,unified_fixed_point_v3,explicit_snapshot_v1,poisson_profile_catalog_v1,periodic_repository_v1,customized_periodic_pool_v1,empirical_window_beta_v1,slot_up_down_v1,fixed_service_time_v1,fixed_path_v1,full_duplex_shared_heat_v1,deployment_return_energy_v1,periodic_three_objective_v3,discrete_mpc_v1,grid_tkb_v1,arrival_risk_diversity_v1,budgeted_fixed_point_v1,regularized_surrogate_v1,goodput_cost_v1,0.9047619047619048,0.09523809523809523,0.8095238095238095,0.10526315789473684,0.0,0.85,0.6666666666666666,0.19047619047619047,0.047619047619047616,0.0,0.0
system_poisson:poisson_lifecycle_v1:load:29099f8fc93f273e:periodic_customized:r10:s20260729,29099f8fc93f273e,load,lambda_0.1_periodic_customized,lambda_0.1,periodic_customized,10,20260729,system_poisson,poisson_lifecycle_v1,poisson_profile_catalog,periodic_customized,customized,p12_g4_a64,prewarm,measured,measured,fixed,fixed_total,0.1,5b8d17f0ef7f4099,329b4f7d21be54ff,36fdd7b726f34596,5bfdd62f4d90fc6a,"{""algorithm"":""periodic_customized"",""alpha_l"":0.7,""alpha_r"":0.8,""availability_fraction"":0.5,""beta_l"":0.4,""beta_r"":0.5,""bootstrap_mode"":""prewarm"",""candidate_fixed_point_damping"":0.5,""candidate_fixed_point_max_iterations"":20,""candidate_fixed_point_relative_tolerance"":0.0001,""cloud_count"":1,""comparison_group"":""lambda_0.1"",""comparison_method"":""periodic_customized"",""control_mode"":""fixed"",""downtime_log_mean"":2.5,""downtime_log_sigma"":0.8,""edge_count"":5,""edge_link_factor"":2.0,""experiment_layer"":""system_poisson"",""fixed_online_budget_ms"":10.0,""fixed_planning_interval_slots"":5,""fixed_total_pool_budget"":20,""lambda_g"":0.7,""lambda_h"":0.7,""lambda_per_slot"":0.1,""max_deadline_ms"":1999.0,""min_deadline_ms"":500.0,""minimum_control_window_slots"":5,""minimum_replanning_interval_slots"":2,""name"":""lambda_0.1_periodic_customized"",""online_budgets_ms"":[5.0,10.0,20.0],""online_timing_mode"":""measured"",""origin_group_count"":2,""plan_ttl_slots"":20,""planning_candidate_generator_mode"":""customized"",""planning_customized_archive_capacity"":64,""planning_customized_generations"":4,""planning_customized_population_size"":12,""planning_deadline_ms"":2000.0,""planning_intervals"":[5,10,20],""planning_runtime_ms"":100.0,""planning_sample_count"":20,""planning_timing_mode"":""measured"",""pool_budget_mode"":""fixed_total"",""profile_count"":2,""slot_count"":200,""slot_length_ms"":100.0,""suite"":""load"",""total_pool_budgets"":[8,20,40],""uptime_scale"":100.0,""uptime_shape"":1.5,""user_count"":10,""workload_mode"":""poisson_profile_catalog""}",200,205,21,18,3,16,2,0,0,1,0.624722266582803,492.5075925335069,0.8434651610537114,4492.83866418805,14,3,1,0,0,46,41,4,9570.675832568668,67.83400126732886,3.2301905365394696,5.245000007562339,34,33,0,4186,1929,0,2257,885,547,494,155,22260732,prewarm,stability_delay_energy_v4,unified_fixed_point_v3,explicit_snapshot_v1,poisson_profile_catalog_v1,periodic_repository_v1,customized_periodic_pool_v1,empirical_window_beta_v1,slot_up_down_v1,fixed_service_time_v1,fixed_path_v1,full_duplex_shared_heat_v1,deployment_return_energy_v1,periodic_three_objective_v3,discrete_mpc_v1,grid_tkb_v1,arrival_risk_diversity_v1,budgeted_fixed_point_v1,regularized_surrogate_v1,goodput_cost_v1,0.8571428571428571,0.14285714285714285,0.7619047619047619,0.1111111111111111,0.0,0.7804878048780488,0.6666666666666666,0.14285714285714285,0.047619047619047616,0.0,0.0
system_poisson:poisson_lifecycle_v1:load:29099f8fc93f273e:periodic_customized:r11:s20260730,29099f8fc93f273e,load,lambda_0.1_periodic_customized,lambda_0.1,periodic_customized,11,20260730,system_poisson,poisson_lifecycle_v1,poisson_profile_catalog,periodic_customized,customized,p12_g4_a64,prewarm,measured,measured,fixed,fixed_total,0.1,30f077b6e956d2e4,a9f113d17c0a9b50,eea59528592b1194,2fbd8cdb625c9aae,"{""algorithm"":""periodic_customized"",""alpha_l"":0.7,""alpha_r"":0.8,""availability_fraction"":0.5,""beta_l"":0.4,""beta_r"":0.5,""bootstrap_mode"":""prewarm"",""candidate_fixed_point_damping"":0.5,""candidate_fixed_point_max_iterations"":20,""candidate_fixed_point_relative_tolerance"":0.0001,""cloud_count"":1,""comparison_group"":""lambda_0.1"",""comparison_method"":""periodic_customized"",""control_mode"":""fixed"",""downtime_log_mean"":2.5,""downtime_log_sigma"":0.8,""edge_count"":5,""edge_link_factor"":2.0,""experiment_layer"":""system_poisson"",""fixed_online_budget_ms"":10.0,""fixed_planning_interval_slots"":5,""fixed_total_pool_budget"":20,""lambda_g"":0.7,""lambda_h"":0.7,""lambda_per_slot"":0.1,""max_deadline_ms"":1999.0,""min_deadline_ms"":500.0,""minimum_control_window_slots"":5,""minimum_replanning_interval_slots"":2,""name"":""lambda_0.1_periodic_customized"",""online_budgets_ms"":[5.0,10.0,20.0],""online_timing_mode"":""measured"",""origin_group_count"":2,""plan_ttl_slots"":20,""planning_candidate_generator_mode"":""customized"",""planning_customized_archive_capacity"":64,""planning_customized_generations"":4,""planning_customized_population_size"":12,""planning_deadline_ms"":2000.0,""planning_intervals"":[5,10,20],""planning_runtime_ms"":100.0,""planning_sample_count"":20,""planning_timing_mode"":""measured"",""pool_budget_mode"":""fixed_total"",""profile_count"":2,""slot_count"":200,""slot_length_ms"":100.0,""suite"":""load"",""total_pool_budgets"":[8,20,40],""uptime_scale"":100.0,""uptime_shape"":1.5,""user_count"":10,""workload_mode"":""poisson_profile_catalog""}",200,200,15,13,2,13,0,0,0,1,0.5282408163489365,352.19796290608326,0.8836907817063758,4804.29989312003,12,1,0,0,0,43,38,4,10352.045874693431,44.82591792475432,2.9883945283169546,5.0369169330224395,35,34,0,3679,2323,0,1356,608,490,505,148,22260733,prewarm,stability_delay_energy_v4,unified_fixed_point_v3,explicit_snapshot_v1,poisson_profile_catalog_v1,periodic_repository_v1,customized_periodic_pool_v1,empirical_window_beta_v1,slot_up_down_v1,fixed_service_time_v1,fixed_path_v1,full_duplex_shared_heat_v1,deployment_return_energy_v1,periodic_three_objective_v3,discrete_mpc_v1,grid_tkb_v1,arrival_risk_diversity_v1,budgeted_fixed_point_v1,regularized_surrogate_v1,goodput_cost_v1,0.8666666666666667,0.13333333333333333,0.8666666666666667,0.0,0.0,0.65,0.8,0.06666666666666667,0.0,0.0,0.0
system_poisson:poisson_lifecycle_v1:load:29099f8fc93f273e:periodic_customized:r12:s20260731,29099f8fc93f273e,load,lambda_0.1_periodic_customized,lambda_0.1,periodic_customized,12,20260731,system_poisson,poisson_lifecycle_v1,poisson_profile_catalog,periodic_customized,customized,p12_g4_a64,prewarm,measured,measured,fixed,fixed_total,0.1,c8a1c19b9973aa96,c57247db4e0508db,c982f2cba16e3f0d,5615e2a246665bbb,"{""algorithm"":""periodic_customized"",""alpha_l"":0.7,""alpha_r"":0.8,""availability_fraction"":0.5,""beta_l"":0.4,""beta_r"":0.5,""bootstrap_mode"":""prewarm"",""candidate_fixed_point_damping"":0.5,""candidate_fixed_point_max_iterations"":20,""candidate_fixed_point_relative_tolerance"":0.0001,""cloud_count"":1,""comparison_group"":""lambda_0.1"",""comparison_method"":""periodic_customized"",""control_mode"":""fixed"",""downtime_log_mean"":2.5,""downtime_log_sigma"":0.8,""edge_count"":5,""edge_link_factor"":2.0,""experiment_layer"":""system_poisson"",""fixed_online_budget_ms"":10.0,""fixed_planning_interval_slots"":5,""fixed_total_pool_budget"":20,""lambda_g"":0.7,""lambda_h"":0.7,""lambda_per_slot"":0.1,""max_deadline_ms"":1999.0,""min_deadline_ms"":500.0,""minimum_control_window_slots"":5,""minimum_replanning_interval_slots"":2,""name"":""lambda_0.1_periodic_customized"",""online_budgets_ms"":[5.0,10.0,20.0],""online_timing_mode"":""measured"",""origin_group_count"":2,""plan_ttl_slots"":20,""planning_candidate_generator_mode"":""customized"",""planning_customized_archive_capacity"":64,""planning_customized_generations"":4,""planning_customized_population_size"":12,""planning_deadline_ms"":2000.0,""planning_intervals"":[5,10,20],""planning_runtime_ms"":100.0,""planning_sample_count"":20,""planning_timing_mode"":""measured"",""pool_budget_mode"":""fixed_total"",""profile_count"":2,""slot_count"":200,""slot_length_ms"":100.0,""suite"":""load"",""total_pool_budgets"":[8,20,40],""uptime_scale"":100.0,""uptime_shape"":1.5,""user_count"":10,""workload_mode"":""poisson_profile_catalog""}",200,200,25,14,11,13,1,0,0,1,0.5090964996123633,559.2532069658964,0.8586911288643652,6059.213826895362,13,1,0,0,0,41,40,1,9005.601081298664,54.46920788381249,2.1787683153524995,4.713792004622519,38,37,0,3480,2422,0,1058,458,323,355,89,22260734,prewarm,stability_delay_energy_v4,unified_fixed_point_v3,explicit_snapshot_v1,poisson_profile_catalog_v1,periodic_repository_v1,customized_periodic_pool_v1,empirical_window_beta_v1,slot_up_down_v1,fixed_service_time_v1,fixed_path_v1,full_duplex_shared_heat_v1,deployment_return_energy_v1,periodic_three_objective_v3,discrete_mpc_v1,grid_tkb_v1,arrival_risk_diversity_v1,budgeted_fixed_point_v1,regularized_surrogate_v1,goodput_cost_v1,0.56,0.44,0.52,0.07142857142857142,0.0,0.65,0.52,0.04,0.0,0.0,0.0
system_poisson:poisson_lifecycle_v1:load:29099f8fc93f273e:periodic_customized:r13:s20260732,29099f8fc93f273e,load,lambda_0.1_periodic_customized,lambda_0.1,periodic_customized,13,20260732,system_poisson,poisson_lifecycle_v1,poisson_profile_catalog,periodic_customized,customized,p12_g4_a64,prewarm,measured,measured,fixed,fixed_total,0.1,2570004416ece14a,3e0c88c5a91c29b4,129ee96d2ee5920e,a897565254a74026,"{""algorithm"":""periodic_customized"",""alpha_l"":0.7,""alpha_r"":0.8,""availability_fraction"":0.5,""beta_l"":0.4,""beta_r"":0.5,""bootstrap_mode"":""prewarm"",""candidate_fixed_point_damping"":0.5,""candidate_fixed_point_max_iterations"":20,""candidate_fixed_point_relative_tolerance"":0.0001,""cloud_count"":1,""comparison_group"":""lambda_0.1"",""comparison_method"":""periodic_customized"",""control_mode"":""fixed"",""downtime_log_mean"":2.5,""downtime_log_sigma"":0.8,""edge_count"":5,""edge_link_factor"":2.0,""experiment_layer"":""system_poisson"",""fixed_online_budget_ms"":10.0,""fixed_planning_interval_slots"":5,""fixed_total_pool_budget"":20,""lambda_g"":0.7,""lambda_h"":0.7,""lambda_per_slot"":0.1,""max_deadline_ms"":1999.0,""min_deadline_ms"":500.0,""minimum_control_window_slots"":5,""minimum_replanning_interval_slots"":2,""name"":""lambda_0.1_periodic_customized"",""online_budgets_ms"":[5.0,10.0,20.0],""online_timing_mode"":""measured"",""origin_group_count"":2,""plan_ttl_slots"":20,""planning_candidate_generator_mode"":""customized"",""planning_customized_archive_capacity"":64,""planning_customized_generations"":4,""planning_customized_population_size"":12,""planning_deadline_ms"":2000.0,""planning_intervals"":[5,10,20],""planning_runtime_ms"":100.0,""planning_sample_count"":20,""planning_timing_mode"":""measured"",""pool_budget_mode"":""fixed_total"",""profile_count"":2,""slot_count"":200,""slot_length_ms"":100.0,""suite"":""load"",""total_pool_budgets"":[8,20,40],""uptime_scale"":100.0,""uptime_shape"":1.5,""user_count"":10,""workload_mode"":""poisson_profile_catalog""}",200,204,11,11,0,10,1,0,0,1,0.4070949180597813,444.2213896015694,0.9002250919685941,5870.040575335065,10,1,0,0,0,43,39,3,10269.33837577235,45.71895906701684,4.15626900609244,5.9132499154657125,37,36,0,3810,2072,0,1738,638,469,542,107,22260735,prewarm,stability_delay_energy_v4,unified_fixed_point_v3,explicit_snapshot_v1,poisson_profile_catalog_v1,periodic_repository_v1,customized_periodic_pool_v1,empirical_window_beta_v1,slot_up_down_v1,fixed_service_time_v1,fixed_path_v1,full_duplex_shared_heat_v1,deployment_return_energy_v1,periodic_three_objective_v3,discrete_mpc_v1,grid_tkb_v1,arrival_risk_diversity_v1,budgeted_fixed_point_v1,regularized_surrogate_v1,goodput_cost_v1,1.0,0.0,0.9090909090909091,0.09090909090909091,0.0,0.4901960784313726,0.9090909090909091,0.09090909090909091,0.0,0.0,0.0
system_poisson:poisson_lifecycle_v1:load:29099f8fc93f273e:periodic_customized:r14:s20260733,29099f8fc93f273e,load,lambda_0.1_periodic_customized,lambda_0.1,periodic_customized,14,20260733,system_poisson,poisson_lifecycle_v1,poisson_profile_catalog,periodic_customized,customized,p12_g4_a64,prewarm,measured,measured,fixed,fixed_total,0.1,e549ef942191509c,82b0c7769f30bf5e,487dddf901e999d7,9238a84d7f53868e,"{""algorithm"":""periodic_customized"",""alpha_l"":0.7,""alpha_r"":0.8,""availability_fraction"":0.5,""beta_l"":0.4,""beta_r"":0.5,""bootstrap_mode"":""prewarm"",""candidate_fixed_point_damping"":0.5,""candidate_fixed_point_max_iterations"":20,""candidate_fixed_point_relative_tolerance"":0.0001,""cloud_count"":1,""comparison_group"":""lambda_0.1"",""comparison_method"":""periodic_customized"",""control_mode"":""fixed"",""downtime_log_mean"":2.5,""downtime_log_sigma"":0.8,""edge_count"":5,""edge_link_factor"":2.0,""experiment_layer"":""system_poisson"",""fixed_online_budget_ms"":10.0,""fixed_planning_interval_slots"":5,""fixed_total_pool_budget"":20,""lambda_g"":0.7,""lambda_h"":0.7,""lambda_per_slot"":0.1,""max_deadline_ms"":1999.0,""min_deadline_ms"":500.0,""minimum_control_window_slots"":5,""minimum_replanning_interval_slots"":2,""name"":""lambda_0.1_periodic_customized"",""online_budgets_ms"":[5.0,10.0,20.0],""online_timing_mode"":""measured"",""origin_group_count"":2,""plan_ttl_slots"":20,""planning_candidate_generator_mode"":""customized"",""planning_customized_archive_capacity"":64,""planning_customized_generations"":4,""planning_customized_population_size"":12,""planning_deadline_ms"":2000.0,""planning_intervals"":[5,10,20],""planning_runtime_ms"":100.0,""planning_sample_count"":20,""planning_timing_mode"":""measured"",""pool_budget_mode"":""fixed_total"",""profile_count"":2,""slot_count"":200,""slot_length_ms"":100.0,""suite"":""load"",""total_pool_budgets"":[8,20,40],""uptime_scale"":100.0,""uptime_shape"":1.5,""user_count"":10,""workload_mode"":""poisson_profile_catalog""}",200,200,24,18,6,18,0,0,0,1,0.7127980618129396,516.7789391247702,0.8830830277593779,5479.579564078198,16,2,0,0,0,46,41,4,9092.735918588005,66.39241892844439,2.7663507886851826,4.235041909851134,36,35,0,3693,2734,0,959,443,355,400,99,22260736,prewarm,stability_delay_energy_v4,unified_fixed_point_v3,explicit_snapshot_v1,poisson_profile_catalog_v1,periodic_repository_v1,customized_periodic_pool_v1,empirical_window_beta_v1,slot_up_down_v1,fixed_service_time_v1,fixed_path_v1,full_duplex_shared_heat_v1,deployment_return_energy_v1,periodic_three_objective_v3,discrete_mpc_v1,grid_tkb_v1,arrival_risk_diversity_v1,budgeted_fixed_point_v1,regularized_surrogate_v1,goodput_cost_v1,0.75,0.25,0.75,0.0,0.0,0.9,0.6666666666666666,0.08333333333333333,0.0,0.0,0.0
system_poisson:poisson_lifecycle_v1:load:29099f8fc93f273e:periodic_customized:r15:s20260734,29099f8fc93f273e,load,lambda_0.1_periodic_customized,lambda_0.1,periodic_customized,15,20260734,system_poisson,poisson_lifecycle_v1,poisson_profile_catalog,periodic_customized,customized,p12_g4_a64,prewarm,measured,measured,fixed,fixed_total,0.1,9d81372cc2973096,868f2658ddad8015,3f729446f1368d73,554a01216359253d,"{""algorithm"":""periodic_customized"",""alpha_l"":0.7,""alpha_r"":0.8,""availability_fraction"":0.5,""beta_l"":0.4,""beta_r"":0.5,""bootstrap_mode"":""prewarm"",""candidate_fixed_point_damping"":0.5,""candidate_fixed_point_max_iterations"":20,""candidate_fixed_point_relative_tolerance"":0.0001,""cloud_count"":1,""comparison_group"":""lambda_0.1"",""comparison_method"":""periodic_customized"",""control_mode"":""fixed"",""downtime_log_mean"":2.5,""downtime_log_sigma"":0.8,""edge_count"":5,""edge_link_factor"":2.0,""experiment_layer"":""system_poisson"",""fixed_online_budget_ms"":10.0,""fixed_planning_interval_slots"":5,""fixed_total_pool_budget"":20,""lambda_g"":0.7,""lambda_h"":0.7,""lambda_per_slot"":0.1,""max_deadline_ms"":1999.0,""min_deadline_ms"":500.0,""minimum_control_window_slots"":5,""minimum_replanning_interval_slots"":2,""name"":""lambda_0.1_periodic_customized"",""online_budgets_ms"":[5.0,10.0,20.0],""online_timing_mode"":""measured"",""origin_group_count"":2,""plan_ttl_slots"":20,""planning_candidate_generator_mode"":""customized"",""planning_customized_archive_capacity"":64,""planning_customized_generations"":4,""planning_customized_population_size"":12,""planning_deadline_ms"":2000.0,""planning_intervals"":[5,10,20],""planning_runtime_ms"":100.0,""planning_sample_count"":20,""planning_timing_mode"":""measured"",""pool_budget_mode"":""fixed_total"",""profile_count"":2,""slot_count"":200,""slot_length_ms"":100.0,""suite"":""load"",""total_pool_budgets"":[8,20,40],""uptime_scale"":100.0,""uptime_shape"":1.5,""user_count"":10,""workload_mode"":""poisson_profile_catalog""}",200,200,15,12,3,9,3,0,0,1,0.31815505662549004,716.3101068792889,0.860902341865657,5644.0157248467185,11,1,0,0,0,46,43,2,8094.691833015531,44.146331725642085,2.943088781709472,6.897041923366487,35,34,0,3682,2448,0,1234,583,392,442,54,22260737,prewarm,stability_delay_energy_v4,unified_fixed_point_v3,explicit_snapshot_v1,poisson_profile_catalog_v1,periodic_repository_v1,customized_periodic_pool_v1,empirical_window_beta_v1,slot_up_down_v1,fixed_service_time_v1,fixed_path_v1,full_duplex_shared_heat_v1,deployment_return_energy_v1,periodic_three_objective_v3,discrete_mpc_v1,grid_tkb_v1,arrival_risk_diversity_v1,budgeted_fixed_point_v1,regularized_surrogate_v1,goodput_cost_v1,0.8,0.2,0.6,0.25,0.0,0.45,0.7333333333333333,0.06666666666666667,0.0,0.0,0.0
system_poisson:poisson_lifecycle_v1:load:29099f8fc93f273e:periodic_customized:r16:s20260735,29099f8fc93f273e,load,lambda_0.1_periodic_customized,lambda_0.1,periodic_customized,16,20260735,system_poisson,poisson_lifecycle_v1,poisson_profile_catalog,periodic_customized,customized,p12_g4_a64,prewarm,measured,measured,fixed,fixed_total,0.1,c61c842e17f225e3,3da65bab6008a478,82ab1bf867ad6aef,615e85118266de25,"{""algorithm"":""periodic_customized"",""alpha_l"":0.7,""alpha_r"":0.8,""availability_fraction"":0.5,""beta_l"":0.4,""beta_r"":0.5,""bootstrap_mode"":""prewarm"",""candidate_fixed_point_damping"":0.5,""candidate_fixed_point_max_iterations"":20,""candidate_fixed_point_relative_tolerance"":0.0001,""cloud_count"":1,""comparison_group"":""lambda_0.1"",""comparison_method"":""periodic_customized"",""control_mode"":""fixed"",""downtime_log_mean"":2.5,""downtime_log_sigma"":0.8,""edge_count"":5,""edge_link_factor"":2.0,""experiment_layer"":""system_poisson"",""fixed_online_budget_ms"":10.0,""fixed_planning_interval_slots"":5,""fixed_total_pool_budget"":20,""lambda_g"":0.7,""lambda_h"":0.7,""lambda_per_slot"":0.1,""max_deadline_ms"":1999.0,""min_deadline_ms"":500.0,""minimum_control_window_slots"":5,""minimum_replanning_interval_slots"":2,""name"":""lambda_0.1_periodic_customized"",""online_budgets_ms"":[5.0,10.0,20.0],""online_timing_mode"":""measured"",""origin_group_count"":2,""plan_ttl_slots"":20,""planning_candidate_generator_mode"":""customized"",""planning_customized_archive_capacity"":64,""planning_customized_generations"":4,""planning_customized_population_size"":12,""planning_deadline_ms"":2000.0,""planning_intervals"":[5,10,20],""planning_runtime_ms"":100.0,""planning_sample_count"":20,""planning_timing_mode"":""measured"",""pool_budget_mode"":""fixed_total"",""profile_count"":2,""slot_count"":200,""slot_length_ms"":100.0,""suite"":""load"",""total_pool_budgets"":[8,20,40],""uptime_scale"":100.0,""uptime_shape"":1.5,""user_count"":10,""workload_mode"":""poisson_profile_catalog""}",200,200,19,12,7,9,3,0,0,1,0.3229027490826307,748.3753474753748,0.8931921085910255,7429.316352194561,11,1,0,0,0,44,43,1,8880.704337148927,39.534538867883384,2.0807652035728097,5.322582903318107,37,36,0,3563,2342,0,1221,386,286,340,61,22260738,prewarm,stability_delay_energy_v4,unified_fixed_point_v3,explicit_snapshot_v1,poisson_profile_catalog_v1,periodic_repository_v1,customized_periodic_pool_v1,empirical_window_beta_v1,slot_up_down_v1,fixed_service_time_v1,fixed_path_v1,full_duplex_shared_heat_v1,deployment_return_energy_v1,periodic_three_objective_v3,discrete_mpc_v1,grid_tkb_v1,arrival_risk_diversity_v1,budgeted_fixed_point_v1,regularized_surrogate_v1,goodput_cost_v1,0.631578947368421,0.3684210526315789,0.47368421052631576,0.25,0.0,0.45,0.5789473684210527,0.05263157894736842,0.0,0.0,0.0
system_poisson:poisson_lifecycle_v1:load:29099f8fc93f273e:periodic_customized:r17:s20260736,29099f8fc93f273e,load,lambda_0.1_periodic_customized,lambda_0.1,periodic_customized,17,20260736,system_poisson,poisson_lifecycle_v1,poisson_profile_catalog,periodic_customized,customized,p12_g4_a64,prewarm,measured,measured,fixed,fixed_total,0.1,a1e1594e7589a223,d9b518a32809412d,6e04125795db1f29,6d1494c76aa00136,"{""algorithm"":""periodic_customized"",""alpha_l"":0.7,""alpha_r"":0.8,""availability_fraction"":0.5,""beta_l"":0.4,""beta_r"":0.5,""bootstrap_mode"":""prewarm"",""candidate_fixed_point_damping"":0.5,""candidate_fixed_point_max_iterations"":20,""candidate_fixed_point_relative_tolerance"":0.0001,""cloud_count"":1,""comparison_group"":""lambda_0.1"",""comparison_method"":""periodic_customized"",""control_mode"":""fixed"",""downtime_log_mean"":2.5,""downtime_log_sigma"":0.8,""edge_count"":5,""edge_link_factor"":2.0,""experiment_layer"":""system_poisson"",""fixed_online_budget_ms"":10.0,""fixed_planning_interval_slots"":5,""fixed_total_pool_budget"":20,""lambda_g"":0.7,""lambda_h"":0.7,""lambda_per_slot"":0.1,""max_deadline_ms"":1999.0,""min_deadline_ms"":500.0,""minimum_control_window_slots"":5,""minimum_replanning_interval_slots"":2,""name"":""lambda_0.1_periodic_customized"",""online_budgets_ms"":[5.0,10.0,20.0],""online_timing_mode"":""measured"",""origin_group_count"":2,""plan_ttl_slots"":20,""planning_candidate_generator_mode"":""customized"",""planning_customized_archive_capacity"":64,""planning_customized_generations"":4,""planning_customized_population_size"":12,""planning_deadline_ms"":2000.0,""planning_intervals"":[5,10,20],""planning_runtime_ms"":100.0,""planning_sample_count"":20,""planning_timing_mode"":""measured"",""pool_budget_mode"":""fixed_total"",""profile_count"":2,""slot_count"":200,""slot_length_ms"":100.0,""suite"":""load"",""total_pool_budgets"":[8,20,40],""uptime_scale"":100.0,""uptime_shape"":1.5,""user_count"":10,""workload_mode"":""poisson_profile_catalog""}",200,200,19,15,4,15,0,1,0,1,0.5517442137211079,613.278617294589,0.8623094450457374,5336.507018888268,12,3,0,0,0,44,41,2,8925.208168104291,59.92824991699308,3.1541184166838465,9.315542061813176,36,35,0,3599,2440,0,1159,520,347,381,83,22260739,prewarm,stability_delay_energy_v4,unified_fixed_point_v3,explicit_snapshot_v1,poisson_profile_catalog_v1,periodic_repository_v1,customized_periodic_pool_v1,empirical_window_beta_v1,slot_up_down_v1,fixed_service_time_v1,fixed_path_v1,full_duplex_shared_heat_v1,deployment_return_energy_v1,periodic_three_objective_v3,discrete_mpc_v1,grid_tkb_v1,arrival_risk_diversity_v1,budgeted_fixed_point_v1,regularized_surrogate_v1,goodput_cost_v1,0.7894736842105263,0.21052631578947367,0.7894736842105263,0.0,0.06666666666666667,0.75,0.631578947368421,0.15789473684210525,0.0,0.0,0.0
system_poisson:poisson_lifecycle_v1:load:29099f8fc93f273e:periodic_customized:r18:s20260737,29099f8fc93f273e,load,lambda_0.1_periodic_customized,lambda_0.1,periodic_customized,18,20260737,system_poisson,poisson_lifecycle_v1,poisson_profile_catalog,periodic_customized,customized,p12_g4_a64,prewarm,measured,measured,fixed,fixed_total,0.1,2340d35db3923e87,6c6665153475ebe0,387f1a1f588cf026,fb1a538d3c9d367a,"{""algorithm"":""periodic_customized"",""alpha_l"":0.7,""alpha_r"":0.8,""availability_fraction"":0.5,""beta_l"":0.4,""beta_r"":0.5,""bootstrap_mode"":""prewarm"",""candidate_fixed_point_damping"":0.5,""candidate_fixed_point_max_iterations"":20,""candidate_fixed_point_relative_tolerance"":0.0001,""cloud_count"":1,""comparison_group"":""lambda_0.1"",""comparison_method"":""periodic_customized"",""control_mode"":""fixed"",""downtime_log_mean"":2.5,""downtime_log_sigma"":0.8,""edge_count"":5,""edge_link_factor"":2.0,""experiment_layer"":""system_poisson"",""fixed_online_budget_ms"":10.0,""fixed_planning_interval_slots"":5,""fixed_total_pool_budget"":20,""lambda_g"":0.7,""lambda_h"":0.7,""lambda_per_slot"":0.1,""max_deadline_ms"":1999.0,""min_deadline_ms"":500.0,""minimum_control_window_slots"":5,""minimum_replanning_interval_slots"":2,""name"":""lambda_0.1_periodic_customized"",""online_budgets_ms"":[5.0,10.0,20.0],""online_timing_mode"":""measured"",""origin_group_count"":2,""plan_ttl_slots"":20,""planning_candidate_generator_mode"":""customized"",""planning_customized_archive_capacity"":64,""planning_customized_generations"":4,""planning_customized_population_size"":12,""planning_deadline_ms"":2000.0,""planning_intervals"":[5,10,20],""planning_runtime_ms"":100.0,""planning_sample_count"":20,""planning_timing_mode"":""measured"",""pool_budget_mode"":""fixed_total"",""profile_count"":2,""slot_count"":200,""slot_length_ms"":100.0,""suite"":""load"",""total_pool_budgets"":[8,20,40],""uptime_scale"":100.0,""uptime_shape"":1.5,""user_count"":10,""workload_mode"":""poisson_profile_catalog""}",200,200,17,16,1,16,0,0,0,1,0.6686604116623476,357.3357435562134,0.8679353886322134,3941.020595383504,14,2,0,0,0,46,45,1,9371.281665866263,60.5179158737883,3.559877404340488,6.525250035338104,36,35,0,4028,2360,0,1668,787,552,607,124,22260740,prewarm,stability_delay_energy_v4,unified_fixed_point_v3,explicit_snapshot_v1,poisson_profile_catalog_v1,periodic_repository_v1,customized_periodic_pool_v1,empirical_window_beta_v1,slot_up_down_v1,fixed_service_time_v1,fixed_path_v1,full_duplex_shared_heat_v1,deployment_return_energy_v1,periodic_three_objective_v3,discrete_mpc_v1,grid_tkb_v1,arrival_risk_diversity_v1,budgeted_fixed_point_v1,regularized_surrogate_v1,goodput_cost_v1,0.9411764705882353,0.058823529411764705,0.9411764705882353,0.0,0.0,0.8,0.8235294117647058,0.11764705882352941,0.0,0.0,0.0
system_poisson:poisson_lifecycle_v1:load:29099f8fc93f273e:periodic_customized:r19:s20260738,29099f8fc93f273e,load,lambda_0.1_periodic_customized,lambda_0.1,periodic_customized,19,20260738,system_poisson,poisson_lifecycle_v1,poisson_profile_catalog,periodic_customized,customized,p12_g4_a64,prewarm,measured,measured,fixed,fixed_total,0.1,2f8cac81e28c6822,342fe7b24aabf9c9,9df2967f92fc544e,a5b68c6f808e683d,"{""algorithm"":""periodic_customized"",""alpha_l"":0.7,""alpha_r"":0.8,""availability_fraction"":0.5,""beta_l"":0.4,""beta_r"":0.5,""bootstrap_mode"":""prewarm"",""candidate_fixed_point_damping"":0.5,""candidate_fixed_point_max_iterations"":20,""candidate_fixed_point_relative_tolerance"":0.0001,""cloud_count"":1,""comparison_group"":""lambda_0.1"",""comparison_method"":""periodic_customized"",""control_mode"":""fixed"",""downtime_log_mean"":2.5,""downtime_log_sigma"":0.8,""edge_count"":5,""edge_link_factor"":2.0,""experiment_layer"":""system_poisson"",""fixed_online_budget_ms"":10.0,""fixed_planning_interval_slots"":5,""fixed_total_pool_budget"":20,""lambda_g"":0.7,""lambda_h"":0.7,""lambda_per_slot"":0.1,""max_deadline_ms"":1999.0,""min_deadline_ms"":500.0,""minimum_control_window_slots"":5,""minimum_replanning_interval_slots"":2,""name"":""lambda_0.1_periodic_customized"",""online_budgets_ms"":[5.0,10.0,20.0],""online_timing_mode"":""measured"",""origin_group_count"":2,""plan_ttl_slots"":20,""planning_candidate_generator_mode"":""customized"",""planning_customized_archive_capacity"":64,""planning_customized_generations"":4,""planning_customized_population_size"":12,""planning_deadline_ms"":2000.0,""planning_intervals"":[5,10,20],""planning_runtime_ms"":100.0,""planning_sample_count"":20,""planning_timing_mode"":""measured"",""pool_budget_mode"":""fixed_total"",""profile_count"":2,""slot_count"":200,""slot_length_ms"":100.0,""suite"":""load"",""total_pool_budgets"":[8,20,40],""uptime_scale"":100.0,""uptime_shape"":1.5,""user_count"":10,""workload_mode"":""poisson_profile_catalog""}",200,201,25,12,13,10,2,0,0,1,0.358337409482716,771.3750038057807,0.8552769495612358,6207.194347022573,12,0,0,0,0,44,36,8,8260.014081024565,41.19570646435022,1.647828258574009,3.269874956458807,36,35,0,3330,2873,0,457,252,186,174,38,22260741,prewarm,stability_delay_energy_v4,unified_fixed_point_v3,explicit_snapshot_v1,poisson_profile_catalog_v1,periodic_repository_v1,customized_periodic_pool_v1,empirical_window_beta_v1,slot_up_down_v1,fixed_service_time_v1,fixed_path_v1,full_duplex_shared_heat_v1,deployment_return_energy_v1,periodic_three_objective_v3,discrete_mpc_v1,grid_tkb_v1,arrival_risk_diversity_v1,budgeted_fixed_point_v1,regularized_surrogate_v1,goodput_cost_v1,0.48,0.52,0.4,0.16666666666666666,0.0,0.49751243781094523,0.48,0.0,0.0,0.0,0.0
system_poisson:poisson_lifecycle_v1:load:38055f9a39b6fd10:periodic_lightweight:r0:s20260719,38055f9a39b6fd10,load,lambda_0.1_periodic_lightweight,lambda_0.1,periodic_lightweight,0,20260719,system_poisson,poisson_lifecycle_v1,poisson_profile_catalog,periodic_lightweight,lightweight,not_applicable,prewarm,measured,measured,fixed,fixed_total,0.1,6d295842eb0296d0,fca0df0e76e8aea8,1a1368a7502ffd8c,c3ade63673949cb4,"{""algorithm"":""periodic_lightweight"",""alpha_l"":0.7,""alpha_r"":0.8,""availability_fraction"":0.5,""beta_l"":0.4,""beta_r"":0.5,""bootstrap_mode"":""prewarm"",""candidate_fixed_point_damping"":0.5,""candidate_fixed_point_max_iterations"":20,""candidate_fixed_point_relative_tolerance"":0.0001,""cloud_count"":1,""comparison_group"":""lambda_0.1"",""comparison_method"":""periodic_lightweight"",""control_mode"":""fixed"",""downtime_log_mean"":2.5,""downtime_log_sigma"":0.8,""edge_count"":5,""edge_link_factor"":2.0,""experiment_layer"":""system_poisson"",""fixed_online_budget_ms"":10.0,""fixed_planning_interval_slots"":5,""fixed_total_pool_budget"":20,""lambda_g"":0.7,""lambda_h"":0.7,""lambda_per_slot"":0.1,""max_deadline_ms"":1999.0,""min_deadline_ms"":500.0,""minimum_control_window_slots"":5,""minimum_replanning_interval_slots"":2,""name"":""lambda_0.1_periodic_lightweight"",""online_budgets_ms"":[5.0,10.0,20.0],""online_timing_mode"":""measured"",""origin_group_count"":2,""plan_ttl_slots"":20,""planning_candidate_generator_mode"":""lightweight"",""planning_customized_archive_capacity"":64,""planning_customized_generations"":4,""planning_customized_population_size"":12,""planning_deadline_ms"":2000.0,""planning_intervals"":[5,10,20],""planning_runtime_ms"":100.0,""planning_sample_count"":20,""planning_timing_mode"":""measured"",""pool_budget_mode"":""fixed_total"",""profile_count"":2,""slot_count"":200,""slot_length_ms"":100.0,""suite"":""load"",""total_pool_budgets"":[8,20,40],""uptime_scale"":100.0,""uptime_shape"":1.5,""user_count"":10,""workload_mode"":""poisson_profile_catalog""}",200,200,13,12,1,12,0,0,0,1,0.45099914087710724,535.5971944066283,0.8544608631979278,3065.1312819778254,9,1,2,0,0,43,43,0,9189.84166905284,35.94241663813591,2.7648012798566084,4.189208033494651,37,36,0,5264,4177,0,1087,839,694,590,120,22260722,prewarm,stability_delay_energy_v4,unified_fixed_point_v3,explicit_snapshot_v1,poisson_profile_catalog_v1,periodic_repository_v1,customized_periodic_pool_v1,empirical_window_beta_v1,slot_up_down_v1,fixed_service_time_v1,fixed_path_v1,full_duplex_shared_heat_v1,deployment_return_energy_v1,periodic_three_objective_v3,discrete_mpc_v1,grid_tkb_v1,arrival_risk_diversity_v1,budgeted_fixed_point_v1,regularized_surrogate_v1,goodput_cost_v1,0.9230769230769231,0.07692307692307693,0.9230769230769231,0.0,0.0,0.6,0.6923076923076923,0.07692307692307693,0.15384615384615385,0.0,0.0
system_poisson:poisson_lifecycle_v1:load:38055f9a39b6fd10:periodic_lightweight:r1:s20260720,38055f9a39b6fd10,load,lambda_0.1_periodic_lightweight,lambda_0.1,periodic_lightweight,1,20260720,system_poisson,poisson_lifecycle_v1,poisson_profile_catalog,periodic_lightweight,lightweight,not_applicable,prewarm,measured,measured,fixed,fixed_total,0.1,a4f53f5438a025fd,a0ac5e6d1accb3ff,db84540cdd45769d,4948b9b559ca3dae,"{""algorithm"":""periodic_lightweight"",""alpha_l"":0.7,""alpha_r"":0.8,""availability_fraction"":0.5,""beta_l"":0.4,""beta_r"":0.5,""bootstrap_mode"":""prewarm"",""candidate_fixed_point_damping"":0.5,""candidate_fixed_point_max_iterations"":20,""candidate_fixed_point_relative_tolerance"":0.0001,""cloud_count"":1,""comparison_group"":""lambda_0.1"",""comparison_method"":""periodic_lightweight"",""control_mode"":""fixed"",""downtime_log_mean"":2.5,""downtime_log_sigma"":0.8,""edge_count"":5,""edge_link_factor"":2.0,""experiment_layer"":""system_poisson"",""fixed_online_budget_ms"":10.0,""fixed_planning_interval_slots"":5,""fixed_total_pool_budget"":20,""lambda_g"":0.7,""lambda_h"":0.7,""lambda_per_slot"":0.1,""max_deadline_ms"":1999.0,""min_deadline_ms"":500.0,""minimum_control_window_slots"":5,""minimum_replanning_interval_slots"":2,""name"":""lambda_0.1_periodic_lightweight"",""online_budgets_ms"":[5.0,10.0,20.0],""online_timing_mode"":""measured"",""origin_group_count"":2,""plan_ttl_slots"":20,""planning_candidate_generator_mode"":""lightweight"",""planning_customized_archive_capacity"":64,""planning_customized_generations"":4,""planning_customized_population_size"":12,""planning_deadline_ms"":2000.0,""planning_intervals"":[5,10,20],""planning_runtime_ms"":100.0,""planning_sample_count"":20,""planning_timing_mode"":""measured"",""pool_budget_mode"":""fixed_total"",""profile_count"":2,""slot_count"":200,""slot_length_ms"":100.0,""suite"":""load"",""total_pool_budgets"":[8,20,40],""uptime_scale"":100.0,""uptime_shape"":1.5,""user_count"":10,""workload_mode"":""poisson_profile_catalog""}",200,200,16,14,2,13,1,0,0,1,0.4632239233041801,664.3159301312587,0.8460092725734352,6869.569182306004,11,2,1,0,0,45,38,6,9964.345410931855,35.37466807756573,2.210916754847858,4.63750003837049,37,36,0,5497,4864,0,633,287,187,200,41,22260723,prewarm,stability_delay_energy_v4,unified_fixed_point_v3,explicit_snapshot_v1,poisson_profile_catalog_v1,periodic_repository_v1,customized_periodic_pool_v1,empirical_window_beta_v1,slot_up_down_v1,fixed_service_time_v1,fixed_path_v1,full_duplex_shared_heat_v1,deployment_return_energy_v1,periodic_three_objective_v3,discrete_mpc_v1,grid_tkb_v1,arrival_risk_diversity_v1,budgeted_fixed_point_v1,regularized_surrogate_v1,goodput_cost_v1,0.875,0.125,0.8125,0.07142857142857142,0.0,0.65,0.6875,0.125,0.0625,0.0,0.0
system_poisson:poisson_lifecycle_v1:load:38055f9a39b6fd10:periodic_lightweight:r2:s20260721,38055f9a39b6fd10,load,lambda_0.1_periodic_lightweight,lambda_0.1,periodic_lightweight,2,20260721,system_poisson,poisson_lifecycle_v1,poisson_profile_catalog,periodic_lightweight,lightweight,not_applicable,prewarm,measured,measured,fixed,fixed_total,0.1,e1936cba343be935,938f95453f2442e2,a9f529c33a0c0772,b3c97759fa661993,"{""algorithm"":""periodic_lightweight"",""alpha_l"":0.7,""alpha_r"":0.8,""availability_fraction"":0.5,""beta_l"":0.4,""beta_r"":0.5,""bootstrap_mode"":""prewarm"",""candidate_fixed_point_damping"":0.5,""candidate_fixed_point_max_iterations"":20,""candidate_fixed_point_relative_tolerance"":0.0001,""cloud_count"":1,""comparison_group"":""lambda_0.1"",""comparison_method"":""periodic_lightweight"",""control_mode"":""fixed"",""downtime_log_mean"":2.5,""downtime_log_sigma"":0.8,""edge_count"":5,""edge_link_factor"":2.0,""experiment_layer"":""system_poisson"",""fixed_online_budget_ms"":10.0,""fixed_planning_interval_slots"":5,""fixed_total_pool_budget"":20,""lambda_g"":0.7,""lambda_h"":0.7,""lambda_per_slot"":0.1,""max_deadline_ms"":1999.0,""min_deadline_ms"":500.0,""minimum_control_window_slots"":5,""minimum_replanning_interval_slots"":2,""name"":""lambda_0.1_periodic_lightweight"",""online_budgets_ms"":[5.0,10.0,20.0],""online_timing_mode"":""measured"",""origin_group_count"":2,""plan_ttl_slots"":20,""planning_candidate_generator_mode"":""lightweight"",""planning_customized_archive_capacity"":64,""planning_customized_generations"":4,""planning_customized_population_size"":12,""planning_deadline_ms"":2000.0,""planning_intervals"":[5,10,20],""planning_runtime_ms"":100.0,""planning_sample_count"":20,""planning_timing_mode"":""measured"",""pool_budget_mode"":""fixed_total"",""profile_count"":2,""slot_count"":200,""slot_length_ms"":100.0,""suite"":""load"",""total_pool_budgets"":[8,20,40],""uptime_scale"":100.0,""uptime_shape"":1.5,""user_count"":10,""workload_mode"":""poisson_profile_catalog""}",200,200,16,13,3,13,0,0,0,1,0.542146099437653,372.35764660882563,0.8483942216219865,4863.39636464922,12,1,0,0,0,41,39,1,11211.805291706696,41.13708308432251,2.571067692770157,4.091207985766232,39,38,0,5116,4594,0,522,349,341,329,85,22260724,prewarm,stability_delay_energy_v4,unified_fixed_point_v3,explicit_snapshot_v1,poisson_profile_catalog_v1,periodic_repository_v1,customized_periodic_pool_v1,empirical_window_beta_v1,slot_up_down_v1,fixed_service_time_v1,fixed_path_v1,full_duplex_shared_heat_v1,deployment_return_energy_v1,periodic_three_objective_v3,discrete_mpc_v1,grid_tkb_v1,arrival_risk_diversity_v1,budgeted_fixed_point_v1,regularized_surrogate_v1,goodput_cost_v1,0.8125,0.1875,0.8125,0.0,0.0,0.65,0.75,0.0625,0.0,0.0,0.0
system_poisson:poisson_lifecycle_v1:load:38055f9a39b6fd10:periodic_lightweight:r3:s20260722,38055f9a39b6fd10,load,lambda_0.1_periodic_lightweight,lambda_0.1,periodic_lightweight,3,20260722,system_poisson,poisson_lifecycle_v1,poisson_profile_catalog,periodic_lightweight,lightweight,not_applicable,prewarm,measured,measured,fixed,fixed_total,0.1,cad518de228dec43,e2c448830ab998d5,a1065c41e0c1485e,a8d64a668c29fff0,"{""algorithm"":""periodic_lightweight"",""alpha_l"":0.7,""alpha_r"":0.8,""availability_fraction"":0.5,""beta_l"":0.4,""beta_r"":0.5,""bootstrap_mode"":""prewarm"",""candidate_fixed_point_damping"":0.5,""candidate_fixed_point_max_iterations"":20,""candidate_fixed_point_relative_tolerance"":0.0001,""cloud_count"":1,""comparison_group"":""lambda_0.1"",""comparison_method"":""periodic_lightweight"",""control_mode"":""fixed"",""downtime_log_mean"":2.5,""downtime_log_sigma"":0.8,""edge_count"":5,""edge_link_factor"":2.0,""experiment_layer"":""system_poisson"",""fixed_online_budget_ms"":10.0,""fixed_planning_interval_slots"":5,""fixed_total_pool_budget"":20,""lambda_g"":0.7,""lambda_h"":0.7,""lambda_per_slot"":0.1,""max_deadline_ms"":1999.0,""min_deadline_ms"":500.0,""minimum_control_window_slots"":5,""minimum_replanning_interval_slots"":2,""name"":""lambda_0.1_periodic_lightweight"",""online_budgets_ms"":[5.0,10.0,20.0],""online_timing_mode"":""measured"",""origin_group_count"":2,""plan_ttl_slots"":20,""planning_candidate_generator_mode"":""lightweight"",""planning_customized_archive_capacity"":64,""planning_customized_generations"":4,""planning_customized_population_size"":12,""planning_deadline_ms"":2000.0,""planning_intervals"":[5,10,20],""planning_runtime_ms"":100.0,""planning_sample_count"":20,""planning_timing_mode"":""measured"",""pool_budget_mode"":""fixed_total"",""profile_count"":2,""slot_count"":200,""slot_length_ms"":100.0,""suite"":""load"",""total_pool_budgets"":[8,20,40],""uptime_scale"":100.0,""uptime_shape"":1.5,""user_count"":10,""workload_mode"":""poisson_profile_catalog""}",200,200,20,17,3,17,0,0,0,1,0.680395374113936,442.6586703945974,0.8615138369749246,4028.0406841746794,16,1,0,0,0,44,43,1,9936.26754079014,51.30012379959226,2.565006189979613,3.8863340159878135,38,37,0,5416,4408,0,1008,523,434,457,54,22260725,prewarm,stability_delay_energy_v4,unified_fixed_point_v3,explicit_snapshot_v1,poisson_profile_catalog_v1,periodic_repository_v1,customized_periodic_pool_v1,empirical_window_beta_v1,slot_up_down_v1,fixed_service_time_v1,fixed_path_v1,full_duplex_shared_heat_v1,deployment_return_energy_v1,periodic_three_objective_v3,discrete_mpc_v1,grid_tkb_v1,arrival_risk_diversity_v1,budgeted_fixed_point_v1,regularized_surrogate_v1,goodput_cost_v1,0.85,0.15,0.85,0.0,0.0,0.85,0.8,0.05,0.0,0.0,0.0
system_poisson:poisson_lifecycle_v1:load:38055f9a39b6fd10:periodic_lightweight:r4:s20260723,38055f9a39b6fd10,load,lambda_0.1_periodic_lightweight,lambda_0.1,periodic_lightweight,4,20260723,system_poisson,poisson_lifecycle_v1,poisson_profile_catalog,periodic_lightweight,lightweight,not_applicable,prewarm,measured,measured,fixed,fixed_total,0.1,85e4775618fc9271,04cc006508118ace,f39d4ae46d39844b,7df8c4f9894fbd11,"{""algorithm"":""periodic_lightweight"",""alpha_l"":0.7,""alpha_r"":0.8,""availability_fraction"":0.5,""beta_l"":0.4,""beta_r"":0.5,""bootstrap_mode"":""prewarm"",""candidate_fixed_point_damping"":0.5,""candidate_fixed_point_max_iterations"":20,""candidate_fixed_point_relative_tolerance"":0.0001,""cloud_count"":1,""comparison_group"":""lambda_0.1"",""comparison_method"":""periodic_lightweight"",""control_mode"":""fixed"",""downtime_log_mean"":2.5,""downtime_log_sigma"":0.8,""edge_count"":5,""edge_link_factor"":2.0,""experiment_layer"":""system_poisson"",""fixed_online_budget_ms"":10.0,""fixed_planning_interval_slots"":5,""fixed_total_pool_budget"":20,""lambda_g"":0.7,""lambda_h"":0.7,""lambda_per_slot"":0.1,""max_deadline_ms"":1999.0,""min_deadline_ms"":500.0,""minimum_control_window_slots"":5,""minimum_replanning_interval_slots"":2,""name"":""lambda_0.1_periodic_lightweight"",""online_budgets_ms"":[5.0,10.0,20.0],""online_timing_mode"":""measured"",""origin_group_count"":2,""plan_ttl_slots"":20,""planning_candidate_generator_mode"":""lightweight"",""planning_customized_archive_capacity"":64,""planning_customized_generations"":4,""planning_customized_population_size"":12,""planning_deadline_ms"":2000.0,""planning_intervals"":[5,10,20],""planning_runtime_ms"":100.0,""planning_sample_count"":20,""planning_timing_mode"":""measured"",""pool_budget_mode"":""fixed_total"",""profile_count"":2,""slot_count"":200,""slot_length_ms"":100.0,""suite"":""load"",""total_pool_budgets"":[8,20,40],""uptime_scale"":100.0,""uptime_shape"":1.5,""user_count"":10,""workload_mode"":""poisson_profile_catalog""}",200,200,20,18,2,18,0,0,0,1,0.7432772968934077,423.8990051023027,0.8551261906960188,4900.088198442976,14,2,2,0,0,43,40,2,10455.854921950959,58.637376059778035,2.9318688029889017,3.986000083386898,36,35,0,5267,4461,0,806,511,483,465,75,22260726,prewarm,stability_delay_energy_v4,unified_fixed_point_v3,explicit_snapshot_v1,poisson_profile_catalog_v1,periodic_repository_v1,customized_periodic_pool_v1,empirical_window_beta_v1,slot_up_down_v1,fixed_service_time_v1,fixed_path_v1,full_duplex_shared_heat_v1,deployment_return_energy_v1,periodic_three_objective_v3,discrete_mpc_v1,grid_tkb_v1,arrival_risk_diversity_v1,budgeted_fixed_point_v1,regularized_surrogate_v1,goodput_cost_v1,0.9,0.1,0.9,0.0,0.0,0.9,0.7,0.1,0.1,0.0,0.0
system_poisson:poisson_lifecycle_v1:load:38055f9a39b6fd10:periodic_lightweight:r5:s20260724,38055f9a39b6fd10,load,lambda_0.1_periodic_lightweight,lambda_0.1,periodic_lightweight,5,20260724,system_poisson,poisson_lifecycle_v1,poisson_profile_catalog,periodic_lightweight,lightweight,not_applicable,prewarm,measured,measured,fixed,fixed_total,0.1,d24fe9836276a23a,5f88dfc591596c91,316df9c95c3b7308,c61766e5adeaf7a9,"{""algorithm"":""periodic_lightweight"",""alpha_l"":0.7,""alpha_r"":0.8,""availability_fraction"":0.5,""beta_l"":0.4,""beta_r"":0.5,""bootstrap_mode"":""prewarm"",""candidate_fixed_point_damping"":0.5,""candidate_fixed_point_max_iterations"":20,""candidate_fixed_point_relative_tolerance"":0.0001,""cloud_count"":1,""comparison_group"":""lambda_0.1"",""comparison_method"":""periodic_lightweight"",""control_mode"":""fixed"",""downtime_log_mean"":2.5,""downtime_log_sigma"":0.8,""edge_count"":5,""edge_link_factor"":2.0,""experiment_layer"":""system_poisson"",""fixed_online_budget_ms"":10.0,""fixed_planning_interval_slots"":5,""fixed_total_pool_budget"":20,""lambda_g"":0.7,""lambda_h"":0.7,""lambda_per_slot"":0.1,""max_deadline_ms"":1999.0,""min_deadline_ms"":500.0,""minimum_control_window_slots"":5,""minimum_replanning_interval_slots"":2,""name"":""lambda_0.1_periodic_lightweight"",""online_budgets_ms"":[5.0,10.0,20.0],""online_timing_mode"":""measured"",""origin_group_count"":2,""plan_ttl_slots"":20,""planning_candidate_generator_mode"":""lightweight"",""planning_customized_archive_capacity"":64,""planning_customized_generations"":4,""planning_customized_population_size"":12,""planning_deadline_ms"":2000.0,""planning_intervals"":[5,10,20],""planning_runtime_ms"":100.0,""planning_sample_count"":20,""planning_timing_mode"":""measured"",""pool_budget_mode"":""fixed_total"",""profile_count"":2,""slot_count"":200,""slot_length_ms"":100.0,""suite"":""load"",""total_pool_budgets"":[8,20,40],""uptime_scale"":100.0,""uptime_shape"":1.5,""user_count"":10,""workload_mode"":""poisson_profile_catalog""}",200,203,32,29,3,27,2,0,0,1,1.0814618528799507,398.94606627807553,0.8524669131645921,3187.1218567100063,27,1,1,0,0,47,45,1,9900.029336102307,69.49391891248524,2.171684966015164,3.744750050827861,37,36,0,5813,5072,0,741,416,403,386,75,22260727,prewarm,stability_delay_energy_v4,unified_fixed_point_v3,explicit_snapshot_v1,poisson_profile_catalog_v1,periodic_repository_v1,customized_periodic_pool_v1,empirical_window_beta_v1,slot_up_down_v1,fixed_service_time_v1,fixed_path_v1,full_duplex_shared_heat_v1,deployment_return_energy_v1,periodic_three_objective_v3,discrete_mpc_v1,grid_tkb_v1,arrival_risk_diversity_v1,budgeted_fixed_point_v1,regularized_surrogate_v1,goodput_cost_v1,0.90625,0.09375,0.84375,0.06896551724137931,0.0,1.3300492610837438,0.84375,0.03125,0.03125,0.0,0.0
system_poisson:poisson_lifecycle_v1:load:38055f9a39b6fd10:periodic_lightweight:r6:s20260725,38055f9a39b6fd10,load,lambda_0.1_periodic_lightweight,lambda_0.1,periodic_lightweight,6,20260725,system_poisson,poisson_lifecycle_v1,poisson_profile_catalog,periodic_lightweight,lightweight,not_applicable,prewarm,measured,measured,fixed,fixed_total,0.1,26abbdd9b75bc615,fc04fea1c464df4f,40245dc6c76b5ccf,b0aa21bae96916c6,"{""algorithm"":""periodic_lightweight"",""alpha_l"":0.7,""alpha_r"":0.8,""availability_fraction"":0.5,""beta_l"":0.4,""beta_r"":0.5,""bootstrap_mode"":""prewarm"",""candidate_fixed_point_damping"":0.5,""candidate_fixed_point_max_iterations"":20,""candidate_fixed_point_relative_tolerance"":0.0001,""cloud_count"":1,""comparison_group"":""lambda_0.1"",""comparison_method"":""periodic_lightweight"",""control_mode"":""fixed"",""downtime_log_mean"":2.5,""downtime_log_sigma"":0.8,""edge_count"":5,""edge_link_factor"":2.0,""experiment_layer"":""system_poisson"",""fixed_online_budget_ms"":10.0,""fixed_planning_interval_slots"":5,""fixed_total_pool_budget"":20,""lambda_g"":0.7,""lambda_h"":0.7,""lambda_per_slot"":0.1,""max_deadline_ms"":1999.0,""min_deadline_ms"":500.0,""minimum_control_window_slots"":5,""minimum_replanning_interval_slots"":2,""name"":""lambda_0.1_periodic_lightweight"",""online_budgets_ms"":[5.0,10.0,20.0],""online_timing_mode"":""measured"",""origin_group_count"":2,""plan_ttl_slots"":20,""planning_candidate_generator_mode"":""lightweight"",""planning_customized_archive_capacity"":64,""planning_customized_generations"":4,""planning_customized_population_size"":12,""planning_deadline_ms"":2000.0,""planning_intervals"":[5,10,20],""planning_runtime_ms"":100.0,""planning_sample_count"":20,""planning_timing_mode"":""measured"",""pool_budget_mode"":""fixed_total"",""profile_count"":2,""slot_count"":200,""slot_length_ms"":100.0,""suite"":""load"",""total_pool_budgets"":[8,20,40],""uptime_scale"":100.0,""uptime_shape"":1.5,""user_count"":10,""workload_mode"":""poisson_profile_catalog""}",200,203,22,19,3,18,1,0,0,1,0.7031044374095042,493.10665858164,0.8266132148578021,3711.30383616764,16,2,1,0,0,45,44,0,10699.615331948735,46.2941259611398,2.1042784527790817,3.204040927812457,35,34,0,5547,4835,0,712,413,383,373,80,22260728,prewarm,stability_delay_energy_v4,unified_fixed_point_v3,explicit_snapshot_v1,poisson_profile_catalog_v1,periodic_repository_v1,customized_periodic_pool_v1,empirical_window_beta_v1,slot_up_down_v1,fixed_service_time_v1,fixed_path_v1,full_duplex_shared_heat_v1,deployment_return_energy_v1,periodic_three_objective_v3,discrete_mpc_v1,grid_tkb_v1,arrival_risk_diversity_v1,budgeted_fixed_point_v1,regularized_surrogate_v1,goodput_cost_v1,0.8636363636363636,0.13636363636363635,0.8181818181818182,0.05263157894736842,0.0,0.8866995073891625,0.7272727272727273,0.09090909090909091,0.045454545454545456,0.0,0.0
system_poisson:poisson_lifecycle_v1:load:38055f9a39b6fd10:periodic_lightweight:r7:s20260726,38055f9a39b6fd10,load,lambda_0.1_periodic_lightweight,lambda_0.1,periodic_lightweight,7,20260726,system_poisson,poisson_lifecycle_v1,poisson_profile_catalog,periodic_lightweight,lightweight,not_applicable,prewarm,measured,measured,fixed,fixed_total,0.1,cfb348bc73ed6b08,6c2f0ddd78fdc176,65e967f2a559afca,5d8d75c05ac19d95,"{""algorithm"":""periodic_lightweight"",""alpha_l"":0.7,""alpha_r"":0.8,""availability_fraction"":0.5,""beta_l"":0.4,""beta_r"":0.5,""bootstrap_mode"":""prewarm"",""candidate_fixed_point_damping"":0.5,""candidate_fixed_point_max_iterations"":20,""candidate_fixed_point_relative_tolerance"":0.0001,""cloud_count"":1,""comparison_group"":""lambda_0.1"",""comparison_method"":""periodic_lightweight"",""control_mode"":""fixed"",""downtime_log_mean"":2.5,""downtime_log_sigma"":0.8,""edge_count"":5,""edge_link_factor"":2.0,""experiment_layer"":""system_poisson"",""fixed_online_budget_ms"":10.0,""fixed_planning_interval_slots"":5,""fixed_total_pool_budget"":20,""lambda_g"":0.7,""lambda_h"":0.7,""lambda_per_slot"":0.1,""max_deadline_ms"":1999.0,""min_deadline_ms"":500.0,""minimum_control_window_slots"":5,""minimum_replanning_interval_slots"":2,""name"":""lambda_0.1_periodic_lightweight"",""online_budgets_ms"":[5.0,10.0,20.0],""online_timing_mode"":""measured"",""origin_group_count"":2,""plan_ttl_slots"":20,""planning_candidate_generator_mode"":""lightweight"",""planning_customized_archive_capacity"":64,""planning_customized_generations"":4,""planning_customized_population_size"":12,""planning_deadline_ms"":2000.0,""planning_intervals"":[5,10,20],""planning_runtime_ms"":100.0,""planning_sample_count"":20,""planning_timing_mode"":""measured"",""pool_budget_mode"":""fixed_total"",""profile_count"":2,""slot_count"":200,""slot_length_ms"":100.0,""suite"":""load"",""total_pool_budgets"":[8,20,40],""uptime_scale"":100.0,""uptime_shape"":1.5,""user_count"":10,""workload_mode"":""poisson_profile_catalog""}",200,200,18,15,3,14,1,0,0,1,0.5704899435573794,517.5113287811345,0.8534993302377278,4879.356624589102,13,1,1,0,0,41,40,0,11000.446291756816,42.00987529475242,2.333881960819579,3.6077910335734487,38,37,0,5060,4647,0,413,264,259,280,67,22260729,prewarm,stability_delay_energy_v4,unified_fixed_point_v3,explicit_snapshot_v1,poisson_profile_catalog_v1,periodic_repository_v1,customized_periodic_pool_v1,empirical_window_beta_v1,slot_up_down_v1,fixed_service_time_v1,fixed_path_v1,full_duplex_shared_heat_v1,deployment_return_energy_v1,periodic_three_objective_v3,discrete_mpc_v1,grid_tkb_v1,arrival_risk_diversity_v1,budgeted_fixed_point_v1,regularized_surrogate_v1,goodput_cost_v1,0.8333333333333334,0.16666666666666666,0.7777777777777778,0.06666666666666667,0.0,0.7,0.7222222222222222,0.05555555555555555,0.05555555555555555,0.0,0.0
system_poisson:poisson_lifecycle_v1:load:38055f9a39b6fd10:periodic_lightweight:r8:s20260727,38055f9a39b6fd10,load,lambda_0.1_periodic_lightweight,lambda_0.1,periodic_lightweight,8,20260727,system_poisson,poisson_lifecycle_v1,poisson_profile_catalog,periodic_lightweight,lightweight,not_applicable,prewarm,measured,measured,fixed,fixed_total,0.1,77262aef7c650c15,adddb8a44db4224c,f2ad514990b2cc90,5f427e7b1456da70,"{""algorithm"":""periodic_lightweight"",""alpha_l"":0.7,""alpha_r"":0.8,""availability_fraction"":0.5,""beta_l"":0.4,""beta_r"":0.5,""bootstrap_mode"":""prewarm"",""candidate_fixed_point_damping"":0.5,""candidate_fixed_point_max_iterations"":20,""candidate_fixed_point_relative_tolerance"":0.0001,""cloud_count"":1,""comparison_group"":""lambda_0.1"",""comparison_method"":""periodic_lightweight"",""control_mode"":""fixed"",""downtime_log_mean"":2.5,""downtime_log_sigma"":0.8,""edge_count"":5,""edge_link_factor"":2.0,""experiment_layer"":""system_poisson"",""fixed_online_budget_ms"":10.0,""fixed_planning_interval_slots"":5,""fixed_total_pool_budget"":20,""lambda_g"":0.7,""lambda_h"":0.7,""lambda_per_slot"":0.1,""max_deadline_ms"":1999.0,""min_deadline_ms"":500.0,""minimum_control_window_slots"":5,""minimum_replanning_interval_slots"":2,""name"":""lambda_0.1_periodic_lightweight"",""online_budgets_ms"":[5.0,10.0,20.0],""online_timing_mode"":""measured"",""origin_group_count"":2,""plan_ttl_slots"":20,""planning_candidate_generator_mode"":""lightweight"",""planning_customized_archive_capacity"":64,""planning_customized_generations"":4,""planning_customized_population_size"":12,""planning_deadline_ms"":2000.0,""planning_intervals"":[5,10,20],""planning_runtime_ms"":100.0,""planning_sample_count"":20,""planning_timing_mode"":""measured"",""pool_budget_mode"":""fixed_total"",""profile_count"":2,""slot_count"":200,""slot_length_ms"":100.0,""suite"":""load"",""total_pool_budgets"":[8,20,40],""uptime_scale"":100.0,""uptime_shape"":1.5,""user_count"":10,""workload_mode"":""poisson_profile_catalog""}",200,200,16,12,4,10,2,0,0,1,0.3826770760017277,593.9046157561029,0.8564950811381679,6538.635878688891,9,1,2,0,0,44,42,1,10639.070038218051,32.504124799743295,2.031507799983956,5.747040966525674,35,34,0,5424,4724,0,700,317,260,290,38,22260730,prewarm,stability_delay_energy_v4,unified_fixed_point_v3,explicit_snapshot_v1,poisson_profile_catalog_v1,periodic_repository_v1,customized_periodic_pool_v1,empirical_window_beta_v1,slot_up_down_v1,fixed_service_time_v1,fixed_path_v1,full_duplex_shared_heat_v1,deployment_return_energy_v1,periodic_three_objective_v3,discrete_mpc_v1,grid_tkb_v1,arrival_risk_diversity_v1,budgeted_fixed_point_v1,regularized_surrogate_v1,goodput_cost_v1,0.75,0.25,0.625,0.16666666666666666,0.0,0.5,0.5625,0.0625,0.125,0.0,0.0
system_poisson:poisson_lifecycle_v1:load:38055f9a39b6fd10:periodic_lightweight:r9:s20260728,38055f9a39b6fd10,load,lambda_0.1_periodic_lightweight,lambda_0.1,periodic_lightweight,9,20260728,system_poisson,poisson_lifecycle_v1,poisson_profile_catalog,periodic_lightweight,lightweight,not_applicable,prewarm,measured,measured,fixed,fixed_total,0.1,51994d7f38a9b2d2,94c502adeeb85260,22fc4efd87a4ea78,58651f60c37cc329,"{""algorithm"":""periodic_lightweight"",""alpha_l"":0.7,""alpha_r"":0.8,""availability_fraction"":0.5,""beta_l"":0.4,""beta_r"":0.5,""bootstrap_mode"":""prewarm"",""candidate_fixed_point_damping"":0.5,""candidate_fixed_point_max_iterations"":20,""candidate_fixed_point_relative_tolerance"":0.0001,""cloud_count"":1,""comparison_group"":""lambda_0.1"",""comparison_method"":""periodic_lightweight"",""control_mode"":""fixed"",""downtime_log_mean"":2.5,""downtime_log_sigma"":0.8,""edge_count"":5,""edge_link_factor"":2.0,""experiment_layer"":""system_poisson"",""fixed_online_budget_ms"":10.0,""fixed_planning_interval_slots"":5,""fixed_total_pool_budget"":20,""lambda_g"":0.7,""lambda_h"":0.7,""lambda_per_slot"":0.1,""max_deadline_ms"":1999.0,""min_deadline_ms"":500.0,""minimum_control_window_slots"":5,""minimum_replanning_interval_slots"":2,""name"":""lambda_0.1_periodic_lightweight"",""online_budgets_ms"":[5.0,10.0,20.0],""online_timing_mode"":""measured"",""origin_group_count"":2,""plan_ttl_slots"":20,""planning_candidate_generator_mode"":""lightweight"",""planning_customized_archive_capacity"":64,""planning_customized_generations"":4,""planning_customized_population_size"":12,""planning_deadline_ms"":2000.0,""planning_intervals"":[5,10,20],""planning_runtime_ms"":100.0,""planning_sample_count"":20,""planning_timing_mode"":""measured"",""pool_budget_mode"":""fixed_total"",""profile_count"":2,""slot_count"":200,""slot_length_ms"":100.0,""suite"":""load"",""total_pool_budgets"":[8,20,40],""uptime_scale"":100.0,""uptime_shape"":1.5,""user_count"":10,""workload_mode"":""poisson_profile_catalog""}",200,200,21,20,1,19,1,0,0,1,0.7402720591991079,480.5370786550076,0.8531620507718287,5644.533017781733,12,1,7,0,0,43,40,2,10824.752583634108,70.88112470228225,3.375291652489631,6.140790996141732,32,31,0,5234,4256,0,978,543,466,398,119,22260731,prewarm,stability_delay_energy_v4,unified_fixed_point_v3,explicit_snapshot_v1,poisson_profile_catalog_v1,periodic_repository_v1,customized_periodic_pool_v1,empirical_window_beta_v1,slot_up_down_v1,fixed_service_time_v1,fixed_path_v1,full_duplex_shared_heat_v1,deployment_return_energy_v1,periodic_three_objective_v3,discrete_mpc_v1,grid_tkb_v1,arrival_risk_diversity_v1,budgeted_fixed_point_v1,regularized_surrogate_v1,goodput_cost_v1,0.9523809523809523,0.047619047619047616,0.9047619047619048,0.05,0.0,0.95,0.5714285714285714,0.047619047619047616,0.3333333333333333,0.0,0.0
system_poisson:poisson_lifecycle_v1:load:38055f9a39b6fd10:periodic_lightweight:r10:s20260729,38055f9a39b6fd10,load,lambda_0.1_periodic_lightweight,lambda_0.1,periodic_lightweight,10,20260729,system_poisson,poisson_lifecycle_v1,poisson_profile_catalog,periodic_lightweight,lightweight,not_applicable,prewarm,measured,measured,fixed,fixed_total,0.1,5b8d17f0ef7f4099,329b4f7d21be54ff,36fdd7b726f34596,5bfdd62f4d90fc6a,"{""algorithm"":""periodic_lightweight"",""alpha_l"":0.7,""alpha_r"":0.8,""availability_fraction"":0.5,""beta_l"":0.4,""beta_r"":0.5,""bootstrap_mode"":""prewarm"",""candidate_fixed_point_damping"":0.5,""candidate_fixed_point_max_iterations"":20,""candidate_fixed_point_relative_tolerance"":0.0001,""cloud_count"":1,""comparison_group"":""lambda_0.1"",""comparison_method"":""periodic_lightweight"",""control_mode"":""fixed"",""downtime_log_mean"":2.5,""downtime_log_sigma"":0.8,""edge_count"":5,""edge_link_factor"":2.0,""experiment_layer"":""system_poisson"",""fixed_online_budget_ms"":10.0,""fixed_planning_interval_slots"":5,""fixed_total_pool_budget"":20,""lambda_g"":0.7,""lambda_h"":0.7,""lambda_per_slot"":0.1,""max_deadline_ms"":1999.0,""min_deadline_ms"":500.0,""minimum_control_window_slots"":5,""minimum_replanning_interval_slots"":2,""name"":""lambda_0.1_periodic_lightweight"",""online_budgets_ms"":[5.0,10.0,20.0],""online_timing_mode"":""measured"",""origin_group_count"":2,""plan_ttl_slots"":20,""planning_candidate_generator_mode"":""lightweight"",""planning_customized_archive_capacity"":64,""planning_customized_generations"":4,""planning_customized_population_size"":12,""planning_deadline_ms"":2000.0,""planning_intervals"":[5,10,20],""planning_runtime_ms"":100.0,""planning_sample_count"":20,""planning_timing_mode"":""measured"",""pool_budget_mode"":""fixed_total"",""profile_count"":2,""slot_count"":200,""slot_length_ms"":100.0,""suite"":""load"",""total_pool_budgets"":[8,20,40],""uptime_scale"":100.0,""uptime_shape"":1.5,""user_count"":10,""workload_mode"":""poisson_profile_catalog""}",200,204,21,19,2,18,1,0,0,1,0.7158847679601947,442.2161063705891,0.8337456312681794,3927.1074484468163,14,2,3,0,0,43,41,1,12565.338587388396,81.56612690072507,3.8841012809869078,7.285209023393691,27,26,0,5268,4274,0,994,628,547,451,116,22260732,prewarm,stability_delay_energy_v4,unified_fixed_point_v3,explicit_snapshot_v1,poisson_profile_catalog_v1,periodic_repository_v1,customized_periodic_pool_v1,empirical_window_beta_v1,slot_up_down_v1,fixed_service_time_v1,fixed_path_v1,full_duplex_shared_heat_v1,deployment_return_energy_v1,periodic_three_objective_v3,discrete_mpc_v1,grid_tkb_v1,arrival_risk_diversity_v1,budgeted_fixed_point_v1,regularized_surrogate_v1,goodput_cost_v1,0.9047619047619048,0.09523809523809523,0.8571428571428571,0.05263157894736842,0.0,0.8823529411764707,0.6666666666666666,0.09523809523809523,0.14285714285714285,0.0,0.0
system_poisson:poisson_lifecycle_v1:load:38055f9a39b6fd10:periodic_lightweight:r11:s20260730,38055f9a39b6fd10,load,lambda_0.1_periodic_lightweight,lambda_0.1,periodic_lightweight,11,20260730,system_poisson,poisson_lifecycle_v1,poisson_profile_catalog,periodic_lightweight,lightweight,not_applicable,prewarm,measured,measured,fixed,fixed_total,0.1,30f077b6e956d2e4,a9f113d17c0a9b50,eea59528592b1194,2fbd8cdb625c9aae,"{""algorithm"":""periodic_lightweight"",""alpha_l"":0.7,""alpha_r"":0.8,""availability_fraction"":0.5,""beta_l"":0.4,""beta_r"":0.5,""bootstrap_mode"":""prewarm"",""candidate_fixed_point_damping"":0.5,""candidate_fixed_point_max_iterations"":20,""candidate_fixed_point_relative_tolerance"":0.0001,""cloud_count"":1,""comparison_group"":""lambda_0.1"",""comparison_method"":""periodic_lightweight"",""control_mode"":""fixed"",""downtime_log_mean"":2.5,""downtime_log_sigma"":0.8,""edge_count"":5,""edge_link_factor"":2.0,""experiment_layer"":""system_poisson"",""fixed_online_budget_ms"":10.0,""fixed_planning_interval_slots"":5,""fixed_total_pool_budget"":20,""lambda_g"":0.7,""lambda_h"":0.7,""lambda_per_slot"":0.1,""max_deadline_ms"":1999.0,""min_deadline_ms"":500.0,""minimum_control_window_slots"":5,""minimum_replanning_interval_slots"":2,""name"":""lambda_0.1_periodic_lightweight"",""online_budgets_ms"":[5.0,10.0,20.0],""online_timing_mode"":""measured"",""origin_group_count"":2,""plan_ttl_slots"":20,""planning_candidate_generator_mode"":""lightweight"",""planning_customized_archive_capacity"":64,""planning_customized_generations"":4,""planning_customized_population_size"":12,""planning_deadline_ms"":2000.0,""planning_intervals"":[5,10,20],""planning_runtime_ms"":100.0,""planning_sample_count"":20,""planning_timing_mode"":""measured"",""pool_budget_mode"":""fixed_total"",""profile_count"":2,""slot_count"":200,""slot_length_ms"":100.0,""suite"":""load"",""total_pool_budgets"":[8,20,40],""uptime_scale"":100.0,""uptime_shape"":1.5,""user_count"":10,""workload_mode"":""poisson_profile_catalog""}",200,200,15,15,0,15,0,0,0,1,0.6134554135313472,347.4669621454885,0.8627615329389701,4434.202410967491,15,0,0,0,0,38,37,0,16741.667164023966,60.25733193382621,4.01715546225508,7.945415913127363,16,15,0,4759,3992,0,767,512,505,490,66,22260733,prewarm,stability_delay_energy_v4,unified_fixed_point_v3,explicit_snapshot_v1,poisson_profile_catalog_v1,periodic_repository_v1,customized_periodic_pool_v1,empirical_window_beta_v1,slot_up_down_v1,fixed_service_time_v1,fixed_path_v1,full_duplex_shared_heat_v1,deployment_return_energy_v1,periodic_three_objective_v3,discrete_mpc_v1,grid_tkb_v1,arrival_risk_diversity_v1,budgeted_fixed_point_v1,regularized_surrogate_v1,goodput_cost_v1,1.0,0.0,1.0,0.0,0.0,0.75,1.0,0.0,0.0,0.0,0.0
system_poisson:poisson_lifecycle_v1:load:38055f9a39b6fd10:periodic_lightweight:r12:s20260731,38055f9a39b6fd10,load,lambda_0.1_periodic_lightweight,lambda_0.1,periodic_lightweight,12,20260731,system_poisson,poisson_lifecycle_v1,poisson_profile_catalog,periodic_lightweight,lightweight,not_applicable,prewarm,measured,measured,fixed,fixed_total,0.1,c8a1c19b9973aa96,c57247db4e0508db,c982f2cba16e3f0d,5615e2a246665bbb,"{""algorithm"":""periodic_lightweight"",""alpha_l"":0.7,""alpha_r"":0.8,""availability_fraction"":0.5,""beta_l"":0.4,""beta_r"":0.5,""bootstrap_mode"":""prewarm"",""candidate_fixed_point_damping"":0.5,""candidate_fixed_point_max_iterations"":20,""candidate_fixed_point_relative_tolerance"":0.0001,""cloud_count"":1,""comparison_group"":""lambda_0.1"",""comparison_method"":""periodic_lightweight"",""control_mode"":""fixed"",""downtime_log_mean"":2.5,""downtime_log_sigma"":0.8,""edge_count"":5,""edge_link_factor"":2.0,""experiment_layer"":""system_poisson"",""fixed_online_budget_ms"":10.0,""fixed_planning_interval_slots"":5,""fixed_total_pool_budget"":20,""lambda_g"":0.7,""lambda_h"":0.7,""lambda_per_slot"":0.1,""max_deadline_ms"":1999.0,""min_deadline_ms"":500.0,""minimum_control_window_slots"":5,""minimum_replanning_interval_slots"":2,""name"":""lambda_0.1_periodic_lightweight"",""online_budgets_ms"":[5.0,10.0,20.0],""online_timing_mode"":""measured"",""origin_group_count"":2,""plan_ttl_slots"":20,""planning_candidate_generator_mode"":""lightweight"",""planning_customized_archive_capacity"":64,""planning_customized_generations"":4,""planning_customized_population_size"":12,""planning_deadline_ms"":2000.0,""planning_intervals"":[5,10,20],""planning_runtime_ms"":100.0,""planning_sample_count"":20,""planning_timing_mode"":""measured"",""pool_budget_mode"":""fixed_total"",""profile_count"":2,""slot_count"":200,""slot_length_ms"":100.0,""suite"":""load"",""total_pool_budgets"":[8,20,40],""uptime_scale"":100.0,""uptime_shape"":1.5,""user_count"":10,""workload_mode"":""poisson_profile_catalog""}",200,200,25,22,3,21,1,0,0,1,0.8060785039069425,510.31663619028336,0.8477080567633791,5598.235894738261,16,4,2,0,0,38,29,8,15660.74042103719,91.50078881066293,3.660031552426517,5.080333910882473,16,15,0,4731,4249,0,482,256,237,218,78,22260734,prewarm,stability_delay_energy_v4,unified_fixed_point_v3,explicit_snapshot_v1,poisson_profile_catalog_v1,periodic_repository_v1,customized_periodic_pool_v1,empirical_window_beta_v1,slot_up_down_v1,fixed_service_time_v1,fixed_path_v1,full_duplex_shared_heat_v1,deployment_return_energy_v1,periodic_three_objective_v3,discrete_mpc_v1,grid_tkb_v1,arrival_risk_diversity_v1,budgeted_fixed_point_v1,regularized_surrogate_v1,goodput_cost_v1,0.88,0.12,0.84,0.045454545454545456,0.0,1.05,0.64,0.16,0.08,0.0,0.0
system_poisson:poisson_lifecycle_v1:load:38055f9a39b6fd10:periodic_lightweight:r13:s20260732,38055f9a39b6fd10,load,lambda_0.1_periodic_lightweight,lambda_0.1,periodic_lightweight,13,20260732,system_poisson,poisson_lifecycle_v1,poisson_profile_catalog,periodic_lightweight,lightweight,not_applicable,prewarm,measured,measured,fixed,fixed_total,0.1,2570004416ece14a,3e0c88c5a91c29b4,129ee96d2ee5920e,a897565254a74026,"{""algorithm"":""periodic_lightweight"",""alpha_l"":0.7,""alpha_r"":0.8,""availability_fraction"":0.5,""beta_l"":0.4,""beta_r"":0.5,""bootstrap_mode"":""prewarm"",""candidate_fixed_point_damping"":0.5,""candidate_fixed_point_max_iterations"":20,""candidate_fixed_point_relative_tolerance"":0.0001,""cloud_count"":1,""comparison_group"":""lambda_0.1"",""comparison_method"":""periodic_lightweight"",""control_mode"":""fixed"",""downtime_log_mean"":2.5,""downtime_log_sigma"":0.8,""edge_count"":5,""edge_link_factor"":2.0,""experiment_layer"":""system_poisson"",""fixed_online_budget_ms"":10.0,""fixed_planning_interval_slots"":5,""fixed_total_pool_budget"":20,""lambda_g"":0.7,""lambda_h"":0.7,""lambda_per_slot"":0.1,""max_deadline_ms"":1999.0,""min_deadline_ms"":500.0,""minimum_control_window_slots"":5,""minimum_replanning_interval_slots"":2,""name"":""lambda_0.1_periodic_lightweight"",""online_budgets_ms"":[5.0,10.0,20.0],""online_timing_mode"":""measured"",""origin_group_count"":2,""plan_ttl_slots"":20,""planning_candidate_generator_mode"":""lightweight"",""planning_customized_archive_capacity"":64,""planning_customized_generations"":4,""planning_customized_population_size"":12,""planning_deadline_ms"":2000.0,""planning_intervals"":[5,10,20],""planning_runtime_ms"":100.0,""planning_sample_count"":20,""planning_timing_mode"":""measured"",""pool_budget_mode"":""fixed_total"",""profile_count"":2,""slot_count"":200,""slot_length_ms"":100.0,""suite"":""load"",""total_pool_budgets"":[8,20,40],""uptime_scale"":100.0,""uptime_shape"":1.5,""user_count"":10,""workload_mode"":""poisson_profile_catalog""}",200,204,11,11,0,10,1,0,0,1,0.4067302830704981,432.4239581909196,0.8901821820125453,5872.542442132027,11,0,0,0,0,38,37,0,16056.644374039024,41.40283400192857,3.7638940001753243,5.292208981700242,19,18,0,4687,4228,0,459,279,275,294,50,22260735,prewarm,stability_delay_energy_v4,unified_fixed_point_v3,explicit_snapshot_v1,poisson_profile_catalog_v1,periodic_repository_v1,customized_periodic_pool_v1,empirical_window_beta_v1,slot_up_down_v1,fixed_service_time_v1,fixed_path_v1,full_duplex_shared_heat_v1,deployment_return_energy_v1,periodic_three_objective_v3,discrete_mpc_v1,grid_tkb_v1,arrival_risk_diversity_v1,budgeted_fixed_point_v1,regularized_surrogate_v1,goodput_cost_v1,1.0,0.0,0.9090909090909091,0.09090909090909091,0.0,0.4901960784313726,1.0,0.0,0.0,0.0,0.0
system_poisson:poisson_lifecycle_v1:load:38055f9a39b6fd10:periodic_lightweight:r14:s20260733,38055f9a39b6fd10,load,lambda_0.1_periodic_lightweight,lambda_0.1,periodic_lightweight,14,20260733,system_poisson,poisson_lifecycle_v1,poisson_profile_catalog,periodic_lightweight,lightweight,not_applicable,prewarm,measured,measured,fixed,fixed_total,0.1,e549ef942191509c,82b0c7769f30bf5e,487dddf901e999d7,9238a84d7f53868e,"{""algorithm"":""periodic_lightweight"",""alpha_l"":0.7,""alpha_r"":0.8,""availability_fraction"":0.5,""beta_l"":0.4,""beta_r"":0.5,""bootstrap_mode"":""prewarm"",""candidate_fixed_point_damping"":0.5,""candidate_fixed_point_max_iterations"":20,""candidate_fixed_point_relative_tolerance"":0.0001,""cloud_count"":1,""comparison_group"":""lambda_0.1"",""comparison_method"":""periodic_lightweight"",""control_mode"":""fixed"",""downtime_log_mean"":2.5,""downtime_log_sigma"":0.8,""edge_count"":5,""edge_link_factor"":2.0,""experiment_layer"":""system_poisson"",""fixed_online_budget_ms"":10.0,""fixed_planning_interval_slots"":5,""fixed_total_pool_budget"":20,""lambda_g"":0.7,""lambda_h"":0.7,""lambda_per_slot"":0.1,""max_deadline_ms"":1999.0,""min_deadline_ms"":500.0,""minimum_control_window_slots"":5,""minimum_replanning_interval_slots"":2,""name"":""lambda_0.1_periodic_lightweight"",""online_budgets_ms"":[5.0,10.0,20.0],""online_timing_mode"":""measured"",""origin_group_count"":2,""plan_ttl_slots"":20,""planning_candidate_generator_mode"":""lightweight"",""planning_customized_archive_capacity"":64,""planning_customized_generations"":4,""planning_customized_population_size"":12,""planning_deadline_ms"":2000.0,""planning_intervals"":[5,10,20],""planning_runtime_ms"":100.0,""planning_sample_count"":20,""planning_timing_mode"":""measured"",""pool_budget_mode"":""fixed_total"",""profile_count"":2,""slot_count"":200,""slot_length_ms"":100.0,""suite"":""load"",""total_pool_budgets"":[8,20,40],""uptime_scale"":100.0,""uptime_shape"":1.5,""user_count"":10,""workload_mode"":""poisson_profile_catalog""}",200,200,24,22,2,22,0,0,0,1,0.9134348165506125,416.76530314858627,0.8488290638328028,4412.175000073267,17,4,1,0,0,40,38,1,16241.874330327846,79.332166002132,3.3055069167555,4.866583039984107,20,19,0,4914,4319,0,595,311,303,284,78,22260736,prewarm,stability_delay_energy_v4,unified_fixed_point_v3,explicit_snapshot_v1,poisson_profile_catalog_v1,periodic_repository_v1,customized_periodic_pool_v1,empirical_window_beta_v1,slot_up_down_v1,fixed_service_time_v1,fixed_path_v1,full_duplex_shared_heat_v1,deployment_return_energy_v1,periodic_three_objective_v3,discrete_mpc_v1,grid_tkb_v1,arrival_risk_diversity_v1,budgeted_fixed_point_v1,regularized_surrogate_v1,goodput_cost_v1,0.9166666666666666,0.08333333333333333,0.9166666666666666,0.0,0.0,1.1,0.7083333333333334,0.16666666666666666,0.041666666666666664,0.0,0.0
system_poisson:poisson_lifecycle_v1:load:38055f9a39b6fd10:periodic_lightweight:r15:s20260734,38055f9a39b6fd10,load,lambda_0.1_periodic_lightweight,lambda_0.1,periodic_lightweight,15,20260734,system_poisson,poisson_lifecycle_v1,poisson_profile_catalog,periodic_lightweight,lightweight,not_applicable,prewarm,measured,measured,fixed,fixed_total,0.1,9d81372cc2973096,868f2658ddad8015,3f729446f1368d73,554a01216359253d,"{""algorithm"":""periodic_lightweight"",""alpha_l"":0.7,""alpha_r"":0.8,""availability_fraction"":0.5,""beta_l"":0.4,""beta_r"":0.5,""bootstrap_mode"":""prewarm"",""candidate_fixed_point_damping"":0.5,""candidate_fixed_point_max_iterations"":20,""candidate_fixed_point_relative_tolerance"":0.0001,""cloud_count"":1,""comparison_group"":""lambda_0.1"",""comparison_method"":""periodic_lightweight"",""control_mode"":""fixed"",""downtime_log_mean"":2.5,""downtime_log_sigma"":0.8,""edge_count"":5,""edge_link_factor"":2.0,""experiment_layer"":""system_poisson"",""fixed_online_budget_ms"":10.0,""fixed_planning_interval_slots"":5,""fixed_total_pool_budget"":20,""lambda_g"":0.7,""lambda_h"":0.7,""lambda_per_slot"":0.1,""max_deadline_ms"":1999.0,""min_deadline_ms"":500.0,""minimum_control_window_slots"":5,""minimum_replanning_interval_slots"":2,""name"":""lambda_0.1_periodic_lightweight"",""online_budgets_ms"":[5.0,10.0,20.0],""online_timing_mode"":""measured"",""origin_group_count"":2,""plan_ttl_slots"":20,""planning_candidate_generator_mode"":""lightweight"",""planning_customized_archive_capacity"":64,""planning_customized_generations"":4,""planning_customized_population_size"":12,""planning_deadline_ms"":2000.0,""planning_intervals"":[5,10,20],""planning_runtime_ms"":100.0,""planning_sample_count"":20,""planning_timing_mode"":""measured"",""pool_budget_mode"":""fixed_total"",""profile_count"":2,""slot_count"":200,""slot_length_ms"":100.0,""suite"":""load"",""total_pool_budgets"":[8,20,40],""uptime_scale"":100.0,""uptime_shape"":1.5,""user_count"":10,""workload_mode"":""poisson_profile_catalog""}",200,200,15,12,3,10,2,0,0,1,0.36869172097075037,580.9020712753512,0.8341276103240819,4313.6282948007965,10,0,2,0,0,40,40,0,14838.591712643392,58.66496008820832,3.9109973392138877,6.16404099855572,23,22,0,4932,4088,0,844,576,522,452,118,22260737,prewarm,stability_delay_energy_v4,unified_fixed_point_v3,explicit_snapshot_v1,poisson_profile_catalog_v1,periodic_repository_v1,customized_periodic_pool_v1,empirical_window_beta_v1,slot_up_down_v1,fixed_service_time_v1,fixed_path_v1,full_duplex_shared_heat_v1,deployment_return_energy_v1,periodic_three_objective_v3,discrete_mpc_v1,grid_tkb_v1,arrival_risk_diversity_v1,budgeted_fixed_point_v1,regularized_surrogate_v1,goodput_cost_v1,0.8,0.2,0.6666666666666666,0.16666666666666666,0.0,0.5,0.6666666666666666,0.0,0.13333333333333333,0.0,0.0
system_poisson:poisson_lifecycle_v1:load:38055f9a39b6fd10:periodic_lightweight:r16:s20260735,38055f9a39b6fd10,load,lambda_0.1_periodic_lightweight,lambda_0.1,periodic_lightweight,16,20260735,system_poisson,poisson_lifecycle_v1,poisson_profile_catalog,periodic_lightweight,lightweight,not_applicable,prewarm,measured,measured,fixed,fixed_total,0.1,c61c842e17f225e3,3da65bab6008a478,82ab1bf867ad6aef,615e85118266de25,"{""algorithm"":""periodic_lightweight"",""alpha_l"":0.7,""alpha_r"":0.8,""availability_fraction"":0.5,""beta_l"":0.4,""beta_r"":0.5,""bootstrap_mode"":""prewarm"",""candidate_fixed_point_damping"":0.5,""candidate_fixed_point_max_iterations"":20,""candidate_fixed_point_relative_tolerance"":0.0001,""cloud_count"":1,""comparison_group"":""lambda_0.1"",""comparison_method"":""periodic_lightweight"",""control_mode"":""fixed"",""downtime_log_mean"":2.5,""downtime_log_sigma"":0.8,""edge_count"":5,""edge_link_factor"":2.0,""experiment_layer"":""system_poisson"",""fixed_online_budget_ms"":10.0,""fixed_planning_interval_slots"":5,""fixed_total_pool_budget"":20,""lambda_g"":0.7,""lambda_h"":0.7,""lambda_per_slot"":0.1,""max_deadline_ms"":1999.0,""min_deadline_ms"":500.0,""minimum_control_window_slots"":5,""minimum_replanning_interval_slots"":2,""name"":""lambda_0.1_periodic_lightweight"",""online_budgets_ms"":[5.0,10.0,20.0],""online_timing_mode"":""measured"",""origin_group_count"":2,""plan_ttl_slots"":20,""planning_candidate_generator_mode"":""lightweight"",""planning_customized_archive_capacity"":64,""planning_customized_generations"":4,""planning_customized_population_size"":12,""planning_deadline_ms"":2000.0,""planning_intervals"":[5,10,20],""planning_runtime_ms"":100.0,""planning_sample_count"":20,""planning_timing_mode"":""measured"",""pool_budget_mode"":""fixed_total"",""profile_count"":2,""slot_count"":200,""slot_length_ms"":100.0,""suite"":""load"",""total_pool_budgets"":[8,20,40],""uptime_scale"":100.0,""uptime_shape"":1.5,""user_count"":10,""workload_mode"":""poisson_profile_catalog""}",200,200,19,13,6,12,1,0,0,1,0.45317181494331527,613.276505085625,0.8856298340210794,6681.261932974251,10,0,3,0,0,38,36,1,15988.390501704998,49.828375689685345,2.6225460889308074,5.772833013907075,16,15,0,4696,4447,0,249,157,147,156,28,22260738,prewarm,stability_delay_energy_v4,unified_fixed_point_v3,explicit_snapshot_v1,poisson_profile_catalog_v1,periodic_repository_v1,customized_periodic_pool_v1,empirical_window_beta_v1,slot_up_down_v1,fixed_service_time_v1,fixed_path_v1,full_duplex_shared_heat_v1,deployment_return_energy_v1,periodic_three_objective_v3,discrete_mpc_v1,grid_tkb_v1,arrival_risk_diversity_v1,budgeted_fixed_point_v1,regularized_surrogate_v1,goodput_cost_v1,0.6842105263157895,0.3157894736842105,0.631578947368421,0.07692307692307693,0.0,0.6,0.5263157894736842,0.0,0.15789473684210525,0.0,0.0
system_poisson:poisson_lifecycle_v1:load:38055f9a39b6fd10:periodic_lightweight:r17:s20260736,38055f9a39b6fd10,load,lambda_0.1_periodic_lightweight,lambda_0.1,periodic_lightweight,17,20260736,system_poisson,poisson_lifecycle_v1,poisson_profile_catalog,periodic_lightweight,lightweight,not_applicable,prewarm,measured,measured,fixed,fixed_total,0.1,a1e1594e7589a223,d9b518a32809412d,6e04125795db1f29,6d1494c76aa00136,"{""algorithm"":""periodic_lightweight"",""alpha_l"":0.7,""alpha_r"":0.8,""availability_fraction"":0.5,""beta_l"":0.4,""beta_r"":0.5,""bootstrap_mode"":""prewarm"",""candidate_fixed_point_damping"":0.5,""candidate_fixed_point_max_iterations"":20,""candidate_fixed_point_relative_tolerance"":0.0001,""cloud_count"":1,""comparison_group"":""lambda_0.1"",""comparison_method"":""periodic_lightweight"",""control_mode"":""fixed"",""downtime_log_mean"":2.5,""downtime_log_sigma"":0.8,""edge_count"":5,""edge_link_factor"":2.0,""experiment_layer"":""system_poisson"",""fixed_online_budget_ms"":10.0,""fixed_planning_interval_slots"":5,""fixed_total_pool_budget"":20,""lambda_g"":0.7,""lambda_h"":0.7,""lambda_per_slot"":0.1,""max_deadline_ms"":1999.0,""min_deadline_ms"":500.0,""minimum_control_window_slots"":5,""minimum_replanning_interval_slots"":2,""name"":""lambda_0.1_periodic_lightweight"",""online_budgets_ms"":[5.0,10.0,20.0],""online_timing_mode"":""measured"",""origin_group_count"":2,""plan_ttl_slots"":20,""planning_candidate_generator_mode"":""lightweight"",""planning_customized_archive_capacity"":64,""planning_customized_generations"":4,""planning_customized_population_size"":12,""planning_deadline_ms"":2000.0,""planning_intervals"":[5,10,20],""planning_runtime_ms"":100.0,""planning_sample_count"":20,""planning_timing_mode"":""measured"",""pool_budget_mode"":""fixed_total"",""profile_count"":2,""slot_count"":200,""slot_length_ms"":100.0,""suite"":""load"",""total_pool_budgets"":[8,20,40],""uptime_scale"":100.0,""uptime_shape"":1.5,""user_count"":10,""workload_mode"":""poisson_profile_catalog""}",200,200,19,15,4,15,0,2,0,1,0.48367920574725326,760.6859100300718,0.8481624879481857,6164.726677445098,11,2,2,0,0,38,37,0,17254.951628041454,82.26616575848311,4.329798197814901,8.121417020447552,12,11,0,4693,4322,0,371,298,289,264,49,22260739,prewarm,stability_delay_energy_v4,unified_fixed_point_v3,explicit_snapshot_v1,poisson_profile_catalog_v1,periodic_repository_v1,customized_periodic_pool_v1,empirical_window_beta_v1,slot_up_down_v1,fixed_service_time_v1,fixed_path_v1,full_duplex_shared_heat_v1,deployment_return_energy_v1,periodic_three_objective_v3,discrete_mpc_v1,grid_tkb_v1,arrival_risk_diversity_v1,budgeted_fixed_point_v1,regularized_surrogate_v1,goodput_cost_v1,0.7894736842105263,0.21052631578947367,0.7894736842105263,0.0,0.13333333333333333,0.75,0.5789473684210527,0.10526315789473684,0.10526315789473684,0.0,0.0
system_poisson:poisson_lifecycle_v1:load:38055f9a39b6fd10:periodic_lightweight:r18:s20260737,38055f9a39b6fd10,load,lambda_0.1_periodic_lightweight,lambda_0.1,periodic_lightweight,18,20260737,system_poisson,poisson_lifecycle_v1,poisson_profile_catalog,periodic_lightweight,lightweight,not_applicable,prewarm,measured,measured,fixed,fixed_total,0.1,2340d35db3923e87,6c6665153475ebe0,387f1a1f588cf026,fb1a538d3c9d367a,"{""algorithm"":""periodic_lightweight"",""alpha_l"":0.7,""alpha_r"":0.8,""availability_fraction"":0.5,""beta_l"":0.4,""beta_r"":0.5,""bootstrap_mode"":""prewarm"",""candidate_fixed_point_damping"":0.5,""candidate_fixed_point_max_iterations"":20,""candidate_fixed_point_relative_tolerance"":0.0001,""cloud_count"":1,""comparison_group"":""lambda_0.1"",""comparison_method"":""periodic_lightweight"",""control_mode"":""fixed"",""downtime_log_mean"":2.5,""downtime_log_sigma"":0.8,""edge_count"":5,""edge_link_factor"":2.0,""experiment_layer"":""system_poisson"",""fixed_online_budget_ms"":10.0,""fixed_planning_interval_slots"":5,""fixed_total_pool_budget"":20,""lambda_g"":0.7,""lambda_h"":0.7,""lambda_per_slot"":0.1,""max_deadline_ms"":1999.0,""min_deadline_ms"":500.0,""minimum_control_window_slots"":5,""minimum_replanning_interval_slots"":2,""name"":""lambda_0.1_periodic_lightweight"",""online_budgets_ms"":[5.0,10.0,20.0],""online_timing_mode"":""measured"",""origin_group_count"":2,""plan_ttl_slots"":20,""planning_candidate_generator_mode"":""lightweight"",""planning_customized_archive_capacity"":64,""planning_customized_generations"":4,""planning_customized_population_size"":12,""planning_deadline_ms"":2000.0,""planning_intervals"":[5,10,20],""planning_runtime_ms"":100.0,""planning_sample_count"":20,""planning_timing_mode"":""measured"",""pool_budget_mode"":""fixed_total"",""profile_count"":2,""slot_count"":200,""slot_length_ms"":100.0,""suite"":""load"",""total_pool_budgets"":[8,20,40],""uptime_scale"":100.0,""uptime_shape"":1.5,""user_count"":10,""workload_mode"":""poisson_profile_catalog""}",200,200,17,16,1,16,0,0,0,1,0.6608148481051749,387.6594499061761,0.8473644271578626,3798.35170808188,16,0,0,0,0,39,38,0,15608.156455913559,89.97787581756711,5.292816224562771,7.019625045359135,23,22,0,4845,3899,0,946,651,566,503,86,22260740,prewarm,stability_delay_energy_v4,unified_fixed_point_v3,explicit_snapshot_v1,poisson_profile_catalog_v1,periodic_repository_v1,customized_periodic_pool_v1,empirical_window_beta_v1,slot_up_down_v1,fixed_service_time_v1,fixed_path_v1,full_duplex_shared_heat_v1,deployment_return_energy_v1,periodic_three_objective_v3,discrete_mpc_v1,grid_tkb_v1,arrival_risk_diversity_v1,budgeted_fixed_point_v1,regularized_surrogate_v1,goodput_cost_v1,0.9411764705882353,0.058823529411764705,0.9411764705882353,0.0,0.0,0.8,0.9411764705882353,0.0,0.0,0.0,0.0
system_poisson:poisson_lifecycle_v1:load:38055f9a39b6fd10:periodic_lightweight:r19:s20260738,38055f9a39b6fd10,load,lambda_0.1_periodic_lightweight,lambda_0.1,periodic_lightweight,19,20260738,system_poisson,poisson_lifecycle_v1,poisson_profile_catalog,periodic_lightweight,lightweight,not_applicable,prewarm,measured,measured,fixed,fixed_total,0.1,2f8cac81e28c6822,342fe7b24aabf9c9,9df2967f92fc544e,a5b68c6f808e683d,"{""algorithm"":""periodic_lightweight"",""alpha_l"":0.7,""alpha_r"":0.8,""availability_fraction"":0.5,""beta_l"":0.4,""beta_r"":0.5,""bootstrap_mode"":""prewarm"",""candidate_fixed_point_damping"":0.5,""candidate_fixed_point_max_iterations"":20,""candidate_fixed_point_relative_tolerance"":0.0001,""cloud_count"":1,""comparison_group"":""lambda_0.1"",""comparison_method"":""periodic_lightweight"",""control_mode"":""fixed"",""downtime_log_mean"":2.5,""downtime_log_sigma"":0.8,""edge_count"":5,""edge_link_factor"":2.0,""experiment_layer"":""system_poisson"",""fixed_online_budget_ms"":10.0,""fixed_planning_interval_slots"":5,""fixed_total_pool_budget"":20,""lambda_g"":0.7,""lambda_h"":0.7,""lambda_per_slot"":0.1,""max_deadline_ms"":1999.0,""min_deadline_ms"":500.0,""minimum_control_window_slots"":5,""minimum_replanning_interval_slots"":2,""name"":""lambda_0.1_periodic_lightweight"",""online_budgets_ms"":[5.0,10.0,20.0],""online_timing_mode"":""measured"",""origin_group_count"":2,""plan_ttl_slots"":20,""planning_candidate_generator_mode"":""lightweight"",""planning_customized_archive_capacity"":64,""planning_customized_generations"":4,""planning_customized_population_size"":12,""planning_deadline_ms"":2000.0,""planning_intervals"":[5,10,20],""planning_runtime_ms"":100.0,""planning_sample_count"":20,""planning_timing_mode"":""measured"",""pool_budget_mode"":""fixed_total"",""profile_count"":2,""slot_count"":200,""slot_length_ms"":100.0,""suite"":""load"",""total_pool_budgets"":[8,20,40],""uptime_scale"":100.0,""uptime_shape"":1.5,""user_count"":10,""workload_mode"":""poisson_profile_catalog""}",200,201,25,17,8,16,1,0,0,1,0.5952667306403132,684.190775043751,0.8185646212430645,5021.045756810718,15,0,2,0,0,38,29,8,16534.775504027493,70.28595579322428,2.811438231728971,4.711583023890853,17,16,0,4732,4345,0,387,213,175,145,55,22260741,prewarm,stability_delay_energy_v4,unified_fixed_point_v3,explicit_snapshot_v1,poisson_profile_catalog_v1,periodic_repository_v1,customized_periodic_pool_v1,empirical_window_beta_v1,slot_up_down_v1,fixed_service_time_v1,fixed_path_v1,full_duplex_shared_heat_v1,deployment_return_energy_v1,periodic_three_objective_v3,discrete_mpc_v1,grid_tkb_v1,arrival_risk_diversity_v1,budgeted_fixed_point_v1,regularized_surrogate_v1,goodput_cost_v1,0.68,0.32,0.64,0.058823529411764705,0.0,0.7960199004975124,0.6,0.0,0.08,0.0,0.0
system_poisson:poisson_lifecycle_v1:load:cfcc897665e9871f:per_request_customized:r0:s20260719,cfcc897665e9871f,load,lambda_0.1_per_request_customized,lambda_0.1,per_request_customized,0,20260719,system_poisson,poisson_lifecycle_v1,poisson_profile_catalog,per_request_customized,not_applicable,p12_g4_a64,cold_start,measured,measured,fixed,fixed_total,0.1,6d295842eb0296d0,fca0df0e76e8aea8,1a1368a7502ffd8c,c3ade63673949cb4,"{""algorithm"":""per_request_customized"",""alpha_l"":0.7,""alpha_r"":0.8,""availability_fraction"":0.5,""beta_l"":0.4,""beta_r"":0.5,""bootstrap_mode"":""cold_start"",""candidate_fixed_point_damping"":0.5,""candidate_fixed_point_max_iterations"":20,""candidate_fixed_point_relative_tolerance"":0.0001,""cloud_count"":1,""comparison_group"":""lambda_0.1"",""comparison_method"":""per_request_customized"",""control_mode"":""fixed"",""downtime_log_mean"":2.5,""downtime_log_sigma"":0.8,""edge_count"":5,""edge_link_factor"":2.0,""experiment_layer"":""system_poisson"",""fixed_online_budget_ms"":10.0,""fixed_planning_interval_slots"":5,""fixed_total_pool_budget"":20,""lambda_g"":0.7,""lambda_h"":0.7,""lambda_per_slot"":0.1,""max_deadline_ms"":1999.0,""min_deadline_ms"":500.0,""minimum_control_window_slots"":5,""minimum_replanning_interval_slots"":2,""name"":""lambda_0.1_per_request_customized"",""online_budgets_ms"":[5.0,10.0,20.0],""online_timing_mode"":""measured"",""origin_group_count"":2,""plan_ttl_slots"":20,""planning_candidate_generator_mode"":""customized"",""planning_customized_archive_capacity"":64,""planning_customized_generations"":4,""planning_customized_population_size"":12,""planning_deadline_ms"":2000.0,""planning_intervals"":[5,10,20],""planning_runtime_ms"":100.0,""planning_sample_count"":20,""planning_timing_mode"":""measured"",""pool_budget_mode"":""fixed_total"",""profile_count"":2,""slot_count"":200,""slot_length_ms"":100.0,""suite"":""load"",""total_pool_budgets"":[8,20,40],""uptime_scale"":100.0,""uptime_shape"":1.5,""user_count"":10,""workload_mode"":""poisson_profile_catalog""}",200,200,13,9,4,6,3,0,0,1,0.22244971010001752,612.798138696153,0.9010759738745681,4676.759519170469,0,0,0,9,0,0,0,0,0.0,725.7026240695268,55.82327877457898,92.09495794493705,0,0,0,224,189,0,35,0,9,0,0,22260722,cold_start,stability_delay_energy_v4,unified_fixed_point_v3,explicit_snapshot_v1,poisson_profile_catalog_v1,periodic_repository_v1,customized_periodic_pool_v1,empirical_window_beta_v1,slot_up_down_v1,fixed_service_time_v1,fixed_path_v1,full_duplex_shared_heat_v1,deployment_return_energy_v1,periodic_three_objective_v3,discrete_mpc_v1,grid_tkb_v1,arrival_risk_diversity_v1,budgeted_fixed_point_v1,regularized_surrogate_v1,goodput_cost_v1,0.6923076923076923,0.3076923076923077,0.46153846153846156,0.3333333333333333,0.0,0.3,0.0,0.0,0.0,0.6923076923076923,0.0
system_poisson:poisson_lifecycle_v1:load:cfcc897665e9871f:per_request_customized:r1:s20260720,cfcc897665e9871f,load,lambda_0.1_per_request_customized,lambda_0.1,per_request_customized,1,20260720,system_poisson,poisson_lifecycle_v1,poisson_profile_catalog,per_request_customized,not_applicable,p12_g4_a64,cold_start,measured,measured,fixed,fixed_total,0.1,a4f53f5438a025fd,a0ac5e6d1accb3ff,db84540cdd45769d,4948b9b559ca3dae,"{""algorithm"":""per_request_customized"",""alpha_l"":0.7,""alpha_r"":0.8,""availability_fraction"":0.5,""beta_l"":0.4,""beta_r"":0.5,""bootstrap_mode"":""cold_start"",""candidate_fixed_point_damping"":0.5,""candidate_fixed_point_max_iterations"":20,""candidate_fixed_point_relative_tolerance"":0.0001,""cloud_count"":1,""comparison_group"":""lambda_0.1"",""comparison_method"":""per_request_customized"",""control_mode"":""fixed"",""downtime_log_mean"":2.5,""downtime_log_sigma"":0.8,""edge_count"":5,""edge_link_factor"":2.0,""experiment_layer"":""system_poisson"",""fixed_online_budget_ms"":10.0,""fixed_planning_interval_slots"":5,""fixed_total_pool_budget"":20,""lambda_g"":0.7,""lambda_h"":0.7,""lambda_per_slot"":0.1,""max_deadline_ms"":1999.0,""min_deadline_ms"":500.0,""minimum_control_window_slots"":5,""minimum_replanning_interval_slots"":2,""name"":""lambda_0.1_per_request_customized"",""online_budgets_ms"":[5.0,10.0,20.0],""online_timing_mode"":""measured"",""origin_group_count"":2,""plan_ttl_slots"":20,""planning_candidate_generator_mode"":""customized"",""planning_customized_archive_capacity"":64,""planning_customized_generations"":4,""planning_customized_population_size"":12,""planning_deadline_ms"":2000.0,""planning_intervals"":[5,10,20],""planning_runtime_ms"":100.0,""planning_sample_count"":20,""planning_timing_mode"":""measured"",""pool_budget_mode"":""fixed_total"",""profile_count"":2,""slot_count"":200,""slot_length_ms"":100.0,""suite"":""load"",""total_pool_budgets"":[8,20,40],""uptime_scale"":100.0,""uptime_shape"":1.5,""user_count"":10,""workload_mode"":""poisson_profile_catalog""}",200,200,16,14,2,12,2,1,0,1,0.40750763809468066,629.993048164054,0.8734376001421003,7033.069805874781,0,0,0,14,0,0,0,0,0.0,1376.3622069964185,86.02263793727616,212.84670801833272,0,0,0,320,235,0,85,0,14,0,0,22260723,cold_start,stability_delay_energy_v4,unified_fixed_point_v3,explicit_snapshot_v1,poisson_profile_catalog_v1,periodic_repository_v1,customized_periodic_pool_v1,empirical_window_beta_v1,slot_up_down_v1,fixed_service_time_v1,fixed_path_v1,full_duplex_shared_heat_v1,deployment_return_energy_v1,periodic_three_objective_v3,discrete_mpc_v1,grid_tkb_v1,arrival_risk_diversity_v1,budgeted_fixed_point_v1,regularized_surrogate_v1,goodput_cost_v1,0.875,0.125,0.75,0.14285714285714285,0.07142857142857142,0.6,0.0,0.0,0.0,0.875,0.0
system_poisson:poisson_lifecycle_v1:load:cfcc897665e9871f:per_request_customized:r2:s20260721,cfcc897665e9871f,load,lambda_0.1_per_request_customized,lambda_0.1,per_request_customized,2,20260721,system_poisson,poisson_lifecycle_v1,poisson_profile_catalog,per_request_customized,not_applicable,p12_g4_a64,cold_start,measured,measured,fixed,fixed_total,0.1,e1936cba343be935,938f95453f2442e2,a9f529c33a0c0772,b3c97759fa661993,"{""algorithm"":""per_request_customized"",""alpha_l"":0.7,""alpha_r"":0.8,""availability_fraction"":0.5,""beta_l"":0.4,""beta_r"":0.5,""bootstrap_mode"":""cold_start"",""candidate_fixed_point_damping"":0.5,""candidate_fixed_point_max_iterations"":20,""candidate_fixed_point_relative_tolerance"":0.0001,""cloud_count"":1,""comparison_group"":""lambda_0.1"",""comparison_method"":""per_request_customized"",""control_mode"":""fixed"",""downtime_log_mean"":2.5,""downtime_log_sigma"":0.8,""edge_count"":5,""edge_link_factor"":2.0,""experiment_layer"":""system_poisson"",""fixed_online_budget_ms"":10.0,""fixed_planning_interval_slots"":5,""fixed_total_pool_budget"":20,""lambda_g"":0.7,""lambda_h"":0.7,""lambda_per_slot"":0.1,""max_deadline_ms"":1999.0,""min_deadline_ms"":500.0,""minimum_control_window_slots"":5,""minimum_replanning_interval_slots"":2,""name"":""lambda_0.1_per_request_customized"",""online_budgets_ms"":[5.0,10.0,20.0],""online_timing_mode"":""measured"",""origin_group_count"":2,""plan_ttl_slots"":20,""planning_candidate_generator_mode"":""customized"",""planning_customized_archive_capacity"":64,""planning_customized_generations"":4,""planning_customized_population_size"":12,""planning_deadline_ms"":2000.0,""planning_intervals"":[5,10,20],""planning_runtime_ms"":100.0,""planning_sample_count"":20,""planning_timing_mode"":""measured"",""pool_budget_mode"":""fixed_total"",""profile_count"":2,""slot_count"":200,""slot_length_ms"":100.0,""suite"":""load"",""total_pool_budgets"":[8,20,40],""uptime_scale"":100.0,""uptime_shape"":1.5,""user_count"":10,""workload_mode"":""poisson_profile_catalog""}",200,200,16,13,3,13,0,0,0,1,0.5373255218634772,442.4428511151387,0.8765905509273169,5247.497273839142,0,0,0,13,0,0,0,0,0.0,1389.6094590891153,86.8505911930697,110.2205830393359,0,0,0,347,245,0,102,0,13,0,0,22260724,cold_start,stability_delay_energy_v4,unified_fixed_point_v3,explicit_snapshot_v1,poisson_profile_catalog_v1,periodic_repository_v1,customized_periodic_pool_v1,empirical_window_beta_v1,slot_up_down_v1,fixed_service_time_v1,fixed_path_v1,full_duplex_shared_heat_v1,deployment_return_energy_v1,periodic_three_objective_v3,discrete_mpc_v1,grid_tkb_v1,arrival_risk_diversity_v1,budgeted_fixed_point_v1,regularized_surrogate_v1,goodput_cost_v1,0.8125,0.1875,0.8125,0.0,0.0,0.65,0.0,0.0,0.0,0.8125,0.0
system_poisson:poisson_lifecycle_v1:load:cfcc897665e9871f:per_request_customized:r3:s20260722,cfcc897665e9871f,load,lambda_0.1_per_request_customized,lambda_0.1,per_request_customized,3,20260722,system_poisson,poisson_lifecycle_v1,poisson_profile_catalog,per_request_customized,not_applicable,p12_g4_a64,cold_start,measured,measured,fixed,fixed_total,0.1,cad518de228dec43,e2c448830ab998d5,a1065c41e0c1485e,a8d64a668c29fff0,"{""algorithm"":""per_request_customized"",""alpha_l"":0.7,""alpha_r"":0.8,""availability_fraction"":0.5,""beta_l"":0.4,""beta_r"":0.5,""bootstrap_mode"":""cold_start"",""candidate_fixed_point_damping"":0.5,""candidate_fixed_point_max_iterations"":20,""candidate_fixed_point_relative_tolerance"":0.0001,""cloud_count"":1,""comparison_group"":""lambda_0.1"",""comparison_method"":""per_request_customized"",""control_mode"":""fixed"",""downtime_log_mean"":2.5,""downtime_log_sigma"":0.8,""edge_count"":5,""edge_link_factor"":2.0,""experiment_layer"":""system_poisson"",""fixed_online_budget_ms"":10.0,""fixed_planning_interval_slots"":5,""fixed_total_pool_budget"":20,""lambda_g"":0.7,""lambda_h"":0.7,""lambda_per_slot"":0.1,""max_deadline_ms"":1999.0,""min_deadline_ms"":500.0,""minimum_control_window_slots"":5,""minimum_replanning_interval_slots"":2,""name"":""lambda_0.1_per_request_customized"",""online_budgets_ms"":[5.0,10.0,20.0],""online_timing_mode"":""measured"",""origin_group_count"":2,""plan_ttl_slots"":20,""planning_candidate_generator_mode"":""customized"",""planning_customized_archive_capacity"":64,""planning_customized_generations"":4,""planning_customized_population_size"":12,""planning_deadline_ms"":2000.0,""planning_intervals"":[5,10,20],""planning_runtime_ms"":100.0,""planning_sample_count"":20,""planning_timing_mode"":""measured"",""pool_budget_mode"":""fixed_total"",""profile_count"":2,""slot_count"":200,""slot_length_ms"":100.0,""suite"":""load"",""total_pool_budgets"":[8,20,40],""uptime_scale"":100.0,""uptime_shape"":1.5,""user_count"":10,""workload_mode"":""poisson_profile_catalog""}",200,200,20,14,6,14,0,0,0,1,0.5257239246100165,583.8770646696682,0.8565832448021836,4248.836050368793,0,0,0,14,0,0,0,0,0.0,1285.7349957339466,64.28674978669733,86.76529093645513,0,0,0,401,280,0,121,0,14,0,0,22260725,cold_start,stability_delay_energy_v4,unified_fixed_point_v3,explicit_snapshot_v1,poisson_profile_catalog_v1,periodic_repository_v1,customized_periodic_pool_v1,empirical_window_beta_v1,slot_up_down_v1,fixed_service_time_v1,fixed_path_v1,full_duplex_shared_heat_v1,deployment_return_energy_v1,periodic_three_objective_v3,discrete_mpc_v1,grid_tkb_v1,arrival_risk_diversity_v1,budgeted_fixed_point_v1,regularized_surrogate_v1,goodput_cost_v1,0.7,0.3,0.7,0.0,0.0,0.7,0.0,0.0,0.0,0.7,0.0
system_poisson:poisson_lifecycle_v1:load:cfcc897665e9871f:per_request_customized:r4:s20260723,cfcc897665e9871f,load,lambda_0.1_per_request_customized,lambda_0.1,per_request_customized,4,20260723,system_poisson,poisson_lifecycle_v1,poisson_profile_catalog,per_request_customized,not_applicable,p12_g4_a64,cold_start,measured,measured,fixed,fixed_total,0.1,85e4775618fc9271,04cc006508118ace,f39d4ae46d39844b,7df8c4f9894fbd11,"{""algorithm"":""per_request_customized"",""alpha_l"":0.7,""alpha_r"":0.8,""availability_fraction"":0.5,""beta_l"":0.4,""beta_r"":0.5,""bootstrap_mode"":""cold_start"",""candidate_fixed_point_damping"":0.5,""candidate_fixed_point_max_iterations"":20,""candidate_fixed_point_relative_tolerance"":0.0001,""cloud_count"":1,""comparison_group"":""lambda_0.1"",""comparison_method"":""per_request_customized"",""control_mode"":""fixed"",""downtime_log_mean"":2.5,""downtime_log_sigma"":0.8,""edge_count"":5,""edge_link_factor"":2.0,""experiment_layer"":""system_poisson"",""fixed_online_budget_ms"":10.0,""fixed_planning_interval_slots"":5,""fixed_total_pool_budget"":20,""lambda_g"":0.7,""lambda_h"":0.7,""lambda_per_slot"":0.1,""max_deadline_ms"":1999.0,""min_deadline_ms"":500.0,""minimum_control_window_slots"":5,""minimum_replanning_interval_slots"":2,""name"":""lambda_0.1_per_request_customized"",""online_budgets_ms"":[5.0,10.0,20.0],""online_timing_mode"":""measured"",""origin_group_count"":2,""plan_ttl_slots"":20,""planning_candidate_generator_mode"":""customized"",""planning_customized_archive_capacity"":64,""planning_customized_generations"":4,""planning_customized_population_size"":12,""planning_deadline_ms"":2000.0,""planning_intervals"":[5,10,20],""planning_runtime_ms"":100.0,""planning_sample_count"":20,""planning_timing_mode"":""measured"",""pool_budget_mode"":""fixed_total"",""profile_count"":2,""slot_count"":200,""slot_length_ms"":100.0,""suite"":""load"",""total_pool_budgets"":[8,20,40],""uptime_scale"":100.0,""uptime_shape"":1.5,""user_count"":10,""workload_mode"":""poisson_profile_catalog""}",200,200,20,16,4,16,0,0,0,1,0.6224893537226457,587.1898872295159,0.863300905313531,6003.7545201184075,0,0,0,16,0,0,0,0,0.0,1808.2895431434736,90.41447715717368,118.40041703544557,0,0,0,375,267,0,108,0,16,0,0,22260726,cold_start,stability_delay_energy_v4,unified_fixed_point_v3,explicit_snapshot_v1,poisson_profile_catalog_v1,periodic_repository_v1,customized_periodic_pool_v1,empirical_window_beta_v1,slot_up_down_v1,fixed_service_time_v1,fixed_path_v1,full_duplex_shared_heat_v1,deployment_return_energy_v1,periodic_three_objective_v3,discrete_mpc_v1,grid_tkb_v1,arrival_risk_diversity_v1,budgeted_fixed_point_v1,regularized_surrogate_v1,goodput_cost_v1,0.8,0.2,0.8,0.0,0.0,0.8,0.0,0.0,0.0,0.8,0.0
system_poisson:poisson_lifecycle_v1:load:cfcc897665e9871f:per_request_customized:r5:s20260724,cfcc897665e9871f,load,lambda_0.1_per_request_customized,lambda_0.1,per_request_customized,5,20260724,system_poisson,poisson_lifecycle_v1,poisson_profile_catalog,per_request_customized,not_applicable,p12_g4_a64,cold_start,measured,measured,fixed,fixed_total,0.1,d24fe9836276a23a,5f88dfc591596c91,316df9c95c3b7308,c61766e5adeaf7a9,"{""algorithm"":""per_request_customized"",""alpha_l"":0.7,""alpha_r"":0.8,""availability_fraction"":0.5,""beta_l"":0.4,""beta_r"":0.5,""bootstrap_mode"":""cold_start"",""candidate_fixed_point_damping"":0.5,""candidate_fixed_point_max_iterations"":20,""candidate_fixed_point_relative_tolerance"":0.0001,""cloud_count"":1,""comparison_group"":""lambda_0.1"",""comparison_method"":""per_request_customized"",""control_mode"":""fixed"",""downtime_log_mean"":2.5,""downtime_log_sigma"":0.8,""edge_count"":5,""edge_link_factor"":2.0,""experiment_layer"":""system_poisson"",""fixed_online_budget_ms"":10.0,""fixed_planning_interval_slots"":5,""fixed_total_pool_budget"":20,""lambda_g"":0.7,""lambda_h"":0.7,""lambda_per_slot"":0.1,""max_deadline_ms"":1999.0,""min_deadline_ms"":500.0,""minimum_control_window_slots"":5,""minimum_replanning_interval_slots"":2,""name"":""lambda_0.1_per_request_customized"",""online_budgets_ms"":[5.0,10.0,20.0],""online_timing_mode"":""measured"",""origin_group_count"":2,""plan_ttl_slots"":20,""planning_candidate_generator_mode"":""customized"",""planning_customized_archive_capacity"":64,""planning_customized_generations"":4,""planning_customized_population_size"":12,""planning_deadline_ms"":2000.0,""planning_intervals"":[5,10,20],""planning_runtime_ms"":100.0,""planning_sample_count"":20,""planning_timing_mode"":""measured"",""pool_budget_mode"":""fixed_total"",""profile_count"":2,""slot_count"":200,""slot_length_ms"":100.0,""suite"":""load"",""total_pool_budgets"":[8,20,40],""uptime_scale"":100.0,""uptime_shape"":1.5,""user_count"":10,""workload_mode"":""poisson_profile_catalog""}",200,209,32,22,10,20,2,0,0,1,0.7068606618519947,597.9389538933139,0.8549095457183207,4235.443110878117,0,0,0,22,0,0,0,0,0.0,2159.1002087807283,67.47188152439776,106.77912505343556,0,0,0,603,509,0,94,0,22,0,0,22260727,cold_start,stability_delay_energy_v4,unified_fixed_point_v3,explicit_snapshot_v1,poisson_profile_catalog_v1,periodic_repository_v1,customized_periodic_pool_v1,empirical_window_beta_v1,slot_up_down_v1,fixed_service_time_v1,fixed_path_v1,full_duplex_shared_heat_v1,deployment_return_energy_v1,periodic_three_objective_v3,discrete_mpc_v1,grid_tkb_v1,arrival_risk_diversity_v1,budgeted_fixed_point_v1,regularized_surrogate_v1,goodput_cost_v1,0.6875,0.3125,0.625,0.09090909090909091,0.0,0.9569377990430623,0.0,0.0,0.0,0.6875,0.0
system_poisson:poisson_lifecycle_v1:load:cfcc897665e9871f:per_request_customized:r6:s20260725,cfcc897665e9871f,load,lambda_0.1_per_request_customized,lambda_0.1,per_request_customized,6,20260725,system_poisson,poisson_lifecycle_v1,poisson_profile_catalog,per_request_customized,not_applicable,p12_g4_a64,cold_start,measured,measured,fixed,fixed_total,0.1,26abbdd9b75bc615,fc04fea1c464df4f,40245dc6c76b5ccf,b0aa21bae96916c6,"{""algorithm"":""per_request_customized"",""alpha_l"":0.7,""alpha_r"":0.8,""availability_fraction"":0.5,""beta_l"":0.4,""beta_r"":0.5,""bootstrap_mode"":""cold_start"",""candidate_fixed_point_damping"":0.5,""candidate_fixed_point_max_iterations"":20,""candidate_fixed_point_relative_tolerance"":0.0001,""cloud_count"":1,""comparison_group"":""lambda_0.1"",""comparison_method"":""per_request_customized"",""control_mode"":""fixed"",""downtime_log_mean"":2.5,""downtime_log_sigma"":0.8,""edge_count"":5,""edge_link_factor"":2.0,""experiment_layer"":""system_poisson"",""fixed_online_budget_ms"":10.0,""fixed_planning_interval_slots"":5,""fixed_total_pool_budget"":20,""lambda_g"":0.7,""lambda_h"":0.7,""lambda_per_slot"":0.1,""max_deadline_ms"":1999.0,""min_deadline_ms"":500.0,""minimum_control_window_slots"":5,""minimum_replanning_interval_slots"":2,""name"":""lambda_0.1_per_request_customized"",""online_budgets_ms"":[5.0,10.0,20.0],""online_timing_mode"":""measured"",""origin_group_count"":2,""plan_ttl_slots"":20,""planning_candidate_generator_mode"":""customized"",""planning_customized_archive_capacity"":64,""planning_customized_generations"":4,""planning_customized_population_size"":12,""planning_deadline_ms"":2000.0,""planning_intervals"":[5,10,20],""planning_runtime_ms"":100.0,""planning_sample_count"":20,""planning_timing_mode"":""measured"",""pool_budget_mode"":""fixed_total"",""profile_count"":2,""slot_count"":200,""slot_length_ms"":100.0,""suite"":""load"",""total_pool_budgets"":[8,20,40],""uptime_scale"":100.0,""uptime_shape"":1.5,""user_count"":10,""workload_mode"":""poisson_profile_catalog""}",200,204,22,15,7,14,1,0,0,1,0.5101499094450955,595.8372612756114,0.8843449094647939,5464.4389615625305,0,0,0,15,0,0,0,0,0.0,1841.0061241593212,83.68209655269642,144.86629096791148,0,0,0,447,329,0,118,0,15,0,0,22260728,cold_start,stability_delay_energy_v4,unified_fixed_point_v3,explicit_snapshot_v1,poisson_profile_catalog_v1,periodic_repository_v1,customized_periodic_pool_v1,empirical_window_beta_v1,slot_up_down_v1,fixed_service_time_v1,fixed_path_v1,full_duplex_shared_heat_v1,deployment_return_energy_v1,periodic_three_objective_v3,discrete_mpc_v1,grid_tkb_v1,arrival_risk_diversity_v1,budgeted_fixed_point_v1,regularized_surrogate_v1,goodput_cost_v1,0.6818181818181818,0.3181818181818182,0.6363636363636364,0.06666666666666667,0.0,0.6862745098039216,0.0,0.0,0.0,0.6818181818181818,0.0
system_poisson:poisson_lifecycle_v1:load:cfcc897665e9871f:per_request_customized:r7:s20260726,cfcc897665e9871f,load,lambda_0.1_per_request_customized,lambda_0.1,per_request_customized,7,20260726,system_poisson,poisson_lifecycle_v1,poisson_profile_catalog,per_request_customized,not_applicable,p12_g4_a64,cold_start,measured,measured,fixed,fixed_total,0.1,cfb348bc73ed6b08,6c2f0ddd78fdc176,65e967f2a559afca,5d8d75c05ac19d95,"{""algorithm"":""per_request_customized"",""alpha_l"":0.7,""alpha_r"":0.8,""availability_fraction"":0.5,""beta_l"":0.4,""beta_r"":0.5,""bootstrap_mode"":""cold_start"",""candidate_fixed_point_damping"":0.5,""candidate_fixed_point_max_iterations"":20,""candidate_fixed_point_relative_tolerance"":0.0001,""cloud_count"":1,""comparison_group"":""lambda_0.1"",""comparison_method"":""per_request_customized"",""control_mode"":""fixed"",""downtime_log_mean"":2.5,""downtime_log_sigma"":0.8,""edge_count"":5,""edge_link_factor"":2.0,""experiment_layer"":""system_poisson"",""fixed_online_budget_ms"":10.0,""fixed_planning_interval_slots"":5,""fixed_total_pool_budget"":20,""lambda_g"":0.7,""lambda_h"":0.7,""lambda_per_slot"":0.1,""max_deadline_ms"":1999.0,""min_deadline_ms"":500.0,""minimum_control_window_slots"":5,""minimum_replanning_interval_slots"":2,""name"":""lambda_0.1_per_request_customized"",""online_budgets_ms"":[5.0,10.0,20.0],""online_timing_mode"":""measured"",""origin_group_count"":2,""plan_ttl_slots"":20,""planning_candidate_generator_mode"":""customized"",""planning_customized_archive_capacity"":64,""planning_customized_generations"":4,""planning_customized_population_size"":12,""planning_deadline_ms"":2000.0,""planning_intervals"":[5,10,20],""planning_runtime_ms"":100.0,""planning_sample_count"":20,""planning_timing_mode"":""measured"",""pool_budget_mode"":""fixed_total"",""profile_count"":2,""slot_count"":200,""slot_length_ms"":100.0,""suite"":""load"",""total_pool_budgets"":[8,20,40],""uptime_scale"":100.0,""uptime_shape"":1.5,""user_count"":10,""workload_mode"":""poisson_profile_catalog""}",200,200,18,14,4,14,0,0,0,1,0.49975312902788616,845.6853902869151,0.8422398446726145,6302.279925825117,0,0,0,14,0,0,0,0,0.0,1273.8295830786228,70.7683101710346,107.30775003321469,0,0,0,340,253,0,87,0,14,0,0,22260729,cold_start,stability_delay_energy_v4,unified_fixed_point_v3,explicit_snapshot_v1,poisson_profile_catalog_v1,periodic_repository_v1,customized_periodic_pool_v1,empirical_window_beta_v1,slot_up_down_v1,fixed_service_time_v1,fixed_path_v1,full_duplex_shared_heat_v1,deployment_return_energy_v1,periodic_three_objective_v3,discrete_mpc_v1,grid_tkb_v1,arrival_risk_diversity_v1,budgeted_fixed_point_v1,regularized_surrogate_v1,goodput_cost_v1,0.7777777777777778,0.2222222222222222,0.7777777777777778,0.0,0.0,0.7,0.0,0.0,0.0,0.7777777777777778,0.0
system_poisson:poisson_lifecycle_v1:load:cfcc897665e9871f:per_request_customized:r8:s20260727,cfcc897665e9871f,load,lambda_0.1_per_request_customized,lambda_0.1,per_request_customized,8,20260727,system_poisson,poisson_lifecycle_v1,poisson_profile_catalog,per_request_customized,not_applicable,p12_g4_a64,cold_start,measured,measured,fixed,fixed_total,0.1,77262aef7c650c15,adddb8a44db4224c,f2ad514990b2cc90,5f427e7b1456da70,"{""algorithm"":""per_request_customized"",""alpha_l"":0.7,""alpha_r"":0.8,""availability_fraction"":0.5,""beta_l"":0.4,""beta_r"":0.5,""bootstrap_mode"":""cold_start"",""candidate_fixed_point_damping"":0.5,""candidate_fixed_point_max_iterations"":20,""candidate_fixed_point_relative_tolerance"":0.0001,""cloud_count"":1,""comparison_group"":""lambda_0.1"",""comparison_method"":""per_request_customized"",""control_mode"":""fixed"",""downtime_log_mean"":2.5,""downtime_log_sigma"":0.8,""edge_count"":5,""edge_link_factor"":2.0,""experiment_layer"":""system_poisson"",""fixed_online_budget_ms"":10.0,""fixed_planning_interval_slots"":5,""fixed_total_pool_budget"":20,""lambda_g"":0.7,""lambda_h"":0.7,""lambda_per_slot"":0.1,""max_deadline_ms"":1999.0,""min_deadline_ms"":500.0,""minimum_control_window_slots"":5,""minimum_replanning_interval_slots"":2,""name"":""lambda_0.1_per_request_customized"",""online_budgets_ms"":[5.0,10.0,20.0],""online_timing_mode"":""measured"",""origin_group_count"":2,""plan_ttl_slots"":20,""planning_candidate_generator_mode"":""customized"",""planning_customized_archive_capacity"":64,""planning_customized_generations"":4,""planning_customized_population_size"":12,""planning_deadline_ms"":2000.0,""planning_intervals"":[5,10,20],""planning_runtime_ms"":100.0,""planning_sample_count"":20,""planning_timing_mode"":""measured"",""pool_budget_mode"":""fixed_total"",""profile_count"":2,""slot_count"":200,""slot_length_ms"":100.0,""suite"":""load"",""total_pool_budgets"":[8,20,40],""uptime_scale"":100.0,""uptime_shape"":1.5,""user_count"":10,""workload_mode"":""poisson_profile_catalog""}",200,200,16,11,5,10,1,1,0,1,0.33789423559458454,701.6984157625081,0.8564022818688887,6660.87446215616,0,0,0,11,0,0,0,0,0.0,1333.9447090402246,83.37154431501403,179.76083303801715,0,0,0,331,222,0,109,0,11,0,0,22260730,cold_start,stability_delay_energy_v4,unified_fixed_point_v3,explicit_snapshot_v1,poisson_profile_catalog_v1,periodic_repository_v1,customized_periodic_pool_v1,empirical_window_beta_v1,slot_up_down_v1,fixed_service_time_v1,fixed_path_v1,full_duplex_shared_heat_v1,deployment_return_energy_v1,periodic_three_objective_v3,discrete_mpc_v1,grid_tkb_v1,arrival_risk_diversity_v1,budgeted_fixed_point_v1,regularized_surrogate_v1,goodput_cost_v1,0.6875,0.3125,0.625,0.09090909090909091,0.09090909090909091,0.5,0.0,0.0,0.0,0.6875,0.0
system_poisson:poisson_lifecycle_v1:load:cfcc897665e9871f:per_request_customized:r9:s20260728,cfcc897665e9871f,load,lambda_0.1_per_request_customized,lambda_0.1,per_request_customized,9,20260728,system_poisson,poisson_lifecycle_v1,poisson_profile_catalog,per_request_customized,not_applicable,p12_g4_a64,cold_start,measured,measured,fixed,fixed_total,0.1,51994d7f38a9b2d2,94c502adeeb85260,22fc4efd87a4ea78,58651f60c37cc329,"{""algorithm"":""per_request_customized"",""alpha_l"":0.7,""alpha_r"":0.8,""availability_fraction"":0.5,""beta_l"":0.4,""beta_r"":0.5,""bootstrap_mode"":""cold_start"",""candidate_fixed_point_damping"":0.5,""candidate_fixed_point_max_iterations"":20,""candidate_fixed_point_relative_tolerance"":0.0001,""cloud_count"":1,""comparison_group"":""lambda_0.1"",""comparison_method"":""per_request_customized"",""control_mode"":""fixed"",""downtime_log_mean"":2.5,""downtime_log_sigma"":0.8,""edge_count"":5,""edge_link_factor"":2.0,""experiment_layer"":""system_poisson"",""fixed_online_budget_ms"":10.0,""fixed_planning_interval_slots"":5,""fixed_total_pool_budget"":20,""lambda_g"":0.7,""lambda_h"":0.7,""lambda_per_slot"":0.1,""max_deadline_ms"":1999.0,""min_deadline_ms"":500.0,""minimum_control_window_slots"":5,""minimum_replanning_interval_slots"":2,""name"":""lambda_0.1_per_request_customized"",""online_budgets_ms"":[5.0,10.0,20.0],""online_timing_mode"":""measured"",""origin_group_count"":2,""plan_ttl_slots"":20,""planning_candidate_generator_mode"":""customized"",""planning_customized_archive_capacity"":64,""planning_customized_generations"":4,""planning_customized_population_size"":12,""planning_deadline_ms"":2000.0,""planning_intervals"":[5,10,20],""planning_runtime_ms"":100.0,""planning_sample_count"":20,""planning_timing_mode"":""measured"",""pool_budget_mode"":""fixed_total"",""profile_count"":2,""slot_count"":200,""slot_length_ms"":100.0,""suite"":""load"",""total_pool_budgets"":[8,20,40],""uptime_scale"":100.0,""uptime_shape"":1.5,""user_count"":10,""workload_mode"":""poisson_profile_catalog""}",200,200,21,19,2,17,2,1,0,1,0.6376561644719555,472.550144675973,0.8823165655782358,5212.949865847146,0,0,0,19,0,0,0,0,0.0,1386.9494617683813,66.04521246516101,93.25124998576939,0,0,0,479,184,0,295,0,19,0,0,22260731,cold_start,stability_delay_energy_v4,unified_fixed_point_v3,explicit_snapshot_v1,poisson_profile_catalog_v1,periodic_repository_v1,customized_periodic_pool_v1,empirical_window_beta_v1,slot_up_down_v1,fixed_service_time_v1,fixed_path_v1,full_duplex_shared_heat_v1,deployment_return_energy_v1,periodic_three_objective_v3,discrete_mpc_v1,grid_tkb_v1,arrival_risk_diversity_v1,budgeted_fixed_point_v1,regularized_surrogate_v1,goodput_cost_v1,0.9047619047619048,0.09523809523809523,0.8095238095238095,0.10526315789473684,0.05263157894736842,0.85,0.0,0.0,0.0,0.9047619047619048,0.0
system_poisson:poisson_lifecycle_v1:load:cfcc897665e9871f:per_request_customized:r10:s20260729,cfcc897665e9871f,load,lambda_0.1_per_request_customized,lambda_0.1,per_request_customized,10,20260729,system_poisson,poisson_lifecycle_v1,poisson_profile_catalog,per_request_customized,not_applicable,p12_g4_a64,cold_start,measured,measured,fixed,fixed_total,0.1,5b8d17f0ef7f4099,329b4f7d21be54ff,36fdd7b726f34596,5bfdd62f4d90fc6a,"{""algorithm"":""per_request_customized"",""alpha_l"":0.7,""alpha_r"":0.8,""availability_fraction"":0.5,""beta_l"":0.4,""beta_r"":0.5,""bootstrap_mode"":""cold_start"",""candidate_fixed_point_damping"":0.5,""candidate_fixed_point_max_iterations"":20,""candidate_fixed_point_relative_tolerance"":0.0001,""cloud_count"":1,""comparison_group"":""lambda_0.1"",""comparison_method"":""per_request_customized"",""control_mode"":""fixed"",""downtime_log_mean"":2.5,""downtime_log_sigma"":0.8,""edge_count"":5,""edge_link_factor"":2.0,""experiment_layer"":""system_poisson"",""fixed_online_budget_ms"":10.0,""fixed_planning_interval_slots"":5,""fixed_total_pool_budget"":20,""lambda_g"":0.7,""lambda_h"":0.7,""lambda_per_slot"":0.1,""max_deadline_ms"":1999.0,""min_deadline_ms"":500.0,""minimum_control_window_slots"":5,""minimum_replanning_interval_slots"":2,""name"":""lambda_0.1_per_request_customized"",""online_budgets_ms"":[5.0,10.0,20.0],""online_timing_mode"":""measured"",""origin_group_count"":2,""plan_ttl_slots"":20,""planning_candidate_generator_mode"":""customized"",""planning_customized_archive_capacity"":64,""planning_customized_generations"":4,""planning_customized_population_size"":12,""planning_deadline_ms"":2000.0,""planning_intervals"":[5,10,20],""planning_runtime_ms"":100.0,""planning_sample_count"":20,""planning_timing_mode"":""measured"",""pool_budget_mode"":""fixed_total"",""profile_count"":2,""slot_count"":200,""slot_length_ms"":100.0,""suite"":""load"",""total_pool_budgets"":[8,20,40],""uptime_scale"":100.0,""uptime_shape"":1.5,""user_count"":10,""workload_mode"":""poisson_profile_catalog""}",200,203,21,20,1,19,1,0,0,1,0.7528506628743383,438.0285055019097,0.8455558380166334,4099.203445478292,0,0,0,20,0,0,0,0,0.0,1587.4210828915238,75.5914801376916,107.18974994961172,0,0,0,464,200,0,264,0,20,0,0,22260732,cold_start,stability_delay_energy_v4,unified_fixed_point_v3,explicit_snapshot_v1,poisson_profile_catalog_v1,periodic_repository_v1,customized_periodic_pool_v1,empirical_window_beta_v1,slot_up_down_v1,fixed_service_time_v1,fixed_path_v1,full_duplex_shared_heat_v1,deployment_return_energy_v1,periodic_three_objective_v3,discrete_mpc_v1,grid_tkb_v1,arrival_risk_diversity_v1,budgeted_fixed_point_v1,regularized_surrogate_v1,goodput_cost_v1,0.9523809523809523,0.047619047619047616,0.9047619047619048,0.05,0.0,0.9359605911330049,0.0,0.0,0.0,0.9523809523809523,0.0
system_poisson:poisson_lifecycle_v1:load:cfcc897665e9871f:per_request_customized:r11:s20260730,cfcc897665e9871f,load,lambda_0.1_per_request_customized,lambda_0.1,per_request_customized,11,20260730,system_poisson,poisson_lifecycle_v1,poisson_profile_catalog,per_request_customized,not_applicable,p12_g4_a64,cold_start,measured,measured,fixed,fixed_total,0.1,30f077b6e956d2e4,a9f113d17c0a9b50,eea59528592b1194,2fbd8cdb625c9aae,"{""algorithm"":""per_request_customized"",""alpha_l"":0.7,""alpha_r"":0.8,""availability_fraction"":0.5,""beta_l"":0.4,""beta_r"":0.5,""bootstrap_mode"":""cold_start"",""candidate_fixed_point_damping"":0.5,""candidate_fixed_point_max_iterations"":20,""candidate_fixed_point_relative_tolerance"":0.0001,""cloud_count"":1,""comparison_group"":""lambda_0.1"",""comparison_method"":""per_request_customized"",""control_mode"":""fixed"",""downtime_log_mean"":2.5,""downtime_log_sigma"":0.8,""edge_count"":5,""edge_link_factor"":2.0,""experiment_layer"":""system_poisson"",""fixed_online_budget_ms"":10.0,""fixed_planning_interval_slots"":5,""fixed_total_pool_budget"":20,""lambda_g"":0.7,""lambda_h"":0.7,""lambda_per_slot"":0.1,""max_deadline_ms"":1999.0,""min_deadline_ms"":500.0,""minimum_control_window_slots"":5,""minimum_replanning_interval_slots"":2,""name"":""lambda_0.1_per_request_customized"",""online_budgets_ms"":[5.0,10.0,20.0],""online_timing_mode"":""measured"",""origin_group_count"":2,""plan_ttl_slots"":20,""planning_candidate_generator_mode"":""customized"",""planning_customized_archive_capacity"":64,""planning_customized_generations"":4,""planning_customized_population_size"":12,""planning_deadline_ms"":2000.0,""planning_intervals"":[5,10,20],""planning_runtime_ms"":100.0,""planning_sample_count"":20,""planning_timing_mode"":""measured"",""pool_budget_mode"":""fixed_total"",""profile_count"":2,""slot_count"":200,""slot_length_ms"":100.0,""suite"":""load"",""total_pool_budgets"":[8,20,40],""uptime_scale"":100.0,""uptime_shape"":1.5,""user_count"":10,""workload_mode"":""poisson_profile_catalog""}",200,200,15,14,1,14,0,0,0,1,0.5733475420894967,348.49366582711144,0.8780865331961349,4656.869412024879,0,0,0,14,0,0,0,0,0.0,1215.4678740771487,81.03119160514325,138.80487496498972,0,0,0,315,228,0,87,0,14,0,0,22260733,cold_start,stability_delay_energy_v4,unified_fixed_point_v3,explicit_snapshot_v1,poisson_profile_catalog_v1,periodic_repository_v1,customized_periodic_pool_v1,empirical_window_beta_v1,slot_up_down_v1,fixed_service_time_v1,fixed_path_v1,full_duplex_shared_heat_v1,deployment_return_energy_v1,periodic_three_objective_v3,discrete_mpc_v1,grid_tkb_v1,arrival_risk_diversity_v1,budgeted_fixed_point_v1,regularized_surrogate_v1,goodput_cost_v1,0.9333333333333333,0.06666666666666667,0.9333333333333333,0.0,0.0,0.7,0.0,0.0,0.0,0.9333333333333333,0.0
system_poisson:poisson_lifecycle_v1:load:cfcc897665e9871f:per_request_customized:r12:s20260731,cfcc897665e9871f,load,lambda_0.1_per_request_customized,lambda_0.1,per_request_customized,12,20260731,system_poisson,poisson_lifecycle_v1,poisson_profile_catalog,per_request_customized,not_applicable,p12_g4_a64,cold_start,measured,measured,fixed,fixed_total,0.1,c8a1c19b9973aa96,c57247db4e0508db,c982f2cba16e3f0d,5615e2a246665bbb,"{""algorithm"":""per_request_customized"",""alpha_l"":0.7,""alpha_r"":0.8,""availability_fraction"":0.5,""beta_l"":0.4,""beta_r"":0.5,""bootstrap_mode"":""cold_start"",""candidate_fixed_point_damping"":0.5,""candidate_fixed_point_max_iterations"":20,""candidate_fixed_point_relative_tolerance"":0.0001,""cloud_count"":1,""comparison_group"":""lambda_0.1"",""comparison_method"":""per_request_customized"",""control_mode"":""fixed"",""downtime_log_mean"":2.5,""downtime_log_sigma"":0.8,""edge_count"":5,""edge_link_factor"":2.0,""experiment_layer"":""system_poisson"",""fixed_online_budget_ms"":10.0,""fixed_planning_interval_slots"":5,""fixed_total_pool_budget"":20,""lambda_g"":0.7,""lambda_h"":0.7,""lambda_per_slot"":0.1,""max_deadline_ms"":1999.0,""min_deadline_ms"":500.0,""minimum_control_window_slots"":5,""minimum_replanning_interval_slots"":2,""name"":""lambda_0.1_per_request_customized"",""online_budgets_ms"":[5.0,10.0,20.0],""online_timing_mode"":""measured"",""origin_group_count"":2,""plan_ttl_slots"":20,""planning_candidate_generator_mode"":""customized"",""planning_customized_archive_capacity"":64,""planning_customized_generations"":4,""planning_customized_population_size"":12,""planning_deadline_ms"":2000.0,""planning_intervals"":[5,10,20],""planning_runtime_ms"":100.0,""planning_sample_count"":20,""planning_timing_mode"":""measured"",""pool_budget_mode"":""fixed_total"",""profile_count"":2,""slot_count"":200,""slot_length_ms"":100.0,""suite"":""load"",""total_pool_budgets"":[8,20,40],""uptime_scale"":100.0,""uptime_shape"":1.5,""user_count"":10,""workload_mode"":""poisson_profile_catalog""}",200,200,25,17,8,15,2,0,0,1,0.5614175808512385,580.2952273710066,0.8653335797363333,6724.024437305598,0,0,0,17,0,0,0,0,0.0,2064.5074208732694,82.58029683493078,120.594208012335,0,0,0,521,399,0,122,0,17,0,0,22260734,cold_start,stability_delay_energy_v4,unified_fixed_point_v3,explicit_snapshot_v1,poisson_profile_catalog_v1,periodic_repository_v1,customized_periodic_pool_v1,empirical_window_beta_v1,slot_up_down_v1,fixed_service_time_v1,fixed_path_v1,full_duplex_shared_heat_v1,deployment_return_energy_v1,periodic_three_objective_v3,discrete_mpc_v1,grid_tkb_v1,arrival_risk_diversity_v1,budgeted_fixed_point_v1,regularized_surrogate_v1,goodput_cost_v1,0.68,0.32,0.6,0.11764705882352941,0.0,0.75,0.0,0.0,0.0,0.68,0.0
system_poisson:poisson_lifecycle_v1:load:cfcc897665e9871f:per_request_customized:r13:s20260732,cfcc897665e9871f,load,lambda_0.1_per_request_customized,lambda_0.1,per_request_customized,13,20260732,system_poisson,poisson_lifecycle_v1,poisson_profile_catalog,per_request_customized,not_applicable,p12_g4_a64,cold_start,measured,measured,fixed,fixed_total,0.1,2570004416ece14a,3e0c88c5a91c29b4,129ee96d2ee5920e,a897565254a74026,"{""algorithm"":""per_request_customized"",""alpha_l"":0.7,""alpha_r"":0.8,""availability_fraction"":0.5,""beta_l"":0.4,""beta_r"":0.5,""bootstrap_mode"":""cold_start"",""candidate_fixed_point_damping"":0.5,""candidate_fixed_point_max_iterations"":20,""candidate_fixed_point_relative_tolerance"":0.0001,""cloud_count"":1,""comparison_group"":""lambda_0.1"",""comparison_method"":""per_request_customized"",""control_mode"":""fixed"",""downtime_log_mean"":2.5,""downtime_log_sigma"":0.8,""edge_count"":5,""edge_link_factor"":2.0,""experiment_layer"":""system_poisson"",""fixed_online_budget_ms"":10.0,""fixed_planning_interval_slots"":5,""fixed_total_pool_budget"":20,""lambda_g"":0.7,""lambda_h"":0.7,""lambda_per_slot"":0.1,""max_deadline_ms"":1999.0,""min_deadline_ms"":500.0,""minimum_control_window_slots"":5,""minimum_replanning_interval_slots"":2,""name"":""lambda_0.1_per_request_customized"",""online_budgets_ms"":[5.0,10.0,20.0],""online_timing_mode"":""measured"",""origin_group_count"":2,""plan_ttl_slots"":20,""planning_candidate_generator_mode"":""customized"",""planning_customized_archive_capacity"":64,""planning_customized_generations"":4,""planning_customized_population_size"":12,""planning_deadline_ms"":2000.0,""planning_intervals"":[5,10,20],""planning_runtime_ms"":100.0,""planning_sample_count"":20,""planning_timing_mode"":""measured"",""pool_budget_mode"":""fixed_total"",""profile_count"":2,""slot_count"":200,""slot_length_ms"":100.0,""suite"":""load"",""total_pool_budgets"":[8,20,40],""uptime_scale"":100.0,""uptime_shape"":1.5,""user_count"":10,""workload_mode"":""poisson_profile_catalog""}",200,204,11,11,0,9,2,0,0,1,0.3665582272260533,434.7186088818133,0.9072316740634268,6224.957972324362,0,0,0,11,0,0,0,0,0.0,941.5299991378561,85.59363628525965,115.35450001247227,0,0,0,259,117,0,142,0,11,0,0,22260735,cold_start,stability_delay_energy_v4,unified_fixed_point_v3,explicit_snapshot_v1,poisson_profile_catalog_v1,periodic_repository_v1,customized_periodic_pool_v1,empirical_window_beta_v1,slot_up_down_v1,fixed_service_time_v1,fixed_path_v1,full_duplex_shared_heat_v1,deployment_return_energy_v1,periodic_three_objective_v3,discrete_mpc_v1,grid_tkb_v1,arrival_risk_diversity_v1,budgeted_fixed_point_v1,regularized_surrogate_v1,goodput_cost_v1,1.0,0.0,0.8181818181818182,0.18181818181818182,0.0,0.44117647058823534,0.0,0.0,0.0,1.0,0.0
system_poisson:poisson_lifecycle_v1:load:cfcc897665e9871f:per_request_customized:r14:s20260733,cfcc897665e9871f,load,lambda_0.1_per_request_customized,lambda_0.1,per_request_customized,14,20260733,system_poisson,poisson_lifecycle_v1,poisson_profile_catalog,per_request_customized,not_applicable,p12_g4_a64,cold_start,measured,measured,fixed,fixed_total,0.1,e549ef942191509c,82b0c7769f30bf5e,487dddf901e999d7,9238a84d7f53868e,"{""algorithm"":""per_request_customized"",""alpha_l"":0.7,""alpha_r"":0.8,""availability_fraction"":0.5,""beta_l"":0.4,""beta_r"":0.5,""bootstrap_mode"":""cold_start"",""candidate_fixed_point_damping"":0.5,""candidate_fixed_point_max_iterations"":20,""candidate_fixed_point_relative_tolerance"":0.0001,""cloud_count"":1,""comparison_group"":""lambda_0.1"",""comparison_method"":""per_request_customized"",""control_mode"":""fixed"",""downtime_log_mean"":2.5,""downtime_log_sigma"":0.8,""edge_count"":5,""edge_link_factor"":2.0,""experiment_layer"":""system_poisson"",""fixed_online_budget_ms"":10.0,""fixed_planning_interval_slots"":5,""fixed_total_pool_budget"":20,""lambda_g"":0.7,""lambda_h"":0.7,""lambda_per_slot"":0.1,""max_deadline_ms"":1999.0,""min_deadline_ms"":500.0,""minimum_control_window_slots"":5,""minimum_replanning_interval_slots"":2,""name"":""lambda_0.1_per_request_customized"",""online_budgets_ms"":[5.0,10.0,20.0],""online_timing_mode"":""measured"",""origin_group_count"":2,""plan_ttl_slots"":20,""planning_candidate_generator_mode"":""customized"",""planning_customized_archive_capacity"":64,""planning_customized_generations"":4,""planning_customized_population_size"":12,""planning_deadline_ms"":2000.0,""planning_intervals"":[5,10,20],""planning_runtime_ms"":100.0,""planning_sample_count"":20,""planning_timing_mode"":""measured"",""pool_budget_mode"":""fixed_total"",""profile_count"":2,""slot_count"":200,""slot_length_ms"":100.0,""suite"":""load"",""total_pool_budgets"":[8,20,40],""uptime_scale"":100.0,""uptime_shape"":1.5,""user_count"":10,""workload_mode"":""poisson_profile_catalog""}",200,200,24,19,5,19,0,0,0,1,0.7440334819048935,603.3670670157975,0.8597240745537277,5263.778114820433,0,0,0,19,0,0,0,0,0.0,1803.3195849275216,75.13831603864674,107.32341697439551,0,0,0,485,360,0,125,0,19,0,0,22260736,cold_start,stability_delay_energy_v4,unified_fixed_point_v3,explicit_snapshot_v1,poisson_profile_catalog_v1,periodic_repository_v1,customized_periodic_pool_v1,empirical_window_beta_v1,slot_up_down_v1,fixed_service_time_v1,fixed_path_v1,full_duplex_shared_heat_v1,deployment_return_energy_v1,periodic_three_objective_v3,discrete_mpc_v1,grid_tkb_v1,arrival_risk_diversity_v1,budgeted_fixed_point_v1,regularized_surrogate_v1,goodput_cost_v1,0.7916666666666666,0.20833333333333334,0.7916666666666666,0.0,0.0,0.95,0.0,0.0,0.0,0.7916666666666666,0.0
system_poisson:poisson_lifecycle_v1:load:cfcc897665e9871f:per_request_customized:r15:s20260734,cfcc897665e9871f,load,lambda_0.1_per_request_customized,lambda_0.1,per_request_customized,15,20260734,system_poisson,poisson_lifecycle_v1,poisson_profile_catalog,per_request_customized,not_applicable,p12_g4_a64,cold_start,measured,measured,fixed,fixed_total,0.1,9d81372cc2973096,868f2658ddad8015,3f729446f1368d73,554a01216359253d,"{""algorithm"":""per_request_customized"",""alpha_l"":0.7,""alpha_r"":0.8,""availability_fraction"":0.5,""beta_l"":0.4,""beta_r"":0.5,""bootstrap_mode"":""cold_start"",""candidate_fixed_point_damping"":0.5,""candidate_fixed_point_max_iterations"":20,""candidate_fixed_point_relative_tolerance"":0.0001,""cloud_count"":1,""comparison_group"":""lambda_0.1"",""comparison_method"":""per_request_customized"",""control_mode"":""fixed"",""downtime_log_mean"":2.5,""downtime_log_sigma"":0.8,""edge_count"":5,""edge_link_factor"":2.0,""experiment_layer"":""system_poisson"",""fixed_online_budget_ms"":10.0,""fixed_planning_interval_slots"":5,""fixed_total_pool_budget"":20,""lambda_g"":0.7,""lambda_h"":0.7,""lambda_per_slot"":0.1,""max_deadline_ms"":1999.0,""min_deadline_ms"":500.0,""minimum_control_window_slots"":5,""minimum_replanning_interval_slots"":2,""name"":""lambda_0.1_per_request_customized"",""online_budgets_ms"":[5.0,10.0,20.0],""online_timing_mode"":""measured"",""origin_group_count"":2,""plan_ttl_slots"":20,""planning_candidate_generator_mode"":""customized"",""planning_customized_archive_capacity"":64,""planning_customized_generations"":4,""planning_customized_population_size"":12,""planning_deadline_ms"":2000.0,""planning_intervals"":[5,10,20],""planning_runtime_ms"":100.0,""planning_sample_count"":20,""planning_timing_mode"":""measured"",""pool_budget_mode"":""fixed_total"",""profile_count"":2,""slot_count"":200,""slot_length_ms"":100.0,""suite"":""load"",""total_pool_budgets"":[8,20,40],""uptime_scale"":100.0,""uptime_shape"":1.5,""user_count"":10,""workload_mode"":""poisson_profile_catalog""}",200,200,15,12,3,11,1,1,0,1,0.35586720169456065,765.974442363021,0.8422682616043992,5199.8271484955585,0,0,0,12,0,0,0,0,0.0,907.2796701220796,60.48531134147197,85.7971670338884,0,0,0,294,225,0,69,0,12,0,0,22260737,cold_start,stability_delay_energy_v4,unified_fixed_point_v3,explicit_snapshot_v1,poisson_profile_catalog_v1,periodic_repository_v1,customized_periodic_pool_v1,empirical_window_beta_v1,slot_up_down_v1,fixed_service_time_v1,fixed_path_v1,full_duplex_shared_heat_v1,deployment_return_energy_v1,periodic_three_objective_v3,discrete_mpc_v1,grid_tkb_v1,arrival_risk_diversity_v1,budgeted_fixed_point_v1,regularized_surrogate_v1,goodput_cost_v1,0.8,0.2,0.7333333333333333,0.08333333333333333,0.08333333333333333,0.55,0.0,0.0,0.0,0.8,0.0
system_poisson:poisson_lifecycle_v1:load:cfcc897665e9871f:per_request_customized:r16:s20260735,cfcc897665e9871f,load,lambda_0.1_per_request_customized,lambda_0.1,per_request_customized,16,20260735,system_poisson,poisson_lifecycle_v1,poisson_profile_catalog,per_request_customized,not_applicable,p12_g4_a64,cold_start,measured,measured,fixed,fixed_total,0.1,c61c842e17f225e3,3da65bab6008a478,82ab1bf867ad6aef,615e85118266de25,"{""algorithm"":""per_request_customized"",""alpha_l"":0.7,""alpha_r"":0.8,""availability_fraction"":0.5,""beta_l"":0.4,""beta_r"":0.5,""bootstrap_mode"":""cold_start"",""candidate_fixed_point_damping"":0.5,""candidate_fixed_point_max_iterations"":20,""candidate_fixed_point_relative_tolerance"":0.0001,""cloud_count"":1,""comparison_group"":""lambda_0.1"",""comparison_method"":""per_request_customized"",""control_mode"":""fixed"",""downtime_log_mean"":2.5,""downtime_log_sigma"":0.8,""edge_count"":5,""edge_link_factor"":2.0,""experiment_layer"":""system_poisson"",""fixed_online_budget_ms"":10.0,""fixed_planning_interval_slots"":5,""fixed_total_pool_budget"":20,""lambda_g"":0.7,""lambda_h"":0.7,""lambda_per_slot"":0.1,""max_deadline_ms"":1999.0,""min_deadline_ms"":500.0,""minimum_control_window_slots"":5,""minimum_replanning_interval_slots"":2,""name"":""lambda_0.1_per_request_customized"",""online_budgets_ms"":[5.0,10.0,20.0],""online_timing_mode"":""measured"",""origin_group_count"":2,""plan_ttl_slots"":20,""planning_candidate_generator_mode"":""customized"",""planning_customized_archive_capacity"":64,""planning_customized_generations"":4,""planning_customized_population_size"":12,""planning_deadline_ms"":2000.0,""planning_intervals"":[5,10,20],""planning_runtime_ms"":100.0,""planning_sample_count"":20,""planning_timing_mode"":""measured"",""pool_budget_mode"":""fixed_total"",""profile_count"":2,""slot_count"":200,""slot_length_ms"":100.0,""suite"":""load"",""total_pool_budgets"":[8,20,40],""uptime_scale"":100.0,""uptime_shape"":1.5,""user_count"":10,""workload_mode"":""poisson_profile_catalog""}",200,201,19,12,7,10,2,0,0,1,0.37417834204196365,731.9350212476606,0.8928721599752723,6818.073404537993,0,0,0,12,0,0,0,0,0.0,1744.0567082958296,91.79245833135946,182.32845899183303,0,0,0,390,309,0,81,0,12,0,0,22260738,cold_start,stability_delay_energy_v4,unified_fixed_point_v3,explicit_snapshot_v1,poisson_profile_catalog_v1,periodic_repository_v1,customized_periodic_pool_v1,empirical_window_beta_v1,slot_up_down_v1,fixed_service_time_v1,fixed_path_v1,full_duplex_shared_heat_v1,deployment_return_energy_v1,periodic_three_objective_v3,discrete_mpc_v1,grid_tkb_v1,arrival_risk_diversity_v1,budgeted_fixed_point_v1,regularized_surrogate_v1,goodput_cost_v1,0.631578947368421,0.3684210526315789,0.5263157894736842,0.16666666666666666,0.0,0.49751243781094523,0.0,0.0,0.0,0.631578947368421,0.0
system_poisson:poisson_lifecycle_v1:load:cfcc897665e9871f:per_request_customized:r17:s20260736,cfcc897665e9871f,load,lambda_0.1_per_request_customized,lambda_0.1,per_request_customized,17,20260736,system_poisson,poisson_lifecycle_v1,poisson_profile_catalog,per_request_customized,not_applicable,p12_g4_a64,cold_start,measured,measured,fixed,fixed_total,0.1,a1e1594e7589a223,d9b518a32809412d,6e04125795db1f29,6d1494c76aa00136,"{""algorithm"":""per_request_customized"",""alpha_l"":0.7,""alpha_r"":0.8,""availability_fraction"":0.5,""beta_l"":0.4,""beta_r"":0.5,""bootstrap_mode"":""cold_start"",""candidate_fixed_point_damping"":0.5,""candidate_fixed_point_max_iterations"":20,""candidate_fixed_point_relative_tolerance"":0.0001,""cloud_count"":1,""comparison_group"":""lambda_0.1"",""comparison_method"":""per_request_customized"",""control_mode"":""fixed"",""downtime_log_mean"":2.5,""downtime_log_sigma"":0.8,""edge_count"":5,""edge_link_factor"":2.0,""experiment_layer"":""system_poisson"",""fixed_online_budget_ms"":10.0,""fixed_planning_interval_slots"":5,""fixed_total_pool_budget"":20,""lambda_g"":0.7,""lambda_h"":0.7,""lambda_per_slot"":0.1,""max_deadline_ms"":1999.0,""min_deadline_ms"":500.0,""minimum_control_window_slots"":5,""minimum_replanning_interval_slots"":2,""name"":""lambda_0.1_per_request_customized"",""online_budgets_ms"":[5.0,10.0,20.0],""online_timing_mode"":""measured"",""origin_group_count"":2,""plan_ttl_slots"":20,""planning_candidate_generator_mode"":""customized"",""planning_customized_archive_capacity"":64,""planning_customized_generations"":4,""planning_customized_population_size"":12,""planning_deadline_ms"":2000.0,""planning_intervals"":[5,10,20],""planning_runtime_ms"":100.0,""planning_sample_count"":20,""planning_timing_mode"":""measured"",""pool_budget_mode"":""fixed_total"",""profile_count"":2,""slot_count"":200,""slot_length_ms"":100.0,""suite"":""load"",""total_pool_budgets"":[8,20,40],""uptime_scale"":100.0,""uptime_shape"":1.5,""user_count"":10,""workload_mode"":""poisson_profile_catalog""}",200,200,19,15,4,15,0,1,0,1,0.5361962518277964,684.8556710337823,0.8634610412503833,5483.898108670056,0,0,0,15,0,0,0,0,0.0,1429.4814157765359,75.23586398823873,176.98716698214412,0,0,0,364,244,0,120,0,15,0,0,22260739,cold_start,stability_delay_energy_v4,unified_fixed_point_v3,explicit_snapshot_v1,poisson_profile_catalog_v1,periodic_repository_v1,customized_periodic_pool_v1,empirical_window_beta_v1,slot_up_down_v1,fixed_service_time_v1,fixed_path_v1,full_duplex_shared_heat_v1,deployment_return_energy_v1,periodic_three_objective_v3,discrete_mpc_v1,grid_tkb_v1,arrival_risk_diversity_v1,budgeted_fixed_point_v1,regularized_surrogate_v1,goodput_cost_v1,0.7894736842105263,0.21052631578947367,0.7894736842105263,0.0,0.06666666666666667,0.75,0.0,0.0,0.0,0.7894736842105263,0.0
system_poisson:poisson_lifecycle_v1:load:cfcc897665e9871f:per_request_customized:r18:s20260737,cfcc897665e9871f,load,lambda_0.1_per_request_customized,lambda_0.1,per_request_customized,18,20260737,system_poisson,poisson_lifecycle_v1,poisson_profile_catalog,per_request_customized,not_applicable,p12_g4_a64,cold_start,measured,measured,fixed,fixed_total,0.1,2340d35db3923e87,6c6665153475ebe0,387f1a1f588cf026,fb1a538d3c9d367a,"{""algorithm"":""per_request_customized"",""alpha_l"":0.7,""alpha_r"":0.8,""availability_fraction"":0.5,""beta_l"":0.4,""beta_r"":0.5,""bootstrap_mode"":""cold_start"",""candidate_fixed_point_damping"":0.5,""candidate_fixed_point_max_iterations"":20,""candidate_fixed_point_relative_tolerance"":0.0001,""cloud_count"":1,""comparison_group"":""lambda_0.1"",""comparison_method"":""per_request_customized"",""control_mode"":""fixed"",""downtime_log_mean"":2.5,""downtime_log_sigma"":0.8,""edge_count"":5,""edge_link_factor"":2.0,""experiment_layer"":""system_poisson"",""fixed_online_budget_ms"":10.0,""fixed_planning_interval_slots"":5,""fixed_total_pool_budget"":20,""lambda_g"":0.7,""lambda_h"":0.7,""lambda_per_slot"":0.1,""max_deadline_ms"":1999.0,""min_deadline_ms"":500.0,""minimum_control_window_slots"":5,""minimum_replanning_interval_slots"":2,""name"":""lambda_0.1_per_request_customized"",""online_budgets_ms"":[5.0,10.0,20.0],""online_timing_mode"":""measured"",""origin_group_count"":2,""plan_ttl_slots"":20,""planning_candidate_generator_mode"":""customized"",""planning_customized_archive_capacity"":64,""planning_customized_generations"":4,""planning_customized_population_size"":12,""planning_deadline_ms"":2000.0,""planning_intervals"":[5,10,20],""planning_runtime_ms"":100.0,""planning_sample_count"":20,""planning_timing_mode"":""measured"",""pool_budget_mode"":""fixed_total"",""profile_count"":2,""slot_count"":200,""slot_length_ms"":100.0,""suite"":""load"",""total_pool_budgets"":[8,20,40],""uptime_scale"":100.0,""uptime_shape"":1.5,""user_count"":10,""workload_mode"":""poisson_profile_catalog""}",200,200,17,16,1,16,0,0,0,1,0.6684043019685763,352.74736470944265,0.8689740118293636,4035.6197754767436,0,0,0,16,0,0,0,0,0.0,1305.4316678317264,76.7900981077486,130.38374995812774,0,0,0,373,193,0,180,0,16,0,0,22260740,cold_start,stability_delay_energy_v4,unified_fixed_point_v3,explicit_snapshot_v1,poisson_profile_catalog_v1,periodic_repository_v1,customized_periodic_pool_v1,empirical_window_beta_v1,slot_up_down_v1,fixed_service_time_v1,fixed_path_v1,full_duplex_shared_heat_v1,deployment_return_energy_v1,periodic_three_objective_v3,discrete_mpc_v1,grid_tkb_v1,arrival_risk_diversity_v1,budgeted_fixed_point_v1,regularized_surrogate_v1,goodput_cost_v1,0.9411764705882353,0.058823529411764705,0.9411764705882353,0.0,0.0,0.8,0.0,0.0,0.0,0.9411764705882353,0.0
system_poisson:poisson_lifecycle_v1:load:cfcc897665e9871f:per_request_customized:r19:s20260738,cfcc897665e9871f,load,lambda_0.1_per_request_customized,lambda_0.1,per_request_customized,19,20260738,system_poisson,poisson_lifecycle_v1,poisson_profile_catalog,per_request_customized,not_applicable,p12_g4_a64,cold_start,measured,measured,fixed,fixed_total,0.1,2f8cac81e28c6822,342fe7b24aabf9c9,9df2967f92fc544e,a5b68c6f808e683d,"{""algorithm"":""per_request_customized"",""alpha_l"":0.7,""alpha_r"":0.8,""availability_fraction"":0.5,""beta_l"":0.4,""beta_r"":0.5,""bootstrap_mode"":""cold_start"",""candidate_fixed_point_damping"":0.5,""candidate_fixed_point_max_iterations"":20,""candidate_fixed_point_relative_tolerance"":0.0001,""cloud_count"":1,""comparison_group"":""lambda_0.1"",""comparison_method"":""per_request_customized"",""control_mode"":""fixed"",""downtime_log_mean"":2.5,""downtime_log_sigma"":0.8,""edge_count"":5,""edge_link_factor"":2.0,""experiment_layer"":""system_poisson"",""fixed_online_budget_ms"":10.0,""fixed_planning_interval_slots"":5,""fixed_total_pool_budget"":20,""lambda_g"":0.7,""lambda_h"":0.7,""lambda_per_slot"":0.1,""max_deadline_ms"":1999.0,""min_deadline_ms"":500.0,""minimum_control_window_slots"":5,""minimum_replanning_interval_slots"":2,""name"":""lambda_0.1_per_request_customized"",""online_budgets_ms"":[5.0,10.0,20.0],""online_timing_mode"":""measured"",""origin_group_count"":2,""plan_ttl_slots"":20,""planning_candidate_generator_mode"":""customized"",""planning_customized_archive_capacity"":64,""planning_customized_generations"":4,""planning_customized_population_size"":12,""planning_deadline_ms"":2000.0,""planning_intervals"":[5,10,20],""planning_runtime_ms"":100.0,""planning_sample_count"":20,""planning_timing_mode"":""measured"",""pool_budget_mode"":""fixed_total"",""profile_count"":2,""slot_count"":200,""slot_length_ms"":100.0,""suite"":""load"",""total_pool_budgets"":[8,20,40],""uptime_scale"":100.0,""uptime_shape"":1.5,""user_count"":10,""workload_mode"":""poisson_profile_catalog""}",200,201,25,10,15,9,1,0,0,1,0.3169978056159897,858.9161444488549,0.8321831027539914,5757.854781865599,0,0,0,10,0,0,0,0,0.0,1719.6791659807786,68.78716663923115,97.90295793209225,0,0,0,453,383,0,70,0,10,0,0,22260741,cold_start,stability_delay_energy_v4,unified_fixed_point_v3,explicit_snapshot_v1,poisson_profile_catalog_v1,periodic_repository_v1,customized_periodic_pool_v1,empirical_window_beta_v1,slot_up_down_v1,fixed_service_time_v1,fixed_path_v1,full_duplex_shared_heat_v1,deployment_return_energy_v1,periodic_three_objective_v3,discrete_mpc_v1,grid_tkb_v1,arrival_risk_diversity_v1,budgeted_fixed_point_v1,regularized_surrogate_v1,goodput_cost_v1,0.4,0.6,0.36,0.1,0.0,0.4477611940298507,0.0,0.0,0.0,0.4,0.0
system_poisson:poisson_lifecycle_v1:load:50391e6d86c9d92c:periodic_customized:r0:s20260719,50391e6d86c9d92c,load,lambda_0.25_periodic_customized,lambda_0.25,periodic_customized,0,20260719,system_poisson,poisson_lifecycle_v1,poisson_profile_catalog,periodic_customized,customized,p12_g4_a64,prewarm,measured,measured,fixed,fixed_total,0.25,6d295842eb0296d0,fca0df0e76e8aea8,a4c1904873591613,c3ade63673949cb4,"{""algorithm"":""periodic_customized"",""alpha_l"":0.7,""alpha_r"":0.8,""availability_fraction"":0.5,""beta_l"":0.4,""beta_r"":0.5,""bootstrap_mode"":""prewarm"",""candidate_fixed_point_damping"":0.5,""candidate_fixed_point_max_iterations"":20,""candidate_fixed_point_relative_tolerance"":0.0001,""cloud_count"":1,""comparison_group"":""lambda_0.25"",""comparison_method"":""periodic_customized"",""control_mode"":""fixed"",""downtime_log_mean"":2.5,""downtime_log_sigma"":0.8,""edge_count"":5,""edge_link_factor"":2.0,""experiment_layer"":""system_poisson"",""fixed_online_budget_ms"":10.0,""fixed_planning_interval_slots"":5,""fixed_total_pool_budget"":20,""lambda_g"":0.7,""lambda_h"":0.7,""lambda_per_slot"":0.25,""max_deadline_ms"":1999.0,""min_deadline_ms"":500.0,""minimum_control_window_slots"":5,""minimum_replanning_interval_slots"":2,""name"":""lambda_0.25_periodic_customized"",""online_budgets_ms"":[5.0,10.0,20.0],""online_timing_mode"":""measured"",""origin_group_count"":2,""plan_ttl_slots"":20,""planning_candidate_generator_mode"":""customized"",""planning_customized_archive_capacity"":64,""planning_customized_generations"":4,""planning_customized_population_size"":12,""planning_deadline_ms"":2000.0,""planning_intervals"":[5,10,20],""planning_runtime_ms"":100.0,""planning_sample_count"":20,""planning_timing_mode"":""measured"",""pool_budget_mode"":""fixed_total"",""profile_count"":2,""slot_count"":200,""slot_length_ms"":100.0,""suite"":""load"",""total_pool_budgets"":[8,20,40],""uptime_scale"":100.0,""uptime_shape"":1.5,""user_count"":10,""workload_mode"":""poisson_profile_catalog""}",200,201,61,30,31,26,4,1,0,1,0.9039952827873012,732.0343323326607,0.8910458725213334,4449.938527259514,24,0,6,0,0,45,41,3,10224.99416442588,163.06366689968854,2.673174867208009,5.434624967165291,35,34,0,3078,2656,0,422,210,167,152,90,22260722,prewarm,stability_delay_energy_v4,unified_fixed_point_v3,explicit_snapshot_v1,poisson_profile_catalog_v1,periodic_repository_v1,customized_periodic_pool_v1,empirical_window_beta_v1,slot_up_down_v1,fixed_service_time_v1,fixed_path_v1,full_duplex_shared_heat_v1,deployment_return_energy_v1,periodic_three_objective_v3,discrete_mpc_v1,grid_tkb_v1,arrival_risk_diversity_v1,budgeted_fixed_point_v1,regularized_surrogate_v1,goodput_cost_v1,0.4918032786885246,0.5081967213114754,0.4262295081967213,0.13333333333333333,0.03333333333333333,1.2935323383084576,0.39344262295081966,0.0,0.09836065573770492,0.0,0.0
system_poisson:poisson_lifecycle_v1:load:50391e6d86c9d92c:periodic_customized:r1:s20260720,50391e6d86c9d92c,load,lambda_0.25_periodic_customized,lambda_0.25,periodic_customized,1,20260720,system_poisson,poisson_lifecycle_v1,poisson_profile_catalog,periodic_customized,customized,p12_g4_a64,prewarm,measured,measured,fixed,fixed_total,0.25,a4f53f5438a025fd,a0ac5e6d1accb3ff,b650d6c827bcb7e9,4948b9b559ca3dae,"{""algorithm"":""periodic_customized"",""alpha_l"":0.7,""alpha_r"":0.8,""availability_fraction"":0.5,""beta_l"":0.4,""beta_r"":0.5,""bootstrap_mode"":""prewarm"",""candidate_fixed_point_damping"":0.5,""candidate_fixed_point_max_iterations"":20,""candidate_fixed_point_relative_tolerance"":0.0001,""cloud_count"":1,""comparison_group"":""lambda_0.25"",""comparison_method"":""periodic_customized"",""control_mode"":""fixed"",""downtime_log_mean"":2.5,""downtime_log_sigma"":0.8,""edge_count"":5,""edge_link_factor"":2.0,""experiment_layer"":""system_poisson"",""fixed_online_budget_ms"":10.0,""fixed_planning_interval_slots"":5,""fixed_total_pool_budget"":20,""lambda_g"":0.7,""lambda_h"":0.7,""lambda_per_slot"":0.25,""max_deadline_ms"":1999.0,""min_deadline_ms"":500.0,""minimum_control_window_slots"":5,""minimum_replanning_interval_slots"":2,""name"":""lambda_0.25_periodic_customized"",""online_budgets_ms"":[5.0,10.0,20.0],""online_timing_mode"":""measured"",""origin_group_count"":2,""plan_ttl_slots"":20,""planning_candidate_generator_mode"":""customized"",""planning_customized_archive_capacity"":64,""planning_customized_generations"":4,""planning_customized_population_size"":12,""planning_deadline_ms"":2000.0,""planning_intervals"":[5,10,20],""planning_runtime_ms"":100.0,""planning_sample_count"":20,""planning_timing_mode"":""measured"",""pool_budget_mode"":""fixed_total"",""profile_count"":2,""slot_count"":200,""slot_length_ms"":100.0,""suite"":""load"",""total_pool_budgets"":[8,20,40],""uptime_scale"":100.0,""uptime_shape"":1.5,""user_count"":10,""workload_mode"":""poisson_profile_catalog""}",200,202,53,31,22,25,6,0,0,1,0.9337966448180026,623.5861659090102,0.8590536485204383,6944.638930185967,23,5,3,0,0,43,38,4,12147.290916997008,155.9195377631113,2.9418780710020997,5.329207982867956,34,33,0,3347,2417,0,930,324,200,171,74,22260723,prewarm,stability_delay_energy_v4,unified_fixed_point_v3,explicit_snapshot_v1,poisson_profile_catalog_v1,periodic_repository_v1,customized_periodic_pool_v1,empirical_window_beta_v1,slot_up_down_v1,fixed_service_time_v1,fixed_path_v1,full_duplex_shared_heat_v1,deployment_return_energy_v1,periodic_three_objective_v3,discrete_mpc_v1,grid_tkb_v1,arrival_risk_diversity_v1,budgeted_fixed_point_v1,regularized_surrogate_v1,goodput_cost_v1,0.5849056603773585,0.41509433962264153,0.4716981132075472,0.1935483870967742,0.0,1.2376237623762376,0.4339622641509434,0.09433962264150944,0.05660377358490566,0.0,0.0
system_poisson:poisson_lifecycle_v1:load:50391e6d86c9d92c:periodic_customized:r2:s20260721,50391e6d86c9d92c,load,lambda_0.25_periodic_customized,lambda_0.25,periodic_customized,2,20260721,system_poisson,poisson_lifecycle_v1,poisson_profile_catalog,periodic_customized,customized,p12_g4_a64,prewarm,measured,measured,fixed,fixed_total,0.25,e1936cba343be935,938f95453f2442e2,d47a17b24fa6d933,b3c97759fa661993,"{""algorithm"":""periodic_customized"",""alpha_l"":0.7,""alpha_r"":0.8,""availability_fraction"":0.5,""beta_l"":0.4,""beta_r"":0.5,""bootstrap_mode"":""prewarm"",""candidate_fixed_point_damping"":0.5,""candidate_fixed_point_max_iterations"":20,""candidate_fixed_point_relative_tolerance"":0.0001,""cloud_count"":1,""comparison_group"":""lambda_0.25"",""comparison_method"":""periodic_customized"",""control_mode"":""fixed"",""downtime_log_mean"":2.5,""downtime_log_sigma"":0.8,""edge_count"":5,""edge_link_factor"":2.0,""experiment_layer"":""system_poisson"",""fixed_online_budget_ms"":10.0,""fixed_planning_interval_slots"":5,""fixed_total_pool_budget"":20,""lambda_g"":0.7,""lambda_h"":0.7,""lambda_per_slot"":0.25,""max_deadline_ms"":1999.0,""min_deadline_ms"":500.0,""minimum_control_window_slots"":5,""minimum_replanning_interval_slots"":2,""name"":""lambda_0.25_periodic_customized"",""online_budgets_ms"":[5.0,10.0,20.0],""online_timing_mode"":""measured"",""origin_group_count"":2,""plan_ttl_slots"":20,""planning_candidate_generator_mode"":""customized"",""planning_customized_archive_capacity"":64,""planning_customized_generations"":4,""planning_customized_population_size"":12,""planning_deadline_ms"":2000.0,""planning_intervals"":[5,10,20],""planning_runtime_ms"":100.0,""planning_sample_count"":20,""planning_timing_mode"":""measured"",""pool_budget_mode"":""fixed_total"",""profile_count"":2,""slot_count"":200,""slot_length_ms"":100.0,""suite"":""load"",""total_pool_budgets"":[8,20,40],""uptime_scale"":100.0,""uptime_shape"":1.5,""user_count"":10,""workload_mode"":""poisson_profile_catalog""}",200,200,53,36,17,35,1,0,0,1,1.3461280580061703,521.1122832370679,0.8427285921548102,5211.260298283148,20,11,5,0,0,41,27,13,13833.177290740423,222.36533288378268,4.195572318561937,7.355959038250148,33,32,0,3408,2473,0,935,425,337,213,206,22260724,prewarm,stability_delay_energy_v4,unified_fixed_point_v3,explicit_snapshot_v1,poisson_profile_catalog_v1,periodic_repository_v1,customized_periodic_pool_v1,empirical_window_beta_v1,slot_up_down_v1,fixed_service_time_v1,fixed_path_v1,full_duplex_shared_heat_v1,deployment_return_energy_v1,periodic_three_objective_v3,discrete_mpc_v1,grid_tkb_v1,arrival_risk_diversity_v1,budgeted_fixed_point_v1,regularized_surrogate_v1,goodput_cost_v1,0.6792452830188679,0.32075471698113206,0.660377358490566,0.027777777777777776,0.0,1.75,0.37735849056603776,0.20754716981132076,0.09433962264150944,0.0,0.0
system_poisson:poisson_lifecycle_v1:load:50391e6d86c9d92c:periodic_customized:r3:s20260722,50391e6d86c9d92c,load,lambda_0.25_periodic_customized,lambda_0.25,periodic_customized,3,20260722,system_poisson,poisson_lifecycle_v1,poisson_profile_catalog,periodic_customized,customized,p12_g4_a64,prewarm,measured,measured,fixed,fixed_total,0.25,cad518de228dec43,e2c448830ab998d5,ef7c01b21236b0cf,a8d64a668c29fff0,"{""algorithm"":""periodic_customized"",""alpha_l"":0.7,""alpha_r"":0.8,""availability_fraction"":0.5,""beta_l"":0.4,""beta_r"":0.5,""bootstrap_mode"":""prewarm"",""candidate_fixed_point_damping"":0.5,""candidate_fixed_point_max_iterations"":20,""candidate_fixed_point_relative_tolerance"":0.0001,""cloud_count"":1,""comparison_group"":""lambda_0.25"",""comparison_method"":""periodic_customized"",""control_mode"":""fixed"",""downtime_log_mean"":2.5,""downtime_log_sigma"":0.8,""edge_count"":5,""edge_link_factor"":2.0,""experiment_layer"":""system_poisson"",""fixed_online_budget_ms"":10.0,""fixed_planning_interval_slots"":5,""fixed_total_pool_budget"":20,""lambda_g"":0.7,""lambda_h"":0.7,""lambda_per_slot"":0.25,""max_deadline_ms"":1999.0,""min_deadline_ms"":500.0,""minimum_control_window_slots"":5,""minimum_replanning_interval_slots"":2,""name"":""lambda_0.25_periodic_customized"",""online_budgets_ms"":[5.0,10.0,20.0],""online_timing_mode"":""measured"",""origin_group_count"":2,""plan_ttl_slots"":20,""planning_candidate_generator_mode"":""customized"",""planning_customized_archive_capacity"":64,""planning_customized_generations"":4,""planning_customized_population_size"":12,""planning_deadline_ms"":2000.0,""planning_intervals"":[5,10,20],""planning_runtime_ms"":100.0,""planning_sample_count"":20,""planning_timing_mode"":""measured"",""pool_budget_mode"":""fixed_total"",""profile_count"":2,""slot_count"":200,""slot_length_ms"":100.0,""suite"":""load"",""total_pool_budgets"":[8,20,40],""uptime_scale"":100.0,""uptime_shape"":1.5,""user_count"":10,""workload_mode"":""poisson_profile_catalog""}",200,204,62,46,16,42,4,0,0,1,1.5984921195019368,532.018023467889,0.8527008690082993,4983.480841030248,35,7,4,0,0,43,35,7,12328.835537657142,226.22287378180772,3.648756028738834,6.865875096991658,34,33,0,3640,2569,0,1071,464,298,256,126,22260725,prewarm,stability_delay_energy_v4,unified_fixed_point_v3,explicit_snapshot_v1,poisson_profile_catalog_v1,periodic_repository_v1,customized_periodic_pool_v1,empirical_window_beta_v1,slot_up_down_v1,fixed_service_time_v1,fixed_path_v1,full_duplex_shared_heat_v1,deployment_return_energy_v1,periodic_three_objective_v3,discrete_mpc_v1,grid_tkb_v1,arrival_risk_diversity_v1,budgeted_fixed_point_v1,regularized_surrogate_v1,goodput_cost_v1,0.7419354838709677,0.25806451612903225,0.6774193548387096,0.08695652173913043,0.0,2.058823529411765,0.5645161290322581,0.11290322580645161,0.06451612903225806,0.0,0.0
system_poisson:poisson_lifecycle_v1:load:50391e6d86c9d92c:periodic_customized:r4:s20260723,50391e6d86c9d92c,load,lambda_0.25_periodic_customized,lambda_0.25,periodic_customized,4,20260723,system_poisson,poisson_lifecycle_v1,poisson_profile_catalog,periodic_customized,customized,p12_g4_a64,prewarm,measured,measured,fixed,fixed_total,0.25,85e4775618fc9271,04cc006508118ace,fd53f895ef214d55,7df8c4f9894fbd11,"{""algorithm"":""periodic_customized"",""alpha_l"":0.7,""alpha_r"":0.8,""availability_fraction"":0.5,""beta_l"":0.4,""beta_r"":0.5,""bootstrap_mode"":""prewarm"",""candidate_fixed_point_damping"":0.5,""candidate_fixed_point_max_iterations"":20,""candidate_fixed_point_relative_tolerance"":0.0001,""cloud_count"":1,""comparison_group"":""lambda_0.25"",""comparison_method"":""periodic_customized"",""control_mode"":""fixed"",""downtime_log_mean"":2.5,""downtime_log_sigma"":0.8,""edge_count"":5,""edge_link_factor"":2.0,""experiment_layer"":""system_poisson"",""fixed_online_budget_ms"":10.0,""fixed_planning_interval_slots"":5,""fixed_total_pool_budget"":20,""lambda_g"":0.7,""lambda_h"":0.7,""lambda_per_slot"":0.25,""max_deadline_ms"":1999.0,""min_deadline_ms"":500.0,""minimum_control_window_slots"":5,""minimum_replanning_interval_slots"":2,""name"":""lambda_0.25_periodic_customized"",""online_budgets_ms"":[5.0,10.0,20.0],""online_timing_mode"":""measured"",""origin_group_count"":2,""plan_ttl_slots"":20,""planning_candidate_generator_mode"":""customized"",""planning_customized_archive_capacity"":64,""planning_customized_generations"":4,""planning_customized_population_size"":12,""planning_deadline_ms"":2000.0,""planning_intervals"":[5,10,20],""planning_runtime_ms"":100.0,""planning_sample_count"":20,""planning_timing_mode"":""measured"",""pool_budget_mode"":""fixed_total"",""profile_count"":2,""slot_count"":200,""slot_length_ms"":100.0,""suite"":""load"",""total_pool_budgets"":[8,20,40],""uptime_scale"":100.0,""uptime_shape"":1.5,""user_count"":10,""workload_mode"":""poisson_profile_catalog""}",200,200,55,29,26,28,1,0,0,1,1.0658162950689978,611.6221877846657,0.8576805007253777,5915.192882251503,18,4,7,0,0,42,28,13,12690.599961555563,192.02370813582093,3.4913401479240167,7.475333055481315,35,34,0,3409,2747,0,662,295,222,165,164,22260726,prewarm,stability_delay_energy_v4,unified_fixed_point_v3,explicit_snapshot_v1,poisson_profile_catalog_v1,periodic_repository_v1,customized_periodic_pool_v1,empirical_window_beta_v1,slot_up_down_v1,fixed_service_time_v1,fixed_path_v1,full_duplex_shared_heat_v1,deployment_return_energy_v1,periodic_three_objective_v3,discrete_mpc_v1,grid_tkb_v1,arrival_risk_diversity_v1,budgeted_fixed_point_v1,regularized_surrogate_v1,goodput_cost_v1,0.5272727272727272,0.4727272727272727,0.509090909090909,0.034482758620689655,0.0,1.4,0.32727272727272727,0.07272727272727272,0.12727272727272726,0.0,0.0
system_poisson:poisson_lifecycle_v1:load:50391e6d86c9d92c:periodic_customized:r5:s20260724,50391e6d86c9d92c,load,lambda_0.25_periodic_customized,lambda_0.25,periodic_customized,5,20260724,system_poisson,poisson_lifecycle_v1,poisson_profile_catalog,periodic_customized,customized,p12_g4_a64,prewarm,measured,measured,fixed,fixed_total,0.25,d24fe9836276a23a,5f88dfc591596c91,195da5ac76e3705b,c61766e5adeaf7a9,"{""algorithm"":""periodic_customized"",""alpha_l"":0.7,""alpha_r"":0.8,""availability_fraction"":0.5,""beta_l"":0.4,""beta_r"":0.5,""bootstrap_mode"":""prewarm"",""candidate_fixed_point_damping"":0.5,""candidate_fixed_point_max_iterations"":20,""candidate_fixed_point_relative_tolerance"":0.0001,""cloud_count"":1,""comparison_group"":""lambda_0.25"",""comparison_method"":""periodic_customized"",""control_mode"":""fixed"",""downtime_log_mean"":2.5,""downtime_log_sigma"":0.8,""edge_count"":5,""edge_link_factor"":2.0,""experiment_layer"":""system_poisson"",""fixed_online_budget_ms"":10.0,""fixed_planning_interval_slots"":5,""fixed_total_pool_budget"":20,""lambda_g"":0.7,""lambda_h"":0.7,""lambda_per_slot"":0.25,""max_deadline_ms"":1999.0,""min_deadline_ms"":500.0,""minimum_control_window_slots"":5,""minimum_replanning_interval_slots"":2,""name"":""lambda_0.25_periodic_customized"",""online_budgets_ms"":[5.0,10.0,20.0],""online_timing_mode"":""measured"",""origin_group_count"":2,""plan_ttl_slots"":20,""planning_candidate_generator_mode"":""customized"",""planning_customized_archive_capacity"":64,""planning_customized_generations"":4,""planning_customized_population_size"":12,""planning_deadline_ms"":2000.0,""planning_intervals"":[5,10,20],""planning_runtime_ms"":100.0,""planning_sample_count"":20,""planning_timing_mode"":""measured"",""pool_budget_mode"":""fixed_total"",""profile_count"":2,""slot_count"":200,""slot_length_ms"":100.0,""suite"":""load"",""total_pool_budgets"":[8,20,40],""uptime_scale"":100.0,""uptime_shape"":1.5,""user_count"":10,""workload_mode"":""poisson_profile_catalog""}",200,200,48,28,20,25,3,0,0,1,0.9714521695012458,518.6018170021633,0.8564987598404185,3890.5784658278403,20,6,2,0,0,44,38,6,10533.470416907221,148.96625117398798,3.10346356612475,5.627249949611723,37,36,0,3262,2927,0,335,227,194,210,46,22260727,prewarm,stability_delay_energy_v4,unified_fixed_point_v3,explicit_snapshot_v1,poisson_profile_catalog_v1,periodic_repository_v1,customized_periodic_pool_v1,empirical_window_beta_v1,slot_up_down_v1,fixed_service_time_v1,fixed_path_v1,full_duplex_shared_heat_v1,deployment_return_energy_v1,periodic_three_objective_v3,discrete_mpc_v1,grid_tkb_v1,arrival_risk_diversity_v1,budgeted_fixed_point_v1,regularized_surrogate_v1,goodput_cost_v1,0.5833333333333334,0.4166666666666667,0.5208333333333334,0.10714285714285714,0.0,1.25,0.4166666666666667,0.125,0.041666666666666664,0.0,0.0
system_poisson:poisson_lifecycle_v1:load:50391e6d86c9d92c:periodic_customized:r6:s20260725,50391e6d86c9d92c,load,lambda_0.25_periodic_customized,lambda_0.25,periodic_customized,6,20260725,system_poisson,poisson_lifecycle_v1,poisson_profile_catalog,periodic_customized,customized,p12_g4_a64,prewarm,measured,measured,fixed,fixed_total,0.25,26abbdd9b75bc615,fc04fea1c464df4f,752e31eaa3e77823,b0aa21bae96916c6,"{""algorithm"":""periodic_customized"",""alpha_l"":0.7,""alpha_r"":0.8,""availability_fraction"":0.5,""beta_l"":0.4,""beta_r"":0.5,""bootstrap_mode"":""prewarm"",""candidate_fixed_point_damping"":0.5,""candidate_fixed_point_max_iterations"":20,""candidate_fixed_point_relative_tolerance"":0.0001,""cloud_count"":1,""comparison_group"":""lambda_0.25"",""comparison_method"":""periodic_customized"",""control_mode"":""fixed"",""downtime_log_mean"":2.5,""downtime_log_sigma"":0.8,""edge_count"":5,""edge_link_factor"":2.0,""experiment_layer"":""system_poisson"",""fixed_online_budget_ms"":10.0,""fixed_planning_interval_slots"":5,""fixed_total_pool_budget"":20,""lambda_g"":0.7,""lambda_h"":0.7,""lambda_per_slot"":0.25,""max_deadline_ms"":1999.0,""min_deadline_ms"":500.0,""minimum_control_window_slots"":5,""minimum_replanning_interval_slots"":2,""name"":""lambda_0.25_periodic_customized"",""online_budgets_ms"":[5.0,10.0,20.0],""online_timing_mode"":""measured"",""origin_group_count"":2,""plan_ttl_slots"":20,""planning_candidate_generator_mode"":""customized"",""planning_customized_archive_capacity"":64,""planning_customized_generations"":4,""planning_customized_population_size"":12,""planning_deadline_ms"":2000.0,""planning_intervals"":[5,10,20],""planning_runtime_ms"":100.0,""planning_sample_count"":20,""planning_timing_mode"":""measured"",""pool_budget_mode"":""fixed_total"",""profile_count"":2,""slot_count"":200,""slot_length_ms"":100.0,""suite"":""load"",""total_pool_budgets"":[8,20,40],""uptime_scale"":100.0,""uptime_shape"":1.5,""user_count"":10,""workload_mode"":""poisson_profile_catalog""}",200,200,56,33,23,27,6,0,0,1,0.9916651687723148,650.0988875601199,0.8690836189812057,5396.46838963653,21,7,5,0,0,43,26,16,11513.178416644223,184.2053800355643,3.2893817863493626,6.139292032457888,37,36,0,3223,2575,0,648,280,181,127,117,22260728,prewarm,stability_delay_energy_v4,unified_fixed_point_v3,explicit_snapshot_v1,poisson_profile_catalog_v1,periodic_repository_v1,customized_periodic_pool_v1,empirical_window_beta_v1,slot_up_down_v1,fixed_service_time_v1,fixed_path_v1,full_duplex_shared_heat_v1,deployment_return_energy_v1,periodic_three_objective_v3,discrete_mpc_v1,grid_tkb_v1,arrival_risk_diversity_v1,budgeted_fixed_point_v1,regularized_surrogate_v1,goodput_cost_v1,0.5892857142857143,0.4107142857142857,0.48214285714285715,0.18181818181818182,0.0,1.35,0.375,0.125,0.08928571428571429,0.0,0.0
system_poisson:poisson_lifecycle_v1:load:50391e6d86c9d92c:periodic_customized:r7:s20260726,50391e6d86c9d92c,load,lambda_0.25_periodic_customized,lambda_0.25,periodic_customized,7,20260726,system_poisson,poisson_lifecycle_v1,poisson_profile_catalog,periodic_customized,customized,p12_g4_a64,prewarm,measured,measured,fixed,fixed_total,0.25,cfb348bc73ed6b08,6c2f0ddd78fdc176,b53921ecb2b6cb61,5d8d75c05ac19d95,"{""algorithm"":""periodic_customized"",""alpha_l"":0.7,""alpha_r"":0.8,""availability_fraction"":0.5,""beta_l"":0.4,""beta_r"":0.5,""bootstrap_mode"":""prewarm"",""candidate_fixed_point_damping"":0.5,""candidate_fixed_point_max_iterations"":20,""candidate_fixed_point_relative_tolerance"":0.0001,""cloud_count"":1,""comparison_group"":""lambda_0.25"",""comparison_method"":""periodic_customized"",""control_mode"":""fixed"",""downtime_log_mean"":2.5,""downtime_log_sigma"":0.8,""edge_count"":5,""edge_link_factor"":2.0,""experiment_layer"":""system_poisson"",""fixed_online_budget_ms"":10.0,""fixed_planning_interval_slots"":5,""fixed_total_pool_budget"":20,""lambda_g"":0.7,""lambda_h"":0.7,""lambda_per_slot"":0.25,""max_deadline_ms"":1999.0,""min_deadline_ms"":500.0,""minimum_control_window_slots"":5,""minimum_replanning_interval_slots"":2,""name"":""lambda_0.25_periodic_customized"",""online_budgets_ms"":[5.0,10.0,20.0],""online_timing_mode"":""measured"",""origin_group_count"":2,""plan_ttl_slots"":20,""planning_candidate_generator_mode"":""customized"",""planning_customized_archive_capacity"":64,""planning_customized_generations"":4,""planning_customized_population_size"":12,""planning_deadline_ms"":2000.0,""planning_intervals"":[5,10,20],""planning_runtime_ms"":100.0,""planning_sample_count"":20,""planning_timing_mode"":""measured"",""pool_budget_mode"":""fixed_total"",""profile_count"":2,""slot_count"":200,""slot_length_ms"":100.0,""suite"":""load"",""total_pool_budgets"":[8,20,40],""uptime_scale"":100.0,""uptime_shape"":1.5,""user_count"":10,""workload_mode"":""poisson_profile_catalog""}",200,200,40,19,21,18,1,0,0,1,0.6523325251558558,826.2017774971928,0.8402759598815761,6946.162707541478,11,2,6,0,0,41,34,6,12561.721412232146,135.95941732637584,3.398985433159396,8.541416027583182,33,32,0,3196,2553,0,643,278,204,157,64,22260729,prewarm,stability_delay_energy_v4,unified_fixed_point_v3,explicit_snapshot_v1,poisson_profile_catalog_v1,periodic_repository_v1,customized_periodic_pool_v1,empirical_window_beta_v1,slot_up_down_v1,fixed_service_time_v1,fixed_path_v1,full_duplex_shared_heat_v1,deployment_return_energy_v1,periodic_three_objective_v3,discrete_mpc_v1,grid_tkb_v1,arrival_risk_diversity_v1,budgeted_fixed_point_v1,regularized_surrogate_v1,goodput_cost_v1,0.475,0.525,0.45,0.05263157894736842,0.0,0.9,0.275,0.05,0.15,0.0,0.0
system_poisson:poisson_lifecycle_v1:load:50391e6d86c9d92c:periodic_customized:r8:s20260727,50391e6d86c9d92c,load,lambda_0.25_periodic_customized,lambda_0.25,periodic_customized,8,20260727,system_poisson,poisson_lifecycle_v1,poisson_profile_catalog,periodic_customized,customized,p12_g4_a64,prewarm,measured,measured,fixed,fixed_total,0.25,77262aef7c650c15,adddb8a44db4224c,6c4f83eff761b8b9,5f427e7b1456da70,"{""algorithm"":""periodic_customized"",""alpha_l"":0.7,""alpha_r"":0.8,""availability_fraction"":0.5,""beta_l"":0.4,""beta_r"":0.5,""bootstrap_mode"":""prewarm"",""candidate_fixed_point_damping"":0.5,""candidate_fixed_point_max_iterations"":20,""candidate_fixed_point_relative_tolerance"":0.0001,""cloud_count"":1,""comparison_group"":""lambda_0.25"",""comparison_method"":""periodic_customized"",""control_mode"":""fixed"",""downtime_log_mean"":2.5,""downtime_log_sigma"":0.8,""edge_count"":5,""edge_link_factor"":2.0,""experiment_layer"":""system_poisson"",""fixed_online_budget_ms"":10.0,""fixed_planning_interval_slots"":5,""fixed_total_pool_budget"":20,""lambda_g"":0.7,""lambda_h"":0.7,""lambda_per_slot"":0.25,""max_deadline_ms"":1999.0,""min_deadline_ms"":500.0,""minimum_control_window_slots"":5,""minimum_replanning_interval_slots"":2,""name"":""lambda_0.25_periodic_customized"",""online_budgets_ms"":[5.0,10.0,20.0],""online_timing_mode"":""measured"",""origin_group_count"":2,""plan_ttl_slots"":20,""planning_candidate_generator_mode"":""customized"",""planning_customized_archive_capacity"":64,""planning_customized_generations"":4,""planning_customized_population_size"":12,""planning_deadline_ms"":2000.0,""planning_intervals"":[5,10,20],""planning_runtime_ms"":100.0,""planning_sample_count"":20,""planning_timing_mode"":""measured"",""pool_budget_mode"":""fixed_total"",""profile_count"":2,""slot_count"":200,""slot_length_ms"":100.0,""suite"":""load"",""total_pool_budgets"":[8,20,40],""uptime_scale"":100.0,""uptime_shape"":1.5,""user_count"":10,""workload_mode"":""poisson_profile_catalog""}",200,200,62,37,25,29,8,0,0,1,1.0896224313290621,658.9788942664658,0.8533331727582315,6824.143730143091,23,7,7,0,0,40,23,16,14458.778876578435,246.9958377769217,3.9838038351116403,7.802875014021993,23,22,0,3354,2213,0,1141,402,215,189,86,22260730,prewarm,stability_delay_energy_v4,unified_fixed_point_v3,explicit_snapshot_v1,poisson_profile_catalog_v1,periodic_repository_v1,customized_periodic_pool_v1,empirical_window_beta_v1,slot_up_down_v1,fixed_service_time_v1,fixed_path_v1,full_duplex_shared_heat_v1,deployment_return_energy_v1,periodic_three_objective_v3,discrete_mpc_v1,grid_tkb_v1,arrival_risk_diversity_v1,budgeted_fixed_point_v1,regularized_surrogate_v1,goodput_cost_v1,0.5967741935483871,0.4032258064516129,0.46774193548387094,0.21621621621621623,0.0,1.45,0.3709677419354839,0.11290322580645161,0.11290322580645161,0.0,0.0
system_poisson:poisson_lifecycle_v1:load:50391e6d86c9d92c:periodic_customized:r9:s20260728,50391e6d86c9d92c,load,lambda_0.25_periodic_customized,lambda_0.25,periodic_customized,9,20260728,system_poisson,poisson_lifecycle_v1,poisson_profile_catalog,periodic_customized,customized,p12_g4_a64,prewarm,measured,measured,fixed,fixed_total,0.25,51994d7f38a9b2d2,94c502adeeb85260,8e52d77d48ed17c4,58651f60c37cc329,"{""algorithm"":""periodic_customized"",""alpha_l"":0.7,""alpha_r"":0.8,""availability_fraction"":0.5,""beta_l"":0.4,""beta_r"":0.5,""bootstrap_mode"":""prewarm"",""candidate_fixed_point_damping"":0.5,""candidate_fixed_point_max_iterations"":20,""candidate_fixed_point_relative_tolerance"":0.0001,""cloud_count"":1,""comparison_group"":""lambda_0.25"",""comparison_method"":""periodic_customized"",""control_mode"":""fixed"",""downtime_log_mean"":2.5,""downtime_log_sigma"":0.8,""edge_count"":5,""edge_link_factor"":2.0,""experiment_layer"":""system_poisson"",""fixed_online_budget_ms"":10.0,""fixed_planning_interval_slots"":5,""fixed_total_pool_budget"":20,""lambda_g"":0.7,""lambda_h"":0.7,""lambda_per_slot"":0.25,""max_deadline_ms"":1999.0,""min_deadline_ms"":500.0,""minimum_control_window_slots"":5,""minimum_replanning_interval_slots"":2,""name"":""lambda_0.25_periodic_customized"",""online_budgets_ms"":[5.0,10.0,20.0],""online_timing_mode"":""measured"",""origin_group_count"":2,""plan_ttl_slots"":20,""planning_candidate_generator_mode"":""customized"",""planning_customized_archive_capacity"":64,""planning_customized_generations"":4,""planning_customized_population_size"":12,""planning_deadline_ms"":2000.0,""planning_intervals"":[5,10,20],""planning_runtime_ms"":100.0,""planning_sample_count"":20,""planning_timing_mode"":""measured"",""pool_budget_mode"":""fixed_total"",""profile_count"":2,""slot_count"":200,""slot_length_ms"":100.0,""suite"":""load"",""total_pool_budgets"":[8,20,40],""uptime_scale"":100.0,""uptime_shape"":1.5,""user_count"":10,""workload_mode"":""poisson_profile_catalog""}",200,204,53,37,16,30,7,0,0,1,1.1394252307642743,514.5702898152718,0.8554195265804144,4970.247692701164,25,8,4,0,0,42,35,7,11042.219041031785,214.1000871779397,4.039624286376221,6.3932089833542705,36,35,0,3906,1826,0,2080,696,459,335,179,22260731,prewarm,stability_delay_energy_v4,unified_fixed_point_v3,explicit_snapshot_v1,poisson_profile_catalog_v1,periodic_repository_v1,customized_periodic_pool_v1,empirical_window_beta_v1,slot_up_down_v1,fixed_service_time_v1,fixed_path_v1,full_duplex_shared_heat_v1,deployment_return_energy_v1,periodic_three_objective_v3,discrete_mpc_v1,grid_tkb_v1,arrival_risk_diversity_v1,budgeted_fixed_point_v1,regularized_surrogate_v1,goodput_cost_v1,0.6981132075471698,0.3018867924528302,0.5660377358490566,0.1891891891891892,0.0,1.4705882352941178,0.4716981132075472,0.1509433962264151,0.07547169811320754,0.0,0.0
system_poisson:poisson_lifecycle_v1:load:50391e6d86c9d92c:periodic_customized:r10:s20260729,50391e6d86c9d92c,load,lambda_0.25_periodic_customized,lambda_0.25,periodic_customized,10,20260729,system_poisson,poisson_lifecycle_v1,poisson_profile_catalog,periodic_customized,customized,p12_g4_a64,prewarm,measured,measured,fixed,fixed_total,0.25,5b8d17f0ef7f4099,329b4f7d21be54ff,35cee2bbe04f6f3e,5bfdd62f4d90fc6a,"{""algorithm"":""periodic_customized"",""alpha_l"":0.7,""alpha_r"":0.8,""availability_fraction"":0.5,""beta_l"":0.4,""beta_r"":0.5,""bootstrap_mode"":""prewarm"",""candidate_fixed_point_damping"":0.5,""candidate_fixed_point_max_iterations"":20,""candidate_fixed_point_relative_tolerance"":0.0001,""cloud_count"":1,""comparison_group"":""lambda_0.25"",""comparison_method"":""periodic_customized"",""control_mode"":""fixed"",""downtime_log_mean"":2.5,""downtime_log_sigma"":0.8,""edge_count"":5,""edge_link_factor"":2.0,""experiment_layer"":""system_poisson"",""fixed_online_budget_ms"":10.0,""fixed_planning_interval_slots"":5,""fixed_total_pool_budget"":20,""lambda_g"":0.7,""lambda_h"":0.7,""lambda_per_slot"":0.25,""max_deadline_ms"":1999.0,""min_deadline_ms"":500.0,""minimum_control_window_slots"":5,""minimum_replanning_interval_slots"":2,""name"":""lambda_0.25_periodic_customized"",""online_budgets_ms"":[5.0,10.0,20.0],""online_timing_mode"":""measured"",""origin_group_count"":2,""plan_ttl_slots"":20,""planning_candidate_generator_mode"":""customized"",""planning_customized_archive_capacity"":64,""planning_customized_generations"":4,""planning_customized_population_size"":12,""planning_deadline_ms"":2000.0,""planning_intervals"":[5,10,20],""planning_runtime_ms"":100.0,""planning_sample_count"":20,""planning_timing_mode"":""measured"",""pool_budget_mode"":""fixed_total"",""profile_count"":2,""slot_count"":200,""slot_length_ms"":100.0,""suite"":""load"",""total_pool_budgets"":[8,20,40],""uptime_scale"":100.0,""uptime_shape"":1.5,""user_count"":10,""workload_mode"":""poisson_profile_catalog""}",200,200,54,37,17,31,6,0,0,1,1.243003527595015,500.59541662021996,0.8248345012616543,5174.796237696096,25,2,10,0,0,43,34,8,13564.207328832708,215.96033696550876,3.9992654993612735,7.355040987022221,35,34,0,3978,2063,0,1915,735,458,292,209,22260732,prewarm,stability_delay_energy_v4,unified_fixed_point_v3,explicit_snapshot_v1,poisson_profile_catalog_v1,periodic_repository_v1,customized_periodic_pool_v1,empirical_window_beta_v1,slot_up_down_v1,fixed_service_time_v1,fixed_path_v1,full_duplex_shared_heat_v1,deployment_return_energy_v1,periodic_three_objective_v3,discrete_mpc_v1,grid_tkb_v1,arrival_risk_diversity_v1,budgeted_fixed_point_v1,regularized_surrogate_v1,goodput_cost_v1,0.6851851851851852,0.3148148148148148,0.5740740740740741,0.16216216216216217,0.0,1.55,0.46296296296296297,0.037037037037037035,0.18518518518518517,0.0,0.0
system_poisson:poisson_lifecycle_v1:load:50391e6d86c9d92c:periodic_customized:r11:s20260730,50391e6d86c9d92c,load,lambda_0.25_periodic_customized,lambda_0.25,periodic_customized,11,20260730,system_poisson,poisson_lifecycle_v1,poisson_profile_catalog,periodic_customized,customized,p12_g4_a64,prewarm,measured,measured,fixed,fixed_total,0.25,30f077b6e956d2e4,a9f113d17c0a9b50,6f7ea1be28e46cdf,2fbd8cdb625c9aae,"{""algorithm"":""periodic_customized"",""alpha_l"":0.7,""alpha_r"":0.8,""availability_fraction"":0.5,""beta_l"":0.4,""beta_r"":0.5,""bootstrap_mode"":""prewarm"",""candidate_fixed_point_damping"":0.5,""candidate_fixed_point_max_iterations"":20,""candidate_fixed_point_relative_tolerance"":0.0001,""cloud_count"":1,""comparison_group"":""lambda_0.25"",""comparison_method"":""periodic_customized"",""control_mode"":""fixed"",""downtime_log_mean"":2.5,""downtime_log_sigma"":0.8,""edge_count"":5,""edge_link_factor"":2.0,""experiment_layer"":""system_poisson"",""fixed_online_budget_ms"":10.0,""fixed_planning_interval_slots"":5,""fixed_total_pool_budget"":20,""lambda_g"":0.7,""lambda_h"":0.7,""lambda_per_slot"":0.25,""max_deadline_ms"":1999.0,""min_deadline_ms"":500.0,""minimum_control_window_slots"":5,""minimum_replanning_interval_slots"":2,""name"":""lambda_0.25_periodic_customized"",""online_budgets_ms"":[5.0,10.0,20.0],""online_timing_mode"":""measured"",""origin_group_count"":2,""plan_ttl_slots"":20,""planning_candidate_generator_mode"":""customized"",""planning_customized_archive_capacity"":64,""planning_customized_generations"":4,""planning_customized_population_size"":12,""planning_deadline_ms"":2000.0,""planning_intervals"":[5,10,20],""planning_runtime_ms"":100.0,""planning_sample_count"":20,""planning_timing_mode"":""measured"",""pool_budget_mode"":""fixed_total"",""profile_count"":2,""slot_count"":200,""slot_length_ms"":100.0,""suite"":""load"",""total_pool_budgets"":[8,20,40],""uptime_scale"":100.0,""uptime_shape"":1.5,""user_count"":10,""workload_mode"":""poisson_profile_catalog""}",200,201,43,29,14,26,3,0,0,1,1.057806292182671,460.73403680747094,0.8575273873490376,5292.838705453305,16,11,2,0,0,41,27,13,14555.880625150166,192.12400109972805,4.468000025575071,7.465415983460844,27,26,0,3460,2495,0,965,454,360,326,178,22260733,prewarm,stability_delay_energy_v4,unified_fixed_point_v3,explicit_snapshot_v1,poisson_profile_catalog_v1,periodic_repository_v1,customized_periodic_pool_v1,empirical_window_beta_v1,slot_up_down_v1,fixed_service_time_v1,fixed_path_v1,full_duplex_shared_heat_v1,deployment_return_energy_v1,periodic_three_objective_v3,discrete_mpc_v1,grid_tkb_v1,arrival_risk_diversity_v1,budgeted_fixed_point_v1,regularized_surrogate_v1,goodput_cost_v1,0.6744186046511628,0.32558139534883723,0.6046511627906976,0.10344827586206896,0.0,1.2935323383084576,0.37209302325581395,0.2558139534883721,0.046511627906976744,0.0,0.0
system_poisson:poisson_lifecycle_v1:load:50391e6d86c9d92c:periodic_customized:r12:s20260731,50391e6d86c9d92c,load,lambda_0.25_periodic_customized,lambda_0.25,periodic_customized,12,20260731,system_poisson,poisson_lifecycle_v1,poisson_profile_catalog,periodic_customized,customized,p12_g4_a64,prewarm,measured,measured,fixed,fixed_total,0.25,c8a1c19b9973aa96,c57247db4e0508db,d53efa84b5b12398,5615e2a246665bbb,"{""algorithm"":""periodic_customized"",""alpha_l"":0.7,""alpha_r"":0.8,""availability_fraction"":0.5,""beta_l"":0.4,""beta_r"":0.5,""bootstrap_mode"":""prewarm"",""candidate_fixed_point_damping"":0.5,""candidate_fixed_point_max_iterations"":20,""candidate_fixed_point_relative_tolerance"":0.0001,""cloud_count"":1,""comparison_group"":""lambda_0.25"",""comparison_method"":""periodic_customized"",""control_mode"":""fixed"",""downtime_log_mean"":2.5,""downtime_log_sigma"":0.8,""edge_count"":5,""edge_link_factor"":2.0,""experiment_layer"":""system_poisson"",""fixed_online_budget_ms"":10.0,""fixed_planning_interval_slots"":5,""fixed_total_pool_budget"":20,""lambda_g"":0.7,""lambda_h"":0.7,""lambda_per_slot"":0.25,""max_deadline_ms"":1999.0,""min_deadline_ms"":500.0,""minimum_control_window_slots"":5,""minimum_replanning_interval_slots"":2,""name"":""lambda_0.25_periodic_customized"",""online_budgets_ms"":[5.0,10.0,20.0],""online_timing_mode"":""measured"",""origin_group_count"":2,""plan_ttl_slots"":20,""planning_candidate_generator_mode"":""customized"",""planning_customized_archive_capacity"":64,""planning_customized_generations"":4,""planning_customized_population_size"":12,""planning_deadline_ms"":2000.0,""planning_intervals"":[5,10,20],""planning_runtime_ms"":100.0,""planning_sample_count"":20,""planning_timing_mode"":""measured"",""pool_budget_mode"":""fixed_total"",""profile_count"":2,""slot_count"":200,""slot_length_ms"":100.0,""suite"":""load"",""total_pool_budgets"":[8,20,40],""uptime_scale"":100.0,""uptime_shape"":1.5,""user_count"":10,""workload_mode"":""poisson_profile_catalog""}",200,200,44,31,13,29,2,2,0,1,0.9932757202179342,584.0503588167011,0.8523041744506222,6891.451341763774,13,11,7,0,0,41,35,6,13374.05517033767,173.77462657168508,3.949423331174661,7.122750044800341,35,34,0,3469,2577,0,892,379,263,233,104,22260734,prewarm,stability_delay_energy_v4,unified_fixed_point_v3,explicit_snapshot_v1,poisson_profile_catalog_v1,periodic_repository_v1,customized_periodic_pool_v1,empirical_window_beta_v1,slot_up_down_v1,fixed_service_time_v1,fixed_path_v1,full_duplex_shared_heat_v1,deployment_return_energy_v1,periodic_three_objective_v3,discrete_mpc_v1,grid_tkb_v1,arrival_risk_diversity_v1,budgeted_fixed_point_v1,regularized_surrogate_v1,goodput_cost_v1,0.7045454545454546,0.29545454545454547,0.6590909090909091,0.06451612903225806,0.06451612903225806,1.45,0.29545454545454547,0.25,0.1590909090909091,0.0,0.0
system_poisson:poisson_lifecycle_v1:load:50391e6d86c9d92c:periodic_customized:r13:s20260732,50391e6d86c9d92c,load,lambda_0.25_periodic_customized,lambda_0.25,periodic_customized,13,20260732,system_poisson,poisson_lifecycle_v1,poisson_profile_catalog,periodic_customized,customized,p12_g4_a64,prewarm,measured,measured,fixed,fixed_total,0.25,2570004416ece14a,3e0c88c5a91c29b4,fa24083c3e2fca02,a897565254a74026,"{""algorithm"":""periodic_customized"",""alpha_l"":0.7,""alpha_r"":0.8,""availability_fraction"":0.5,""beta_l"":0.4,""beta_r"":0.5,""bootstrap_mode"":""prewarm"",""candidate_fixed_point_damping"":0.5,""candidate_fixed_point_max_iterations"":20,""candidate_fixed_point_relative_tolerance"":0.0001,""cloud_count"":1,""comparison_group"":""lambda_0.25"",""comparison_method"":""periodic_customized"",""control_mode"":""fixed"",""downtime_log_mean"":2.5,""downtime_log_sigma"":0.8,""edge_count"":5,""edge_link_factor"":2.0,""experiment_layer"":""system_poisson"",""fixed_online_budget_ms"":10.0,""fixed_planning_interval_slots"":5,""fixed_total_pool_budget"":20,""lambda_g"":0.7,""lambda_h"":0.7,""lambda_per_slot"":0.25,""max_deadline_ms"":1999.0,""min_deadline_ms"":500.0,""minimum_control_window_slots"":5,""minimum_replanning_interval_slots"":2,""name"":""lambda_0.25_periodic_customized"",""online_budgets_ms"":[5.0,10.0,20.0],""online_timing_mode"":""measured"",""origin_group_count"":2,""plan_ttl_slots"":20,""planning_candidate_generator_mode"":""customized"",""planning_customized_archive_capacity"":64,""planning_customized_generations"":4,""planning_customized_population_size"":12,""planning_deadline_ms"":2000.0,""planning_intervals"":[5,10,20],""planning_runtime_ms"":100.0,""planning_sample_count"":20,""planning_timing_mode"":""measured"",""pool_budget_mode"":""fixed_total"",""profile_count"":2,""slot_count"":200,""slot_length_ms"":100.0,""suite"":""load"",""total_pool_budgets"":[8,20,40],""uptime_scale"":100.0,""uptime_shape"":1.5,""user_count"":10,""workload_mode"":""poisson_profile_catalog""}",200,202,44,35,9,34,1,1,0,1,1.2515877199502903,578.7081119982224,0.87061273844522,7785.6314877992845,22,7,6,0,0,41,31,9,14407.98686875496,180.52996357437223,4.102953717599369,6.607999908737838,29,28,0,3563,2126,0,1437,549,362,247,194,22260735,prewarm,stability_delay_energy_v4,unified_fixed_point_v3,explicit_snapshot_v1,poisson_profile_catalog_v1,periodic_repository_v1,customized_periodic_pool_v1,empirical_window_beta_v1,slot_up_down_v1,fixed_service_time_v1,fixed_path_v1,full_duplex_shared_heat_v1,deployment_return_energy_v1,periodic_three_objective_v3,discrete_mpc_v1,grid_tkb_v1,arrival_risk_diversity_v1,budgeted_fixed_point_v1,regularized_surrogate_v1,goodput_cost_v1,0.7954545454545454,0.20454545454545456,0.7727272727272727,0.02857142857142857,0.02857142857142857,1.6831683168316833,0.5,0.1590909090909091,0.13636363636363635,0.0,0.0
system_poisson:poisson_lifecycle_v1:load:50391e6d86c9d92c:periodic_customized:r14:s20260733,50391e6d86c9d92c,load,lambda_0.25_periodic_customized,lambda_0.25,periodic_customized,14,20260733,system_poisson,poisson_lifecycle_v1,poisson_profile_catalog,periodic_customized,customized,p12_g4_a64,prewarm,measured,measured,fixed,fixed_total,0.25,e549ef942191509c,82b0c7769f30bf5e,9a4b8e9b560c115f,9238a84d7f53868e,"{""algorithm"":""periodic_customized"",""alpha_l"":0.7,""alpha_r"":0.8,""availability_fraction"":0.5,""beta_l"":0.4,""beta_r"":0.5,""bootstrap_mode"":""prewarm"",""candidate_fixed_point_damping"":0.5,""candidate_fixed_point_max_iterations"":20,""candidate_fixed_point_relative_tolerance"":0.0001,""cloud_count"":1,""comparison_group"":""lambda_0.25"",""comparison_method"":""periodic_customized"",""control_mode"":""fixed"",""downtime_log_mean"":2.5,""downtime_log_sigma"":0.8,""edge_count"":5,""edge_link_factor"":2.0,""experiment_layer"":""system_poisson"",""fixed_online_budget_ms"":10.0,""fixed_planning_interval_slots"":5,""fixed_total_pool_budget"":20,""lambda_g"":0.7,""lambda_h"":0.7,""lambda_per_slot"":0.25,""max_deadline_ms"":1999.0,""min_deadline_ms"":500.0,""minimum_control_window_slots"":5,""minimum_replanning_interval_slots"":2,""name"":""lambda_0.25_periodic_customized"",""online_budgets_ms"":[5.0,10.0,20.0],""online_timing_mode"":""measured"",""origin_group_count"":2,""plan_ttl_slots"":20,""planning_candidate_generator_mode"":""customized"",""planning_customized_archive_capacity"":64,""planning_customized_generations"":4,""planning_customized_population_size"":12,""planning_deadline_ms"":2000.0,""planning_intervals"":[5,10,20],""planning_runtime_ms"":100.0,""planning_sample_count"":20,""planning_timing_mode"":""measured"",""pool_budget_mode"":""fixed_total"",""profile_count"":2,""slot_count"":200,""slot_length_ms"":100.0,""suite"":""load"",""total_pool_budgets"":[8,20,40],""uptime_scale"":100.0,""uptime_shape"":1.5,""user_count"":10,""workload_mode"":""poisson_profile_catalog""}",200,200,52,39,13,38,1,1,0,1,1.4317929205381845,546.3445378467998,0.8529689353071461,5148.101253742982,25,11,3,0,0,44,34,9,12683.973081409931,187.67491856124252,3.609133049254664,6.304166046902537,35,34,0,3494,2658,0,836,353,259,228,133,22260736,prewarm,stability_delay_energy_v4,unified_fixed_point_v3,explicit_snapshot_v1,poisson_profile_catalog_v1,periodic_repository_v1,customized_periodic_pool_v1,empirical_window_beta_v1,slot_up_down_v1,fixed_service_time_v1,fixed_path_v1,full_duplex_shared_heat_v1,deployment_return_energy_v1,periodic_three_objective_v3,discrete_mpc_v1,grid_tkb_v1,arrival_risk_diversity_v1,budgeted_fixed_point_v1,regularized_surrogate_v1,goodput_cost_v1,0.75,0.25,0.7307692307692307,0.02564102564102564,0.02564102564102564,1.9,0.4807692307692308,0.21153846153846154,0.057692307692307696,0.0,0.0
system_poisson:poisson_lifecycle_v1:load:50391e6d86c9d92c:periodic_customized:r15:s20260734,50391e6d86c9d92c,load,lambda_0.25_periodic_customized,lambda_0.25,periodic_customized,15,20260734,system_poisson,poisson_lifecycle_v1,poisson_profile_catalog,periodic_customized,customized,p12_g4_a64,prewarm,measured,measured,fixed,fixed_total,0.25,9d81372cc2973096,868f2658ddad8015,35d54abbbc196b18,554a01216359253d,"{""algorithm"":""periodic_customized"",""alpha_l"":0.7,""alpha_r"":0.8,""availability_fraction"":0.5,""beta_l"":0.4,""beta_r"":0.5,""bootstrap_mode"":""prewarm"",""candidate_fixed_point_damping"":0.5,""candidate_fixed_point_max_iterations"":20,""candidate_fixed_point_relative_tolerance"":0.0001,""cloud_count"":1,""comparison_group"":""lambda_0.25"",""comparison_method"":""periodic_customized"",""control_mode"":""fixed"",""downtime_log_mean"":2.5,""downtime_log_sigma"":0.8,""edge_count"":5,""edge_link_factor"":2.0,""experiment_layer"":""system_poisson"",""fixed_online_budget_ms"":10.0,""fixed_planning_interval_slots"":5,""fixed_total_pool_budget"":20,""lambda_g"":0.7,""lambda_h"":0.7,""lambda_per_slot"":0.25,""max_deadline_ms"":1999.0,""min_deadline_ms"":500.0,""minimum_control_window_slots"":5,""minimum_replanning_interval_slots"":2,""name"":""lambda_0.25_periodic_customized"",""online_budgets_ms"":[5.0,10.0,20.0],""online_timing_mode"":""measured"",""origin_group_count"":2,""plan_ttl_slots"":20,""planning_candidate_generator_mode"":""customized"",""planning_customized_archive_capacity"":64,""planning_customized_generations"":4,""planning_customized_population_size"":12,""planning_deadline_ms"":2000.0,""planning_intervals"":[5,10,20],""planning_runtime_ms"":100.0,""planning_sample_count"":20,""planning_timing_mode"":""measured"",""pool_budget_mode"":""fixed_total"",""profile_count"":2,""slot_count"":200,""slot_length_ms"":100.0,""suite"":""load"",""total_pool_budgets"":[8,20,40],""uptime_scale"":100.0,""uptime_shape"":1.5,""user_count"":10,""workload_mode"":""poisson_profile_catalog""}",200,201,50,30,20,26,4,2,0,1,0.9097909491407826,661.0884643786401,0.8480765773813626,4711.016773651115,19,7,4,0,0,43,28,14,11345.18607868813,195.25762426201254,3.905152485240251,7.610958069562912,37,36,0,3346,2615,0,731,377,254,186,124,22260737,prewarm,stability_delay_energy_v4,unified_fixed_point_v3,explicit_snapshot_v1,poisson_profile_catalog_v1,periodic_repository_v1,customized_periodic_pool_v1,empirical_window_beta_v1,slot_up_down_v1,fixed_service_time_v1,fixed_path_v1,full_duplex_shared_heat_v1,deployment_return_energy_v1,periodic_three_objective_v3,discrete_mpc_v1,grid_tkb_v1,arrival_risk_diversity_v1,budgeted_fixed_point_v1,regularized_surrogate_v1,goodput_cost_v1,0.6,0.4,0.52,0.13333333333333333,0.06666666666666667,1.2935323383084576,0.38,0.14,0.08,0.0,0.0
system_poisson:poisson_lifecycle_v1:load:50391e6d86c9d92c:periodic_customized:r16:s20260735,50391e6d86c9d92c,load,lambda_0.25_periodic_customized,lambda_0.25,periodic_customized,16,20260735,system_poisson,poisson_lifecycle_v1,poisson_profile_catalog,periodic_customized,customized,p12_g4_a64,prewarm,measured,measured,fixed,fixed_total,0.25,c61c842e17f225e3,3da65bab6008a478,949b7b88a6bf75fc,615e85118266de25,"{""algorithm"":""periodic_customized"",""alpha_l"":0.7,""alpha_r"":0.8,""availability_fraction"":0.5,""beta_l"":0.4,""beta_r"":0.5,""bootstrap_mode"":""prewarm"",""candidate_fixed_point_damping"":0.5,""candidate_fixed_point_max_iterations"":20,""candidate_fixed_point_relative_tolerance"":0.0001,""cloud_count"":1,""comparison_group"":""lambda_0.25"",""comparison_method"":""periodic_customized"",""control_mode"":""fixed"",""downtime_log_mean"":2.5,""downtime_log_sigma"":0.8,""edge_count"":5,""edge_link_factor"":2.0,""experiment_layer"":""system_poisson"",""fixed_online_budget_ms"":10.0,""fixed_planning_interval_slots"":5,""fixed_total_pool_budget"":20,""lambda_g"":0.7,""lambda_h"":0.7,""lambda_per_slot"":0.25,""max_deadline_ms"":1999.0,""min_deadline_ms"":500.0,""minimum_control_window_slots"":5,""minimum_replanning_interval_slots"":2,""name"":""lambda_0.25_periodic_customized"",""online_budgets_ms"":[5.0,10.0,20.0],""online_timing_mode"":""measured"",""origin_group_count"":2,""plan_ttl_slots"":20,""planning_candidate_generator_mode"":""customized"",""planning_customized_archive_capacity"":64,""planning_customized_generations"":4,""planning_customized_population_size"":12,""planning_deadline_ms"":2000.0,""planning_intervals"":[5,10,20],""planning_runtime_ms"":100.0,""planning_sample_count"":20,""planning_timing_mode"":""measured"",""pool_budget_mode"":""fixed_total"",""profile_count"":2,""slot_count"":200,""slot_length_ms"":100.0,""suite"":""load"",""total_pool_budgets"":[8,20,40],""uptime_scale"":100.0,""uptime_shape"":1.5,""user_count"":10,""workload_mode"":""poisson_profile_catalog""}",200,200,59,35,24,29,6,1,0,1,1.0520133489845205,683.8285590327722,0.8821971053422201,7965.092002053933,21,6,8,0,0,42,32,9,12465.351127437316,203.2188818557188,3.4443878280630305,7.488957955501974,35,34,0,3394,2245,0,1149,332,217,164,110,22260738,prewarm,stability_delay_energy_v4,unified_fixed_point_v3,explicit_snapshot_v1,poisson_profile_catalog_v1,periodic_repository_v1,customized_periodic_pool_v1,empirical_window_beta_v1,slot_up_down_v1,fixed_service_time_v1,fixed_path_v1,full_duplex_shared_heat_v1,deployment_return_energy_v1,periodic_three_objective_v3,discrete_mpc_v1,grid_tkb_v1,arrival_risk_diversity_v1,budgeted_fixed_point_v1,regularized_surrogate_v1,goodput_cost_v1,0.5932203389830508,0.4067796610169492,0.4915254237288136,0.17142857142857143,0.02857142857142857,1.45,0.3559322033898305,0.1016949152542373,0.13559322033898305,0.0,0.0
system_poisson:poisson_lifecycle_v1:load:50391e6d86c9d92c:periodic_customized:r17:s20260736,50391e6d86c9d92c,load,lambda_0.25_periodic_customized,lambda_0.25,periodic_customized,17,20260736,system_poisson,poisson_lifecycle_v1,poisson_profile_catalog,periodic_customized,customized,p12_g4_a64,prewarm,measured,measured,fixed,fixed_total,0.25,a1e1594e7589a223,d9b518a32809412d,8a36ab9a2a8c5db0,6d1494c76aa00136,"{""algorithm"":""periodic_customized"",""alpha_l"":0.7,""alpha_r"":0.8,""availability_fraction"":0.5,""beta_l"":0.4,""beta_r"":0.5,""bootstrap_mode"":""prewarm"",""candidate_fixed_point_damping"":0.5,""candidate_fixed_point_max_iterations"":20,""candidate_fixed_point_relative_tolerance"":0.0001,""cloud_count"":1,""comparison_group"":""lambda_0.25"",""comparison_method"":""periodic_customized"",""control_mode"":""fixed"",""downtime_log_mean"":2.5,""downtime_log_sigma"":0.8,""edge_count"":5,""edge_link_factor"":2.0,""experiment_layer"":""system_poisson"",""fixed_online_budget_ms"":10.0,""fixed_planning_interval_slots"":5,""fixed_total_pool_budget"":20,""lambda_g"":0.7,""lambda_h"":0.7,""lambda_per_slot"":0.25,""max_deadline_ms"":1999.0,""min_deadline_ms"":500.0,""minimum_control_window_slots"":5,""minimum_replanning_interval_slots"":2,""name"":""lambda_0.25_periodic_customized"",""online_budgets_ms"":[5.0,10.0,20.0],""online_timing_mode"":""measured"",""origin_group_count"":2,""plan_ttl_slots"":20,""planning_candidate_generator_mode"":""customized"",""planning_customized_archive_capacity"":64,""planning_customized_generations"":4,""planning_customized_population_size"":12,""planning_deadline_ms"":2000.0,""planning_intervals"":[5,10,20],""planning_runtime_ms"":100.0,""planning_sample_count"":20,""planning_timing_mode"":""measured"",""pool_budget_mode"":""fixed_total"",""profile_count"":2,""slot_count"":200,""slot_length_ms"":100.0,""suite"":""load"",""total_pool_budgets"":[8,20,40],""uptime_scale"":100.0,""uptime_shape"":1.5,""user_count"":10,""workload_mode"":""poisson_profile_catalog""}",200,201,45,27,18,25,2,0,0,1,0.9497572697809592,595.9241416145511,0.8731173638472205,5398.726311264977,21,6,0,0,0,42,35,7,11788.624048233032,166.30683303810656,3.6957074008468123,8.735832991078496,37,36,0,3305,2484,0,821,356,259,263,68,22260739,prewarm,stability_delay_energy_v4,unified_fixed_point_v3,explicit_snapshot_v1,poisson_profile_catalog_v1,periodic_repository_v1,customized_periodic_pool_v1,empirical_window_beta_v1,slot_up_down_v1,fixed_service_time_v1,fixed_path_v1,full_duplex_shared_heat_v1,deployment_return_energy_v1,periodic_three_objective_v3,discrete_mpc_v1,grid_tkb_v1,arrival_risk_diversity_v1,budgeted_fixed_point_v1,regularized_surrogate_v1,goodput_cost_v1,0.6,0.4,0.5555555555555556,0.07407407407407407,0.0,1.243781094527363,0.4666666666666667,0.13333333333333333,0.0,0.0,0.0
system_poisson:poisson_lifecycle_v1:load:50391e6d86c9d92c:periodic_customized:r18:s20260737,50391e6d86c9d92c,load,lambda_0.25_periodic_customized,lambda_0.25,periodic_customized,18,20260737,system_poisson,poisson_lifecycle_v1,poisson_profile_catalog,periodic_customized,customized,p12_g4_a64,prewarm,measured,measured,fixed,fixed_total,0.25,2340d35db3923e87,6c6665153475ebe0,3c40d8db1e1fc4b4,fb1a538d3c9d367a,"{""algorithm"":""periodic_customized"",""alpha_l"":0.7,""alpha_r"":0.8,""availability_fraction"":0.5,""beta_l"":0.4,""beta_r"":0.5,""bootstrap_mode"":""prewarm"",""candidate_fixed_point_damping"":0.5,""candidate_fixed_point_max_iterations"":20,""candidate_fixed_point_relative_tolerance"":0.0001,""cloud_count"":1,""comparison_group"":""lambda_0.25"",""comparison_method"":""periodic_customized"",""control_mode"":""fixed"",""downtime_log_mean"":2.5,""downtime_log_sigma"":0.8,""edge_count"":5,""edge_link_factor"":2.0,""experiment_layer"":""system_poisson"",""fixed_online_budget_ms"":10.0,""fixed_planning_interval_slots"":5,""fixed_total_pool_budget"":20,""lambda_g"":0.7,""lambda_h"":0.7,""lambda_per_slot"":0.25,""max_deadline_ms"":1999.0,""min_deadline_ms"":500.0,""minimum_control_window_slots"":5,""minimum_replanning_interval_slots"":2,""name"":""lambda_0.25_periodic_customized"",""online_budgets_ms"":[5.0,10.0,20.0],""online_timing_mode"":""measured"",""origin_group_count"":2,""plan_ttl_slots"":20,""planning_candidate_generator_mode"":""customized"",""planning_customized_archive_capacity"":64,""planning_customized_generations"":4,""planning_customized_population_size"":12,""planning_deadline_ms"":2000.0,""planning_intervals"":[5,10,20],""planning_runtime_ms"":100.0,""planning_sample_count"":20,""planning_timing_mode"":""measured"",""pool_budget_mode"":""fixed_total"",""profile_count"":2,""slot_count"":200,""slot_length_ms"":100.0,""suite"":""load"",""total_pool_budgets"":[8,20,40],""uptime_scale"":100.0,""uptime_shape"":1.5,""user_count"":10,""workload_mode"":""poisson_profile_catalog""}",200,200,58,45,13,42,3,1,0,1,1.6335573915608694,486.3679762047851,0.8440966391086066,4348.360753597438,23,14,8,0,0,42,34,7,13313.504415913485,256.8550818832591,4.428535894538951,8.062416920438409,32,31,0,3540,2389,0,1151,559,416,342,151,22260740,prewarm,stability_delay_energy_v4,unified_fixed_point_v3,explicit_snapshot_v1,poisson_profile_catalog_v1,periodic_repository_v1,customized_periodic_pool_v1,empirical_window_beta_v1,slot_up_down_v1,fixed_service_time_v1,fixed_path_v1,full_duplex_shared_heat_v1,deployment_return_energy_v1,periodic_three_objective_v3,discrete_mpc_v1,grid_tkb_v1,arrival_risk_diversity_v1,budgeted_fixed_point_v1,regularized_surrogate_v1,goodput_cost_v1,0.7758620689655172,0.22413793103448276,0.7241379310344828,0.06666666666666667,0.022222222222222223,2.1,0.39655172413793105,0.2413793103448276,0.13793103448275862,0.0,0.0
system_poisson:poisson_lifecycle_v1:load:50391e6d86c9d92c:periodic_customized:r19:s20260738,50391e6d86c9d92c,load,lambda_0.25_periodic_customized,lambda_0.25,periodic_customized,19,20260738,system_poisson,poisson_lifecycle_v1,poisson_profile_catalog,periodic_customized,customized,p12_g4_a64,prewarm,measured,measured,fixed,fixed_total,0.25,2f8cac81e28c6822,342fe7b24aabf9c9,1b8ddd12b1e1cb3e,a5b68c6f808e683d,"{""algorithm"":""periodic_customized"",""alpha_l"":0.7,""alpha_r"":0.8,""availability_fraction"":0.5,""beta_l"":0.4,""beta_r"":0.5,""bootstrap_mode"":""prewarm"",""candidate_fixed_point_damping"":0.5,""candidate_fixed_point_max_iterations"":20,""candidate_fixed_point_relative_tolerance"":0.0001,""cloud_count"":1,""comparison_group"":""lambda_0.25"",""comparison_method"":""periodic_customized"",""control_mode"":""fixed"",""downtime_log_mean"":2.5,""downtime_log_sigma"":0.8,""edge_count"":5,""edge_link_factor"":2.0,""experiment_layer"":""system_poisson"",""fixed_online_budget_ms"":10.0,""fixed_planning_interval_slots"":5,""fixed_total_pool_budget"":20,""lambda_g"":0.7,""lambda_h"":0.7,""lambda_per_slot"":0.25,""max_deadline_ms"":1999.0,""min_deadline_ms"":500.0,""minimum_control_window_slots"":5,""minimum_replanning_interval_slots"":2,""name"":""lambda_0.25_periodic_customized"",""online_budgets_ms"":[5.0,10.0,20.0],""online_timing_mode"":""measured"",""origin_group_count"":2,""plan_ttl_slots"":20,""planning_candidate_generator_mode"":""customized"",""planning_customized_archive_capacity"":64,""planning_customized_generations"":4,""planning_customized_population_size"":12,""planning_deadline_ms"":2000.0,""planning_intervals"":[5,10,20],""planning_runtime_ms"":100.0,""planning_sample_count"":20,""planning_timing_mode"":""measured"",""pool_budget_mode"":""fixed_total"",""profile_count"":2,""slot_count"":200,""slot_length_ms"":100.0,""suite"":""load"",""total_pool_budgets"":[8,20,40],""uptime_scale"":100.0,""uptime_shape"":1.5,""user_count"":10,""workload_mode"":""poisson_profile_catalog""}",200,200,44,20,24,18,2,0,0,1,0.6294281643607833,760.0055822750617,0.8350644087124529,6089.6359095519865,12,5,3,0,0,42,25,16,11353.27646008227,119.03591395821422,2.705361680868505,4.534416017122567,36,35,0,3083,2761,0,322,162,115,95,48,22260741,prewarm,stability_delay_energy_v4,unified_fixed_point_v3,explicit_snapshot_v1,poisson_profile_catalog_v1,periodic_repository_v1,customized_periodic_pool_v1,empirical_window_beta_v1,slot_up_down_v1,fixed_service_time_v1,fixed_path_v1,full_duplex_shared_heat_v1,deployment_return_energy_v1,periodic_three_objective_v3,discrete_mpc_v1,grid_tkb_v1,arrival_risk_diversity_v1,budgeted_fixed_point_v1,regularized_surrogate_v1,goodput_cost_v1,0.45454545454545453,0.5454545454545454,0.4090909090909091,0.1,0.0,0.9,0.2727272727272727,0.11363636363636363,0.06818181818181818,0.0,0.0
system_poisson:poisson_lifecycle_v1:load:a117b9896041dedb:periodic_lightweight:r0:s20260719,a117b9896041dedb,load,lambda_0.25_periodic_lightweight,lambda_0.25,periodic_lightweight,0,20260719,system_poisson,poisson_lifecycle_v1,poisson_profile_catalog,periodic_lightweight,lightweight,not_applicable,prewarm,measured,measured,fixed,fixed_total,0.25,6d295842eb0296d0,fca0df0e76e8aea8,a4c1904873591613,c3ade63673949cb4,"{""algorithm"":""periodic_lightweight"",""alpha_l"":0.7,""alpha_r"":0.8,""availability_fraction"":0.5,""beta_l"":0.4,""beta_r"":0.5,""bootstrap_mode"":""prewarm"",""candidate_fixed_point_damping"":0.5,""candidate_fixed_point_max_iterations"":20,""candidate_fixed_point_relative_tolerance"":0.0001,""cloud_count"":1,""comparison_group"":""lambda_0.25"",""comparison_method"":""periodic_lightweight"",""control_mode"":""fixed"",""downtime_log_mean"":2.5,""downtime_log_sigma"":0.8,""edge_count"":5,""edge_link_factor"":2.0,""experiment_layer"":""system_poisson"",""fixed_online_budget_ms"":10.0,""fixed_planning_interval_slots"":5,""fixed_total_pool_budget"":20,""lambda_g"":0.7,""lambda_h"":0.7,""lambda_per_slot"":0.25,""max_deadline_ms"":1999.0,""min_deadline_ms"":500.0,""minimum_control_window_slots"":5,""minimum_replanning_interval_slots"":2,""name"":""lambda_0.25_periodic_lightweight"",""online_budgets_ms"":[5.0,10.0,20.0],""online_timing_mode"":""measured"",""origin_group_count"":2,""plan_ttl_slots"":20,""planning_candidate_generator_mode"":""lightweight"",""planning_customized_archive_capacity"":64,""planning_customized_generations"":4,""planning_customized_population_size"":12,""planning_deadline_ms"":2000.0,""planning_intervals"":[5,10,20],""planning_runtime_ms"":100.0,""planning_sample_count"":20,""planning_timing_mode"":""measured"",""pool_budget_mode"":""fixed_total"",""profile_count"":2,""slot_count"":200,""slot_length_ms"":100.0,""suite"":""load"",""total_pool_budgets"":[8,20,40],""uptime_scale"":100.0,""uptime_shape"":1.5,""user_count"":10,""workload_mode"":""poisson_profile_catalog""}",200,210,61,39,22,35,4,0,0,1,1.253587737949979,612.4781369549185,0.8482412417160379,3484.0143872545077,31,3,5,0,0,42,36,5,14038.487664540298,216.19987045414746,3.5442601713794666,5.516457953490317,29,28,0,5121,4379,0,742,570,504,341,168,22260722,prewarm,stability_delay_energy_v4,unified_fixed_point_v3,explicit_snapshot_v1,poisson_profile_catalog_v1,periodic_repository_v1,customized_periodic_pool_v1,empirical_window_beta_v1,slot_up_down_v1,fixed_service_time_v1,fixed_path_v1,full_duplex_shared_heat_v1,deployment_return_energy_v1,periodic_three_objective_v3,discrete_mpc_v1,grid_tkb_v1,arrival_risk_diversity_v1,budgeted_fixed_point_v1,regularized_surrogate_v1,goodput_cost_v1,0.639344262295082,0.36065573770491804,0.5737704918032787,0.10256410256410256,0.0,1.6666666666666667,0.5081967213114754,0.04918032786885246,0.08196721311475409,0.0,0.0
system_poisson:poisson_lifecycle_v1:load:a117b9896041dedb:periodic_lightweight:r1:s20260720,a117b9896041dedb,load,lambda_0.25_periodic_lightweight,lambda_0.25,periodic_lightweight,1,20260720,system_poisson,poisson_lifecycle_v1,poisson_profile_catalog,periodic_lightweight,lightweight,not_applicable,prewarm,measured,measured,fixed,fixed_total,0.25,a4f53f5438a025fd,a0ac5e6d1accb3ff,b650d6c827bcb7e9,4948b9b559ca3dae,"{""algorithm"":""periodic_lightweight"",""alpha_l"":0.7,""alpha_r"":0.8,""availability_fraction"":0.5,""beta_l"":0.4,""beta_r"":0.5,""bootstrap_mode"":""prewarm"",""candidate_fixed_point_damping"":0.5,""candidate_fixed_point_max_iterations"":20,""candidate_fixed_point_relative_tolerance"":0.0001,""cloud_count"":1,""comparison_group"":""lambda_0.25"",""comparison_method"":""periodic_lightweight"",""control_mode"":""fixed"",""downtime_log_mean"":2.5,""downtime_log_sigma"":0.8,""edge_count"":5,""edge_link_factor"":2.0,""experiment_layer"":""system_poisson"",""fixed_online_budget_ms"":10.0,""fixed_planning_interval_slots"":5,""fixed_total_pool_budget"":20,""lambda_g"":0.7,""lambda_h"":0.7,""lambda_per_slot"":0.25,""max_deadline_ms"":1999.0,""min_deadline_ms"":500.0,""minimum_control_window_slots"":5,""minimum_replanning_interval_slots"":2,""name"":""lambda_0.25_periodic_lightweight"",""online_budgets_ms"":[5.0,10.0,20.0],""online_timing_mode"":""measured"",""origin_group_count"":2,""plan_ttl_slots"":20,""planning_candidate_generator_mode"":""lightweight"",""planning_customized_archive_capacity"":64,""planning_customized_generations"":4,""planning_customized_population_size"":12,""planning_deadline_ms"":2000.0,""planning_intervals"":[5,10,20],""planning_runtime_ms"":100.0,""planning_sample_count"":20,""planning_timing_mode"":""measured"",""pool_budget_mode"":""fixed_total"",""profile_count"":2,""slot_count"":200,""slot_length_ms"":100.0,""suite"":""load"",""total_pool_budgets"":[8,20,40],""uptime_scale"":100.0,""uptime_shape"":1.5,""user_count"":10,""workload_mode"":""poisson_profile_catalog""}",200,204,53,31,22,26,5,0,0,1,0.9082518584686544,691.4598473412308,0.8363181187433644,6897.172896182146,21,5,5,0,0,41,31,9,14014.14742146153,164.1198298893869,3.096600563950696,6.2645000871270895,28,27,0,4951,4348,0,603,238,130,123,38,22260723,prewarm,stability_delay_energy_v4,unified_fixed_point_v3,explicit_snapshot_v1,poisson_profile_catalog_v1,periodic_repository_v1,customized_periodic_pool_v1,empirical_window_beta_v1,slot_up_down_v1,fixed_service_time_v1,fixed_path_v1,full_duplex_shared_heat_v1,deployment_return_energy_v1,periodic_three_objective_v3,discrete_mpc_v1,grid_tkb_v1,arrival_risk_diversity_v1,budgeted_fixed_point_v1,regularized_surrogate_v1,goodput_cost_v1,0.5849056603773585,0.41509433962264153,0.49056603773584906,0.16129032258064516,0.0,1.2745098039215688,0.39622641509433965,0.09433962264150944,0.09433962264150944,0.0,0.0
system_poisson:poisson_lifecycle_v1:load:a117b9896041dedb:periodic_lightweight:r2:s20260721,a117b9896041dedb,load,lambda_0.25_periodic_lightweight,lambda_0.25,periodic_lightweight,2,20260721,system_poisson,poisson_lifecycle_v1,poisson_profile_catalog,periodic_lightweight,lightweight,not_applicable,prewarm,measured,measured,fixed,fixed_total,0.25,e1936cba343be935,938f95453f2442e2,d47a17b24fa6d933,b3c97759fa661993,"{""algorithm"":""periodic_lightweight"",""alpha_l"":0.7,""alpha_r"":0.8,""availability_fraction"":0.5,""beta_l"":0.4,""beta_r"":0.5,""bootstrap_mode"":""prewarm"",""candidate_fixed_point_damping"":0.5,""candidate_fixed_point_max_iterations"":20,""candidate_fixed_point_relative_tolerance"":0.0001,""cloud_count"":1,""comparison_group"":""lambda_0.25"",""comparison_method"":""periodic_lightweight"",""control_mode"":""fixed"",""downtime_log_mean"":2.5,""downtime_log_sigma"":0.8,""edge_count"":5,""edge_link_factor"":2.0,""experiment_layer"":""system_poisson"",""fixed_online_budget_ms"":10.0,""fixed_planning_interval_slots"":5,""fixed_total_pool_budget"":20,""lambda_g"":0.7,""lambda_h"":0.7,""lambda_per_slot"":0.25,""max_deadline_ms"":1999.0,""min_deadline_ms"":500.0,""minimum_control_window_slots"":5,""minimum_replanning_interval_slots"":2,""name"":""lambda_0.25_periodic_lightweight"",""online_budgets_ms"":[5.0,10.0,20.0],""online_timing_mode"":""measured"",""origin_group_count"":2,""plan_ttl_slots"":20,""planning_candidate_generator_mode"":""lightweight"",""planning_customized_archive_capacity"":64,""planning_customized_generations"":4,""planning_customized_population_size"":12,""planning_deadline_ms"":2000.0,""planning_intervals"":[5,10,20],""planning_runtime_ms"":100.0,""planning_sample_count"":20,""planning_timing_mode"":""measured"",""pool_budget_mode"":""fixed_total"",""profile_count"":2,""slot_count"":200,""slot_length_ms"":100.0,""suite"":""load"",""total_pool_budgets"":[8,20,40],""uptime_scale"":100.0,""uptime_shape"":1.5,""user_count"":10,""workload_mode"":""poisson_profile_catalog""}",200,203,53,32,21,31,1,0,0,1,1.1931619561778506,557.2522390462269,0.8342462997008689,5014.378029876166,25,1,6,0,0,38,35,2,16499.45400096476,167.16942051425576,3.154140009702939,5.199374980293214,16,15,0,4720,4361,0,359,262,260,170,107,22260724,prewarm,stability_delay_energy_v4,unified_fixed_point_v3,explicit_snapshot_v1,poisson_profile_catalog_v1,periodic_repository_v1,customized_periodic_pool_v1,empirical_window_beta_v1,slot_up_down_v1,fixed_service_time_v1,fixed_path_v1,full_duplex_shared_heat_v1,deployment_return_energy_v1,periodic_three_objective_v3,discrete_mpc_v1,grid_tkb_v1,arrival_risk_diversity_v1,budgeted_fixed_point_v1,regularized_surrogate_v1,goodput_cost_v1,0.6037735849056604,0.39622641509433965,0.5849056603773585,0.03125,0.0,1.5270935960591132,0.4716981132075472,0.018867924528301886,0.11320754716981132,0.0,0.0
system_poisson:poisson_lifecycle_v1:load:a117b9896041dedb:periodic_lightweight:r3:s20260722,a117b9896041dedb,load,lambda_0.25_periodic_lightweight,lambda_0.25,periodic_lightweight,3,20260722,system_poisson,poisson_lifecycle_v1,poisson_profile_catalog,periodic_lightweight,lightweight,not_applicable,prewarm,measured,measured,fixed,fixed_total,0.25,cad518de228dec43,e2c448830ab998d5,ef7c01b21236b0cf,a8d64a668c29fff0,"{""algorithm"":""periodic_lightweight"",""alpha_l"":0.7,""alpha_r"":0.8,""availability_fraction"":0.5,""beta_l"":0.4,""beta_r"":0.5,""bootstrap_mode"":""prewarm"",""candidate_fixed_point_damping"":0.5,""candidate_fixed_point_max_iterations"":20,""candidate_fixed_point_relative_tolerance"":0.0001,""cloud_count"":1,""comparison_group"":""lambda_0.25"",""comparison_method"":""periodic_lightweight"",""control_mode"":""fixed"",""downtime_log_mean"":2.5,""downtime_log_sigma"":0.8,""edge_count"":5,""edge_link_factor"":2.0,""experiment_layer"":""system_poisson"",""fixed_online_budget_ms"":10.0,""fixed_planning_interval_slots"":5,""fixed_total_pool_budget"":20,""lambda_g"":0.7,""lambda_h"":0.7,""lambda_per_slot"":0.25,""max_deadline_ms"":1999.0,""min_deadline_ms"":500.0,""minimum_control_window_slots"":5,""minimum_replanning_interval_slots"":2,""name"":""lambda_0.25_periodic_lightweight"",""online_budgets_ms"":[5.0,10.0,20.0],""online_timing_mode"":""measured"",""origin_group_count"":2,""plan_ttl_slots"":20,""planning_candidate_generator_mode"":""lightweight"",""planning_customized_archive_capacity"":64,""planning_customized_generations"":4,""planning_customized_population_size"":12,""planning_deadline_ms"":2000.0,""planning_intervals"":[5,10,20],""planning_runtime_ms"":100.0,""planning_sample_count"":20,""planning_timing_mode"":""measured"",""pool_budget_mode"":""fixed_total"",""profile_count"":2,""slot_count"":200,""slot_length_ms"":100.0,""suite"":""load"",""total_pool_budgets"":[8,20,40],""uptime_scale"":100.0,""uptime_shape"":1.5,""user_count"":10,""workload_mode"":""poisson_profile_catalog""}",200,205,62,49,13,45,4,1,0,1,1.6360756709270357,549.8274771579781,0.8516947931300591,5325.909923220424,35,6,8,0,0,43,40,2,14168.287666281685,198.15496215596795,3.1960477767091606,4.9071250250563025,25,24,0,5252,4193,0,1059,497,361,244,128,22260725,prewarm,stability_delay_energy_v4,unified_fixed_point_v3,explicit_snapshot_v1,poisson_profile_catalog_v1,periodic_repository_v1,customized_periodic_pool_v1,empirical_window_beta_v1,slot_up_down_v1,fixed_service_time_v1,fixed_path_v1,full_duplex_shared_heat_v1,deployment_return_energy_v1,periodic_three_objective_v3,discrete_mpc_v1,grid_tkb_v1,arrival_risk_diversity_v1,budgeted_fixed_point_v1,regularized_surrogate_v1,goodput_cost_v1,0.7903225806451613,0.20967741935483872,0.7258064516129032,0.08163265306122448,0.02040816326530612,2.1951219512195124,0.5645161290322581,0.0967741935483871,0.12903225806451613,0.0,0.0
system_poisson:poisson_lifecycle_v1:load:a117b9896041dedb:periodic_lightweight:r4:s20260723,a117b9896041dedb,load,lambda_0.25_periodic_lightweight,lambda_0.25,periodic_lightweight,4,20260723,system_poisson,poisson_lifecycle_v1,poisson_profile_catalog,periodic_lightweight,lightweight,not_applicable,prewarm,measured,measured,fixed,fixed_total,0.25,85e4775618fc9271,04cc006508118ace,fd53f895ef214d55,7df8c4f9894fbd11,"{""algorithm"":""periodic_lightweight"",""alpha_l"":0.7,""alpha_r"":0.8,""availability_fraction"":0.5,""beta_l"":0.4,""beta_r"":0.5,""bootstrap_mode"":""prewarm"",""candidate_fixed_point_damping"":0.5,""candidate_fixed_point_max_iterations"":20,""candidate_fixed_point_relative_tolerance"":0.0001,""cloud_count"":1,""comparison_group"":""lambda_0.25"",""comparison_method"":""periodic_lightweight"",""control_mode"":""fixed"",""downtime_log_mean"":2.5,""downtime_log_sigma"":0.8,""edge_count"":5,""edge_link_factor"":2.0,""experiment_layer"":""system_poisson"",""fixed_online_budget_ms"":10.0,""fixed_planning_interval_slots"":5,""fixed_total_pool_budget"":20,""lambda_g"":0.7,""lambda_h"":0.7,""lambda_per_slot"":0.25,""max_deadline_ms"":1999.0,""min_deadline_ms"":500.0,""minimum_control_window_slots"":5,""minimum_replanning_interval_slots"":2,""name"":""lambda_0.25_periodic_lightweight"",""online_budgets_ms"":[5.0,10.0,20.0],""online_timing_mode"":""measured"",""origin_group_count"":2,""plan_ttl_slots"":20,""planning_candidate_generator_mode"":""lightweight"",""planning_customized_archive_capacity"":64,""planning_customized_generations"":4,""planning_customized_population_size"":12,""planning_deadline_ms"":2000.0,""planning_intervals"":[5,10,20],""planning_runtime_ms"":100.0,""planning_sample_count"":20,""planning_timing_mode"":""measured"",""pool_budget_mode"":""fixed_total"",""profile_count"":2,""slot_count"":200,""slot_length_ms"":100.0,""suite"":""load"",""total_pool_budgets"":[8,20,40],""uptime_scale"":100.0,""uptime_shape"":1.5,""user_count"":10,""workload_mode"":""poisson_profile_catalog""}",200,200,55,37,18,35,2,0,0,1,1.36675543712895,542.8007333323898,0.8425270999087192,5560.90064294575,25,3,9,0,0,39,30,8,14894.657162483782,217.91645989287645,3.9621174525977536,6.8662919802591205,25,24,0,4740,4174,0,566,351,328,241,130,22260726,prewarm,stability_delay_energy_v4,unified_fixed_point_v3,explicit_snapshot_v1,poisson_profile_catalog_v1,periodic_repository_v1,customized_periodic_pool_v1,empirical_window_beta_v1,slot_up_down_v1,fixed_service_time_v1,fixed_path_v1,full_duplex_shared_heat_v1,deployment_return_energy_v1,periodic_three_objective_v3,discrete_mpc_v1,grid_tkb_v1,arrival_risk_diversity_v1,budgeted_fixed_point_v1,regularized_surrogate_v1,goodput_cost_v1,0.6727272727272727,0.32727272727272727,0.6363636363636364,0.05405405405405406,0.0,1.75,0.45454545454545453,0.05454545454545454,0.16363636363636364,0.0,0.0
system_poisson:poisson_lifecycle_v1:load:a117b9896041dedb:periodic_lightweight:r5:s20260724,a117b9896041dedb,load,lambda_0.25_periodic_lightweight,lambda_0.25,periodic_lightweight,5,20260724,system_poisson,poisson_lifecycle_v1,poisson_profile_catalog,periodic_lightweight,lightweight,not_applicable,prewarm,measured,measured,fixed,fixed_total,0.25,d24fe9836276a23a,5f88dfc591596c91,195da5ac76e3705b,c61766e5adeaf7a9,"{""algorithm"":""periodic_lightweight"",""alpha_l"":0.7,""alpha_r"":0.8,""availability_fraction"":0.5,""beta_l"":0.4,""beta_r"":0.5,""bootstrap_mode"":""prewarm"",""candidate_fixed_point_damping"":0.5,""candidate_fixed_point_max_iterations"":20,""candidate_fixed_point_relative_tolerance"":0.0001,""cloud_count"":1,""comparison_group"":""lambda_0.25"",""comparison_method"":""periodic_lightweight"",""control_mode"":""fixed"",""downtime_log_mean"":2.5,""downtime_log_sigma"":0.8,""edge_count"":5,""edge_link_factor"":2.0,""experiment_layer"":""system_poisson"",""fixed_online_budget_ms"":10.0,""fixed_planning_interval_slots"":5,""fixed_total_pool_budget"":20,""lambda_g"":0.7,""lambda_h"":0.7,""lambda_per_slot"":0.25,""max_deadline_ms"":1999.0,""min_deadline_ms"":500.0,""minimum_control_window_slots"":5,""minimum_replanning_interval_slots"":2,""name"":""lambda_0.25_periodic_lightweight"",""online_budgets_ms"":[5.0,10.0,20.0],""online_timing_mode"":""measured"",""origin_group_count"":2,""plan_ttl_slots"":20,""planning_candidate_generator_mode"":""lightweight"",""planning_customized_archive_capacity"":64,""planning_customized_generations"":4,""planning_customized_population_size"":12,""planning_deadline_ms"":2000.0,""planning_intervals"":[5,10,20],""planning_runtime_ms"":100.0,""planning_sample_count"":20,""planning_timing_mode"":""measured"",""pool_budget_mode"":""fixed_total"",""profile_count"":2,""slot_count"":200,""slot_length_ms"":100.0,""suite"":""load"",""total_pool_budgets"":[8,20,40],""uptime_scale"":100.0,""uptime_shape"":1.5,""user_count"":10,""workload_mode"":""poisson_profile_catalog""}",200,200,48,37,11,37,0,0,0,1,1.4752713895255822,436.17658043153256,0.8336582299896782,3222.415811159673,33,2,2,0,0,43,40,2,13887.252330663614,148.65504077170044,3.0969800160770924,5.358874914236367,29,28,0,5304,4681,0,623,373,366,322,86,22260727,prewarm,stability_delay_energy_v4,unified_fixed_point_v3,explicit_snapshot_v1,poisson_profile_catalog_v1,periodic_repository_v1,customized_periodic_pool_v1,empirical_window_beta_v1,slot_up_down_v1,fixed_service_time_v1,fixed_path_v1,full_duplex_shared_heat_v1,deployment_return_energy_v1,periodic_three_objective_v3,discrete_mpc_v1,grid_tkb_v1,arrival_risk_diversity_v1,budgeted_fixed_point_v1,regularized_surrogate_v1,goodput_cost_v1,0.7708333333333334,0.22916666666666666,0.7708333333333334,0.0,0.0,1.85,0.6875,0.041666666666666664,0.041666666666666664,0.0,0.0
system_poisson:poisson_lifecycle_v1:load:a117b9896041dedb:periodic_lightweight:r6:s20260725,a117b9896041dedb,load,lambda_0.25_periodic_lightweight,lambda_0.25,periodic_lightweight,6,20260725,system_poisson,poisson_lifecycle_v1,poisson_profile_catalog,periodic_lightweight,lightweight,not_applicable,prewarm,measured,measured,fixed,fixed_total,0.25,26abbdd9b75bc615,fc04fea1c464df4f,752e31eaa3e77823,b0aa21bae96916c6,"{""algorithm"":""periodic_lightweight"",""alpha_l"":0.7,""alpha_r"":0.8,""availability_fraction"":0.5,""beta_l"":0.4,""beta_r"":0.5,""bootstrap_mode"":""prewarm"",""candidate_fixed_point_damping"":0.5,""candidate_fixed_point_max_iterations"":20,""candidate_fixed_point_relative_tolerance"":0.0001,""cloud_count"":1,""comparison_group"":""lambda_0.25"",""comparison_method"":""periodic_lightweight"",""control_mode"":""fixed"",""downtime_log_mean"":2.5,""downtime_log_sigma"":0.8,""edge_count"":5,""edge_link_factor"":2.0,""experiment_layer"":""system_poisson"",""fixed_online_budget_ms"":10.0,""fixed_planning_interval_slots"":5,""fixed_total_pool_budget"":20,""lambda_g"":0.7,""lambda_h"":0.7,""lambda_per_slot"":0.25,""max_deadline_ms"":1999.0,""min_deadline_ms"":500.0,""minimum_control_window_slots"":5,""minimum_replanning_interval_slots"":2,""name"":""lambda_0.25_periodic_lightweight"",""online_budgets_ms"":[5.0,10.0,20.0],""online_timing_mode"":""measured"",""origin_group_count"":2,""plan_ttl_slots"":20,""planning_candidate_generator_mode"":""lightweight"",""planning_customized_archive_capacity"":64,""planning_customized_generations"":4,""planning_customized_population_size"":12,""planning_deadline_ms"":2000.0,""planning_intervals"":[5,10,20],""planning_runtime_ms"":100.0,""planning_sample_count"":20,""planning_timing_mode"":""measured"",""pool_budget_mode"":""fixed_total"",""profile_count"":2,""slot_count"":200,""slot_length_ms"":100.0,""suite"":""load"",""total_pool_budgets"":[8,20,40],""uptime_scale"":100.0,""uptime_shape"":1.5,""user_count"":10,""workload_mode"":""poisson_profile_catalog""}",200,200,56,42,14,35,7,0,0,1,1.3522147794038089,530.34538553299,0.832957503549195,4215.380808040591,31,5,6,0,0,40,37,2,15290.5285860179,179.5753788901493,3.2067031944669515,5.529958987608552,22,21,0,4909,4381,0,528,325,301,255,111,22260728,prewarm,stability_delay_energy_v4,unified_fixed_point_v3,explicit_snapshot_v1,poisson_profile_catalog_v1,periodic_repository_v1,customized_periodic_pool_v1,empirical_window_beta_v1,slot_up_down_v1,fixed_service_time_v1,fixed_path_v1,full_duplex_shared_heat_v1,deployment_return_energy_v1,periodic_three_objective_v3,discrete_mpc_v1,grid_tkb_v1,arrival_risk_diversity_v1,budgeted_fixed_point_v1,regularized_surrogate_v1,goodput_cost_v1,0.75,0.25,0.625,0.16666666666666666,0.0,1.75,0.5535714285714286,0.08928571428571429,0.10714285714285714,0.0,0.0
system_poisson:poisson_lifecycle_v1:load:a117b9896041dedb:periodic_lightweight:r7:s20260726,a117b9896041dedb,load,lambda_0.25_periodic_lightweight,lambda_0.25,periodic_lightweight,7,20260726,system_poisson,poisson_lifecycle_v1,poisson_profile_catalog,periodic_lightweight,lightweight,not_applicable,prewarm,measured,measured,fixed,fixed_total,0.25,cfb348bc73ed6b08,6c2f0ddd78fdc176,b53921ecb2b6cb61,5d8d75c05ac19d95,"{""algorithm"":""periodic_lightweight"",""alpha_l"":0.7,""alpha_r"":0.8,""availability_fraction"":0.5,""beta_l"":0.4,""beta_r"":0.5,""bootstrap_mode"":""prewarm"",""candidate_fixed_point_damping"":0.5,""candidate_fixed_point_max_iterations"":20,""candidate_fixed_point_relative_tolerance"":0.0001,""cloud_count"":1,""comparison_group"":""lambda_0.25"",""comparison_method"":""periodic_lightweight"",""control_mode"":""fixed"",""downtime_log_mean"":2.5,""downtime_log_sigma"":0.8,""edge_count"":5,""edge_link_factor"":2.0,""experiment_layer"":""system_poisson"",""fixed_online_budget_ms"":10.0,""fixed_planning_interval_slots"":5,""fixed_total_pool_budget"":20,""lambda_g"":0.7,""lambda_h"":0.7,""lambda_per_slot"":0.25,""max_deadline_ms"":1999.0,""min_deadline_ms"":500.0,""minimum_control_window_slots"":5,""minimum_replanning_interval_slots"":2,""name"":""lambda_0.25_periodic_lightweight"",""online_budgets_ms"":[5.0,10.0,20.0],""online_timing_mode"":""measured"",""origin_group_count"":2,""plan_ttl_slots"":20,""planning_candidate_generator_mode"":""lightweight"",""planning_customized_archive_capacity"":64,""planning_customized_generations"":4,""planning_customized_population_size"":12,""planning_deadline_ms"":2000.0,""planning_intervals"":[5,10,20],""planning_runtime_ms"":100.0,""planning_sample_count"":20,""planning_timing_mode"":""measured"",""pool_budget_mode"":""fixed_total"",""profile_count"":2,""slot_count"":200,""slot_length_ms"":100.0,""suite"":""load"",""total_pool_budgets"":[8,20,40],""uptime_scale"":100.0,""uptime_shape"":1.5,""user_count"":10,""workload_mode"":""poisson_profile_catalog""}",200,200,40,27,13,25,2,0,0,1,0.9508837113314001,623.5471292326606,0.834573528302703,5711.161393096467,20,2,5,0,0,39,35,3,16047.718671150506,134.1335386969149,3.353338467422873,6.263875053264201,23,22,0,4811,4494,0,317,212,211,193,73,22260729,prewarm,stability_delay_energy_v4,unified_fixed_point_v3,explicit_snapshot_v1,poisson_profile_catalog_v1,periodic_repository_v1,customized_periodic_pool_v1,empirical_window_beta_v1,slot_up_down_v1,fixed_service_time_v1,fixed_path_v1,full_duplex_shared_heat_v1,deployment_return_energy_v1,periodic_three_objective_v3,discrete_mpc_v1,grid_tkb_v1,arrival_risk_diversity_v1,budgeted_fixed_point_v1,regularized_surrogate_v1,goodput_cost_v1,0.675,0.325,0.625,0.07407407407407407,0.0,1.25,0.5,0.05,0.125,0.0,0.0
system_poisson:poisson_lifecycle_v1:load:a117b9896041dedb:periodic_lightweight:r8:s20260727,a117b9896041dedb,load,lambda_0.25_periodic_lightweight,lambda_0.25,periodic_lightweight,8,20260727,system_poisson,poisson_lifecycle_v1,poisson_profile_catalog,periodic_lightweight,lightweight,not_applicable,prewarm,measured,measured,fixed,fixed_total,0.25,77262aef7c650c15,adddb8a44db4224c,6c4f83eff761b8b9,5f427e7b1456da70,"{""algorithm"":""periodic_lightweight"",""alpha_l"":0.7,""alpha_r"":0.8,""availability_fraction"":0.5,""beta_l"":0.4,""beta_r"":0.5,""bootstrap_mode"":""prewarm"",""candidate_fixed_point_damping"":0.5,""candidate_fixed_point_max_iterations"":20,""candidate_fixed_point_relative_tolerance"":0.0001,""cloud_count"":1,""comparison_group"":""lambda_0.25"",""comparison_method"":""periodic_lightweight"",""control_mode"":""fixed"",""downtime_log_mean"":2.5,""downtime_log_sigma"":0.8,""edge_count"":5,""edge_link_factor"":2.0,""experiment_layer"":""system_poisson"",""fixed_online_budget_ms"":10.0,""fixed_planning_interval_slots"":5,""fixed_total_pool_budget"":20,""lambda_g"":0.7,""lambda_h"":0.7,""lambda_per_slot"":0.25,""max_deadline_ms"":1999.0,""min_deadline_ms"":500.0,""minimum_control_window_slots"":5,""minimum_replanning_interval_slots"":2,""name"":""lambda_0.25_periodic_lightweight"",""online_budgets_ms"":[5.0,10.0,20.0],""online_timing_mode"":""measured"",""origin_group_count"":2,""plan_ttl_slots"":20,""planning_candidate_generator_mode"":""lightweight"",""planning_customized_archive_capacity"":64,""planning_customized_generations"":4,""planning_customized_population_size"":12,""planning_deadline_ms"":2000.0,""planning_intervals"":[5,10,20],""planning_runtime_ms"":100.0,""planning_sample_count"":20,""planning_timing_mode"":""measured"",""pool_budget_mode"":""fixed_total"",""profile_count"":2,""slot_count"":200,""slot_length_ms"":100.0,""suite"":""load"",""total_pool_budgets"":[8,20,40],""uptime_scale"":100.0,""uptime_shape"":1.5,""user_count"":10,""workload_mode"":""poisson_profile_catalog""}",200,200,62,39,23,36,3,0,0,1,1.3630916305859662,637.223709979577,0.8269591347362668,6432.634311777845,23,3,13,0,0,39,29,9,16211.211003246717,238.32570936065167,3.843963054204059,8.579542045481503,16,15,0,4809,4278,0,531,241,191,123,99,22260730,prewarm,stability_delay_energy_v4,unified_fixed_point_v3,explicit_snapshot_v1,poisson_profile_catalog_v1,periodic_repository_v1,customized_periodic_pool_v1,empirical_window_beta_v1,slot_up_down_v1,fixed_service_time_v1,fixed_path_v1,full_duplex_shared_heat_v1,deployment_return_energy_v1,periodic_three_objective_v3,discrete_mpc_v1,grid_tkb_v1,arrival_risk_diversity_v1,budgeted_fixed_point_v1,regularized_surrogate_v1,goodput_cost_v1,0.6290322580645161,0.3709677419354839,0.5806451612903226,0.07692307692307693,0.0,1.8,0.3709677419354839,0.04838709677419355,0.20967741935483872,0.0,0.0
system_poisson:poisson_lifecycle_v1:load:a117b9896041dedb:periodic_lightweight:r9:s20260728,a117b9896041dedb,load,lambda_0.25_periodic_lightweight,lambda_0.25,periodic_lightweight,9,20260728,system_poisson,poisson_lifecycle_v1,poisson_profile_catalog,periodic_lightweight,lightweight,not_applicable,prewarm,measured,measured,fixed,fixed_total,0.25,51994d7f38a9b2d2,94c502adeeb85260,8e52d77d48ed17c4,58651f60c37cc329,"{""algorithm"":""periodic_lightweight"",""alpha_l"":0.7,""alpha_r"":0.8,""availability_fraction"":0.5,""beta_l"":0.4,""beta_r"":0.5,""bootstrap_mode"":""prewarm"",""candidate_fixed_point_damping"":0.5,""candidate_fixed_point_max_iterations"":20,""candidate_fixed_point_relative_tolerance"":0.0001,""cloud_count"":1,""comparison_group"":""lambda_0.25"",""comparison_method"":""periodic_lightweight"",""control_mode"":""fixed"",""downtime_log_mean"":2.5,""downtime_log_sigma"":0.8,""edge_count"":5,""edge_link_factor"":2.0,""experiment_layer"":""system_poisson"",""fixed_online_budget_ms"":10.0,""fixed_planning_interval_slots"":5,""fixed_total_pool_budget"":20,""lambda_g"":0.7,""lambda_h"":0.7,""lambda_per_slot"":0.25,""max_deadline_ms"":1999.0,""min_deadline_ms"":500.0,""minimum_control_window_slots"":5,""minimum_replanning_interval_slots"":2,""name"":""lambda_0.25_periodic_lightweight"",""online_budgets_ms"":[5.0,10.0,20.0],""online_timing_mode"":""measured"",""origin_group_count"":2,""plan_ttl_slots"":20,""planning_candidate_generator_mode"":""lightweight"",""planning_customized_archive_capacity"":64,""planning_customized_generations"":4,""planning_customized_population_size"":12,""planning_deadline_ms"":2000.0,""planning_intervals"":[5,10,20],""planning_runtime_ms"":100.0,""planning_sample_count"":20,""planning_timing_mode"":""measured"",""pool_budget_mode"":""fixed_total"",""profile_count"":2,""slot_count"":200,""slot_length_ms"":100.0,""suite"":""load"",""total_pool_budgets"":[8,20,40],""uptime_scale"":100.0,""uptime_shape"":1.5,""user_count"":10,""workload_mode"":""poisson_profile_catalog""}",200,204,53,34,19,29,5,2,0,1,1.0136161332808153,531.7870242788342,0.8371513780553654,5142.882811441651,28,2,4,0,0,40,32,7,14139.87529091537,243.92691382672638,4.6023946005042715,8.57329205609858,20,19,0,4832,3970,0,862,466,386,276,145,22260731,prewarm,stability_delay_energy_v4,unified_fixed_point_v3,explicit_snapshot_v1,poisson_profile_catalog_v1,periodic_repository_v1,customized_periodic_pool_v1,empirical_window_beta_v1,slot_up_down_v1,fixed_service_time_v1,fixed_path_v1,full_duplex_shared_heat_v1,deployment_return_energy_v1,periodic_three_objective_v3,discrete_mpc_v1,grid_tkb_v1,arrival_risk_diversity_v1,budgeted_fixed_point_v1,regularized_surrogate_v1,goodput_cost_v1,0.6415094339622641,0.3584905660377358,0.5471698113207547,0.14705882352941177,0.058823529411764705,1.4215686274509804,0.5283018867924528,0.03773584905660377,0.07547169811320754,0.0,0.0
system_poisson:poisson_lifecycle_v1:load:a117b9896041dedb:periodic_lightweight:r10:s20260729,a117b9896041dedb,load,lambda_0.25_periodic_lightweight,lambda_0.25,periodic_lightweight,10,20260729,system_poisson,poisson_lifecycle_v1,poisson_profile_catalog,periodic_lightweight,lightweight,not_applicable,prewarm,measured,measured,fixed,fixed_total,0.25,5b8d17f0ef7f4099,329b4f7d21be54ff,35cee2bbe04f6f3e,5bfdd62f4d90fc6a,"{""algorithm"":""periodic_lightweight"",""alpha_l"":0.7,""alpha_r"":0.8,""availability_fraction"":0.5,""beta_l"":0.4,""beta_r"":0.5,""bootstrap_mode"":""prewarm"",""candidate_fixed_point_damping"":0.5,""candidate_fixed_point_max_iterations"":20,""candidate_fixed_point_relative_tolerance"":0.0001,""cloud_count"":1,""comparison_group"":""lambda_0.25"",""comparison_method"":""periodic_lightweight"",""control_mode"":""fixed"",""downtime_log_mean"":2.5,""downtime_log_sigma"":0.8,""edge_count"":5,""edge_link_factor"":2.0,""experiment_layer"":""system_poisson"",""fixed_online_budget_ms"":10.0,""fixed_planning_interval_slots"":5,""fixed_total_pool_budget"":20,""lambda_g"":0.7,""lambda_h"":0.7,""lambda_per_slot"":0.25,""max_deadline_ms"":1999.0,""min_deadline_ms"":500.0,""minimum_control_window_slots"":5,""minimum_replanning_interval_slots"":2,""name"":""lambda_0.25_periodic_lightweight"",""online_budgets_ms"":[5.0,10.0,20.0],""online_timing_mode"":""measured"",""origin_group_count"":2,""plan_ttl_slots"":20,""planning_candidate_generator_mode"":""lightweight"",""planning_customized_archive_capacity"":64,""planning_customized_generations"":4,""planning_customized_population_size"":12,""planning_deadline_ms"":2000.0,""planning_intervals"":[5,10,20],""planning_runtime_ms"":100.0,""planning_sample_count"":20,""planning_timing_mode"":""measured"",""pool_budget_mode"":""fixed_total"",""profile_count"":2,""slot_count"":200,""slot_length_ms"":100.0,""suite"":""load"",""total_pool_budgets"":[8,20,40],""uptime_scale"":100.0,""uptime_shape"":1.5,""user_count"":10,""workload_mode"":""poisson_profile_catalog""}",200,202,54,36,18,32,4,1,0,1,1.2466589681931382,449.54319506110613,0.8223752155939794,4230.896301092407,27,2,7,0,0,41,34,7,14514.486377942376,255.61699969694018,4.733648142535929,7.285042083822191,22,21,0,5017,4262,0,755,513,431,307,159,22260732,prewarm,stability_delay_energy_v4,unified_fixed_point_v3,explicit_snapshot_v1,poisson_profile_catalog_v1,periodic_repository_v1,customized_periodic_pool_v1,empirical_window_beta_v1,slot_up_down_v1,fixed_service_time_v1,fixed_path_v1,full_duplex_shared_heat_v1,deployment_return_energy_v1,periodic_three_objective_v3,discrete_mpc_v1,grid_tkb_v1,arrival_risk_diversity_v1,budgeted_fixed_point_v1,regularized_surrogate_v1,goodput_cost_v1,0.6666666666666666,0.3333333333333333,0.5925925925925926,0.1111111111111111,0.027777777777777776,1.5841584158415842,0.5,0.037037037037037035,0.12962962962962962,0.0,0.0
system_poisson:poisson_lifecycle_v1:load:a117b9896041dedb:periodic_lightweight:r11:s20260730,a117b9896041dedb,load,lambda_0.25_periodic_lightweight,lambda_0.25,periodic_lightweight,11,20260730,system_poisson,poisson_lifecycle_v1,poisson_profile_catalog,periodic_lightweight,lightweight,not_applicable,prewarm,measured,measured,fixed,fixed_total,0.25,30f077b6e956d2e4,a9f113d17c0a9b50,6f7ea1be28e46cdf,2fbd8cdb625c9aae,"{""algorithm"":""periodic_lightweight"",""alpha_l"":0.7,""alpha_r"":0.8,""availability_fraction"":0.5,""beta_l"":0.4,""beta_r"":0.5,""bootstrap_mode"":""prewarm"",""candidate_fixed_point_damping"":0.5,""candidate_fixed_point_max_iterations"":20,""candidate_fixed_point_relative_tolerance"":0.0001,""cloud_count"":1,""comparison_group"":""lambda_0.25"",""comparison_method"":""periodic_lightweight"",""control_mode"":""fixed"",""downtime_log_mean"":2.5,""downtime_log_sigma"":0.8,""edge_count"":5,""edge_link_factor"":2.0,""experiment_layer"":""system_poisson"",""fixed_online_budget_ms"":10.0,""fixed_planning_interval_slots"":5,""fixed_total_pool_budget"":20,""lambda_g"":0.7,""lambda_h"":0.7,""lambda_per_slot"":0.25,""max_deadline_ms"":1999.0,""min_deadline_ms"":500.0,""minimum_control_window_slots"":5,""minimum_replanning_interval_slots"":2,""name"":""lambda_0.25_periodic_lightweight"",""online_budgets_ms"":[5.0,10.0,20.0],""online_timing_mode"":""measured"",""origin_group_count"":2,""plan_ttl_slots"":20,""planning_candidate_generator_mode"":""lightweight"",""planning_customized_archive_capacity"":64,""planning_customized_generations"":4,""planning_customized_population_size"":12,""planning_deadline_ms"":2000.0,""planning_intervals"":[5,10,20],""planning_runtime_ms"":100.0,""planning_sample_count"":20,""planning_timing_mode"":""measured"",""pool_budget_mode"":""fixed_total"",""profile_count"":2,""slot_count"":200,""slot_length_ms"":100.0,""suite"":""load"",""total_pool_budgets"":[8,20,40],""uptime_scale"":100.0,""uptime_shape"":1.5,""user_count"":10,""workload_mode"":""poisson_profile_catalog""}",200,200,43,29,14,26,3,0,0,1,1.0506739865129178,495.3062489264001,0.8354049524545079,4755.502874118826,27,1,1,0,0,34,26,7,17852.380497264676,190.1923770783469,4.423078536705742,6.91212504170835,10,9,0,4225,3662,0,563,388,381,274,128,22260733,prewarm,stability_delay_energy_v4,unified_fixed_point_v3,explicit_snapshot_v1,poisson_profile_catalog_v1,periodic_repository_v1,customized_periodic_pool_v1,empirical_window_beta_v1,slot_up_down_v1,fixed_service_time_v1,fixed_path_v1,full_duplex_shared_heat_v1,deployment_return_energy_v1,periodic_three_objective_v3,discrete_mpc_v1,grid_tkb_v1,arrival_risk_diversity_v1,budgeted_fixed_point_v1,regularized_surrogate_v1,goodput_cost_v1,0.6744186046511628,0.32558139534883723,0.6046511627906976,0.10344827586206896,0.0,1.3,0.627906976744186,0.023255813953488372,0.023255813953488372,0.0,0.0
system_poisson:poisson_lifecycle_v1:load:a117b9896041dedb:periodic_lightweight:r12:s20260731,a117b9896041dedb,load,lambda_0.25_periodic_lightweight,lambda_0.25,periodic_lightweight,12,20260731,system_poisson,poisson_lifecycle_v1,poisson_profile_catalog,periodic_lightweight,lightweight,not_applicable,prewarm,measured,measured,fixed,fixed_total,0.25,c8a1c19b9973aa96,c57247db4e0508db,d53efa84b5b12398,5615e2a246665bbb,"{""algorithm"":""periodic_lightweight"",""alpha_l"":0.7,""alpha_r"":0.8,""availability_fraction"":0.5,""beta_l"":0.4,""beta_r"":0.5,""bootstrap_mode"":""prewarm"",""candidate_fixed_point_damping"":0.5,""candidate_fixed_point_max_iterations"":20,""candidate_fixed_point_relative_tolerance"":0.0001,""cloud_count"":1,""comparison_group"":""lambda_0.25"",""comparison_method"":""periodic_lightweight"",""control_mode"":""fixed"",""downtime_log_mean"":2.5,""downtime_log_sigma"":0.8,""edge_count"":5,""edge_link_factor"":2.0,""experiment_layer"":""system_poisson"",""fixed_online_budget_ms"":10.0,""fixed_planning_interval_slots"":5,""fixed_total_pool_budget"":20,""lambda_g"":0.7,""lambda_h"":0.7,""lambda_per_slot"":0.25,""max_deadline_ms"":1999.0,""min_deadline_ms"":500.0,""minimum_control_window_slots"":5,""minimum_replanning_interval_slots"":2,""name"":""lambda_0.25_periodic_lightweight"",""online_budgets_ms"":[5.0,10.0,20.0],""online_timing_mode"":""measured"",""origin_group_count"":2,""plan_ttl_slots"":20,""planning_candidate_generator_mode"":""lightweight"",""planning_customized_archive_capacity"":64,""planning_customized_generations"":4,""planning_customized_population_size"":12,""planning_deadline_ms"":2000.0,""planning_intervals"":[5,10,20],""planning_runtime_ms"":100.0,""planning_sample_count"":20,""planning_timing_mode"":""measured"",""pool_budget_mode"":""fixed_total"",""profile_count"":2,""slot_count"":200,""slot_length_ms"":100.0,""suite"":""load"",""total_pool_budgets"":[8,20,40],""uptime_scale"":100.0,""uptime_shape"":1.5,""user_count"":10,""workload_mode"":""poisson_profile_catalog""}",200,202,44,33,11,32,1,0,0,1,1.2051402079855638,514.206590245049,0.8448916086287864,5901.188594245579,26,6,1,0,0,39,37,1,16010.746999876574,129.55245829652995,2.9443740521938624,5.208875052630901,17,16,0,4831,4372,0,459,258,242,188,98,22260734,prewarm,stability_delay_energy_v4,unified_fixed_point_v3,explicit_snapshot_v1,poisson_profile_catalog_v1,periodic_repository_v1,customized_periodic_pool_v1,empirical_window_beta_v1,slot_up_down_v1,fixed_service_time_v1,fixed_path_v1,full_duplex_shared_heat_v1,deployment_return_energy_v1,periodic_three_objective_v3,discrete_mpc_v1,grid_tkb_v1,arrival_risk_diversity_v1,budgeted_fixed_point_v1,regularized_surrogate_v1,goodput_cost_v1,0.75,0.25,0.7272727272727273,0.030303030303030304,0.0,1.5841584158415842,0.5909090909090909,0.13636363636363635,0.022727272727272728,0.0,0.0
system_poisson:poisson_lifecycle_v1:load:a117b9896041dedb:periodic_lightweight:r13:s20260732,a117b9896041dedb,load,lambda_0.25_periodic_lightweight,lambda_0.25,periodic_lightweight,13,20260732,system_poisson,poisson_lifecycle_v1,poisson_profile_catalog,periodic_lightweight,lightweight,not_applicable,prewarm,measured,measured,fixed,fixed_total,0.25,2570004416ece14a,3e0c88c5a91c29b4,fa24083c3e2fca02,a897565254a74026,"{""algorithm"":""periodic_lightweight"",""alpha_l"":0.7,""alpha_r"":0.8,""availability_fraction"":0.5,""beta_l"":0.4,""beta_r"":0.5,""bootstrap_mode"":""prewarm"",""candidate_fixed_point_damping"":0.5,""candidate_fixed_point_max_iterations"":20,""candidate_fixed_point_relative_tolerance"":0.0001,""cloud_count"":1,""comparison_group"":""lambda_0.25"",""comparison_method"":""periodic_lightweight"",""control_mode"":""fixed"",""downtime_log_mean"":2.5,""downtime_log_sigma"":0.8,""edge_count"":5,""edge_link_factor"":2.0,""experiment_layer"":""system_poisson"",""fixed_online_budget_ms"":10.0,""fixed_planning_interval_slots"":5,""fixed_total_pool_budget"":20,""lambda_g"":0.7,""lambda_h"":0.7,""lambda_per_slot"":0.25,""max_deadline_ms"":1999.0,""min_deadline_ms"":500.0,""minimum_control_window_slots"":5,""minimum_replanning_interval_slots"":2,""name"":""lambda_0.25_periodic_lightweight"",""online_budgets_ms"":[5.0,10.0,20.0],""online_timing_mode"":""measured"",""origin_group_count"":2,""plan_ttl_slots"":20,""planning_candidate_generator_mode"":""lightweight"",""planning_customized_archive_capacity"":64,""planning_customized_generations"":4,""planning_customized_population_size"":12,""planning_deadline_ms"":2000.0,""planning_intervals"":[5,10,20],""planning_runtime_ms"":100.0,""planning_sample_count"":20,""planning_timing_mode"":""measured"",""pool_budget_mode"":""fixed_total"",""profile_count"":2,""slot_count"":200,""slot_length_ms"":100.0,""suite"":""load"",""total_pool_budgets"":[8,20,40],""uptime_scale"":100.0,""uptime_shape"":1.5,""user_count"":10,""workload_mode"":""poisson_profile_catalog""}",200,203,44,32,12,31,1,1,0,1,1.112062302767103,604.2248664617006,0.8541266988168658,7710.838625224632,24,1,7,0,0,36,30,5,16249.404916190542,185.72545726783574,4.22103311972354,5.936749977990985,17,16,0,4452,4120,0,332,231,223,203,80,22260735,prewarm,stability_delay_energy_v4,unified_fixed_point_v3,explicit_snapshot_v1,poisson_profile_catalog_v1,periodic_repository_v1,customized_periodic_pool_v1,empirical_window_beta_v1,slot_up_down_v1,fixed_service_time_v1,fixed_path_v1,full_duplex_shared_heat_v1,deployment_return_energy_v1,periodic_three_objective_v3,discrete_mpc_v1,grid_tkb_v1,arrival_risk_diversity_v1,budgeted_fixed_point_v1,regularized_surrogate_v1,goodput_cost_v1,0.7272727272727273,0.2727272727272727,0.7045454545454546,0.03125,0.03125,1.5270935960591132,0.5454545454545454,0.022727272727272728,0.1590909090909091,0.0,0.0
system_poisson:poisson_lifecycle_v1:load:a117b9896041dedb:periodic_lightweight:r14:s20260733,a117b9896041dedb,load,lambda_0.25_periodic_lightweight,lambda_0.25,periodic_lightweight,14,20260733,system_poisson,poisson_lifecycle_v1,poisson_profile_catalog,periodic_lightweight,lightweight,not_applicable,prewarm,measured,measured,fixed,fixed_total,0.25,e549ef942191509c,82b0c7769f30bf5e,9a4b8e9b560c115f,9238a84d7f53868e,"{""algorithm"":""periodic_lightweight"",""alpha_l"":0.7,""alpha_r"":0.8,""availability_fraction"":0.5,""beta_l"":0.4,""beta_r"":0.5,""bootstrap_mode"":""prewarm"",""candidate_fixed_point_damping"":0.5,""candidate_fixed_point_max_iterations"":20,""candidate_fixed_point_relative_tolerance"":0.0001,""cloud_count"":1,""comparison_group"":""lambda_0.25"",""comparison_method"":""periodic_lightweight"",""control_mode"":""fixed"",""downtime_log_mean"":2.5,""downtime_log_sigma"":0.8,""edge_count"":5,""edge_link_factor"":2.0,""experiment_layer"":""system_poisson"",""fixed_online_budget_ms"":10.0,""fixed_planning_interval_slots"":5,""fixed_total_pool_budget"":20,""lambda_g"":0.7,""lambda_h"":0.7,""lambda_per_slot"":0.25,""max_deadline_ms"":1999.0,""min_deadline_ms"":500.0,""minimum_control_window_slots"":5,""minimum_replanning_interval_slots"":2,""name"":""lambda_0.25_periodic_lightweight"",""online_budgets_ms"":[5.0,10.0,20.0],""online_timing_mode"":""measured"",""origin_group_count"":2,""plan_ttl_slots"":20,""planning_candidate_generator_mode"":""lightweight"",""planning_customized_archive_capacity"":64,""planning_customized_generations"":4,""planning_customized_population_size"":12,""planning_deadline_ms"":2000.0,""planning_intervals"":[5,10,20],""planning_runtime_ms"":100.0,""planning_sample_count"":20,""planning_timing_mode"":""measured"",""pool_budget_mode"":""fixed_total"",""profile_count"":2,""slot_count"":200,""slot_length_ms"":100.0,""suite"":""load"",""total_pool_budgets"":[8,20,40],""uptime_scale"":100.0,""uptime_shape"":1.5,""user_count"":10,""workload_mode"":""poisson_profile_catalog""}",200,200,52,45,7,45,0,1,0,1,1.7246773325689637,502.1130251754988,0.8384725639431667,4783.329937010727,31,9,5,0,0,40,38,1,16491.278121364303,152.79204363469034,2.938308531436353,4.514458938501775,16,15,0,4908,4428,0,480,280,278,190,114,22260736,prewarm,stability_delay_energy_v4,unified_fixed_point_v3,explicit_snapshot_v1,poisson_profile_catalog_v1,periodic_repository_v1,customized_periodic_pool_v1,empirical_window_beta_v1,slot_up_down_v1,fixed_service_time_v1,fixed_path_v1,full_duplex_shared_heat_v1,deployment_return_energy_v1,periodic_three_objective_v3,discrete_mpc_v1,grid_tkb_v1,arrival_risk_diversity_v1,budgeted_fixed_point_v1,regularized_surrogate_v1,goodput_cost_v1,0.8653846153846154,0.1346153846153846,0.8653846153846154,0.0,0.022222222222222223,2.25,0.5961538461538461,0.17307692307692307,0.09615384615384616,0.0,0.0
system_poisson:poisson_lifecycle_v1:load:a117b9896041dedb:periodic_lightweight:r15:s20260734,a117b9896041dedb,load,lambda_0.25_periodic_lightweight,lambda_0.25,periodic_lightweight,15,20260734,system_poisson,poisson_lifecycle_v1,poisson_profile_catalog,periodic_lightweight,lightweight,not_applicable,prewarm,measured,measured,fixed,fixed_total,0.25,9d81372cc2973096,868f2658ddad8015,35d54abbbc196b18,554a01216359253d,"{""algorithm"":""periodic_lightweight"",""alpha_l"":0.7,""alpha_r"":0.8,""availability_fraction"":0.5,""beta_l"":0.4,""beta_r"":0.5,""bootstrap_mode"":""prewarm"",""candidate_fixed_point_damping"":0.5,""candidate_fixed_point_max_iterations"":20,""candidate_fixed_point_relative_tolerance"":0.0001,""cloud_count"":1,""comparison_group"":""lambda_0.25"",""comparison_method"":""periodic_lightweight"",""control_mode"":""fixed"",""downtime_log_mean"":2.5,""downtime_log_sigma"":0.8,""edge_count"":5,""edge_link_factor"":2.0,""experiment_layer"":""system_poisson"",""fixed_online_budget_ms"":10.0,""fixed_planning_interval_slots"":5,""fixed_total_pool_budget"":20,""lambda_g"":0.7,""lambda_h"":0.7,""lambda_per_slot"":0.25,""max_deadline_ms"":1999.0,""min_deadline_ms"":500.0,""minimum_control_window_slots"":5,""minimum_replanning_interval_slots"":2,""name"":""lambda_0.25_periodic_lightweight"",""online_budgets_ms"":[5.0,10.0,20.0],""online_timing_mode"":""measured"",""origin_group_count"":2,""plan_ttl_slots"":20,""planning_candidate_generator_mode"":""lightweight"",""planning_customized_archive_capacity"":64,""planning_customized_generations"":4,""planning_customized_population_size"":12,""planning_deadline_ms"":2000.0,""planning_intervals"":[5,10,20],""planning_runtime_ms"":100.0,""planning_sample_count"":20,""planning_timing_mode"":""measured"",""pool_budget_mode"":""fixed_total"",""profile_count"":2,""slot_count"":200,""slot_length_ms"":100.0,""suite"":""load"",""total_pool_budgets"":[8,20,40],""uptime_scale"":100.0,""uptime_shape"":1.5,""user_count"":10,""workload_mode"":""poisson_profile_catalog""}",200,202,50,36,14,31,5,2,0,1,1.0897461800486645,641.508316773814,0.8253404390843239,4563.004028150975,26,2,8,0,0,40,33,6,14968.312124023214,191.67037506122142,3.8334075012244284,7.174666039645672,25,24,0,4917,4318,0,599,441,417,312,144,22260737,prewarm,stability_delay_energy_v4,unified_fixed_point_v3,explicit_snapshot_v1,poisson_profile_catalog_v1,periodic_repository_v1,customized_periodic_pool_v1,empirical_window_beta_v1,slot_up_down_v1,fixed_service_time_v1,fixed_path_v1,full_duplex_shared_heat_v1,deployment_return_energy_v1,periodic_three_objective_v3,discrete_mpc_v1,grid_tkb_v1,arrival_risk_diversity_v1,budgeted_fixed_point_v1,regularized_surrogate_v1,goodput_cost_v1,0.72,0.28,0.62,0.1388888888888889,0.05555555555555555,1.5346534653465347,0.52,0.04,0.16,0.0,0.0
system_poisson:poisson_lifecycle_v1:load:a117b9896041dedb:periodic_lightweight:r16:s20260735,a117b9896041dedb,load,lambda_0.25_periodic_lightweight,lambda_0.25,periodic_lightweight,16,20260735,system_poisson,poisson_lifecycle_v1,poisson_profile_catalog,periodic_lightweight,lightweight,not_applicable,prewarm,measured,measured,fixed,fixed_total,0.25,c61c842e17f225e3,3da65bab6008a478,949b7b88a6bf75fc,615e85118266de25,"{""algorithm"":""periodic_lightweight"",""alpha_l"":0.7,""alpha_r"":0.8,""availability_fraction"":0.5,""beta_l"":0.4,""beta_r"":0.5,""bootstrap_mode"":""prewarm"",""candidate_fixed_point_damping"":0.5,""candidate_fixed_point_max_iterations"":20,""candidate_fixed_point_relative_tolerance"":0.0001,""cloud_count"":1,""comparison_group"":""lambda_0.25"",""comparison_method"":""periodic_lightweight"",""control_mode"":""fixed"",""downtime_log_mean"":2.5,""downtime_log_sigma"":0.8,""edge_count"":5,""edge_link_factor"":2.0,""experiment_layer"":""system_poisson"",""fixed_online_budget_ms"":10.0,""fixed_planning_interval_slots"":5,""fixed_total_pool_budget"":20,""lambda_g"":0.7,""lambda_h"":0.7,""lambda_per_slot"":0.25,""max_deadline_ms"":1999.0,""min_deadline_ms"":500.0,""minimum_control_window_slots"":5,""minimum_replanning_interval_slots"":2,""name"":""lambda_0.25_periodic_lightweight"",""online_budgets_ms"":[5.0,10.0,20.0],""online_timing_mode"":""measured"",""origin_group_count"":2,""plan_ttl_slots"":20,""planning_candidate_generator_mode"":""lightweight"",""planning_customized_archive_capacity"":64,""planning_customized_generations"":4,""planning_customized_population_size"":12,""planning_deadline_ms"":2000.0,""planning_intervals"":[5,10,20],""planning_runtime_ms"":100.0,""planning_sample_count"":20,""planning_timing_mode"":""measured"",""pool_budget_mode"":""fixed_total"",""profile_count"":2,""slot_count"":200,""slot_length_ms"":100.0,""suite"":""load"",""total_pool_budgets"":[8,20,40],""uptime_scale"":100.0,""uptime_shape"":1.5,""user_count"":10,""workload_mode"":""poisson_profile_catalog""}",200,200,59,32,27,28,4,0,0,1,1.0836664888759793,631.1021693829357,0.8807221807100334,6877.229279692054,27,0,5,0,0,41,32,8,15959.334578947164,151.6344981500879,2.570076239831998,4.798209061846137,19,18,0,5022,4745,0,277,160,141,129,36,22260738,prewarm,stability_delay_energy_v4,unified_fixed_point_v3,explicit_snapshot_v1,poisson_profile_catalog_v1,periodic_repository_v1,customized_periodic_pool_v1,empirical_window_beta_v1,slot_up_down_v1,fixed_service_time_v1,fixed_path_v1,full_duplex_shared_heat_v1,deployment_return_energy_v1,periodic_three_objective_v3,discrete_mpc_v1,grid_tkb_v1,arrival_risk_diversity_v1,budgeted_fixed_point_v1,regularized_surrogate_v1,goodput_cost_v1,0.5423728813559322,0.4576271186440678,0.4745762711864407,0.125,0.0,1.4,0.4576271186440678,0.0,0.0847457627118644,0.0,0.0
system_poisson:poisson_lifecycle_v1:load:a117b9896041dedb:periodic_lightweight:r17:s20260736,a117b9896041dedb,load,lambda_0.25_periodic_lightweight,lambda_0.25,periodic_lightweight,17,20260736,system_poisson,poisson_lifecycle_v1,poisson_profile_catalog,periodic_lightweight,lightweight,not_applicable,prewarm,measured,measured,fixed,fixed_total,0.25,a1e1594e7589a223,d9b518a32809412d,8a36ab9a2a8c5db0,6d1494c76aa00136,"{""algorithm"":""periodic_lightweight"",""alpha_l"":0.7,""alpha_r"":0.8,""availability_fraction"":0.5,""beta_l"":0.4,""beta_r"":0.5,""bootstrap_mode"":""prewarm"",""candidate_fixed_point_damping"":0.5,""candidate_fixed_point_max_iterations"":20,""candidate_fixed_point_relative_tolerance"":0.0001,""cloud_count"":1,""comparison_group"":""lambda_0.25"",""comparison_method"":""periodic_lightweight"",""control_mode"":""fixed"",""downtime_log_mean"":2.5,""downtime_log_sigma"":0.8,""edge_count"":5,""edge_link_factor"":2.0,""experiment_layer"":""system_poisson"",""fixed_online_budget_ms"":10.0,""fixed_planning_interval_slots"":5,""fixed_total_pool_budget"":20,""lambda_g"":0.7,""lambda_h"":0.7,""lambda_per_slot"":0.25,""max_deadline_ms"":1999.0,""min_deadline_ms"":500.0,""minimum_control_window_slots"":5,""minimum_replanning_interval_slots"":2,""name"":""lambda_0.25_periodic_lightweight"",""online_budgets_ms"":[5.0,10.0,20.0],""online_timing_mode"":""measured"",""origin_group_count"":2,""plan_ttl_slots"":20,""planning_candidate_generator_mode"":""lightweight"",""planning_customized_archive_capacity"":64,""planning_customized_generations"":4,""planning_customized_population_size"":12,""planning_deadline_ms"":2000.0,""planning_intervals"":[5,10,20],""planning_runtime_ms"":100.0,""planning_sample_count"":20,""planning_timing_mode"":""measured"",""pool_budget_mode"":""fixed_total"",""profile_count"":2,""slot_count"":200,""slot_length_ms"":100.0,""suite"":""load"",""total_pool_budgets"":[8,20,40],""uptime_scale"":100.0,""uptime_shape"":1.5,""user_count"":10,""workload_mode"":""poisson_profile_catalog""}",200,201,45,26,19,24,2,0,0,1,0.9173433725534382,594.1043032315943,0.8447453057260776,4909.949783573972,22,2,2,0,0,40,36,3,16384.95924731251,142.69082923419774,3.170907316315505,5.2664169343188405,23,22,0,4931,4591,0,340,272,267,216,58,22260739,prewarm,stability_delay_energy_v4,unified_fixed_point_v3,explicit_snapshot_v1,poisson_profile_catalog_v1,periodic_repository_v1,customized_periodic_pool_v1,empirical_window_beta_v1,slot_up_down_v1,fixed_service_time_v1,fixed_path_v1,full_duplex_shared_heat_v1,deployment_return_energy_v1,periodic_three_objective_v3,discrete_mpc_v1,grid_tkb_v1,arrival_risk_diversity_v1,budgeted_fixed_point_v1,regularized_surrogate_v1,goodput_cost_v1,0.5777777777777777,0.4222222222222222,0.5333333333333333,0.07692307692307693,0.0,1.1940298507462686,0.4888888888888889,0.044444444444444446,0.044444444444444446,0.0,0.0
system_poisson:poisson_lifecycle_v1:load:a117b9896041dedb:periodic_lightweight:r18:s20260737,a117b9896041dedb,load,lambda_0.25_periodic_lightweight,lambda_0.25,periodic_lightweight,18,20260737,system_poisson,poisson_lifecycle_v1,poisson_profile_catalog,periodic_lightweight,lightweight,not_applicable,prewarm,measured,measured,fixed,fixed_total,0.25,2340d35db3923e87,6c6665153475ebe0,3c40d8db1e1fc4b4,fb1a538d3c9d367a,"{""algorithm"":""periodic_lightweight"",""alpha_l"":0.7,""alpha_r"":0.8,""availability_fraction"":0.5,""beta_l"":0.4,""beta_r"":0.5,""bootstrap_mode"":""prewarm"",""candidate_fixed_point_damping"":0.5,""candidate_fixed_point_max_iterations"":20,""candidate_fixed_point_relative_tolerance"":0.0001,""cloud_count"":1,""comparison_group"":""lambda_0.25"",""comparison_method"":""periodic_lightweight"",""control_mode"":""fixed"",""downtime_log_mean"":2.5,""downtime_log_sigma"":0.8,""edge_count"":5,""edge_link_factor"":2.0,""experiment_layer"":""system_poisson"",""fixed_online_budget_ms"":10.0,""fixed_planning_interval_slots"":5,""fixed_total_pool_budget"":20,""lambda_g"":0.7,""lambda_h"":0.7,""lambda_per_slot"":0.25,""max_deadline_ms"":1999.0,""min_deadline_ms"":500.0,""minimum_control_window_slots"":5,""minimum_replanning_interval_slots"":2,""name"":""lambda_0.25_periodic_lightweight"",""online_budgets_ms"":[5.0,10.0,20.0],""online_timing_mode"":""measured"",""origin_group_count"":2,""plan_ttl_slots"":20,""planning_candidate_generator_mode"":""lightweight"",""planning_customized_archive_capacity"":64,""planning_customized_generations"":4,""planning_customized_population_size"":12,""planning_deadline_ms"":2000.0,""planning_intervals"":[5,10,20],""planning_runtime_ms"":100.0,""planning_sample_count"":20,""planning_timing_mode"":""measured"",""pool_budget_mode"":""fixed_total"",""profile_count"":2,""slot_count"":200,""slot_length_ms"":100.0,""suite"":""load"",""total_pool_budgets"":[8,20,40],""uptime_scale"":100.0,""uptime_shape"":1.5,""user_count"":10,""workload_mode"":""poisson_profile_catalog""}",200,200,58,47,11,45,2,0,0,1,1.7990336059773753,443.5094640754407,0.8296253802187662,3902.459479668262,38,4,5,0,0,41,35,5,15659.880043938756,236.35508411098272,4.075087657085909,7.180290995165706,22,21,0,5048,4227,0,821,556,494,339,164,22260740,prewarm,stability_delay_energy_v4,unified_fixed_point_v3,explicit_snapshot_v1,poisson_profile_catalog_v1,periodic_repository_v1,customized_periodic_pool_v1,empirical_window_beta_v1,slot_up_down_v1,fixed_service_time_v1,fixed_path_v1,full_duplex_shared_heat_v1,deployment_return_energy_v1,periodic_three_objective_v3,discrete_mpc_v1,grid_tkb_v1,arrival_risk_diversity_v1,budgeted_fixed_point_v1,regularized_surrogate_v1,goodput_cost_v1,0.8103448275862069,0.1896551724137931,0.7758620689655172,0.0425531914893617,0.0,2.25,0.6551724137931034,0.06896551724137931,0.08620689655172414,0.0,0.0
system_poisson:poisson_lifecycle_v1:load:a117b9896041dedb:periodic_lightweight:r19:s20260738,a117b9896041dedb,load,lambda_0.25_periodic_lightweight,lambda_0.25,periodic_lightweight,19,20260738,system_poisson,poisson_lifecycle_v1,poisson_profile_catalog,periodic_lightweight,lightweight,not_applicable,prewarm,measured,measured,fixed,fixed_total,0.25,2f8cac81e28c6822,342fe7b24aabf9c9,1b8ddd12b1e1cb3e,a5b68c6f808e683d,"{""algorithm"":""periodic_lightweight"",""alpha_l"":0.7,""alpha_r"":0.8,""availability_fraction"":0.5,""beta_l"":0.4,""beta_r"":0.5,""bootstrap_mode"":""prewarm"",""candidate_fixed_point_damping"":0.5,""candidate_fixed_point_max_iterations"":20,""candidate_fixed_point_relative_tolerance"":0.0001,""cloud_count"":1,""comparison_group"":""lambda_0.25"",""comparison_method"":""periodic_lightweight"",""control_mode"":""fixed"",""downtime_log_mean"":2.5,""downtime_log_sigma"":0.8,""edge_count"":5,""edge_link_factor"":2.0,""experiment_layer"":""system_poisson"",""fixed_online_budget_ms"":10.0,""fixed_planning_interval_slots"":5,""fixed_total_pool_budget"":20,""lambda_g"":0.7,""lambda_h"":0.7,""lambda_per_slot"":0.25,""max_deadline_ms"":1999.0,""min_deadline_ms"":500.0,""minimum_control_window_slots"":5,""minimum_replanning_interval_slots"":2,""name"":""lambda_0.25_periodic_lightweight"",""online_budgets_ms"":[5.0,10.0,20.0],""online_timing_mode"":""measured"",""origin_group_count"":2,""plan_ttl_slots"":20,""planning_candidate_generator_mode"":""lightweight"",""planning_customized_archive_capacity"":64,""planning_customized_generations"":4,""planning_customized_population_size"":12,""planning_deadline_ms"":2000.0,""planning_intervals"":[5,10,20],""planning_runtime_ms"":100.0,""planning_sample_count"":20,""planning_timing_mode"":""measured"",""pool_budget_mode"":""fixed_total"",""profile_count"":2,""slot_count"":200,""slot_length_ms"":100.0,""suite"":""load"",""total_pool_budgets"":[8,20,40],""uptime_scale"":100.0,""uptime_shape"":1.5,""user_count"":10,""workload_mode"":""poisson_profile_catalog""}",200,200,44,26,18,25,1,3,0,1,0.8224667018725142,650.585704276466,0.8133717915420089,5223.599683014171,19,3,4,0,0,39,25,13,15560.007958905771,122.16512579470873,2.7764801316979257,4.182750009931624,20,19,0,4827,4492,0,335,185,160,113,68,22260741,prewarm,stability_delay_energy_v4,unified_fixed_point_v3,explicit_snapshot_v1,poisson_profile_catalog_v1,periodic_repository_v1,customized_periodic_pool_v1,empirical_window_beta_v1,slot_up_down_v1,fixed_service_time_v1,fixed_path_v1,full_duplex_shared_heat_v1,deployment_return_energy_v1,periodic_three_objective_v3,discrete_mpc_v1,grid_tkb_v1,arrival_risk_diversity_v1,budgeted_fixed_point_v1,regularized_surrogate_v1,goodput_cost_v1,0.5909090909090909,0.4090909090909091,0.5681818181818182,0.038461538461538464,0.11538461538461539,1.25,0.4318181818181818,0.06818181818181818,0.09090909090909091,0.0,0.0
system_poisson:poisson_lifecycle_v1:load:971c9506d1051651:per_request_customized:r0:s20260719,971c9506d1051651,load,lambda_0.25_per_request_customized,lambda_0.25,per_request_customized,0,20260719,system_poisson,poisson_lifecycle_v1,poisson_profile_catalog,per_request_customized,not_applicable,p12_g4_a64,cold_start,measured,measured,fixed,fixed_total,0.25,6d295842eb0296d0,fca0df0e76e8aea8,a4c1904873591613,c3ade63673949cb4,"{""algorithm"":""per_request_customized"",""alpha_l"":0.7,""alpha_r"":0.8,""availability_fraction"":0.5,""beta_l"":0.4,""beta_r"":0.5,""bootstrap_mode"":""cold_start"",""candidate_fixed_point_damping"":0.5,""candidate_fixed_point_max_iterations"":20,""candidate_fixed_point_relative_tolerance"":0.0001,""cloud_count"":1,""comparison_group"":""lambda_0.25"",""comparison_method"":""per_request_customized"",""control_mode"":""fixed"",""downtime_log_mean"":2.5,""downtime_log_sigma"":0.8,""edge_count"":5,""edge_link_factor"":2.0,""experiment_layer"":""system_poisson"",""fixed_online_budget_ms"":10.0,""fixed_planning_interval_slots"":5,""fixed_total_pool_budget"":20,""lambda_g"":0.7,""lambda_h"":0.7,""lambda_per_slot"":0.25,""max_deadline_ms"":1999.0,""min_deadline_ms"":500.0,""minimum_control_window_slots"":5,""minimum_replanning_interval_slots"":2,""name"":""lambda_0.25_per_request_customized"",""online_budgets_ms"":[5.0,10.0,20.0],""online_timing_mode"":""measured"",""origin_group_count"":2,""plan_ttl_slots"":20,""planning_candidate_generator_mode"":""customized"",""planning_customized_archive_capacity"":64,""planning_customized_generations"":4,""planning_customized_population_size"":12,""planning_deadline_ms"":2000.0,""planning_intervals"":[5,10,20],""planning_runtime_ms"":100.0,""planning_sample_count"":20,""planning_timing_mode"":""measured"",""pool_budget_mode"":""fixed_total"",""profile_count"":2,""slot_count"":200,""slot_length_ms"":100.0,""suite"":""load"",""total_pool_budgets"":[8,20,40],""uptime_scale"":100.0,""uptime_shape"":1.5,""user_count"":10,""workload_mode"":""poisson_profile_catalog""}",200,201,61,34,27,26,8,0,0,1,0.9368951035362442,679.5226856187223,0.8882902985248682,4593.7226922993295,0,0,0,34,0,0,0,0,0.0,3545.7398776197806,58.12688323966854,90.0895829545334,0,0,0,1065,929,0,136,0,34,0,0,22260722,cold_start,stability_delay_energy_v4,unified_fixed_point_v3,explicit_snapshot_v1,poisson_profile_catalog_v1,periodic_repository_v1,customized_periodic_pool_v1,empirical_window_beta_v1,slot_up_down_v1,fixed_service_time_v1,fixed_path_v1,full_duplex_shared_heat_v1,deployment_return_energy_v1,periodic_three_objective_v3,discrete_mpc_v1,grid_tkb_v1,arrival_risk_diversity_v1,budgeted_fixed_point_v1,regularized_surrogate_v1,goodput_cost_v1,0.5573770491803278,0.4426229508196721,0.4262295081967213,0.23529411764705882,0.0,1.2935323383084576,0.0,0.0,0.0,0.5573770491803278,0.0
system_poisson:poisson_lifecycle_v1:load:971c9506d1051651:per_request_customized:r1:s20260720,971c9506d1051651,load,lambda_0.25_per_request_customized,lambda_0.25,per_request_customized,1,20260720,system_poisson,poisson_lifecycle_v1,poisson_profile_catalog,per_request_customized,not_applicable,p12_g4_a64,cold_start,measured,measured,fixed,fixed_total,0.25,a4f53f5438a025fd,a0ac5e6d1accb3ff,b650d6c827bcb7e9,4948b9b559ca3dae,"{""algorithm"":""per_request_customized"",""alpha_l"":0.7,""alpha_r"":0.8,""availability_fraction"":0.5,""beta_l"":0.4,""beta_r"":0.5,""bootstrap_mode"":""cold_start"",""candidate_fixed_point_damping"":0.5,""candidate_fixed_point_max_iterations"":20,""candidate_fixed_point_relative_tolerance"":0.0001,""cloud_count"":1,""comparison_group"":""lambda_0.25"",""comparison_method"":""per_request_customized"",""control_mode"":""fixed"",""downtime_log_mean"":2.5,""downtime_log_sigma"":0.8,""edge_count"":5,""edge_link_factor"":2.0,""experiment_layer"":""system_poisson"",""fixed_online_budget_ms"":10.0,""fixed_planning_interval_slots"":5,""fixed_total_pool_budget"":20,""lambda_g"":0.7,""lambda_h"":0.7,""lambda_per_slot"":0.25,""max_deadline_ms"":1999.0,""min_deadline_ms"":500.0,""minimum_control_window_slots"":5,""minimum_replanning_interval_slots"":2,""name"":""lambda_0.25_per_request_customized"",""online_budgets_ms"":[5.0,10.0,20.0],""online_timing_mode"":""measured"",""origin_group_count"":2,""plan_ttl_slots"":20,""planning_candidate_generator_mode"":""customized"",""planning_customized_archive_capacity"":64,""planning_customized_generations"":4,""planning_customized_population_size"":12,""planning_deadline_ms"":2000.0,""planning_intervals"":[5,10,20],""planning_runtime_ms"":100.0,""planning_sample_count"":20,""planning_timing_mode"":""measured"",""pool_budget_mode"":""fixed_total"",""profile_count"":2,""slot_count"":200,""slot_length_ms"":100.0,""suite"":""load"",""total_pool_budgets"":[8,20,40],""uptime_scale"":100.0,""uptime_shape"":1.5,""user_count"":10,""workload_mode"":""poisson_profile_catalog""}",200,200,53,29,24,24,5,0,0,1,0.8916365275407282,690.8747609461764,0.8507651860001839,6666.19496582084,0,0,0,29,0,0,0,0,0.0,3565.620128880255,67.2758514883067,115.87712494656444,0,0,0,1007,831,0,176,0,29,0,0,22260723,cold_start,stability_delay_energy_v4,unified_fixed_point_v3,explicit_snapshot_v1,poisson_profile_catalog_v1,periodic_repository_v1,customized_periodic_pool_v1,empirical_window_beta_v1,slot_up_down_v1,fixed_service_time_v1,fixed_path_v1,full_duplex_shared_heat_v1,deployment_return_energy_v1,periodic_three_objective_v3,discrete_mpc_v1,grid_tkb_v1,arrival_risk_diversity_v1,budgeted_fixed_point_v1,regularized_surrogate_v1,goodput_cost_v1,0.5471698113207547,0.4528301886792453,0.4528301886792453,0.1724137931034483,0.0,1.2,0.0,0.0,0.0,0.5471698113207547,0.0
system_poisson:poisson_lifecycle_v1:load:971c9506d1051651:per_request_customized:r2:s20260721,971c9506d1051651,load,lambda_0.25_per_request_customized,lambda_0.25,per_request_customized,2,20260721,system_poisson,poisson_lifecycle_v1,poisson_profile_catalog,per_request_customized,not_applicable,p12_g4_a64,cold_start,measured,measured,fixed,fixed_total,0.25,e1936cba343be935,938f95453f2442e2,d47a17b24fa6d933,b3c97759fa661993,"{""algorithm"":""per_request_customized"",""alpha_l"":0.7,""alpha_r"":0.8,""availability_fraction"":0.5,""beta_l"":0.4,""beta_r"":0.5,""bootstrap_mode"":""cold_start"",""candidate_fixed_point_damping"":0.5,""candidate_fixed_point_max_iterations"":20,""candidate_fixed_point_relative_tolerance"":0.0001,""cloud_count"":1,""comparison_group"":""lambda_0.25"",""comparison_method"":""per_request_customized"",""control_mode"":""fixed"",""downtime_log_mean"":2.5,""downtime_log_sigma"":0.8,""edge_count"":5,""edge_link_factor"":2.0,""experiment_layer"":""system_poisson"",""fixed_online_budget_ms"":10.0,""fixed_planning_interval_slots"":5,""fixed_total_pool_budget"":20,""lambda_g"":0.7,""lambda_h"":0.7,""lambda_per_slot"":0.25,""max_deadline_ms"":1999.0,""min_deadline_ms"":500.0,""minimum_control_window_slots"":5,""minimum_replanning_interval_slots"":2,""name"":""lambda_0.25_per_request_customized"",""online_budgets_ms"":[5.0,10.0,20.0],""online_timing_mode"":""measured"",""origin_group_count"":2,""plan_ttl_slots"":20,""planning_candidate_generator_mode"":""customized"",""planning_customized_archive_capacity"":64,""planning_customized_generations"":4,""planning_customized_population_size"":12,""planning_deadline_ms"":2000.0,""planning_intervals"":[5,10,20],""planning_runtime_ms"":100.0,""planning_sample_count"":20,""planning_timing_mode"":""measured"",""pool_budget_mode"":""fixed_total"",""profile_count"":2,""slot_count"":200,""slot_length_ms"":100.0,""suite"":""load"",""total_pool_budgets"":[8,20,40],""uptime_scale"":100.0,""uptime_shape"":1.5,""user_count"":10,""workload_mode"":""poisson_profile_catalog""}",200,200,53,38,15,37,1,1,0,1,1.4167117887934817,518.2825081037472,0.8446437068419395,5061.222480997029,0,0,0,38,0,0,0,0,0.0,4358.78212179523,82.24117210934395,133.05416703224182,0,0,0,1041,833,0,208,0,38,0,0,22260724,cold_start,stability_delay_energy_v4,unified_fixed_point_v3,explicit_snapshot_v1,poisson_profile_catalog_v1,periodic_repository_v1,customized_periodic_pool_v1,empirical_window_beta_v1,slot_up_down_v1,fixed_service_time_v1,fixed_path_v1,full_duplex_shared_heat_v1,deployment_return_energy_v1,periodic_three_objective_v3,discrete_mpc_v1,grid_tkb_v1,arrival_risk_diversity_v1,budgeted_fixed_point_v1,regularized_surrogate_v1,goodput_cost_v1,0.7169811320754716,0.2830188679245283,0.6981132075471698,0.02631578947368421,0.02631578947368421,1.85,0.0,0.0,0.0,0.7169811320754716,0.0
system_poisson:poisson_lifecycle_v1:load:971c9506d1051651:per_request_customized:r3:s20260722,971c9506d1051651,load,lambda_0.25_per_request_customized,lambda_0.25,per_request_customized,3,20260722,system_poisson,poisson_lifecycle_v1,poisson_profile_catalog,per_request_customized,not_applicable,p12_g4_a64,cold_start,measured,measured,fixed,fixed_total,0.25,cad518de228dec43,e2c448830ab998d5,ef7c01b21236b0cf,a8d64a668c29fff0,"{""algorithm"":""per_request_customized"",""alpha_l"":0.7,""alpha_r"":0.8,""availability_fraction"":0.5,""beta_l"":0.4,""beta_r"":0.5,""bootstrap_mode"":""cold_start"",""candidate_fixed_point_damping"":0.5,""candidate_fixed_point_max_iterations"":20,""candidate_fixed_point_relative_tolerance"":0.0001,""cloud_count"":1,""comparison_group"":""lambda_0.25"",""comparison_method"":""per_request_customized"",""control_mode"":""fixed"",""downtime_log_mean"":2.5,""downtime_log_sigma"":0.8,""edge_count"":5,""edge_link_factor"":2.0,""experiment_layer"":""system_poisson"",""fixed_online_budget_ms"":10.0,""fixed_planning_interval_slots"":5,""fixed_total_pool_budget"":20,""lambda_g"":0.7,""lambda_h"":0.7,""lambda_per_slot"":0.25,""max_deadline_ms"":1999.0,""min_deadline_ms"":500.0,""minimum_control_window_slots"":5,""minimum_replanning_interval_slots"":2,""name"":""lambda_0.25_per_request_customized"",""online_budgets_ms"":[5.0,10.0,20.0],""online_timing_mode"":""measured"",""origin_group_count"":2,""plan_ttl_slots"":20,""planning_candidate_generator_mode"":""customized"",""planning_customized_archive_capacity"":64,""planning_customized_generations"":4,""planning_customized_population_size"":12,""planning_deadline_ms"":2000.0,""planning_intervals"":[5,10,20],""planning_runtime_ms"":100.0,""planning_sample_count"":20,""planning_timing_mode"":""measured"",""pool_budget_mode"":""fixed_total"",""profile_count"":2,""slot_count"":200,""slot_length_ms"":100.0,""suite"":""load"",""total_pool_budgets"":[8,20,40],""uptime_scale"":100.0,""uptime_shape"":1.5,""user_count"":10,""workload_mode"":""poisson_profile_catalog""}",200,200,62,41,21,39,2,1,0,1,1.4607234015177288,528.8548349519887,0.8550405342938694,4936.103085617019,0,0,0,41,0,0,0,0,0.0,4179.138541454449,67.4054603460395,102.05287497956306,0,0,0,1250,853,0,397,0,41,0,0,22260725,cold_start,stability_delay_energy_v4,unified_fixed_point_v3,explicit_snapshot_v1,poisson_profile_catalog_v1,periodic_repository_v1,customized_periodic_pool_v1,empirical_window_beta_v1,slot_up_down_v1,fixed_service_time_v1,fixed_path_v1,full_duplex_shared_heat_v1,deployment_return_energy_v1,periodic_three_objective_v3,discrete_mpc_v1,grid_tkb_v1,arrival_risk_diversity_v1,budgeted_fixed_point_v1,regularized_surrogate_v1,goodput_cost_v1,0.6612903225806451,0.3387096774193548,0.6290322580645161,0.04878048780487805,0.024390243902439025,1.95,0.0,0.0,0.0,0.6612903225806451,0.0
system_poisson:poisson_lifecycle_v1:load:971c9506d1051651:per_request_customized:r4:s20260723,971c9506d1051651,load,lambda_0.25_per_request_customized,lambda_0.25,per_request_customized,4,20260723,system_poisson,poisson_lifecycle_v1,poisson_profile_catalog,per_request_customized,not_applicable,p12_g4_a64,cold_start,measured,measured,fixed,fixed_total,0.25,85e4775618fc9271,04cc006508118ace,fd53f895ef214d55,7df8c4f9894fbd11,"{""algorithm"":""per_request_customized"",""alpha_l"":0.7,""alpha_r"":0.8,""availability_fraction"":0.5,""beta_l"":0.4,""beta_r"":0.5,""bootstrap_mode"":""cold_start"",""candidate_fixed_point_damping"":0.5,""candidate_fixed_point_max_iterations"":20,""candidate_fixed_point_relative_tolerance"":0.0001,""cloud_count"":1,""comparison_group"":""lambda_0.25"",""comparison_method"":""per_request_customized"",""control_mode"":""fixed"",""downtime_log_mean"":2.5,""downtime_log_sigma"":0.8,""edge_count"":5,""edge_link_factor"":2.0,""experiment_layer"":""system_poisson"",""fixed_online_budget_ms"":10.0,""fixed_planning_interval_slots"":5,""fixed_total_pool_budget"":20,""lambda_g"":0.7,""lambda_h"":0.7,""lambda_per_slot"":0.25,""max_deadline_ms"":1999.0,""min_deadline_ms"":500.0,""minimum_control_window_slots"":5,""minimum_replanning_interval_slots"":2,""name"":""lambda_0.25_per_request_customized"",""online_budgets_ms"":[5.0,10.0,20.0],""online_timing_mode"":""measured"",""origin_group_count"":2,""plan_ttl_slots"":20,""planning_candidate_generator_mode"":""customized"",""planning_customized_archive_capacity"":64,""planning_customized_generations"":4,""planning_customized_population_size"":12,""planning_deadline_ms"":2000.0,""planning_intervals"":[5,10,20],""planning_runtime_ms"":100.0,""planning_sample_count"":20,""planning_timing_mode"":""measured"",""pool_budget_mode"":""fixed_total"",""profile_count"":2,""slot_count"":200,""slot_length_ms"":100.0,""suite"":""load"",""total_pool_budgets"":[8,20,40],""uptime_scale"":100.0,""uptime_shape"":1.5,""user_count"":10,""workload_mode"":""poisson_profile_catalog""}",200,200,55,29,26,26,3,0,0,1,0.9771944860272349,621.5857556583826,0.8621803961296487,6116.900496184407,0,0,0,29,0,0,0,0,0.0,3987.8608762519434,72.50656138639897,109.4488340895623,0,0,0,1007,851,0,156,0,29,0,0,22260726,cold_start,stability_delay_energy_v4,unified_fixed_point_v3,explicit_snapshot_v1,poisson_profile_catalog_v1,periodic_repository_v1,customized_periodic_pool_v1,empirical_window_beta_v1,slot_up_down_v1,fixed_service_time_v1,fixed_path_v1,full_duplex_shared_heat_v1,deployment_return_energy_v1,periodic_three_objective_v3,discrete_mpc_v1,grid_tkb_v1,arrival_risk_diversity_v1,budgeted_fixed_point_v1,regularized_surrogate_v1,goodput_cost_v1,0.5272727272727272,0.4727272727272727,0.4727272727272727,0.10344827586206896,0.0,1.3,0.0,0.0,0.0,0.5272727272727272,0.0
system_poisson:poisson_lifecycle_v1:load:971c9506d1051651:per_request_customized:r5:s20260724,971c9506d1051651,load,lambda_0.25_per_request_customized,lambda_0.25,per_request_customized,5,20260724,system_poisson,poisson_lifecycle_v1,poisson_profile_catalog,per_request_customized,not_applicable,p12_g4_a64,cold_start,measured,measured,fixed,fixed_total,0.25,d24fe9836276a23a,5f88dfc591596c91,195da5ac76e3705b,c61766e5adeaf7a9,"{""algorithm"":""per_request_customized"",""alpha_l"":0.7,""alpha_r"":0.8,""availability_fraction"":0.5,""beta_l"":0.4,""beta_r"":0.5,""bootstrap_mode"":""cold_start"",""candidate_fixed_point_damping"":0.5,""candidate_fixed_point_max_iterations"":20,""candidate_fixed_point_relative_tolerance"":0.0001,""cloud_count"":1,""comparison_group"":""lambda_0.25"",""comparison_method"":""per_request_customized"",""control_mode"":""fixed"",""downtime_log_mean"":2.5,""downtime_log_sigma"":0.8,""edge_count"":5,""edge_link_factor"":2.0,""experiment_layer"":""system_poisson"",""fixed_online_budget_ms"":10.0,""fixed_planning_interval_slots"":5,""fixed_total_pool_budget"":20,""lambda_g"":0.7,""lambda_h"":0.7,""lambda_per_slot"":0.25,""max_deadline_ms"":1999.0,""min_deadline_ms"":500.0,""minimum_control_window_slots"":5,""minimum_replanning_interval_slots"":2,""name"":""lambda_0.25_per_request_customized"",""online_budgets_ms"":[5.0,10.0,20.0],""online_timing_mode"":""measured"",""origin_group_count"":2,""plan_ttl_slots"":20,""planning_candidate_generator_mode"":""customized"",""planning_customized_archive_capacity"":64,""planning_customized_generations"":4,""planning_customized_population_size"":12,""planning_deadline_ms"":2000.0,""planning_intervals"":[5,10,20],""planning_runtime_ms"":100.0,""planning_sample_count"":20,""planning_timing_mode"":""measured"",""pool_budget_mode"":""fixed_total"",""profile_count"":2,""slot_count"":200,""slot_length_ms"":100.0,""suite"":""load"",""total_pool_budgets"":[8,20,40],""uptime_scale"":100.0,""uptime_shape"":1.5,""user_count"":10,""workload_mode"":""poisson_profile_catalog""}",200,201,48,31,17,28,3,0,0,1,1.0393988553723388,557.2188269132298,0.8518440495090208,4377.761220220052,0,0,0,31,0,0,0,0,0.0,2764.200289035216,57.587506021567,87.39733300171793,0,0,0,887,771,0,116,0,31,0,0,22260727,cold_start,stability_delay_energy_v4,unified_fixed_point_v3,explicit_snapshot_v1,poisson_profile_catalog_v1,periodic_repository_v1,customized_periodic_pool_v1,empirical_window_beta_v1,slot_up_down_v1,fixed_service_time_v1,fixed_path_v1,full_duplex_shared_heat_v1,deployment_return_energy_v1,periodic_three_objective_v3,discrete_mpc_v1,grid_tkb_v1,arrival_risk_diversity_v1,budgeted_fixed_point_v1,regularized_surrogate_v1,goodput_cost_v1,0.6458333333333334,0.3541666666666667,0.5833333333333334,0.0967741935483871,0.0,1.3930348258706466,0.0,0.0,0.0,0.6458333333333334,0.0
system_poisson:poisson_lifecycle_v1:load:971c9506d1051651:per_request_customized:r6:s20260725,971c9506d1051651,load,lambda_0.25_per_request_customized,lambda_0.25,per_request_customized,6,20260725,system_poisson,poisson_lifecycle_v1,poisson_profile_catalog,per_request_customized,not_applicable,p12_g4_a64,cold_start,measured,measured,fixed,fixed_total,0.25,26abbdd9b75bc615,fc04fea1c464df4f,752e31eaa3e77823,b0aa21bae96916c6,"{""algorithm"":""per_request_customized"",""alpha_l"":0.7,""alpha_r"":0.8,""availability_fraction"":0.5,""beta_l"":0.4,""beta_r"":0.5,""bootstrap_mode"":""cold_start"",""candidate_fixed_point_damping"":0.5,""candidate_fixed_point_max_iterations"":20,""candidate_fixed_point_relative_tolerance"":0.0001,""cloud_count"":1,""comparison_group"":""lambda_0.25"",""comparison_method"":""per_request_customized"",""control_mode"":""fixed"",""downtime_log_mean"":2.5,""downtime_log_sigma"":0.8,""edge_count"":5,""edge_link_factor"":2.0,""experiment_layer"":""system_poisson"",""fixed_online_budget_ms"":10.0,""fixed_planning_interval_slots"":5,""fixed_total_pool_budget"":20,""lambda_g"":0.7,""lambda_h"":0.7,""lambda_per_slot"":0.25,""max_deadline_ms"":1999.0,""min_deadline_ms"":500.0,""minimum_control_window_slots"":5,""minimum_replanning_interval_slots"":2,""name"":""lambda_0.25_per_request_customized"",""online_budgets_ms"":[5.0,10.0,20.0],""online_timing_mode"":""measured"",""origin_group_count"":2,""plan_ttl_slots"":20,""planning_candidate_generator_mode"":""customized"",""planning_customized_archive_capacity"":64,""planning_customized_generations"":4,""planning_customized_population_size"":12,""planning_deadline_ms"":2000.0,""planning_intervals"":[5,10,20],""planning_runtime_ms"":100.0,""planning_sample_count"":20,""planning_timing_mode"":""measured"",""pool_budget_mode"":""fixed_total"",""profile_count"":2,""slot_count"":200,""slot_length_ms"":100.0,""suite"":""load"",""total_pool_budgets"":[8,20,40],""uptime_scale"":100.0,""uptime_shape"":1.5,""user_count"":10,""workload_mode"":""poisson_profile_catalog""}",200,200,56,30,26,24,6,0,0,1,0.9145140329041622,653.924886144234,0.8709740511435576,5098.4541404748,0,0,0,30,0,0,0,0,0.0,3798.5342922620475,67.83096950467942,109.0842499397695,0,0,0,1068,853,0,215,0,30,0,0,22260728,cold_start,stability_delay_energy_v4,unified_fixed_point_v3,explicit_snapshot_v1,poisson_profile_catalog_v1,periodic_repository_v1,customized_periodic_pool_v1,empirical_window_beta_v1,slot_up_down_v1,fixed_service_time_v1,fixed_path_v1,full_duplex_shared_heat_v1,deployment_return_energy_v1,periodic_three_objective_v3,discrete_mpc_v1,grid_tkb_v1,arrival_risk_diversity_v1,budgeted_fixed_point_v1,regularized_surrogate_v1,goodput_cost_v1,0.5357142857142857,0.4642857142857143,0.42857142857142855,0.2,0.0,1.2,0.0,0.0,0.0,0.5357142857142857,0.0
system_poisson:poisson_lifecycle_v1:load:971c9506d1051651:per_request_customized:r7:s20260726,971c9506d1051651,load,lambda_0.25_per_request_customized,lambda_0.25,per_request_customized,7,20260726,system_poisson,poisson_lifecycle_v1,poisson_profile_catalog,per_request_customized,not_applicable,p12_g4_a64,cold_start,measured,measured,fixed,fixed_total,0.25,cfb348bc73ed6b08,6c2f0ddd78fdc176,b53921ecb2b6cb61,5d8d75c05ac19d95,"{""algorithm"":""per_request_customized"",""alpha_l"":0.7,""alpha_r"":0.8,""availability_fraction"":0.5,""beta_l"":0.4,""beta_r"":0.5,""bootstrap_mode"":""cold_start"",""candidate_fixed_point_damping"":0.5,""candidate_fixed_point_max_iterations"":20,""candidate_fixed_point_relative_tolerance"":0.0001,""cloud_count"":1,""comparison_group"":""lambda_0.25"",""comparison_method"":""per_request_customized"",""control_mode"":""fixed"",""downtime_log_mean"":2.5,""downtime_log_sigma"":0.8,""edge_count"":5,""edge_link_factor"":2.0,""experiment_layer"":""system_poisson"",""fixed_online_budget_ms"":10.0,""fixed_planning_interval_slots"":5,""fixed_total_pool_budget"":20,""lambda_g"":0.7,""lambda_h"":0.7,""lambda_per_slot"":0.25,""max_deadline_ms"":1999.0,""min_deadline_ms"":500.0,""minimum_control_window_slots"":5,""minimum_replanning_interval_slots"":2,""name"":""lambda_0.25_per_request_customized"",""online_budgets_ms"":[5.0,10.0,20.0],""online_timing_mode"":""measured"",""origin_group_count"":2,""plan_ttl_slots"":20,""planning_candidate_generator_mode"":""customized"",""planning_customized_archive_capacity"":64,""planning_customized_generations"":4,""planning_customized_population_size"":12,""planning_deadline_ms"":2000.0,""planning_intervals"":[5,10,20],""planning_runtime_ms"":100.0,""planning_sample_count"":20,""planning_timing_mode"":""measured"",""pool_budget_mode"":""fixed_total"",""profile_count"":2,""slot_count"":200,""slot_length_ms"":100.0,""suite"":""load"",""total_pool_budgets"":[8,20,40],""uptime_scale"":100.0,""uptime_shape"":1.5,""user_count"":10,""workload_mode"":""poisson_profile_catalog""}",200,200,40,21,19,20,1,0,0,1,0.7528479953085163,739.8886323523551,0.8509850287344385,6274.963560298753,0,0,0,21,0,0,0,0,0.0,2756.3448306173086,68.90862076543272,89.9089170852676,0,0,0,750,567,0,183,0,21,0,0,22260729,cold_start,stability_delay_energy_v4,unified_fixed_point_v3,explicit_snapshot_v1,poisson_profile_catalog_v1,periodic_repository_v1,customized_periodic_pool_v1,empirical_window_beta_v1,slot_up_down_v1,fixed_service_time_v1,fixed_path_v1,full_duplex_shared_heat_v1,deployment_return_energy_v1,periodic_three_objective_v3,discrete_mpc_v1,grid_tkb_v1,arrival_risk_diversity_v1,budgeted_fixed_point_v1,regularized_surrogate_v1,goodput_cost_v1,0.525,0.475,0.5,0.047619047619047616,0.0,1.0,0.0,0.0,0.0,0.525,0.0
system_poisson:poisson_lifecycle_v1:load:971c9506d1051651:per_request_customized:r8:s20260727,971c9506d1051651,load,lambda_0.25_per_request_customized,lambda_0.25,per_request_customized,8,20260727,system_poisson,poisson_lifecycle_v1,poisson_profile_catalog,per_request_customized,not_applicable,p12_g4_a64,cold_start,measured,measured,fixed,fixed_total,0.25,77262aef7c650c15,adddb8a44db4224c,6c4f83eff761b8b9,5f427e7b1456da70,"{""algorithm"":""per_request_customized"",""alpha_l"":0.7,""alpha_r"":0.8,""availability_fraction"":0.5,""beta_l"":0.4,""beta_r"":0.5,""bootstrap_mode"":""cold_start"",""candidate_fixed_point_damping"":0.5,""candidate_fixed_point_max_iterations"":20,""candidate_fixed_point_relative_tolerance"":0.0001,""cloud_count"":1,""comparison_group"":""lambda_0.25"",""comparison_method"":""per_request_customized"",""control_mode"":""fixed"",""downtime_log_mean"":2.5,""downtime_log_sigma"":0.8,""edge_count"":5,""edge_link_factor"":2.0,""experiment_layer"":""system_poisson"",""fixed_online_budget_ms"":10.0,""fixed_planning_interval_slots"":5,""fixed_total_pool_budget"":20,""lambda_g"":0.7,""lambda_h"":0.7,""lambda_per_slot"":0.25,""max_deadline_ms"":1999.0,""min_deadline_ms"":500.0,""minimum_control_window_slots"":5,""minimum_replanning_interval_slots"":2,""name"":""lambda_0.25_per_request_customized"",""online_budgets_ms"":[5.0,10.0,20.0],""online_timing_mode"":""measured"",""origin_group_count"":2,""plan_ttl_slots"":20,""planning_candidate_generator_mode"":""customized"",""planning_customized_archive_capacity"":64,""planning_customized_generations"":4,""planning_customized_population_size"":12,""planning_deadline_ms"":2000.0,""planning_intervals"":[5,10,20],""planning_runtime_ms"":100.0,""planning_sample_count"":20,""planning_timing_mode"":""measured"",""pool_budget_mode"":""fixed_total"",""profile_count"":2,""slot_count"":200,""slot_length_ms"":100.0,""suite"":""load"",""total_pool_budgets"":[8,20,40],""uptime_scale"":100.0,""uptime_shape"":1.5,""user_count"":10,""workload_mode"":""poisson_profile_catalog""}",200,200,62,33,29,27,6,0,0,1,1.00175110389819,686.4130038662873,0.847300210626031,6407.918896238722,0,0,0,33,0,0,0,0,0.0,4937.895082868636,79.64346907852638,134.08145809080452,0,0,0,1195,814,0,381,0,33,0,0,22260730,cold_start,stability_delay_energy_v4,unified_fixed_point_v3,explicit_snapshot_v1,poisson_profile_catalog_v1,periodic_repository_v1,customized_periodic_pool_v1,empirical_window_beta_v1,slot_up_down_v1,fixed_service_time_v1,fixed_path_v1,full_duplex_shared_heat_v1,deployment_return_energy_v1,periodic_three_objective_v3,discrete_mpc_v1,grid_tkb_v1,arrival_risk_diversity_v1,budgeted_fixed_point_v1,regularized_surrogate_v1,goodput_cost_v1,0.532258064516129,0.46774193548387094,0.43548387096774194,0.18181818181818182,0.0,1.35,0.0,0.0,0.0,0.532258064516129,0.0
system_poisson:poisson_lifecycle_v1:load:971c9506d1051651:per_request_customized:r9:s20260728,971c9506d1051651,load,lambda_0.25_per_request_customized,lambda_0.25,per_request_customized,9,20260728,system_poisson,poisson_lifecycle_v1,poisson_profile_catalog,per_request_customized,not_applicable,p12_g4_a64,cold_start,measured,measured,fixed,fixed_total,0.25,51994d7f38a9b2d2,94c502adeeb85260,8e52d77d48ed17c4,58651f60c37cc329,"{""algorithm"":""per_request_customized"",""alpha_l"":0.7,""alpha_r"":0.8,""availability_fraction"":0.5,""beta_l"":0.4,""beta_r"":0.5,""bootstrap_mode"":""cold_start"",""candidate_fixed_point_damping"":0.5,""candidate_fixed_point_max_iterations"":20,""candidate_fixed_point_relative_tolerance"":0.0001,""cloud_count"":1,""comparison_group"":""lambda_0.25"",""comparison_method"":""per_request_customized"",""control_mode"":""fixed"",""downtime_log_mean"":2.5,""downtime_log_sigma"":0.8,""edge_count"":5,""edge_link_factor"":2.0,""experiment_layer"":""system_poisson"",""fixed_online_budget_ms"":10.0,""fixed_planning_interval_slots"":5,""fixed_total_pool_budget"":20,""lambda_g"":0.7,""lambda_h"":0.7,""lambda_per_slot"":0.25,""max_deadline_ms"":1999.0,""min_deadline_ms"":500.0,""minimum_control_window_slots"":5,""minimum_replanning_interval_slots"":2,""name"":""lambda_0.25_per_request_customized"",""online_budgets_ms"":[5.0,10.0,20.0],""online_timing_mode"":""measured"",""origin_group_count"":2,""plan_ttl_slots"":20,""planning_candidate_generator_mode"":""customized"",""planning_customized_archive_capacity"":64,""planning_customized_generations"":4,""planning_customized_population_size"":12,""planning_deadline_ms"":2000.0,""planning_intervals"":[5,10,20],""planning_runtime_ms"":100.0,""planning_sample_count"":20,""planning_timing_mode"":""measured"",""pool_budget_mode"":""fixed_total"",""profile_count"":2,""slot_count"":200,""slot_length_ms"":100.0,""suite"":""load"",""total_pool_budgets"":[8,20,40],""uptime_scale"":100.0,""uptime_shape"":1.5,""user_count"":10,""workload_mode"":""poisson_profile_catalog""}",200,204,53,37,16,31,6,2,0,1,1.1048356345282577,495.88399145793784,0.860449095370704,4622.831604746044,0,0,0,37,0,0,0,0,0.0,3485.236624488607,65.75918159412466,121.16358301136643,0,0,0,1199,630,0,569,0,37,0,0,22260731,cold_start,stability_delay_energy_v4,unified_fixed_point_v3,explicit_snapshot_v1,poisson_profile_catalog_v1,periodic_repository_v1,customized_periodic_pool_v1,empirical_window_beta_v1,slot_up_down_v1,fixed_service_time_v1,fixed_path_v1,full_duplex_shared_heat_v1,deployment_return_energy_v1,periodic_three_objective_v3,discrete_mpc_v1,grid_tkb_v1,arrival_risk_diversity_v1,budgeted_fixed_point_v1,regularized_surrogate_v1,goodput_cost_v1,0.6981132075471698,0.3018867924528302,0.5849056603773585,0.16216216216216217,0.05405405405405406,1.519607843137255,0.0,0.0,0.0,0.6981132075471698,0.0
system_poisson:poisson_lifecycle_v1:load:971c9506d1051651:per_request_customized:r10:s20260729,971c9506d1051651,load,lambda_0.25_per_request_customized,lambda_0.25,per_request_customized,10,20260729,system_poisson,poisson_lifecycle_v1,poisson_profile_catalog,per_request_customized,not_applicable,p12_g4_a64,cold_start,measured,measured,fixed,fixed_total,0.25,5b8d17f0ef7f4099,329b4f7d21be54ff,35cee2bbe04f6f3e,5bfdd62f4d90fc6a,"{""algorithm"":""per_request_customized"",""alpha_l"":0.7,""alpha_r"":0.8,""availability_fraction"":0.5,""beta_l"":0.4,""beta_r"":0.5,""bootstrap_mode"":""cold_start"",""candidate_fixed_point_damping"":0.5,""candidate_fixed_point_max_iterations"":20,""candidate_fixed_point_relative_tolerance"":0.0001,""cloud_count"":1,""comparison_group"":""lambda_0.25"",""comparison_method"":""per_request_customized"",""control_mode"":""fixed"",""downtime_log_mean"":2.5,""downtime_log_sigma"":0.8,""edge_count"":5,""edge_link_factor"":2.0,""experiment_layer"":""system_poisson"",""fixed_online_budget_ms"":10.0,""fixed_planning_interval_slots"":5,""fixed_total_pool_budget"":20,""lambda_g"":0.7,""lambda_h"":0.7,""lambda_per_slot"":0.25,""max_deadline_ms"":1999.0,""min_deadline_ms"":500.0,""minimum_control_window_slots"":5,""minimum_replanning_interval_slots"":2,""name"":""lambda_0.25_per_request_customized"",""online_budgets_ms"":[5.0,10.0,20.0],""online_timing_mode"":""measured"",""origin_group_count"":2,""plan_ttl_slots"":20,""planning_candidate_generator_mode"":""customized"",""planning_customized_archive_capacity"":64,""planning_customized_generations"":4,""planning_customized_population_size"":12,""planning_deadline_ms"":2000.0,""planning_intervals"":[5,10,20],""planning_runtime_ms"":100.0,""planning_sample_count"":20,""planning_timing_mode"":""measured"",""pool_budget_mode"":""fixed_total"",""profile_count"":2,""slot_count"":200,""slot_length_ms"":100.0,""suite"":""load"",""total_pool_budgets"":[8,20,40],""uptime_scale"":100.0,""uptime_shape"":1.5,""user_count"":10,""workload_mode"":""poisson_profile_catalog""}",200,201,54,40,14,35,5,0,0,1,1.4202243909505126,455.35160939605373,0.8438804142636771,4341.2971168999375,0,0,0,40,0,0,0,0,0.0,4435.375626431778,82.13658567466256,126.2095000129193,0,0,0,1308,744,0,564,0,40,0,0,22260732,cold_start,stability_delay_energy_v4,unified_fixed_point_v3,explicit_snapshot_v1,poisson_profile_catalog_v1,periodic_repository_v1,customized_periodic_pool_v1,empirical_window_beta_v1,slot_up_down_v1,fixed_service_time_v1,fixed_path_v1,full_duplex_shared_heat_v1,deployment_return_energy_v1,periodic_three_objective_v3,discrete_mpc_v1,grid_tkb_v1,arrival_risk_diversity_v1,budgeted_fixed_point_v1,regularized_surrogate_v1,goodput_cost_v1,0.7407407407407407,0.25925925925925924,0.6481481481481481,0.125,0.0,1.7412935323383083,0.0,0.0,0.0,0.7407407407407407,0.0
system_poisson:poisson_lifecycle_v1:load:971c9506d1051651:per_request_customized:r11:s20260730,971c9506d1051651,load,lambda_0.25_per_request_customized,lambda_0.25,per_request_customized,11,20260730,system_poisson,poisson_lifecycle_v1,poisson_profile_catalog,per_request_customized,not_applicable,p12_g4_a64,cold_start,measured,measured,fixed,fixed_total,0.25,30f077b6e956d2e4,a9f113d17c0a9b50,6f7ea1be28e46cdf,2fbd8cdb625c9aae,"{""algorithm"":""per_request_customized"",""alpha_l"":0.7,""alpha_r"":0.8,""availability_fraction"":0.5,""beta_l"":0.4,""beta_r"":0.5,""bootstrap_mode"":""cold_start"",""candidate_fixed_point_damping"":0.5,""candidate_fixed_point_max_iterations"":20,""candidate_fixed_point_relative_tolerance"":0.0001,""cloud_count"":1,""comparison_group"":""lambda_0.25"",""comparison_method"":""per_request_customized"",""control_mode"":""fixed"",""downtime_log_mean"":2.5,""downtime_log_sigma"":0.8,""edge_count"":5,""edge_link_factor"":2.0,""experiment_layer"":""system_poisson"",""fixed_online_budget_ms"":10.0,""fixed_planning_interval_slots"":5,""fixed_total_pool_budget"":20,""lambda_g"":0.7,""lambda_h"":0.7,""lambda_per_slot"":0.25,""max_deadline_ms"":1999.0,""min_deadline_ms"":500.0,""minimum_control_window_slots"":5,""minimum_replanning_interval_slots"":2,""name"":""lambda_0.25_per_request_customized"",""online_budgets_ms"":[5.0,10.0,20.0],""online_timing_mode"":""measured"",""origin_group_count"":2,""plan_ttl_slots"":20,""planning_candidate_generator_mode"":""customized"",""planning_customized_archive_capacity"":64,""planning_customized_generations"":4,""planning_customized_population_size"":12,""planning_deadline_ms"":2000.0,""planning_intervals"":[5,10,20],""planning_runtime_ms"":100.0,""planning_sample_count"":20,""planning_timing_mode"":""measured"",""pool_budget_mode"":""fixed_total"",""profile_count"":2,""slot_count"":200,""slot_length_ms"":100.0,""suite"":""load"",""total_pool_budgets"":[8,20,40],""uptime_scale"":100.0,""uptime_shape"":1.5,""user_count"":10,""workload_mode"":""poisson_profile_catalog""}",200,201,43,31,12,28,3,0,0,1,1.139009672410002,489.08097303722303,0.8505585968120443,5153.4574250728865,0,0,0,31,0,0,0,0,0.0,4001.4163323212415,93.05619377491259,167.4922499805689,0,0,0,891,689,0,202,0,31,0,0,22260733,cold_start,stability_delay_energy_v4,unified_fixed_point_v3,explicit_snapshot_v1,poisson_profile_catalog_v1,periodic_repository_v1,customized_periodic_pool_v1,empirical_window_beta_v1,slot_up_down_v1,fixed_service_time_v1,fixed_path_v1,full_duplex_shared_heat_v1,deployment_return_energy_v1,periodic_three_objective_v3,discrete_mpc_v1,grid_tkb_v1,arrival_risk_diversity_v1,budgeted_fixed_point_v1,regularized_surrogate_v1,goodput_cost_v1,0.7209302325581395,0.27906976744186046,0.6511627906976745,0.0967741935483871,0.0,1.3930348258706466,0.0,0.0,0.0,0.7209302325581395,0.0
system_poisson:poisson_lifecycle_v1:load:971c9506d1051651:per_request_customized:r12:s20260731,971c9506d1051651,load,lambda_0.25_per_request_customized,lambda_0.25,per_request_customized,12,20260731,system_poisson,poisson_lifecycle_v1,poisson_profile_catalog,per_request_customized,not_applicable,p12_g4_a64,cold_start,measured,measured,fixed,fixed_total,0.25,c8a1c19b9973aa96,c57247db4e0508db,d53efa84b5b12398,5615e2a246665bbb,"{""algorithm"":""per_request_customized"",""alpha_l"":0.7,""alpha_r"":0.8,""availability_fraction"":0.5,""beta_l"":0.4,""beta_r"":0.5,""bootstrap_mode"":""cold_start"",""candidate_fixed_point_damping"":0.5,""candidate_fixed_point_max_iterations"":20,""candidate_fixed_point_relative_tolerance"":0.0001,""cloud_count"":1,""comparison_group"":""lambda_0.25"",""comparison_method"":""per_request_customized"",""control_mode"":""fixed"",""downtime_log_mean"":2.5,""downtime_log_sigma"":0.8,""edge_count"":5,""edge_link_factor"":2.0,""experiment_layer"":""system_poisson"",""fixed_online_budget_ms"":10.0,""fixed_planning_interval_slots"":5,""fixed_total_pool_budget"":20,""lambda_g"":0.7,""lambda_h"":0.7,""lambda_per_slot"":0.25,""max_deadline_ms"":1999.0,""min_deadline_ms"":500.0,""minimum_control_window_slots"":5,""minimum_replanning_interval_slots"":2,""name"":""lambda_0.25_per_request_customized"",""online_budgets_ms"":[5.0,10.0,20.0],""online_timing_mode"":""measured"",""origin_group_count"":2,""plan_ttl_slots"":20,""planning_candidate_generator_mode"":""customized"",""planning_customized_archive_capacity"":64,""planning_customized_generations"":4,""planning_customized_population_size"":12,""planning_deadline_ms"":2000.0,""planning_intervals"":[5,10,20],""planning_runtime_ms"":100.0,""planning_sample_count"":20,""planning_timing_mode"":""measured"",""pool_budget_mode"":""fixed_total"",""profile_count"":2,""slot_count"":200,""slot_length_ms"":100.0,""suite"":""load"",""total_pool_budgets"":[8,20,40],""uptime_scale"":100.0,""uptime_shape"":1.5,""user_count"":10,""workload_mode"":""poisson_profile_catalog""}",200,200,44,29,15,26,3,0,0,1,0.9596773018150216,584.8374654321079,0.8674356348925375,7296.957116740735,0,0,0,29,0,0,0,0,0.0,3686.6767912870273,83.78810889288698,122.72108299657702,0,0,0,883,669,0,214,0,29,0,0,22260734,cold_start,stability_delay_energy_v4,unified_fixed_point_v3,explicit_snapshot_v1,poisson_profile_catalog_v1,periodic_repository_v1,customized_periodic_pool_v1,empirical_window_beta_v1,slot_up_down_v1,fixed_service_time_v1,fixed_path_v1,full_duplex_shared_heat_v1,deployment_return_energy_v1,periodic_three_objective_v3,discrete_mpc_v1,grid_tkb_v1,arrival_risk_diversity_v1,budgeted_fixed_point_v1,regularized_surrogate_v1,goodput_cost_v1,0.6590909090909091,0.3409090909090909,0.5909090909090909,0.10344827586206896,0.0,1.3,0.0,0.0,0.0,0.6590909090909091,0.0
system_poisson:poisson_lifecycle_v1:load:971c9506d1051651:per_request_customized:r13:s20260732,971c9506d1051651,load,lambda_0.25_per_request_customized,lambda_0.25,per_request_customized,13,20260732,system_poisson,poisson_lifecycle_v1,poisson_profile_catalog,per_request_customized,not_applicable,p12_g4_a64,cold_start,measured,measured,fixed,fixed_total,0.25,2570004416ece14a,3e0c88c5a91c29b4,fa24083c3e2fca02,a897565254a74026,"{""algorithm"":""per_request_customized"",""alpha_l"":0.7,""alpha_r"":0.8,""availability_fraction"":0.5,""beta_l"":0.4,""beta_r"":0.5,""bootstrap_mode"":""cold_start"",""candidate_fixed_point_damping"":0.5,""candidate_fixed_point_max_iterations"":20,""candidate_fixed_point_relative_tolerance"":0.0001,""cloud_count"":1,""comparison_group"":""lambda_0.25"",""comparison_method"":""per_request_customized"",""control_mode"":""fixed"",""downtime_log_mean"":2.5,""downtime_log_sigma"":0.8,""edge_count"":5,""edge_link_factor"":2.0,""experiment_layer"":""system_poisson"",""fixed_online_budget_ms"":10.0,""fixed_planning_interval_slots"":5,""fixed_total_pool_budget"":20,""lambda_g"":0.7,""lambda_h"":0.7,""lambda_per_slot"":0.25,""max_deadline_ms"":1999.0,""min_deadline_ms"":500.0,""minimum_control_window_slots"":5,""minimum_replanning_interval_slots"":2,""name"":""lambda_0.25_per_request_customized"",""online_budgets_ms"":[5.0,10.0,20.0],""online_timing_mode"":""measured"",""origin_group_count"":2,""plan_ttl_slots"":20,""planning_candidate_generator_mode"":""customized"",""planning_customized_archive_capacity"":64,""planning_customized_generations"":4,""planning_customized_population_size"":12,""planning_deadline_ms"":2000.0,""planning_intervals"":[5,10,20],""planning_runtime_ms"":100.0,""planning_sample_count"":20,""planning_timing_mode"":""measured"",""pool_budget_mode"":""fixed_total"",""profile_count"":2,""slot_count"":200,""slot_length_ms"":100.0,""suite"":""load"",""total_pool_budgets"":[8,20,40],""uptime_scale"":100.0,""uptime_shape"":1.5,""user_count"":10,""workload_mode"":""poisson_profile_catalog""}",200,209,44,35,9,33,2,1,0,1,1.208398021206213,583.0572598102726,0.8751058993669945,6739.777645665209,0,0,0,35,0,0,0,0,0.0,3862.774876295589,87.79033809762701,129.8732500290498,0,0,0,974,605,0,369,0,35,0,0,22260735,cold_start,stability_delay_energy_v4,unified_fixed_point_v3,explicit_snapshot_v1,poisson_profile_catalog_v1,periodic_repository_v1,customized_periodic_pool_v1,empirical_window_beta_v1,slot_up_down_v1,fixed_service_time_v1,fixed_path_v1,full_duplex_shared_heat_v1,deployment_return_energy_v1,periodic_three_objective_v3,discrete_mpc_v1,grid_tkb_v1,arrival_risk_diversity_v1,budgeted_fixed_point_v1,regularized_surrogate_v1,goodput_cost_v1,0.7954545454545454,0.20454545454545456,0.75,0.05714285714285714,0.02857142857142857,1.5789473684210527,0.0,0.0,0.0,0.7954545454545454,0.0
system_poisson:poisson_lifecycle_v1:load:971c9506d1051651:per_request_customized:r14:s20260733,971c9506d1051651,load,lambda_0.25_per_request_customized,lambda_0.25,per_request_customized,14,20260733,system_poisson,poisson_lifecycle_v1,poisson_profile_catalog,per_request_customized,not_applicable,p12_g4_a64,cold_start,measured,measured,fixed,fixed_total,0.25,e549ef942191509c,82b0c7769f30bf5e,9a4b8e9b560c115f,9238a84d7f53868e,"{""algorithm"":""per_request_customized"",""alpha_l"":0.7,""alpha_r"":0.8,""availability_fraction"":0.5,""beta_l"":0.4,""beta_r"":0.5,""bootstrap_mode"":""cold_start"",""candidate_fixed_point_damping"":0.5,""candidate_fixed_point_max_iterations"":20,""candidate_fixed_point_relative_tolerance"":0.0001,""cloud_count"":1,""comparison_group"":""lambda_0.25"",""comparison_method"":""per_request_customized"",""control_mode"":""fixed"",""downtime_log_mean"":2.5,""downtime_log_sigma"":0.8,""edge_count"":5,""edge_link_factor"":2.0,""experiment_layer"":""system_poisson"",""fixed_online_budget_ms"":10.0,""fixed_planning_interval_slots"":5,""fixed_total_pool_budget"":20,""lambda_g"":0.7,""lambda_h"":0.7,""lambda_per_slot"":0.25,""max_deadline_ms"":1999.0,""min_deadline_ms"":500.0,""minimum_control_window_slots"":5,""minimum_replanning_interval_slots"":2,""name"":""lambda_0.25_per_request_customized"",""online_budgets_ms"":[5.0,10.0,20.0],""online_timing_mode"":""measured"",""origin_group_count"":2,""plan_ttl_slots"":20,""planning_candidate_generator_mode"":""customized"",""planning_customized_archive_capacity"":64,""planning_customized_generations"":4,""planning_customized_population_size"":12,""planning_deadline_ms"":2000.0,""planning_intervals"":[5,10,20],""planning_runtime_ms"":100.0,""planning_sample_count"":20,""planning_timing_mode"":""measured"",""pool_budget_mode"":""fixed_total"",""profile_count"":2,""slot_count"":200,""slot_length_ms"":100.0,""suite"":""load"",""total_pool_budgets"":[8,20,40],""uptime_scale"":100.0,""uptime_shape"":1.5,""user_count"":10,""workload_mode"":""poisson_profile_catalog""}",200,200,52,31,21,28,3,0,0,1,1.0881384803743746,573.752089603281,0.8525531247805287,5358.415204410769,0,0,0,31,0,0,0,0,0.0,3919.4565801881254,75.37416500361779,115.76954193878919,0,0,0,1030,817,0,213,0,31,0,0,22260736,cold_start,stability_delay_energy_v4,unified_fixed_point_v3,explicit_snapshot_v1,poisson_profile_catalog_v1,periodic_repository_v1,customized_periodic_pool_v1,empirical_window_beta_v1,slot_up_down_v1,fixed_service_time_v1,fixed_path_v1,full_duplex_shared_heat_v1,deployment_return_energy_v1,periodic_three_objective_v3,discrete_mpc_v1,grid_tkb_v1,arrival_risk_diversity_v1,budgeted_fixed_point_v1,regularized_surrogate_v1,goodput_cost_v1,0.5961538461538461,0.40384615384615385,0.5384615384615384,0.0967741935483871,0.0,1.4,0.0,0.0,0.0,0.5961538461538461,0.0
system_poisson:poisson_lifecycle_v1:load:971c9506d1051651:per_request_customized:r15:s20260734,971c9506d1051651,load,lambda_0.25_per_request_customized,lambda_0.25,per_request_customized,15,20260734,system_poisson,poisson_lifecycle_v1,poisson_profile_catalog,per_request_customized,not_applicable,p12_g4_a64,cold_start,measured,measured,fixed,fixed_total,0.25,9d81372cc2973096,868f2658ddad8015,35d54abbbc196b18,554a01216359253d,"{""algorithm"":""per_request_customized"",""alpha_l"":0.7,""alpha_r"":0.8,""availability_fraction"":0.5,""beta_l"":0.4,""beta_r"":0.5,""bootstrap_mode"":""cold_start"",""candidate_fixed_point_damping"":0.5,""candidate_fixed_point_max_iterations"":20,""candidate_fixed_point_relative_tolerance"":0.0001,""cloud_count"":1,""comparison_group"":""lambda_0.25"",""comparison_method"":""per_request_customized"",""control_mode"":""fixed"",""downtime_log_mean"":2.5,""downtime_log_sigma"":0.8,""edge_count"":5,""edge_link_factor"":2.0,""experiment_layer"":""system_poisson"",""fixed_online_budget_ms"":10.0,""fixed_planning_interval_slots"":5,""fixed_total_pool_budget"":20,""lambda_g"":0.7,""lambda_h"":0.7,""lambda_per_slot"":0.25,""max_deadline_ms"":1999.0,""min_deadline_ms"":500.0,""minimum_control_window_slots"":5,""minimum_replanning_interval_slots"":2,""name"":""lambda_0.25_per_request_customized"",""online_budgets_ms"":[5.0,10.0,20.0],""online_timing_mode"":""measured"",""origin_group_count"":2,""plan_ttl_slots"":20,""planning_candidate_generator_mode"":""customized"",""planning_customized_archive_capacity"":64,""planning_customized_generations"":4,""planning_customized_population_size"":12,""planning_deadline_ms"":2000.0,""planning_intervals"":[5,10,20],""planning_runtime_ms"":100.0,""planning_sample_count"":20,""planning_timing_mode"":""measured"",""pool_budget_mode"":""fixed_total"",""profile_count"":2,""slot_count"":200,""slot_length_ms"":100.0,""suite"":""load"",""total_pool_budgets"":[8,20,40],""uptime_scale"":100.0,""uptime_shape"":1.5,""user_count"":10,""workload_mode"":""poisson_profile_catalog""}",200,203,50,26,24,23,3,2,0,1,0.7898946163149092,685.6897584397507,0.8488141718863056,4642.211572857769,0,0,0,26,0,0,0,0,0.0,3165.3143353760242,63.306286707520485,97.3403750685975,0,0,0,968,778,0,190,0,26,0,0,22260737,cold_start,stability_delay_energy_v4,unified_fixed_point_v3,explicit_snapshot_v1,poisson_profile_catalog_v1,periodic_repository_v1,customized_periodic_pool_v1,empirical_window_beta_v1,slot_up_down_v1,fixed_service_time_v1,fixed_path_v1,full_duplex_shared_heat_v1,deployment_return_energy_v1,periodic_three_objective_v3,discrete_mpc_v1,grid_tkb_v1,arrival_risk_diversity_v1,budgeted_fixed_point_v1,regularized_surrogate_v1,goodput_cost_v1,0.52,0.48,0.46,0.11538461538461539,0.07692307692307693,1.1330049261083743,0.0,0.0,0.0,0.52,0.0
system_poisson:poisson_lifecycle_v1:load:971c9506d1051651:per_request_customized:r16:s20260735,971c9506d1051651,load,lambda_0.25_per_request_customized,lambda_0.25,per_request_customized,16,20260735,system_poisson,poisson_lifecycle_v1,poisson_profile_catalog,per_request_customized,not_applicable,p12_g4_a64,cold_start,measured,measured,fixed,fixed_total,0.25,c61c842e17f225e3,3da65bab6008a478,949b7b88a6bf75fc,615e85118266de25,"{""algorithm"":""per_request_customized"",""alpha_l"":0.7,""alpha_r"":0.8,""availability_fraction"":0.5,""beta_l"":0.4,""beta_r"":0.5,""bootstrap_mode"":""cold_start"",""candidate_fixed_point_damping"":0.5,""candidate_fixed_point_max_iterations"":20,""candidate_fixed_point_relative_tolerance"":0.0001,""cloud_count"":1,""comparison_group"":""lambda_0.25"",""comparison_method"":""per_request_customized"",""control_mode"":""fixed"",""downtime_log_mean"":2.5,""downtime_log_sigma"":0.8,""edge_count"":5,""edge_link_factor"":2.0,""experiment_layer"":""system_poisson"",""fixed_online_budget_ms"":10.0,""fixed_planning_interval_slots"":5,""fixed_total_pool_budget"":20,""lambda_g"":0.7,""lambda_h"":0.7,""lambda_per_slot"":0.25,""max_deadline_ms"":1999.0,""min_deadline_ms"":500.0,""minimum_control_window_slots"":5,""minimum_replanning_interval_slots"":2,""name"":""lambda_0.25_per_request_customized"",""online_budgets_ms"":[5.0,10.0,20.0],""online_timing_mode"":""measured"",""origin_group_count"":2,""plan_ttl_slots"":20,""planning_candidate_generator_mode"":""customized"",""planning_customized_archive_capacity"":64,""planning_customized_generations"":4,""planning_customized_population_size"":12,""planning_deadline_ms"":2000.0,""planning_intervals"":[5,10,20],""planning_runtime_ms"":100.0,""planning_sample_count"":20,""planning_timing_mode"":""measured"",""pool_budget_mode"":""fixed_total"",""profile_count"":2,""slot_count"":200,""slot_length_ms"":100.0,""suite"":""load"",""total_pool_budgets"":[8,20,40],""uptime_scale"":100.0,""uptime_shape"":1.5,""user_count"":10,""workload_mode"":""poisson_profile_catalog""}",200,200,59,31,28,27,4,0,0,1,1.0390862670210206,671.5237686044358,0.8868616602751583,6806.4834168764,0,0,0,31,0,0,0,0,0.0,4472.563961171545,75.80616883341602,117.59962502401322,0,0,0,1160,798,0,362,0,31,0,0,22260738,cold_start,stability_delay_energy_v4,unified_fixed_point_v3,explicit_snapshot_v1,poisson_profile_catalog_v1,periodic_repository_v1,customized_periodic_pool_v1,empirical_window_beta_v1,slot_up_down_v1,fixed_service_time_v1,fixed_path_v1,full_duplex_shared_heat_v1,deployment_return_energy_v1,periodic_three_objective_v3,discrete_mpc_v1,grid_tkb_v1,arrival_risk_diversity_v1,budgeted_fixed_point_v1,regularized_surrogate_v1,goodput_cost_v1,0.5254237288135594,0.4745762711864407,0.4576271186440678,0.12903225806451613,0.0,1.35,0.0,0.0,0.0,0.5254237288135594,0.0
system_poisson:poisson_lifecycle_v1:load:971c9506d1051651:per_request_customized:r17:s20260736,971c9506d1051651,load,lambda_0.25_per_request_customized,lambda_0.25,per_request_customized,17,20260736,system_poisson,poisson_lifecycle_v1,poisson_profile_catalog,per_request_customized,not_applicable,p12_g4_a64,cold_start,measured,measured,fixed,fixed_total,0.25,a1e1594e7589a223,d9b518a32809412d,8a36ab9a2a8c5db0,6d1494c76aa00136,"{""algorithm"":""per_request_customized"",""alpha_l"":0.7,""alpha_r"":0.8,""availability_fraction"":0.5,""beta_l"":0.4,""beta_r"":0.5,""bootstrap_mode"":""cold_start"",""candidate_fixed_point_damping"":0.5,""candidate_fixed_point_max_iterations"":20,""candidate_fixed_point_relative_tolerance"":0.0001,""cloud_count"":1,""comparison_group"":""lambda_0.25"",""comparison_method"":""per_request_customized"",""control_mode"":""fixed"",""downtime_log_mean"":2.5,""downtime_log_sigma"":0.8,""edge_count"":5,""edge_link_factor"":2.0,""experiment_layer"":""system_poisson"",""fixed_online_budget_ms"":10.0,""fixed_planning_interval_slots"":5,""fixed_total_pool_budget"":20,""lambda_g"":0.7,""lambda_h"":0.7,""lambda_per_slot"":0.25,""max_deadline_ms"":1999.0,""min_deadline_ms"":500.0,""minimum_control_window_slots"":5,""minimum_replanning_interval_slots"":2,""name"":""lambda_0.25_per_request_customized"",""online_budgets_ms"":[5.0,10.0,20.0],""online_timing_mode"":""measured"",""origin_group_count"":2,""plan_ttl_slots"":20,""planning_candidate_generator_mode"":""customized"",""planning_customized_archive_capacity"":64,""planning_customized_generations"":4,""planning_customized_population_size"":12,""planning_deadline_ms"":2000.0,""planning_intervals"":[5,10,20],""planning_runtime_ms"":100.0,""planning_sample_count"":20,""planning_timing_mode"":""measured"",""pool_budget_mode"":""fixed_total"",""profile_count"":2,""slot_count"":200,""slot_length_ms"":100.0,""suite"":""load"",""total_pool_budgets"":[8,20,40],""uptime_scale"":100.0,""uptime_shape"":1.5,""user_count"":10,""workload_mode"":""poisson_profile_catalog""}",200,201,45,28,17,25,3,2,0,1,0.8889239891111531,595.9271149164653,0.8742184942036205,5651.923953151659,0,0,0,28,0,0,0,0,0.0,3484.398460946977,77.43107690993283,143.23245792184025,0,0,0,848,659,0,189,0,28,0,0,22260739,cold_start,stability_delay_energy_v4,unified_fixed_point_v3,explicit_snapshot_v1,poisson_profile_catalog_v1,periodic_repository_v1,customized_periodic_pool_v1,empirical_window_beta_v1,slot_up_down_v1,fixed_service_time_v1,fixed_path_v1,full_duplex_shared_heat_v1,deployment_return_energy_v1,periodic_three_objective_v3,discrete_mpc_v1,grid_tkb_v1,arrival_risk_diversity_v1,budgeted_fixed_point_v1,regularized_surrogate_v1,goodput_cost_v1,0.6222222222222222,0.37777777777777777,0.5555555555555556,0.10714285714285714,0.07142857142857142,1.243781094527363,0.0,0.0,0.0,0.6222222222222222,0.0
system_poisson:poisson_lifecycle_v1:load:971c9506d1051651:per_request_customized:r18:s20260737,971c9506d1051651,load,lambda_0.25_per_request_customized,lambda_0.25,per_request_customized,18,20260737,system_poisson,poisson_lifecycle_v1,poisson_profile_catalog,per_request_customized,not_applicable,p12_g4_a64,cold_start,measured,measured,fixed,fixed_total,0.25,2340d35db3923e87,6c6665153475ebe0,3c40d8db1e1fc4b4,fb1a538d3c9d367a,"{""algorithm"":""per_request_customized"",""alpha_l"":0.7,""alpha_r"":0.8,""availability_fraction"":0.5,""beta_l"":0.4,""beta_r"":0.5,""bootstrap_mode"":""cold_start"",""candidate_fixed_point_damping"":0.5,""candidate_fixed_point_max_iterations"":20,""candidate_fixed_point_relative_tolerance"":0.0001,""cloud_count"":1,""comparison_group"":""lambda_0.25"",""comparison_method"":""per_request_customized"",""control_mode"":""fixed"",""downtime_log_mean"":2.5,""downtime_log_sigma"":0.8,""edge_count"":5,""edge_link_factor"":2.0,""experiment_layer"":""system_poisson"",""fixed_online_budget_ms"":10.0,""fixed_planning_interval_slots"":5,""fixed_total_pool_budget"":20,""lambda_g"":0.7,""lambda_h"":0.7,""lambda_per_slot"":0.25,""max_deadline_ms"":1999.0,""min_deadline_ms"":500.0,""minimum_control_window_slots"":5,""minimum_replanning_interval_slots"":2,""name"":""lambda_0.25_per_request_customized"",""online_budgets_ms"":[5.0,10.0,20.0],""online_timing_mode"":""measured"",""origin_group_count"":2,""plan_ttl_slots"":20,""planning_candidate_generator_mode"":""customized"",""planning_customized_archive_capacity"":64,""planning_customized_generations"":4,""planning_customized_population_size"":12,""planning_deadline_ms"":2000.0,""planning_intervals"":[5,10,20],""planning_runtime_ms"":100.0,""planning_sample_count"":20,""planning_timing_mode"":""measured"",""pool_budget_mode"":""fixed_total"",""profile_count"":2,""slot_count"":200,""slot_length_ms"":100.0,""suite"":""load"",""total_pool_budgets"":[8,20,40],""uptime_scale"":100.0,""uptime_shape"":1.5,""user_count"":10,""workload_mode"":""poisson_profile_catalog""}",200,200,58,44,14,42,2,0,0,1,1.6662929168054716,473.9392336897403,0.8472914075364559,4359.1188385728565,0,0,0,44,0,0,0,0,0.0,4831.81296067778,83.30712001168587,139.0432909829542,0,0,0,1219,885,0,334,0,44,0,0,22260740,cold_start,stability_delay_energy_v4,unified_fixed_point_v3,explicit_snapshot_v1,poisson_profile_catalog_v1,periodic_repository_v1,customized_periodic_pool_v1,empirical_window_beta_v1,slot_up_down_v1,fixed_service_time_v1,fixed_path_v1,full_duplex_shared_heat_v1,deployment_return_energy_v1,periodic_three_objective_v3,discrete_mpc_v1,grid_tkb_v1,arrival_risk_diversity_v1,budgeted_fixed_point_v1,regularized_surrogate_v1,goodput_cost_v1,0.7586206896551724,0.2413793103448276,0.7241379310344828,0.045454545454545456,0.0,2.1,0.0,0.0,0.0,0.7586206896551724,0.0
system_poisson:poisson_lifecycle_v1:load:971c9506d1051651:per_request_customized:r19:s20260738,971c9506d1051651,load,lambda_0.25_per_request_customized,lambda_0.25,per_request_customized,19,20260738,system_poisson,poisson_lifecycle_v1,poisson_profile_catalog,per_request_customized,not_applicable,p12_g4_a64,cold_start,measured,measured,fixed,fixed_total,0.25,2f8cac81e28c6822,342fe7b24aabf9c9,1b8ddd12b1e1cb3e,a5b68c6f808e683d,"{""algorithm"":""per_request_customized"",""alpha_l"":0.7,""alpha_r"":0.8,""availability_fraction"":0.5,""beta_l"":0.4,""beta_r"":0.5,""bootstrap_mode"":""cold_start"",""candidate_fixed_point_damping"":0.5,""candidate_fixed_point_max_iterations"":20,""candidate_fixed_point_relative_tolerance"":0.0001,""cloud_count"":1,""comparison_group"":""lambda_0.25"",""comparison_method"":""per_request_customized"",""control_mode"":""fixed"",""downtime_log_mean"":2.5,""downtime_log_sigma"":0.8,""edge_count"":5,""edge_link_factor"":2.0,""experiment_layer"":""system_poisson"",""fixed_online_budget_ms"":10.0,""fixed_planning_interval_slots"":5,""fixed_total_pool_budget"":20,""lambda_g"":0.7,""lambda_h"":0.7,""lambda_per_slot"":0.25,""max_deadline_ms"":1999.0,""min_deadline_ms"":500.0,""minimum_control_window_slots"":5,""minimum_replanning_interval_slots"":2,""name"":""lambda_0.25_per_request_customized"",""online_budgets_ms"":[5.0,10.0,20.0],""online_timing_mode"":""measured"",""origin_group_count"":2,""plan_ttl_slots"":20,""planning_candidate_generator_mode"":""customized"",""planning_customized_archive_capacity"":64,""planning_customized_generations"":4,""planning_customized_population_size"":12,""planning_deadline_ms"":2000.0,""planning_intervals"":[5,10,20],""planning_runtime_ms"":100.0,""planning_sample_count"":20,""planning_timing_mode"":""measured"",""pool_budget_mode"":""fixed_total"",""profile_count"":2,""slot_count"":200,""slot_length_ms"":100.0,""suite"":""load"",""total_pool_budgets"":[8,20,40],""uptime_scale"":100.0,""uptime_shape"":1.5,""user_count"":10,""workload_mode"":""poisson_profile_catalog""}",200,200,44,18,26,17,1,1,0,1,0.5709276898799927,778.9390773727137,0.8394816282986457,6160.906706048104,0,0,0,18,0,0,0,0,0.0,3084.558791015297,70.1036088867113,106.38729098718613,0,0,0,799,701,0,98,0,18,0,0,22260741,cold_start,stability_delay_energy_v4,unified_fixed_point_v3,explicit_snapshot_v1,poisson_profile_catalog_v1,periodic_repository_v1,customized_periodic_pool_v1,empirical_window_beta_v1,slot_up_down_v1,fixed_service_time_v1,fixed_path_v1,full_duplex_shared_heat_v1,deployment_return_energy_v1,periodic_three_objective_v3,discrete_mpc_v1,grid_tkb_v1,arrival_risk_diversity_v1,budgeted_fixed_point_v1,regularized_surrogate_v1,goodput_cost_v1,0.4090909090909091,0.5909090909090909,0.38636363636363635,0.05555555555555555,0.05555555555555555,0.85,0.0,0.0,0.0,0.4090909090909091,0.0
system_poisson:poisson_lifecycle_v1:load:19ff82563386b688:periodic_customized:r0:s20260719,19ff82563386b688,load,lambda_0.5_periodic_customized,lambda_0.5,periodic_customized,0,20260719,system_poisson,poisson_lifecycle_v1,poisson_profile_catalog,periodic_customized,customized,p12_g4_a64,prewarm,measured,measured,fixed,fixed_total,0.5,6d295842eb0296d0,fca0df0e76e8aea8,8113873b8f7e49cd,c3ade63673949cb4,"{""algorithm"":""periodic_customized"",""alpha_l"":0.7,""alpha_r"":0.8,""availability_fraction"":0.5,""beta_l"":0.4,""beta_r"":0.5,""bootstrap_mode"":""prewarm"",""candidate_fixed_point_damping"":0.5,""candidate_fixed_point_max_iterations"":20,""candidate_fixed_point_relative_tolerance"":0.0001,""cloud_count"":1,""comparison_group"":""lambda_0.5"",""comparison_method"":""periodic_customized"",""control_mode"":""fixed"",""downtime_log_mean"":2.5,""downtime_log_sigma"":0.8,""edge_count"":5,""edge_link_factor"":2.0,""experiment_layer"":""system_poisson"",""fixed_online_budget_ms"":10.0,""fixed_planning_interval_slots"":5,""fixed_total_pool_budget"":20,""lambda_g"":0.7,""lambda_h"":0.7,""lambda_per_slot"":0.5,""max_deadline_ms"":1999.0,""min_deadline_ms"":500.0,""minimum_control_window_slots"":5,""minimum_replanning_interval_slots"":2,""name"":""lambda_0.5_periodic_customized"",""online_budgets_ms"":[5.0,10.0,20.0],""online_timing_mode"":""measured"",""origin_group_count"":2,""plan_ttl_slots"":20,""planning_candidate_generator_mode"":""customized"",""planning_customized_archive_capacity"":64,""planning_customized_generations"":4,""planning_customized_population_size"":12,""planning_deadline_ms"":2000.0,""planning_intervals"":[5,10,20],""planning_runtime_ms"":100.0,""planning_sample_count"":20,""planning_timing_mode"":""measured"",""pool_budget_mode"":""fixed_total"",""profile_count"":2,""slot_count"":200,""slot_length_ms"":100.0,""suite"":""load"",""total_pool_budgets"":[8,20,40],""uptime_scale"":100.0,""uptime_shape"":1.5,""user_count"":10,""workload_mode"":""poisson_profile_catalog""}",200,202,117,45,72,40,5,1,0,1,1.4310253739387044,689.7709376113191,0.8736438167635141,4255.445485327408,28,7,10,0,0,46,28,18,11047.937375959009,367.38254805095494,3.14002177821329,5.063333082944155,34,33,0,3194,2795,0,399,197,168,117,110,22260722,prewarm,stability_delay_energy_v4,unified_fixed_point_v3,explicit_snapshot_v1,poisson_profile_catalog_v1,periodic_repository_v1,customized_periodic_pool_v1,empirical_window_beta_v1,slot_up_down_v1,fixed_service_time_v1,fixed_path_v1,full_duplex_shared_heat_v1,deployment_return_energy_v1,periodic_three_objective_v3,discrete_mpc_v1,grid_tkb_v1,arrival_risk_diversity_v1,budgeted_fixed_point_v1,regularized_surrogate_v1,goodput_cost_v1,0.38461538461538464,0.6153846153846154,0.3418803418803419,0.1111111111111111,0.022222222222222223,1.9801980198019802,0.23931623931623933,0.05982905982905983,0.08547008547008547,0.0,0.0
system_poisson:poisson_lifecycle_v1:load:19ff82563386b688:periodic_customized:r1:s20260720,19ff82563386b688,load,lambda_0.5_periodic_customized,lambda_0.5,periodic_customized,1,20260720,system_poisson,poisson_lifecycle_v1,poisson_profile_catalog,periodic_customized,customized,p12_g4_a64,prewarm,measured,measured,fixed,fixed_total,0.5,a4f53f5438a025fd,a0ac5e6d1accb3ff,83ce9cc9964c5f3e,4948b9b559ca3dae,"{""algorithm"":""periodic_customized"",""alpha_l"":0.7,""alpha_r"":0.8,""availability_fraction"":0.5,""beta_l"":0.4,""beta_r"":0.5,""bootstrap_mode"":""prewarm"",""candidate_fixed_point_damping"":0.5,""candidate_fixed_point_max_iterations"":20,""candidate_fixed_point_relative_tolerance"":0.0001,""cloud_count"":1,""comparison_group"":""lambda_0.5"",""comparison_method"":""periodic_customized"",""control_mode"":""fixed"",""downtime_log_mean"":2.5,""downtime_log_sigma"":0.8,""edge_count"":5,""edge_link_factor"":2.0,""experiment_layer"":""system_poisson"",""fixed_online_budget_ms"":10.0,""fixed_planning_interval_slots"":5,""fixed_total_pool_budget"":20,""lambda_g"":0.7,""lambda_h"":0.7,""lambda_per_slot"":0.5,""max_deadline_ms"":1999.0,""min_deadline_ms"":500.0,""minimum_control_window_slots"":5,""minimum_replanning_interval_slots"":2,""name"":""lambda_0.5_periodic_customized"",""online_budgets_ms"":[5.0,10.0,20.0],""online_timing_mode"":""measured"",""origin_group_count"":2,""plan_ttl_slots"":20,""planning_candidate_generator_mode"":""customized"",""planning_customized_archive_capacity"":64,""planning_customized_generations"":4,""planning_customized_population_size"":12,""planning_deadline_ms"":2000.0,""planning_intervals"":[5,10,20],""planning_runtime_ms"":100.0,""planning_sample_count"":20,""planning_timing_mode"":""measured"",""pool_budget_mode"":""fixed_total"",""profile_count"":2,""slot_count"":200,""slot_length_ms"":100.0,""suite"":""load"",""total_pool_budgets"":[8,20,40],""uptime_scale"":100.0,""uptime_shape"":1.5,""user_count"":10,""workload_mode"":""poisson_profile_catalog""}",200,200,103,49,54,44,5,1,0,1,1.5403269173412542,738.1183512927294,0.823176090865453,6773.4236981756585,19,10,20,0,0,43,26,16,13112.290504272096,311.6333306534216,3.0255663170235105,5.124040995724499,30,29,0,3053,2571,0,482,180,109,70,60,22260723,prewarm,stability_delay_energy_v4,unified_fixed_point_v3,explicit_snapshot_v1,poisson_profile_catalog_v1,periodic_repository_v1,customized_periodic_pool_v1,empirical_window_beta_v1,slot_up_down_v1,fixed_service_time_v1,fixed_path_v1,full_duplex_shared_heat_v1,deployment_return_energy_v1,periodic_three_objective_v3,discrete_mpc_v1,grid_tkb_v1,arrival_risk_diversity_v1,budgeted_fixed_point_v1,regularized_surrogate_v1,goodput_cost_v1,0.47572815533980584,0.5242718446601942,0.42718446601941745,0.10204081632653061,0.02040816326530612,2.2,0.18446601941747573,0.0970873786407767,0.1941747572815534,0.0,0.0
system_poisson:poisson_lifecycle_v1:load:19ff82563386b688:periodic_customized:r2:s20260721,19ff82563386b688,load,lambda_0.5_periodic_customized,lambda_0.5,periodic_customized,2,20260721,system_poisson,poisson_lifecycle_v1,poisson_profile_catalog,periodic_customized,customized,p12_g4_a64,prewarm,measured,measured,fixed,fixed_total,0.5,e1936cba343be935,938f95453f2442e2,3df1adeb27ad0e05,b3c97759fa661993,"{""algorithm"":""periodic_customized"",""alpha_l"":0.7,""alpha_r"":0.8,""availability_fraction"":0.5,""beta_l"":0.4,""beta_r"":0.5,""bootstrap_mode"":""prewarm"",""candidate_fixed_point_damping"":0.5,""candidate_fixed_point_max_iterations"":20,""candidate_fixed_point_relative_tolerance"":0.0001,""cloud_count"":1,""comparison_group"":""lambda_0.5"",""comparison_method"":""periodic_customized"",""control_mode"":""fixed"",""downtime_log_mean"":2.5,""downtime_log_sigma"":0.8,""edge_count"":5,""edge_link_factor"":2.0,""experiment_layer"":""system_poisson"",""fixed_online_budget_ms"":10.0,""fixed_planning_interval_slots"":5,""fixed_total_pool_budget"":20,""lambda_g"":0.7,""lambda_h"":0.7,""lambda_per_slot"":0.5,""max_deadline_ms"":1999.0,""min_deadline_ms"":500.0,""minimum_control_window_slots"":5,""minimum_replanning_interval_slots"":2,""name"":""lambda_0.5_periodic_customized"",""online_budgets_ms"":[5.0,10.0,20.0],""online_timing_mode"":""measured"",""origin_group_count"":2,""plan_ttl_slots"":20,""planning_candidate_generator_mode"":""customized"",""planning_customized_archive_capacity"":64,""planning_customized_generations"":4,""planning_customized_population_size"":12,""planning_deadline_ms"":2000.0,""planning_intervals"":[5,10,20],""planning_runtime_ms"":100.0,""planning_sample_count"":20,""planning_timing_mode"":""measured"",""pool_budget_mode"":""fixed_total"",""profile_count"":2,""slot_count"":200,""slot_length_ms"":100.0,""suite"":""load"",""total_pool_budgets"":[8,20,40],""uptime_scale"":100.0,""uptime_shape"":1.5,""user_count"":10,""workload_mode"":""poisson_profile_catalog""}",200,200,103,53,50,51,2,1,0,1,1.9180992688721417,558.2805794502597,0.834901764687658,6049.148020935006,27,17,9,0,0,42,20,21,14964.064542669803,389.4468832295388,3.781037701257658,6.211208994500339,26,25,0,3425,2669,0,756,342,253,137,193,22260724,prewarm,stability_delay_energy_v4,unified_fixed_point_v3,explicit_snapshot_v1,poisson_profile_catalog_v1,periodic_repository_v1,customized_periodic_pool_v1,empirical_window_beta_v1,slot_up_down_v1,fixed_service_time_v1,fixed_path_v1,full_duplex_shared_heat_v1,deployment_return_energy_v1,periodic_three_objective_v3,discrete_mpc_v1,grid_tkb_v1,arrival_risk_diversity_v1,budgeted_fixed_point_v1,regularized_surrogate_v1,goodput_cost_v1,0.5145631067961165,0.4854368932038835,0.49514563106796117,0.03773584905660377,0.018867924528301886,2.55,0.2621359223300971,0.1650485436893204,0.08737864077669903,0.0,0.0
system_poisson:poisson_lifecycle_v1:load:19ff82563386b688:periodic_customized:r3:s20260722,19ff82563386b688,load,lambda_0.5_periodic_customized,lambda_0.5,periodic_customized,3,20260722,system_poisson,poisson_lifecycle_v1,poisson_profile_catalog,periodic_customized,customized,p12_g4_a64,prewarm,measured,measured,fixed,fixed_total,0.5,cad518de228dec43,e2c448830ab998d5,7812a009c9d2be8d,a8d64a668c29fff0,"{""algorithm"":""periodic_customized"",""alpha_l"":0.7,""alpha_r"":0.8,""availability_fraction"":0.5,""beta_l"":0.4,""beta_r"":0.5,""bootstrap_mode"":""prewarm"",""candidate_fixed_point_damping"":0.5,""candidate_fixed_point_max_iterations"":20,""candidate_fixed_point_relative_tolerance"":0.0001,""cloud_count"":1,""comparison_group"":""lambda_0.5"",""comparison_method"":""periodic_customized"",""control_mode"":""fixed"",""downtime_log_mean"":2.5,""downtime_log_sigma"":0.8,""edge_count"":5,""edge_link_factor"":2.0,""experiment_layer"":""system_poisson"",""fixed_online_budget_ms"":10.0,""fixed_planning_interval_slots"":5,""fixed_total_pool_budget"":20,""lambda_g"":0.7,""lambda_h"":0.7,""lambda_per_slot"":0.5,""max_deadline_ms"":1999.0,""min_deadline_ms"":500.0,""minimum_control_window_slots"":5,""minimum_replanning_interval_slots"":2,""name"":""lambda_0.5_periodic_customized"",""online_budgets_ms"":[5.0,10.0,20.0],""online_timing_mode"":""measured"",""origin_group_count"":2,""plan_ttl_slots"":20,""planning_candidate_generator_mode"":""customized"",""planning_customized_archive_capacity"":64,""planning_customized_generations"":4,""planning_customized_population_size"":12,""planning_deadline_ms"":2000.0,""planning_intervals"":[5,10,20],""planning_runtime_ms"":100.0,""planning_sample_count"":20,""planning_timing_mode"":""measured"",""pool_budget_mode"":""fixed_total"",""profile_count"":2,""slot_count"":200,""slot_length_ms"":100.0,""suite"":""load"",""total_pool_budgets"":[8,20,40],""uptime_scale"":100.0,""uptime_shape"":1.5,""user_count"":10,""workload_mode"":""poisson_profile_catalog""}",200,200,89,45,44,40,5,1,0,1,1.4628606599640661,570.9975394203876,0.847500273142112,5413.535171245188,26,6,13,0,0,42,32,9,12278.418916510418,336.2673835363239,3.7782852082733025,6.240957998670638,36,35,0,3403,2422,0,981,414,250,160,121,22260725,prewarm,stability_delay_energy_v4,unified_fixed_point_v3,explicit_snapshot_v1,poisson_profile_catalog_v1,periodic_repository_v1,customized_periodic_pool_v1,empirical_window_beta_v1,slot_up_down_v1,fixed_service_time_v1,fixed_path_v1,full_duplex_shared_heat_v1,deployment_return_energy_v1,periodic_three_objective_v3,discrete_mpc_v1,grid_tkb_v1,arrival_risk_diversity_v1,budgeted_fixed_point_v1,regularized_surrogate_v1,goodput_cost_v1,0.5056179775280899,0.4943820224719101,0.449438202247191,0.1111111111111111,0.022222222222222223,2.0,0.29213483146067415,0.06741573033707865,0.14606741573033707,0.0,0.0
system_poisson:poisson_lifecycle_v1:load:19ff82563386b688:periodic_customized:r4:s20260723,19ff82563386b688,load,lambda_0.5_periodic_customized,lambda_0.5,periodic_customized,4,20260723,system_poisson,poisson_lifecycle_v1,poisson_profile_catalog,periodic_customized,customized,p12_g4_a64,prewarm,measured,measured,fixed,fixed_total,0.5,85e4775618fc9271,04cc006508118ace,493b0aac2ffca006,7df8c4f9894fbd11,"{""algorithm"":""periodic_customized"",""alpha_l"":0.7,""alpha_r"":0.8,""availability_fraction"":0.5,""beta_l"":0.4,""beta_r"":0.5,""bootstrap_mode"":""prewarm"",""candidate_fixed_point_damping"":0.5,""candidate_fixed_point_max_iterations"":20,""candidate_fixed_point_relative_tolerance"":0.0001,""cloud_count"":1,""comparison_group"":""lambda_0.5"",""comparison_method"":""periodic_customized"",""control_mode"":""fixed"",""downtime_log_mean"":2.5,""downtime_log_sigma"":0.8,""edge_count"":5,""edge_link_factor"":2.0,""experiment_layer"":""system_poisson"",""fixed_online_budget_ms"":10.0,""fixed_planning_interval_slots"":5,""fixed_total_pool_budget"":20,""lambda_g"":0.7,""lambda_h"":0.7,""lambda_per_slot"":0.5,""max_deadline_ms"":1999.0,""min_deadline_ms"":500.0,""minimum_control_window_slots"":5,""minimum_replanning_interval_slots"":2,""name"":""lambda_0.5_periodic_customized"",""online_budgets_ms"":[5.0,10.0,20.0],""online_timing_mode"":""measured"",""origin_group_count"":2,""plan_ttl_slots"":20,""planning_candidate_generator_mode"":""customized"",""planning_customized_archive_capacity"":64,""planning_customized_generations"":4,""planning_customized_population_size"":12,""planning_deadline_ms"":2000.0,""planning_intervals"":[5,10,20],""planning_runtime_ms"":100.0,""planning_sample_count"":20,""planning_timing_mode"":""measured"",""pool_budget_mode"":""fixed_total"",""profile_count"":2,""slot_count"":200,""slot_length_ms"":100.0,""suite"":""load"",""total_pool_budgets"":[8,20,40],""uptime_scale"":100.0,""uptime_shape"":1.5,""user_count"":10,""workload_mode"":""poisson_profile_catalog""}",200,209,88,38,50,36,2,1,0,1,1.2614869461049403,644.5027804621831,0.8537409321287239,6365.284287324767,21,8,9,0,0,42,29,12,14791.615752968937,338.3041595807299,3.8443654497810216,7.028500083833933,25,24,0,3336,2668,0,668,307,216,162,121,22260726,prewarm,stability_delay_energy_v4,unified_fixed_point_v3,explicit_snapshot_v1,poisson_profile_catalog_v1,periodic_repository_v1,customized_periodic_pool_v1,empirical_window_beta_v1,slot_up_down_v1,fixed_service_time_v1,fixed_path_v1,full_duplex_shared_heat_v1,deployment_return_energy_v1,periodic_three_objective_v3,discrete_mpc_v1,grid_tkb_v1,arrival_risk_diversity_v1,budgeted_fixed_point_v1,regularized_surrogate_v1,goodput_cost_v1,0.4318181818181818,0.5681818181818182,0.4090909090909091,0.05263157894736842,0.02631578947368421,1.722488038277512,0.23863636363636365,0.09090909090909091,0.10227272727272728,0.0,0.0
system_poisson:poisson_lifecycle_v1:load:19ff82563386b688:periodic_customized:r5:s20260724,19ff82563386b688,load,lambda_0.5_periodic_customized,lambda_0.5,periodic_customized,5,20260724,system_poisson,poisson_lifecycle_v1,poisson_profile_catalog,periodic_customized,customized,p12_g4_a64,prewarm,measured,measured,fixed,fixed_total,0.5,d24fe9836276a23a,5f88dfc591596c91,9a0a3a6e577c08ed,c61766e5adeaf7a9,"{""algorithm"":""periodic_customized"",""alpha_l"":0.7,""alpha_r"":0.8,""availability_fraction"":0.5,""beta_l"":0.4,""beta_r"":0.5,""bootstrap_mode"":""prewarm"",""candidate_fixed_point_damping"":0.5,""candidate_fixed_point_max_iterations"":20,""candidate_fixed_point_relative_tolerance"":0.0001,""cloud_count"":1,""comparison_group"":""lambda_0.5"",""comparison_method"":""periodic_customized"",""control_mode"":""fixed"",""downtime_log_mean"":2.5,""downtime_log_sigma"":0.8,""edge_count"":5,""edge_link_factor"":2.0,""experiment_layer"":""system_poisson"",""fixed_online_budget_ms"":10.0,""fixed_planning_interval_slots"":5,""fixed_total_pool_budget"":20,""lambda_g"":0.7,""lambda_h"":0.7,""lambda_per_slot"":0.5,""max_deadline_ms"":1999.0,""min_deadline_ms"":500.0,""minimum_control_window_slots"":5,""minimum_replanning_interval_slots"":2,""name"":""lambda_0.5_periodic_customized"",""online_budgets_ms"":[5.0,10.0,20.0],""online_timing_mode"":""measured"",""origin_group_count"":2,""plan_ttl_slots"":20,""planning_candidate_generator_mode"":""customized"",""planning_customized_archive_capacity"":64,""planning_customized_generations"":4,""planning_customized_population_size"":12,""planning_deadline_ms"":2000.0,""planning_intervals"":[5,10,20],""planning_runtime_ms"":100.0,""planning_sample_count"":20,""planning_timing_mode"":""measured"",""pool_budget_mode"":""fixed_total"",""profile_count"":2,""slot_count"":200,""slot_length_ms"":100.0,""suite"":""load"",""total_pool_budgets"":[8,20,40],""uptime_scale"":100.0,""uptime_shape"":1.5,""user_count"":10,""workload_mode"":""poisson_profile_catalog""}",200,201,114,46,68,44,2,1,0,1,1.607964131885262,546.4088470280857,0.8474641532167031,4487.533134685533,34,4,8,0,0,43,30,12,12461.136879283004,386.09304185956717,3.386781068943572,5.5886670015752316,37,36,0,3179,2943,0,236,143,124,134,74,22260727,prewarm,stability_delay_energy_v4,unified_fixed_point_v3,explicit_snapshot_v1,poisson_profile_catalog_v1,periodic_repository_v1,customized_periodic_pool_v1,empirical_window_beta_v1,slot_up_down_v1,fixed_service_time_v1,fixed_path_v1,full_duplex_shared_heat_v1,deployment_return_energy_v1,periodic_three_objective_v3,discrete_mpc_v1,grid_tkb_v1,arrival_risk_diversity_v1,budgeted_fixed_point_v1,regularized_surrogate_v1,goodput_cost_v1,0.40350877192982454,0.5964912280701754,0.38596491228070173,0.043478260869565216,0.021739130434782608,2.189054726368159,0.2982456140350877,0.03508771929824561,0.07017543859649122,0.0,0.0
system_poisson:poisson_lifecycle_v1:load:19ff82563386b688:periodic_customized:r6:s20260725,19ff82563386b688,load,lambda_0.5_periodic_customized,lambda_0.5,periodic_customized,6,20260725,system_poisson,poisson_lifecycle_v1,poisson_profile_catalog,periodic_customized,customized,p12_g4_a64,prewarm,measured,measured,fixed,fixed_total,0.5,26abbdd9b75bc615,fc04fea1c464df4f,fabe6439cde23331,b0aa21bae96916c6,"{""algorithm"":""periodic_customized"",""alpha_l"":0.7,""alpha_r"":0.8,""availability_fraction"":0.5,""beta_l"":0.4,""beta_r"":0.5,""bootstrap_mode"":""prewarm"",""candidate_fixed_point_damping"":0.5,""candidate_fixed_point_max_iterations"":20,""candidate_fixed_point_relative_tolerance"":0.0001,""cloud_count"":1,""comparison_group"":""lambda_0.5"",""comparison_method"":""periodic_customized"",""control_mode"":""fixed"",""downtime_log_mean"":2.5,""downtime_log_sigma"":0.8,""edge_count"":5,""edge_link_factor"":2.0,""experiment_layer"":""system_poisson"",""fixed_online_budget_ms"":10.0,""fixed_planning_interval_slots"":5,""fixed_total_pool_budget"":20,""lambda_g"":0.7,""lambda_h"":0.7,""lambda_per_slot"":0.5,""max_deadline_ms"":1999.0,""min_deadline_ms"":500.0,""minimum_control_window_slots"":5,""minimum_replanning_interval_slots"":2,""name"":""lambda_0.5_periodic_customized"",""online_budgets_ms"":[5.0,10.0,20.0],""online_timing_mode"":""measured"",""origin_group_count"":2,""plan_ttl_slots"":20,""planning_candidate_generator_mode"":""customized"",""planning_customized_archive_capacity"":64,""planning_customized_generations"":4,""planning_customized_population_size"":12,""planning_deadline_ms"":2000.0,""planning_intervals"":[5,10,20],""planning_runtime_ms"":100.0,""planning_sample_count"":20,""planning_timing_mode"":""measured"",""pool_budget_mode"":""fixed_total"",""profile_count"":2,""slot_count"":200,""slot_length_ms"":100.0,""suite"":""load"",""total_pool_budgets"":[8,20,40],""uptime_scale"":100.0,""uptime_shape"":1.5,""user_count"":10,""workload_mode"":""poisson_profile_catalog""}",200,210,80,47,33,42,5,0,0,1,1.5061256427489051,608.9222732541176,0.8560587763760928,5447.127448804663,31,11,5,0,0,43,28,15,12681.644206517376,322.95825390610844,4.0369781738263555,8.579333079978824,34,33,0,3182,2671,0,511,213,160,124,72,22260728,prewarm,stability_delay_energy_v4,unified_fixed_point_v3,explicit_snapshot_v1,poisson_profile_catalog_v1,periodic_repository_v1,customized_periodic_pool_v1,empirical_window_beta_v1,slot_up_down_v1,fixed_service_time_v1,fixed_path_v1,full_duplex_shared_heat_v1,deployment_return_energy_v1,periodic_three_objective_v3,discrete_mpc_v1,grid_tkb_v1,arrival_risk_diversity_v1,budgeted_fixed_point_v1,regularized_surrogate_v1,goodput_cost_v1,0.5875,0.4125,0.525,0.10638297872340426,0.0,2.0,0.3875,0.1375,0.0625,0.0,0.0
system_poisson:poisson_lifecycle_v1:load:19ff82563386b688:periodic_customized:r7:s20260726,19ff82563386b688,load,lambda_0.5_periodic_customized,lambda_0.5,periodic_customized,7,20260726,system_poisson,poisson_lifecycle_v1,poisson_profile_catalog,periodic_customized,customized,p12_g4_a64,prewarm,measured,measured,fixed,fixed_total,0.5,cfb348bc73ed6b08,6c2f0ddd78fdc176,5b65cd2b9f52218c,5d8d75c05ac19d95,"{""algorithm"":""periodic_customized"",""alpha_l"":0.7,""alpha_r"":0.8,""availability_fraction"":0.5,""beta_l"":0.4,""beta_r"":0.5,""bootstrap_mode"":""prewarm"",""candidate_fixed_point_damping"":0.5,""candidate_fixed_point_max_iterations"":20,""candidate_fixed_point_relative_tolerance"":0.0001,""cloud_count"":1,""comparison_group"":""lambda_0.5"",""comparison_method"":""periodic_customized"",""control_mode"":""fixed"",""downtime_log_mean"":2.5,""downtime_log_sigma"":0.8,""edge_count"":5,""edge_link_factor"":2.0,""experiment_layer"":""system_poisson"",""fixed_online_budget_ms"":10.0,""fixed_planning_interval_slots"":5,""fixed_total_pool_budget"":20,""lambda_g"":0.7,""lambda_h"":0.7,""lambda_per_slot"":0.5,""max_deadline_ms"":1999.0,""min_deadline_ms"":500.0,""minimum_control_window_slots"":5,""minimum_replanning_interval_slots"":2,""name"":""lambda_0.5_periodic_customized"",""online_budgets_ms"":[5.0,10.0,20.0],""online_timing_mode"":""measured"",""origin_group_count"":2,""plan_ttl_slots"":20,""planning_candidate_generator_mode"":""customized"",""planning_customized_archive_capacity"":64,""planning_customized_generations"":4,""planning_customized_population_size"":12,""planning_deadline_ms"":2000.0,""planning_intervals"":[5,10,20],""planning_runtime_ms"":100.0,""planning_sample_count"":20,""planning_timing_mode"":""measured"",""pool_budget_mode"":""fixed_total"",""profile_count"":2,""slot_count"":200,""slot_length_ms"":100.0,""suite"":""load"",""total_pool_budgets"":[8,20,40],""uptime_scale"":100.0,""uptime_shape"":1.5,""user_count"":10,""workload_mode"":""poisson_profile_catalog""}",200,209,101,38,63,36,2,0,0,1,1.2304469238649172,802.244506104743,0.8324212378998321,7224.723395317441,27,3,8,0,0,41,23,17,14760.770584922284,349.2987909121439,3.4584038704172664,6.924958084709942,25,24,0,3051,2526,0,525,194,148,96,77,22260729,prewarm,stability_delay_energy_v4,unified_fixed_point_v3,explicit_snapshot_v1,poisson_profile_catalog_v1,periodic_repository_v1,customized_periodic_pool_v1,empirical_window_beta_v1,slot_up_down_v1,fixed_service_time_v1,fixed_path_v1,full_duplex_shared_heat_v1,deployment_return_energy_v1,periodic_three_objective_v3,discrete_mpc_v1,grid_tkb_v1,arrival_risk_diversity_v1,budgeted_fixed_point_v1,regularized_surrogate_v1,goodput_cost_v1,0.37623762376237624,0.6237623762376238,0.3564356435643564,0.05263157894736842,0.0,1.722488038277512,0.26732673267326734,0.0297029702970297,0.07920792079207921,0.0,0.0
system_poisson:poisson_lifecycle_v1:load:19ff82563386b688:periodic_customized:r8:s20260727,19ff82563386b688,load,lambda_0.5_periodic_customized,lambda_0.5,periodic_customized,8,20260727,system_poisson,poisson_lifecycle_v1,poisson_profile_catalog,periodic_customized,customized,p12_g4_a64,prewarm,measured,measured,fixed,fixed_total,0.5,77262aef7c650c15,adddb8a44db4224c,404224c5a44bfb20,5f427e7b1456da70,"{""algorithm"":""periodic_customized"",""alpha_l"":0.7,""alpha_r"":0.8,""availability_fraction"":0.5,""beta_l"":0.4,""beta_r"":0.5,""bootstrap_mode"":""prewarm"",""candidate_fixed_point_damping"":0.5,""candidate_fixed_point_max_iterations"":20,""candidate_fixed_point_relative_tolerance"":0.0001,""cloud_count"":1,""comparison_group"":""lambda_0.5"",""comparison_method"":""periodic_customized"",""control_mode"":""fixed"",""downtime_log_mean"":2.5,""downtime_log_sigma"":0.8,""edge_count"":5,""edge_link_factor"":2.0,""experiment_layer"":""system_poisson"",""fixed_online_budget_ms"":10.0,""fixed_planning_interval_slots"":5,""fixed_total_pool_budget"":20,""lambda_g"":0.7,""lambda_h"":0.7,""lambda_per_slot"":0.5,""max_deadline_ms"":1999.0,""min_deadline_ms"":500.0,""minimum_control_window_slots"":5,""minimum_replanning_interval_slots"":2,""name"":""lambda_0.5_periodic_customized"",""online_budgets_ms"":[5.0,10.0,20.0],""online_timing_mode"":""measured"",""origin_group_count"":2,""plan_ttl_slots"":20,""planning_candidate_generator_mode"":""customized"",""planning_customized_archive_capacity"":64,""planning_customized_generations"":4,""planning_customized_population_size"":12,""planning_deadline_ms"":2000.0,""planning_intervals"":[5,10,20],""planning_runtime_ms"":100.0,""planning_sample_count"":20,""planning_timing_mode"":""measured"",""pool_budget_mode"":""fixed_total"",""profile_count"":2,""slot_count"":200,""slot_length_ms"":100.0,""suite"":""load"",""total_pool_budgets"":[8,20,40],""uptime_scale"":100.0,""uptime_shape"":1.5,""user_count"":10,""workload_mode"":""poisson_profile_catalog""}",200,203,108,48,60,41,7,1,0,1,1.4557009881467722,659.4270023034778,0.849769820832074,7450.8972277015755,23,8,17,0,0,39,20,18,15858.50366554223,427.13696463033557,3.9549718947253294,7.200916996225715,21,20,0,3112,2075,0,1037,317,180,83,121,22260730,prewarm,stability_delay_energy_v4,unified_fixed_point_v3,explicit_snapshot_v1,poisson_profile_catalog_v1,periodic_repository_v1,customized_periodic_pool_v1,empirical_window_beta_v1,slot_up_down_v1,fixed_service_time_v1,fixed_path_v1,full_duplex_shared_heat_v1,deployment_return_energy_v1,periodic_three_objective_v3,discrete_mpc_v1,grid_tkb_v1,arrival_risk_diversity_v1,budgeted_fixed_point_v1,regularized_surrogate_v1,goodput_cost_v1,0.4444444444444444,0.5555555555555556,0.37962962962962965,0.14583333333333334,0.020833333333333332,2.019704433497537,0.21296296296296297,0.07407407407407407,0.1574074074074074,0.0,0.0
system_poisson:poisson_lifecycle_v1:load:19ff82563386b688:periodic_customized:r9:s20260728,19ff82563386b688,load,lambda_0.5_periodic_customized,lambda_0.5,periodic_customized,9,20260728,system_poisson,poisson_lifecycle_v1,poisson_profile_catalog,periodic_customized,customized,p12_g4_a64,prewarm,measured,measured,fixed,fixed_total,0.5,51994d7f38a9b2d2,94c502adeeb85260,a3311c2761016b59,58651f60c37cc329,"{""algorithm"":""periodic_customized"",""alpha_l"":0.7,""alpha_r"":0.8,""availability_fraction"":0.5,""beta_l"":0.4,""beta_r"":0.5,""bootstrap_mode"":""prewarm"",""candidate_fixed_point_damping"":0.5,""candidate_fixed_point_max_iterations"":20,""candidate_fixed_point_relative_tolerance"":0.0001,""cloud_count"":1,""comparison_group"":""lambda_0.5"",""comparison_method"":""periodic_customized"",""control_mode"":""fixed"",""downtime_log_mean"":2.5,""downtime_log_sigma"":0.8,""edge_count"":5,""edge_link_factor"":2.0,""experiment_layer"":""system_poisson"",""fixed_online_budget_ms"":10.0,""fixed_planning_interval_slots"":5,""fixed_total_pool_budget"":20,""lambda_g"":0.7,""lambda_h"":0.7,""lambda_per_slot"":0.5,""max_deadline_ms"":1999.0,""min_deadline_ms"":500.0,""minimum_control_window_slots"":5,""minimum_replanning_interval_slots"":2,""name"":""lambda_0.5_periodic_customized"",""online_budgets_ms"":[5.0,10.0,20.0],""online_timing_mode"":""measured"",""origin_group_count"":2,""plan_ttl_slots"":20,""planning_candidate_generator_mode"":""customized"",""planning_customized_archive_capacity"":64,""planning_customized_generations"":4,""planning_customized_population_size"":12,""planning_deadline_ms"":2000.0,""planning_intervals"":[5,10,20],""planning_runtime_ms"":100.0,""planning_sample_count"":20,""planning_timing_mode"":""measured"",""pool_budget_mode"":""fixed_total"",""profile_count"":2,""slot_count"":200,""slot_length_ms"":100.0,""suite"":""load"",""total_pool_budgets"":[8,20,40],""uptime_scale"":100.0,""uptime_shape"":1.5,""user_count"":10,""workload_mode"":""poisson_profile_catalog""}",200,209,93,55,38,47,8,0,0,1,1.6750752246996918,591.7942148455146,0.8471262724487608,6367.398172508956,28,7,20,0,0,43,31,11,13332.026459276676,379.91428829263896,4.085099874114397,7.6422919519245625,32,31,0,3916,2009,0,1907,602,386,227,210,22260731,prewarm,stability_delay_energy_v4,unified_fixed_point_v3,explicit_snapshot_v1,poisson_profile_catalog_v1,periodic_repository_v1,customized_periodic_pool_v1,empirical_window_beta_v1,slot_up_down_v1,fixed_service_time_v1,fixed_path_v1,full_duplex_shared_heat_v1,deployment_return_energy_v1,periodic_three_objective_v3,discrete_mpc_v1,grid_tkb_v1,arrival_risk_diversity_v1,budgeted_fixed_point_v1,regularized_surrogate_v1,goodput_cost_v1,0.5913978494623656,0.40860215053763443,0.5053763440860215,0.14545454545454545,0.0,2.248803827751196,0.3010752688172043,0.07526881720430108,0.21505376344086022,0.0,0.0
system_poisson:poisson_lifecycle_v1:load:19ff82563386b688:periodic_customized:r10:s20260729,19ff82563386b688,load,lambda_0.5_periodic_customized,lambda_0.5,periodic_customized,10,20260729,system_poisson,poisson_lifecycle_v1,poisson_profile_catalog,periodic_customized,customized,p12_g4_a64,prewarm,measured,measured,fixed,fixed_total,0.5,5b8d17f0ef7f4099,329b4f7d21be54ff,27d57e4c1d2a2ff4,5bfdd62f4d90fc6a,"{""algorithm"":""periodic_customized"",""alpha_l"":0.7,""alpha_r"":0.8,""availability_fraction"":0.5,""beta_l"":0.4,""beta_r"":0.5,""bootstrap_mode"":""prewarm"",""candidate_fixed_point_damping"":0.5,""candidate_fixed_point_max_iterations"":20,""candidate_fixed_point_relative_tolerance"":0.0001,""cloud_count"":1,""comparison_group"":""lambda_0.5"",""comparison_method"":""periodic_customized"",""control_mode"":""fixed"",""downtime_log_mean"":2.5,""downtime_log_sigma"":0.8,""edge_count"":5,""edge_link_factor"":2.0,""experiment_layer"":""system_poisson"",""fixed_online_budget_ms"":10.0,""fixed_planning_interval_slots"":5,""fixed_total_pool_budget"":20,""lambda_g"":0.7,""lambda_h"":0.7,""lambda_per_slot"":0.5,""max_deadline_ms"":1999.0,""min_deadline_ms"":500.0,""minimum_control_window_slots"":5,""minimum_replanning_interval_slots"":2,""name"":""lambda_0.5_periodic_customized"",""online_budgets_ms"":[5.0,10.0,20.0],""online_timing_mode"":""measured"",""origin_group_count"":2,""plan_ttl_slots"":20,""planning_candidate_generator_mode"":""customized"",""planning_customized_archive_capacity"":64,""planning_customized_generations"":4,""planning_customized_population_size"":12,""planning_deadline_ms"":2000.0,""planning_intervals"":[5,10,20],""planning_runtime_ms"":100.0,""planning_sample_count"":20,""planning_timing_mode"":""measured"",""pool_budget_mode"":""fixed_total"",""profile_count"":2,""slot_count"":200,""slot_length_ms"":100.0,""suite"":""load"",""total_pool_budgets"":[8,20,40],""uptime_scale"":100.0,""uptime_shape"":1.5,""user_count"":10,""workload_mode"":""poisson_profile_catalog""}",200,200,98,58,40,49,9,1,0,1,1.8703492909151773,502.7093580095185,0.8110113315577853,5425.081402852857,33,6,19,0,0,42,27,14,14571.815251722,442.0444993302226,4.510658156430843,8.774082991294563,28,27,0,3882,2284,0,1598,586,362,178,252,22260732,prewarm,stability_delay_energy_v4,unified_fixed_point_v3,explicit_snapshot_v1,poisson_profile_catalog_v1,periodic_repository_v1,customized_periodic_pool_v1,empirical_window_beta_v1,slot_up_down_v1,fixed_service_time_v1,fixed_path_v1,full_duplex_shared_heat_v1,deployment_return_energy_v1,periodic_three_objective_v3,discrete_mpc_v1,grid_tkb_v1,arrival_risk_diversity_v1,budgeted_fixed_point_v1,regularized_surrogate_v1,goodput_cost_v1,0.5918367346938775,0.40816326530612246,0.5,0.15517241379310345,0.017241379310344827,2.45,0.336734693877551,0.061224489795918366,0.19387755102040816,0.0,0.0
system_poisson:poisson_lifecycle_v1:load:19ff82563386b688:periodic_customized:r11:s20260730,19ff82563386b688,load,lambda_0.5_periodic_customized,lambda_0.5,periodic_customized,11,20260730,system_poisson,poisson_lifecycle_v1,poisson_profile_catalog,periodic_customized,customized,p12_g4_a64,prewarm,measured,measured,fixed,fixed_total,0.5,30f077b6e956d2e4,a9f113d17c0a9b50,9760be34767b156d,2fbd8cdb625c9aae,"{""algorithm"":""periodic_customized"",""alpha_l"":0.7,""alpha_r"":0.8,""availability_fraction"":0.5,""beta_l"":0.4,""beta_r"":0.5,""bootstrap_mode"":""prewarm"",""candidate_fixed_point_damping"":0.5,""candidate_fixed_point_max_iterations"":20,""candidate_fixed_point_relative_tolerance"":0.0001,""cloud_count"":1,""comparison_group"":""lambda_0.5"",""comparison_method"":""periodic_customized"",""control_mode"":""fixed"",""downtime_log_mean"":2.5,""downtime_log_sigma"":0.8,""edge_count"":5,""edge_link_factor"":2.0,""experiment_layer"":""system_poisson"",""fixed_online_budget_ms"":10.0,""fixed_planning_interval_slots"":5,""fixed_total_pool_budget"":20,""lambda_g"":0.7,""lambda_h"":0.7,""lambda_per_slot"":0.5,""max_deadline_ms"":1999.0,""min_deadline_ms"":500.0,""minimum_control_window_slots"":5,""minimum_replanning_interval_slots"":2,""name"":""lambda_0.5_periodic_customized"",""online_budgets_ms"":[5.0,10.0,20.0],""online_timing_mode"":""measured"",""origin_group_count"":2,""plan_ttl_slots"":20,""planning_candidate_generator_mode"":""customized"",""planning_customized_archive_capacity"":64,""planning_customized_generations"":4,""planning_customized_population_size"":12,""planning_deadline_ms"":2000.0,""planning_intervals"":[5,10,20],""planning_runtime_ms"":100.0,""planning_sample_count"":20,""planning_timing_mode"":""measured"",""pool_budget_mode"":""fixed_total"",""profile_count"":2,""slot_count"":200,""slot_length_ms"":100.0,""suite"":""load"",""total_pool_budgets"":[8,20,40],""uptime_scale"":100.0,""uptime_shape"":1.5,""user_count"":10,""workload_mode"":""poisson_profile_catalog""}",200,200,111,47,64,41,6,2,0,1,1.510051889339997,549.6022075936787,0.8420869281667874,5462.726005772862,25,19,3,0,0,36,22,13,16179.237080621533,493.02713049110025,4.441685860280183,8.430166984908283,15,14,0,2955,2337,0,618,293,227,182,124,22260733,prewarm,stability_delay_energy_v4,unified_fixed_point_v3,explicit_snapshot_v1,poisson_profile_catalog_v1,periodic_repository_v1,customized_periodic_pool_v1,empirical_window_beta_v1,slot_up_down_v1,fixed_service_time_v1,fixed_path_v1,full_duplex_shared_heat_v1,deployment_return_energy_v1,periodic_three_objective_v3,discrete_mpc_v1,grid_tkb_v1,arrival_risk_diversity_v1,budgeted_fixed_point_v1,regularized_surrogate_v1,goodput_cost_v1,0.42342342342342343,0.5765765765765766,0.36936936936936937,0.1276595744680851,0.0425531914893617,2.05,0.22522522522522523,0.17117117117117117,0.02702702702702703,0.0,0.0
system_poisson:poisson_lifecycle_v1:load:19ff82563386b688:periodic_customized:r12:s20260731,19ff82563386b688,load,lambda_0.5_periodic_customized,lambda_0.5,periodic_customized,12,20260731,system_poisson,poisson_lifecycle_v1,poisson_profile_catalog,periodic_customized,customized,p12_g4_a64,prewarm,measured,measured,fixed,fixed_total,0.5,c8a1c19b9973aa96,c57247db4e0508db,7006b24ba38c3a14,5615e2a246665bbb,"{""algorithm"":""periodic_customized"",""alpha_l"":0.7,""alpha_r"":0.8,""availability_fraction"":0.5,""beta_l"":0.4,""beta_r"":0.5,""bootstrap_mode"":""prewarm"",""candidate_fixed_point_damping"":0.5,""candidate_fixed_point_max_iterations"":20,""candidate_fixed_point_relative_tolerance"":0.0001,""cloud_count"":1,""comparison_group"":""lambda_0.5"",""comparison_method"":""periodic_customized"",""control_mode"":""fixed"",""downtime_log_mean"":2.5,""downtime_log_sigma"":0.8,""edge_count"":5,""edge_link_factor"":2.0,""experiment_layer"":""system_poisson"",""fixed_online_budget_ms"":10.0,""fixed_planning_interval_slots"":5,""fixed_total_pool_budget"":20,""lambda_g"":0.7,""lambda_h"":0.7,""lambda_per_slot"":0.5,""max_deadline_ms"":1999.0,""min_deadline_ms"":500.0,""minimum_control_window_slots"":5,""minimum_replanning_interval_slots"":2,""name"":""lambda_0.5_periodic_customized"",""online_budgets_ms"":[5.0,10.0,20.0],""online_timing_mode"":""measured"",""origin_group_count"":2,""plan_ttl_slots"":20,""planning_candidate_generator_mode"":""customized"",""planning_customized_archive_capacity"":64,""planning_customized_generations"":4,""planning_customized_population_size"":12,""planning_deadline_ms"":2000.0,""planning_intervals"":[5,10,20],""planning_runtime_ms"":100.0,""planning_sample_count"":20,""planning_timing_mode"":""measured"",""pool_budget_mode"":""fixed_total"",""profile_count"":2,""slot_count"":200,""slot_length_ms"":100.0,""suite"":""load"",""total_pool_budgets"":[8,20,40],""uptime_scale"":100.0,""uptime_shape"":1.5,""user_count"":10,""workload_mode"":""poisson_profile_catalog""}",200,207,92,42,50,35,7,0,0,1,1.2241001190665266,633.5017206985342,0.8467395105912446,7515.034160864677,25,6,11,0,0,41,31,9,14516.485210275277,308.837455464527,3.3569288637448587,5.89658401440829,28,27,0,3380,2572,0,808,350,246,182,135,22260734,prewarm,stability_delay_energy_v4,unified_fixed_point_v3,explicit_snapshot_v1,poisson_profile_catalog_v1,periodic_repository_v1,customized_periodic_pool_v1,empirical_window_beta_v1,slot_up_down_v1,fixed_service_time_v1,fixed_path_v1,full_duplex_shared_heat_v1,deployment_return_energy_v1,periodic_three_objective_v3,discrete_mpc_v1,grid_tkb_v1,arrival_risk_diversity_v1,budgeted_fixed_point_v1,regularized_surrogate_v1,goodput_cost_v1,0.45652173913043476,0.5434782608695652,0.3804347826086957,0.16666666666666666,0.0,1.6908212560386473,0.2717391304347826,0.06521739130434782,0.11956521739130435,0.0,0.0
system_poisson:poisson_lifecycle_v1:load:19ff82563386b688:periodic_customized:r13:s20260732,19ff82563386b688,load,lambda_0.5_periodic_customized,lambda_0.5,periodic_customized,13,20260732,system_poisson,poisson_lifecycle_v1,poisson_profile_catalog,periodic_customized,customized,p12_g4_a64,prewarm,measured,measured,fixed,fixed_total,0.5,2570004416ece14a,3e0c88c5a91c29b4,bf98f816bd8249b6,a897565254a74026,"{""algorithm"":""periodic_customized"",""alpha_l"":0.7,""alpha_r"":0.8,""availability_fraction"":0.5,""beta_l"":0.4,""beta_r"":0.5,""bootstrap_mode"":""prewarm"",""candidate_fixed_point_damping"":0.5,""candidate_fixed_point_max_iterations"":20,""candidate_fixed_point_relative_tolerance"":0.0001,""cloud_count"":1,""comparison_group"":""lambda_0.5"",""comparison_method"":""periodic_customized"",""control_mode"":""fixed"",""downtime_log_mean"":2.5,""downtime_log_sigma"":0.8,""edge_count"":5,""edge_link_factor"":2.0,""experiment_layer"":""system_poisson"",""fixed_online_budget_ms"":10.0,""fixed_planning_interval_slots"":5,""fixed_total_pool_budget"":20,""lambda_g"":0.7,""lambda_h"":0.7,""lambda_per_slot"":0.5,""max_deadline_ms"":1999.0,""min_deadline_ms"":500.0,""minimum_control_window_slots"":5,""minimum_replanning_interval_slots"":2,""name"":""lambda_0.5_periodic_customized"",""online_budgets_ms"":[5.0,10.0,20.0],""online_timing_mode"":""measured"",""origin_group_count"":2,""plan_ttl_slots"":20,""planning_candidate_generator_mode"":""customized"",""planning_customized_archive_capacity"":64,""planning_customized_generations"":4,""planning_customized_population_size"":12,""planning_deadline_ms"":2000.0,""planning_intervals"":[5,10,20],""planning_runtime_ms"":100.0,""planning_sample_count"":20,""planning_timing_mode"":""measured"",""pool_budget_mode"":""fixed_total"",""profile_count"":2,""slot_count"":200,""slot_length_ms"":100.0,""suite"":""load"",""total_pool_budgets"":[8,20,40],""uptime_scale"":100.0,""uptime_shape"":1.5,""user_count"":10,""workload_mode"":""poisson_profile_catalog""}",200,203,110,62,48,55,7,2,0,1,2.006462784081016,563.7531701248196,0.8532656797750551,7597.7738367582615,35,14,13,0,0,40,26,13,15490.586123545654,473.3674116432667,4.303340105847879,8.1941660027951,26,25,0,3374,2316,0,1058,410,279,169,149,22260735,prewarm,stability_delay_energy_v4,unified_fixed_point_v3,explicit_snapshot_v1,poisson_profile_catalog_v1,periodic_repository_v1,customized_periodic_pool_v1,empirical_window_beta_v1,slot_up_down_v1,fixed_service_time_v1,fixed_path_v1,full_duplex_shared_heat_v1,deployment_return_energy_v1,periodic_three_objective_v3,discrete_mpc_v1,grid_tkb_v1,arrival_risk_diversity_v1,budgeted_fixed_point_v1,regularized_surrogate_v1,goodput_cost_v1,0.5636363636363636,0.43636363636363634,0.5,0.11290322580645161,0.03225806451612903,2.70935960591133,0.3181818181818182,0.12727272727272726,0.11818181818181818,0.0,0.0
system_poisson:poisson_lifecycle_v1:load:19ff82563386b688:periodic_customized:r14:s20260733,19ff82563386b688,load,lambda_0.5_periodic_customized,lambda_0.5,periodic_customized,14,20260733,system_poisson,poisson_lifecycle_v1,poisson_profile_catalog,periodic_customized,customized,p12_g4_a64,prewarm,measured,measured,fixed,fixed_total,0.5,e549ef942191509c,82b0c7769f30bf5e,bab641500ba2a52e,9238a84d7f53868e,"{""algorithm"":""periodic_customized"",""alpha_l"":0.7,""alpha_r"":0.8,""availability_fraction"":0.5,""beta_l"":0.4,""beta_r"":0.5,""bootstrap_mode"":""prewarm"",""candidate_fixed_point_damping"":0.5,""candidate_fixed_point_max_iterations"":20,""candidate_fixed_point_relative_tolerance"":0.0001,""cloud_count"":1,""comparison_group"":""lambda_0.5"",""comparison_method"":""periodic_customized"",""control_mode"":""fixed"",""downtime_log_mean"":2.5,""downtime_log_sigma"":0.8,""edge_count"":5,""edge_link_factor"":2.0,""experiment_layer"":""system_poisson"",""fixed_online_budget_ms"":10.0,""fixed_planning_interval_slots"":5,""fixed_total_pool_budget"":20,""lambda_g"":0.7,""lambda_h"":0.7,""lambda_per_slot"":0.5,""max_deadline_ms"":1999.0,""min_deadline_ms"":500.0,""minimum_control_window_slots"":5,""minimum_replanning_interval_slots"":2,""name"":""lambda_0.5_periodic_customized"",""online_budgets_ms"":[5.0,10.0,20.0],""online_timing_mode"":""measured"",""origin_group_count"":2,""plan_ttl_slots"":20,""planning_candidate_generator_mode"":""customized"",""planning_customized_archive_capacity"":64,""planning_customized_generations"":4,""planning_customized_population_size"":12,""planning_deadline_ms"":2000.0,""planning_intervals"":[5,10,20],""planning_runtime_ms"":100.0,""planning_sample_count"":20,""planning_timing_mode"":""measured"",""pool_budget_mode"":""fixed_total"",""profile_count"":2,""slot_count"":200,""slot_length_ms"":100.0,""suite"":""load"",""total_pool_budgets"":[8,20,40],""uptime_scale"":100.0,""uptime_shape"":1.5,""user_count"":10,""workload_mode"":""poisson_profile_catalog""}",200,200,103,51,52,46,5,2,0,1,1.6514614913423435,602.8917933855746,0.8315624986212432,5694.570152982829,28,15,8,0,0,42,28,13,14967.737335478887,339.58187559619546,3.296911413555296,6.217624992132187,25,24,0,3255,2620,0,635,295,211,160,110,22260736,prewarm,stability_delay_energy_v4,unified_fixed_point_v3,explicit_snapshot_v1,poisson_profile_catalog_v1,periodic_repository_v1,customized_periodic_pool_v1,empirical_window_beta_v1,slot_up_down_v1,fixed_service_time_v1,fixed_path_v1,full_duplex_shared_heat_v1,deployment_return_energy_v1,periodic_three_objective_v3,discrete_mpc_v1,grid_tkb_v1,arrival_risk_diversity_v1,budgeted_fixed_point_v1,regularized_surrogate_v1,goodput_cost_v1,0.49514563106796117,0.5048543689320388,0.44660194174757284,0.09803921568627451,0.0392156862745098,2.3,0.27184466019417475,0.14563106796116504,0.07766990291262135,0.0,0.0
system_poisson:poisson_lifecycle_v1:load:19ff82563386b688:periodic_customized:r15:s20260734,19ff82563386b688,load,lambda_0.5_periodic_customized,lambda_0.5,periodic_customized,15,20260734,system_poisson,poisson_lifecycle_v1,poisson_profile_catalog,periodic_customized,customized,p12_g4_a64,prewarm,measured,measured,fixed,fixed_total,0.5,9d81372cc2973096,868f2658ddad8015,b0193e6199b4485d,554a01216359253d,"{""algorithm"":""periodic_customized"",""alpha_l"":0.7,""alpha_r"":0.8,""availability_fraction"":0.5,""beta_l"":0.4,""beta_r"":0.5,""bootstrap_mode"":""prewarm"",""candidate_fixed_point_damping"":0.5,""candidate_fixed_point_max_iterations"":20,""candidate_fixed_point_relative_tolerance"":0.0001,""cloud_count"":1,""comparison_group"":""lambda_0.5"",""comparison_method"":""periodic_customized"",""control_mode"":""fixed"",""downtime_log_mean"":2.5,""downtime_log_sigma"":0.8,""edge_count"":5,""edge_link_factor"":2.0,""experiment_layer"":""system_poisson"",""fixed_online_budget_ms"":10.0,""fixed_planning_interval_slots"":5,""fixed_total_pool_budget"":20,""lambda_g"":0.7,""lambda_h"":0.7,""lambda_per_slot"":0.5,""max_deadline_ms"":1999.0,""min_deadline_ms"":500.0,""minimum_control_window_slots"":5,""minimum_replanning_interval_slots"":2,""name"":""lambda_0.5_periodic_customized"",""online_budgets_ms"":[5.0,10.0,20.0],""online_timing_mode"":""measured"",""origin_group_count"":2,""plan_ttl_slots"":20,""planning_candidate_generator_mode"":""customized"",""planning_customized_archive_capacity"":64,""planning_customized_generations"":4,""planning_customized_population_size"":12,""planning_deadline_ms"":2000.0,""planning_intervals"":[5,10,20],""planning_runtime_ms"":100.0,""planning_sample_count"":20,""planning_timing_mode"":""measured"",""pool_budget_mode"":""fixed_total"",""profile_count"":2,""slot_count"":200,""slot_length_ms"":100.0,""suite"":""load"",""total_pool_budgets"":[8,20,40],""uptime_scale"":100.0,""uptime_shape"":1.5,""user_count"":10,""workload_mode"":""poisson_profile_catalog""}",200,205,100,42,58,34,8,0,0,1,1.2149362186618338,709.1166730872475,0.8420029935335636,4910.70729241289,23,8,11,0,0,43,23,19,13620.942418812774,344.90316780284047,3.4490316780284047,7.142207934521139,29,28,0,3285,2651,0,634,305,206,102,129,22260737,prewarm,stability_delay_energy_v4,unified_fixed_point_v3,explicit_snapshot_v1,poisson_profile_catalog_v1,periodic_repository_v1,customized_periodic_pool_v1,empirical_window_beta_v1,slot_up_down_v1,fixed_service_time_v1,fixed_path_v1,full_duplex_shared_heat_v1,deployment_return_energy_v1,periodic_three_objective_v3,discrete_mpc_v1,grid_tkb_v1,arrival_risk_diversity_v1,budgeted_fixed_point_v1,regularized_surrogate_v1,goodput_cost_v1,0.42,0.58,0.34,0.19047619047619047,0.0,1.6585365853658536,0.23,0.08,0.11,0.0,0.0
system_poisson:poisson_lifecycle_v1:load:19ff82563386b688:periodic_customized:r16:s20260735,19ff82563386b688,load,lambda_0.5_periodic_customized,lambda_0.5,periodic_customized,16,20260735,system_poisson,poisson_lifecycle_v1,poisson_profile_catalog,periodic_customized,customized,p12_g4_a64,prewarm,measured,measured,fixed,fixed_total,0.5,c61c842e17f225e3,3da65bab6008a478,8e6510e0c3cb127c,615e85118266de25,"{""algorithm"":""periodic_customized"",""alpha_l"":0.7,""alpha_r"":0.8,""availability_fraction"":0.5,""beta_l"":0.4,""beta_r"":0.5,""bootstrap_mode"":""prewarm"",""candidate_fixed_point_damping"":0.5,""candidate_fixed_point_max_iterations"":20,""candidate_fixed_point_relative_tolerance"":0.0001,""cloud_count"":1,""comparison_group"":""lambda_0.5"",""comparison_method"":""periodic_customized"",""control_mode"":""fixed"",""downtime_log_mean"":2.5,""downtime_log_sigma"":0.8,""edge_count"":5,""edge_link_factor"":2.0,""experiment_layer"":""system_poisson"",""fixed_online_budget_ms"":10.0,""fixed_planning_interval_slots"":5,""fixed_total_pool_budget"":20,""lambda_g"":0.7,""lambda_h"":0.7,""lambda_per_slot"":0.5,""max_deadline_ms"":1999.0,""min_deadline_ms"":500.0,""minimum_control_window_slots"":5,""minimum_replanning_interval_slots"":2,""name"":""lambda_0.5_periodic_customized"",""online_budgets_ms"":[5.0,10.0,20.0],""online_timing_mode"":""measured"",""origin_group_count"":2,""plan_ttl_slots"":20,""planning_candidate_generator_mode"":""customized"",""planning_customized_archive_capacity"":64,""planning_customized_generations"":4,""planning_customized_population_size"":12,""planning_deadline_ms"":2000.0,""planning_intervals"":[5,10,20],""planning_runtime_ms"":100.0,""planning_sample_count"":20,""planning_timing_mode"":""measured"",""pool_budget_mode"":""fixed_total"",""profile_count"":2,""slot_count"":200,""slot_length_ms"":100.0,""suite"":""load"",""total_pool_budgets"":[8,20,40],""uptime_scale"":100.0,""uptime_shape"":1.5,""user_count"":10,""workload_mode"":""poisson_profile_catalog""}",200,200,87,47,40,40,7,2,0,1,1.4003273786630583,736.2300247917245,0.8691656205082937,7602.798316954521,24,5,18,0,0,40,24,15,14681.846625870094,285.1537549868226,3.2776293676646278,5.563625018112361,28,27,0,3053,2448,0,605,203,148,98,98,22260738,prewarm,stability_delay_energy_v4,unified_fixed_point_v3,explicit_snapshot_v1,poisson_profile_catalog_v1,periodic_repository_v1,customized_periodic_pool_v1,empirical_window_beta_v1,slot_up_down_v1,fixed_service_time_v1,fixed_path_v1,full_duplex_shared_heat_v1,deployment_return_energy_v1,periodic_three_objective_v3,discrete_mpc_v1,grid_tkb_v1,arrival_risk_diversity_v1,budgeted_fixed_point_v1,regularized_surrogate_v1,goodput_cost_v1,0.5402298850574713,0.45977011494252873,0.45977011494252873,0.14893617021276595,0.0425531914893617,2.0,0.27586206896551724,0.05747126436781609,0.20689655172413793,0.0,0.0
system_poisson:poisson_lifecycle_v1:load:19ff82563386b688:periodic_customized:r17:s20260736,19ff82563386b688,load,lambda_0.5_periodic_customized,lambda_0.5,periodic_customized,17,20260736,system_poisson,poisson_lifecycle_v1,poisson_profile_catalog,periodic_customized,customized,p12_g4_a64,prewarm,measured,measured,fixed,fixed_total,0.5,a1e1594e7589a223,d9b518a32809412d,dec7914cbc1d4fcb,6d1494c76aa00136,"{""algorithm"":""periodic_customized"",""alpha_l"":0.7,""alpha_r"":0.8,""availability_fraction"":0.5,""beta_l"":0.4,""beta_r"":0.5,""bootstrap_mode"":""prewarm"",""candidate_fixed_point_damping"":0.5,""candidate_fixed_point_max_iterations"":20,""candidate_fixed_point_relative_tolerance"":0.0001,""cloud_count"":1,""comparison_group"":""lambda_0.5"",""comparison_method"":""periodic_customized"",""control_mode"":""fixed"",""downtime_log_mean"":2.5,""downtime_log_sigma"":0.8,""edge_count"":5,""edge_link_factor"":2.0,""experiment_layer"":""system_poisson"",""fixed_online_budget_ms"":10.0,""fixed_planning_interval_slots"":5,""fixed_total_pool_budget"":20,""lambda_g"":0.7,""lambda_h"":0.7,""lambda_per_slot"":0.5,""max_deadline_ms"":1999.0,""min_deadline_ms"":500.0,""minimum_control_window_slots"":5,""minimum_replanning_interval_slots"":2,""name"":""lambda_0.5_periodic_customized"",""online_budgets_ms"":[5.0,10.0,20.0],""online_timing_mode"":""measured"",""origin_group_count"":2,""plan_ttl_slots"":20,""planning_candidate_generator_mode"":""customized"",""planning_customized_archive_capacity"":64,""planning_customized_generations"":4,""planning_customized_population_size"":12,""planning_deadline_ms"":2000.0,""planning_intervals"":[5,10,20],""planning_runtime_ms"":100.0,""planning_sample_count"":20,""planning_timing_mode"":""measured"",""pool_budget_mode"":""fixed_total"",""profile_count"":2,""slot_count"":200,""slot_length_ms"":100.0,""suite"":""load"",""total_pool_budgets"":[8,20,40],""uptime_scale"":100.0,""uptime_shape"":1.5,""user_count"":10,""workload_mode"":""poisson_profile_catalog""}",200,207,97,48,49,47,1,0,0,1,1.7129540181832543,647.5982522882747,0.8460824405109076,5278.256880760771,27,8,13,0,0,44,30,13,14857.85491997376,410.18304182216525,4.228691152805827,8.105749962851405,24,23,0,3476,2717,0,759,298,208,140,115,22260739,prewarm,stability_delay_energy_v4,unified_fixed_point_v3,explicit_snapshot_v1,poisson_profile_catalog_v1,periodic_repository_v1,customized_periodic_pool_v1,empirical_window_beta_v1,slot_up_down_v1,fixed_service_time_v1,fixed_path_v1,full_duplex_shared_heat_v1,deployment_return_energy_v1,periodic_three_objective_v3,discrete_mpc_v1,grid_tkb_v1,arrival_risk_diversity_v1,budgeted_fixed_point_v1,regularized_surrogate_v1,goodput_cost_v1,0.4948453608247423,0.5051546391752577,0.4845360824742268,0.020833333333333332,0.0,2.2705314009661834,0.27835051546391754,0.08247422680412371,0.13402061855670103,0.0,0.0
system_poisson:poisson_lifecycle_v1:load:19ff82563386b688:periodic_customized:r18:s20260737,19ff82563386b688,load,lambda_0.5_periodic_customized,lambda_0.5,periodic_customized,18,20260737,system_poisson,poisson_lifecycle_v1,poisson_profile_catalog,periodic_customized,customized,p12_g4_a64,prewarm,measured,measured,fixed,fixed_total,0.5,2340d35db3923e87,6c6665153475ebe0,618e4ef0457fc014,fb1a538d3c9d367a,"{""algorithm"":""periodic_customized"",""alpha_l"":0.7,""alpha_r"":0.8,""availability_fraction"":0.5,""beta_l"":0.4,""beta_r"":0.5,""bootstrap_mode"":""prewarm"",""candidate_fixed_point_damping"":0.5,""candidate_fixed_point_max_iterations"":20,""candidate_fixed_point_relative_tolerance"":0.0001,""cloud_count"":1,""comparison_group"":""lambda_0.5"",""comparison_method"":""periodic_customized"",""control_mode"":""fixed"",""downtime_log_mean"":2.5,""downtime_log_sigma"":0.8,""edge_count"":5,""edge_link_factor"":2.0,""experiment_layer"":""system_poisson"",""fixed_online_budget_ms"":10.0,""fixed_planning_interval_slots"":5,""fixed_total_pool_budget"":20,""lambda_g"":0.7,""lambda_h"":0.7,""lambda_per_slot"":0.5,""max_deadline_ms"":1999.0,""min_deadline_ms"":500.0,""minimum_control_window_slots"":5,""minimum_replanning_interval_slots"":2,""name"":""lambda_0.5_periodic_customized"",""online_budgets_ms"":[5.0,10.0,20.0],""online_timing_mode"":""measured"",""origin_group_count"":2,""plan_ttl_slots"":20,""planning_candidate_generator_mode"":""customized"",""planning_customized_archive_capacity"":64,""planning_customized_generations"":4,""planning_customized_population_size"":12,""planning_deadline_ms"":2000.0,""planning_intervals"":[5,10,20],""planning_runtime_ms"":100.0,""planning_sample_count"":20,""planning_timing_mode"":""measured"",""pool_budget_mode"":""fixed_total"",""profile_count"":2,""slot_count"":200,""slot_length_ms"":100.0,""suite"":""load"",""total_pool_budgets"":[8,20,40],""uptime_scale"":100.0,""uptime_shape"":1.5,""user_count"":10,""workload_mode"":""poisson_profile_catalog""}",200,200,102,63,39,58,5,2,0,1,2.198845817425294,514.7798285969304,0.8401798909666297,4833.737905061904,30,20,13,0,0,41,27,13,15644.192833220586,470.3358707483858,4.611135987729273,7.1346660843119025,22,21,0,3300,2456,0,844,436,305,194,172,22260740,prewarm,stability_delay_energy_v4,unified_fixed_point_v3,explicit_snapshot_v1,poisson_profile_catalog_v1,periodic_repository_v1,customized_periodic_pool_v1,empirical_window_beta_v1,slot_up_down_v1,fixed_service_time_v1,fixed_path_v1,full_duplex_shared_heat_v1,deployment_return_energy_v1,periodic_three_objective_v3,discrete_mpc_v1,grid_tkb_v1,arrival_risk_diversity_v1,budgeted_fixed_point_v1,regularized_surrogate_v1,goodput_cost_v1,0.6176470588235294,0.38235294117647056,0.5686274509803921,0.07936507936507936,0.031746031746031744,2.9,0.29411764705882354,0.19607843137254902,0.12745098039215685,0.0,0.0
system_poisson:poisson_lifecycle_v1:load:19ff82563386b688:periodic_customized:r19:s20260738,19ff82563386b688,load,lambda_0.5_periodic_customized,lambda_0.5,periodic_customized,19,20260738,system_poisson,poisson_lifecycle_v1,poisson_profile_catalog,periodic_customized,customized,p12_g4_a64,prewarm,measured,measured,fixed,fixed_total,0.5,2f8cac81e28c6822,342fe7b24aabf9c9,2e181ee8ad237f86,a5b68c6f808e683d,"{""algorithm"":""periodic_customized"",""alpha_l"":0.7,""alpha_r"":0.8,""availability_fraction"":0.5,""beta_l"":0.4,""beta_r"":0.5,""bootstrap_mode"":""prewarm"",""candidate_fixed_point_damping"":0.5,""candidate_fixed_point_max_iterations"":20,""candidate_fixed_point_relative_tolerance"":0.0001,""cloud_count"":1,""comparison_group"":""lambda_0.5"",""comparison_method"":""periodic_customized"",""control_mode"":""fixed"",""downtime_log_mean"":2.5,""downtime_log_sigma"":0.8,""edge_count"":5,""edge_link_factor"":2.0,""experiment_layer"":""system_poisson"",""fixed_online_budget_ms"":10.0,""fixed_planning_interval_slots"":5,""fixed_total_pool_budget"":20,""lambda_g"":0.7,""lambda_h"":0.7,""lambda_per_slot"":0.5,""max_deadline_ms"":1999.0,""min_deadline_ms"":500.0,""minimum_control_window_slots"":5,""minimum_replanning_interval_slots"":2,""name"":""lambda_0.5_periodic_customized"",""online_budgets_ms"":[5.0,10.0,20.0],""online_timing_mode"":""measured"",""origin_group_count"":2,""plan_ttl_slots"":20,""planning_candidate_generator_mode"":""customized"",""planning_customized_archive_capacity"":64,""planning_customized_generations"":4,""planning_customized_population_size"":12,""planning_deadline_ms"":2000.0,""planning_intervals"":[5,10,20],""planning_runtime_ms"":100.0,""planning_sample_count"":20,""planning_timing_mode"":""measured"",""pool_budget_mode"":""fixed_total"",""profile_count"":2,""slot_count"":200,""slot_length_ms"":100.0,""suite"":""load"",""total_pool_budgets"":[8,20,40],""uptime_scale"":100.0,""uptime_shape"":1.5,""user_count"":10,""workload_mode"":""poisson_profile_catalog""}",200,211,100,30,70,25,5,2,0,1,0.7619699634345152,798.298769919479,0.8397743715347183,6562.952043823048,17,4,9,0,0,42,17,24,14460.5517933378,378.8479984505102,3.788479984505102,6.614875048398972,23,22,0,3136,2838,0,298,122,85,60,50,22260741,prewarm,stability_delay_energy_v4,unified_fixed_point_v3,explicit_snapshot_v1,poisson_profile_catalog_v1,periodic_repository_v1,customized_periodic_pool_v1,empirical_window_beta_v1,slot_up_down_v1,fixed_service_time_v1,fixed_path_v1,full_duplex_shared_heat_v1,deployment_return_energy_v1,periodic_three_objective_v3,discrete_mpc_v1,grid_tkb_v1,arrival_risk_diversity_v1,budgeted_fixed_point_v1,regularized_surrogate_v1,goodput_cost_v1,0.3,0.7,0.25,0.16666666666666666,0.06666666666666667,1.1848341232227488,0.17,0.04,0.09,0.0,0.0
system_poisson:poisson_lifecycle_v1:load:9e08d4115216d9a2:periodic_lightweight:r0:s20260719,9e08d4115216d9a2,load,lambda_0.5_periodic_lightweight,lambda_0.5,periodic_lightweight,0,20260719,system_poisson,poisson_lifecycle_v1,poisson_profile_catalog,periodic_lightweight,lightweight,not_applicable,prewarm,measured,measured,fixed,fixed_total,0.5,6d295842eb0296d0,fca0df0e76e8aea8,8113873b8f7e49cd,c3ade63673949cb4,"{""algorithm"":""periodic_lightweight"",""alpha_l"":0.7,""alpha_r"":0.8,""availability_fraction"":0.5,""beta_l"":0.4,""beta_r"":0.5,""bootstrap_mode"":""prewarm"",""candidate_fixed_point_damping"":0.5,""candidate_fixed_point_max_iterations"":20,""candidate_fixed_point_relative_tolerance"":0.0001,""cloud_count"":1,""comparison_group"":""lambda_0.5"",""comparison_method"":""periodic_lightweight"",""control_mode"":""fixed"",""downtime_log_mean"":2.5,""downtime_log_sigma"":0.8,""edge_count"":5,""edge_link_factor"":2.0,""experiment_layer"":""system_poisson"",""fixed_online_budget_ms"":10.0,""fixed_planning_interval_slots"":5,""fixed_total_pool_budget"":20,""lambda_g"":0.7,""lambda_h"":0.7,""lambda_per_slot"":0.5,""max_deadline_ms"":1999.0,""min_deadline_ms"":500.0,""minimum_control_window_slots"":5,""minimum_replanning_interval_slots"":2,""name"":""lambda_0.5_periodic_lightweight"",""online_budgets_ms"":[5.0,10.0,20.0],""online_timing_mode"":""measured"",""origin_group_count"":2,""plan_ttl_slots"":20,""planning_candidate_generator_mode"":""lightweight"",""planning_customized_archive_capacity"":64,""planning_customized_generations"":4,""planning_customized_population_size"":12,""planning_deadline_ms"":2000.0,""planning_intervals"":[5,10,20],""planning_runtime_ms"":100.0,""planning_sample_count"":20,""planning_timing_mode"":""measured"",""pool_budget_mode"":""fixed_total"",""profile_count"":2,""slot_count"":200,""slot_length_ms"":100.0,""suite"":""load"",""total_pool_budgets"":[8,20,40],""uptime_scale"":100.0,""uptime_shape"":1.5,""user_count"":10,""workload_mode"":""poisson_profile_catalog""}",200,204,117,49,68,48,1,3,0,1,1.6750830752540113,636.5225918520177,0.8229543078847702,3389.2639264723434,38,2,9,0,0,40,34,5,15757.783497218043,430.8884999481961,3.682807691864924,7.709083962254226,22,21,0,4866,4202,0,664,524,455,246,210,22260722,prewarm,stability_delay_energy_v4,unified_fixed_point_v3,explicit_snapshot_v1,poisson_profile_catalog_v1,periodic_repository_v1,customized_periodic_pool_v1,empirical_window_beta_v1,slot_up_down_v1,fixed_service_time_v1,fixed_path_v1,full_duplex_shared_heat_v1,deployment_return_energy_v1,periodic_three_objective_v3,discrete_mpc_v1,grid_tkb_v1,arrival_risk_diversity_v1,budgeted_fixed_point_v1,regularized_surrogate_v1,goodput_cost_v1,0.4188034188034188,0.5811965811965812,0.41025641025641024,0.02040816326530612,0.061224489795918366,2.3529411764705883,0.3247863247863248,0.017094017094017096,0.07692307692307693,0.0,0.0
system_poisson:poisson_lifecycle_v1:load:9e08d4115216d9a2:periodic_lightweight:r1:s20260720,9e08d4115216d9a2,load,lambda_0.5_periodic_lightweight,lambda_0.5,periodic_lightweight,1,20260720,system_poisson,poisson_lifecycle_v1,poisson_profile_catalog,periodic_lightweight,lightweight,not_applicable,prewarm,measured,measured,fixed,fixed_total,0.5,a4f53f5438a025fd,a0ac5e6d1accb3ff,83ce9cc9964c5f3e,4948b9b559ca3dae,"{""algorithm"":""periodic_lightweight"",""alpha_l"":0.7,""alpha_r"":0.8,""availability_fraction"":0.5,""beta_l"":0.4,""beta_r"":0.5,""bootstrap_mode"":""prewarm"",""candidate_fixed_point_damping"":0.5,""candidate_fixed_point_max_iterations"":20,""candidate_fixed_point_relative_tolerance"":0.0001,""cloud_count"":1,""comparison_group"":""lambda_0.5"",""comparison_method"":""periodic_lightweight"",""control_mode"":""fixed"",""downtime_log_mean"":2.5,""downtime_log_sigma"":0.8,""edge_count"":5,""edge_link_factor"":2.0,""experiment_layer"":""system_poisson"",""fixed_online_budget_ms"":10.0,""fixed_planning_interval_slots"":5,""fixed_total_pool_budget"":20,""lambda_g"":0.7,""lambda_h"":0.7,""lambda_per_slot"":0.5,""max_deadline_ms"":1999.0,""min_deadline_ms"":500.0,""minimum_control_window_slots"":5,""minimum_replanning_interval_slots"":2,""name"":""lambda_0.5_periodic_lightweight"",""online_budgets_ms"":[5.0,10.0,20.0],""online_timing_mode"":""measured"",""origin_group_count"":2,""plan_ttl_slots"":20,""planning_candidate_generator_mode"":""lightweight"",""planning_customized_archive_capacity"":64,""planning_customized_generations"":4,""planning_customized_population_size"":12,""planning_deadline_ms"":2000.0,""planning_intervals"":[5,10,20],""planning_runtime_ms"":100.0,""planning_sample_count"":20,""planning_timing_mode"":""measured"",""pool_budget_mode"":""fixed_total"",""profile_count"":2,""slot_count"":200,""slot_length_ms"":100.0,""suite"":""load"",""total_pool_budgets"":[8,20,40],""uptime_scale"":100.0,""uptime_shape"":1.5,""user_count"":10,""workload_mode"":""poisson_profile_catalog""}",200,205,103,47,56,42,5,1,0,1,1.3931221371932356,773.3471045555965,0.8131674283316945,6932.09811661448,12,12,23,0,0,39,14,24,16331.981920870021,354.27533427719027,3.439566352205731,5.715082981623709,15,14,0,4556,4146,0,410,133,81,31,66,22260723,prewarm,stability_delay_energy_v4,unified_fixed_point_v3,explicit_snapshot_v1,poisson_profile_catalog_v1,periodic_repository_v1,customized_periodic_pool_v1,empirical_window_beta_v1,slot_up_down_v1,fixed_service_time_v1,fixed_path_v1,full_duplex_shared_heat_v1,deployment_return_energy_v1,periodic_three_objective_v3,discrete_mpc_v1,grid_tkb_v1,arrival_risk_diversity_v1,budgeted_fixed_point_v1,regularized_surrogate_v1,goodput_cost_v1,0.4563106796116505,0.5436893203883495,0.4077669902912621,0.10638297872340426,0.02127659574468085,2.048780487804878,0.11650485436893204,0.11650485436893204,0.22330097087378642,0.0,0.0
system_poisson:poisson_lifecycle_v1:load:9e08d4115216d9a2:periodic_lightweight:r2:s20260721,9e08d4115216d9a2,load,lambda_0.5_periodic_lightweight,lambda_0.5,periodic_lightweight,2,20260721,system_poisson,poisson_lifecycle_v1,poisson_profile_catalog,periodic_lightweight,lightweight,not_applicable,prewarm,measured,measured,fixed,fixed_total,0.5,e1936cba343be935,938f95453f2442e2,3df1adeb27ad0e05,b3c97759fa661993,"{""algorithm"":""periodic_lightweight"",""alpha_l"":0.7,""alpha_r"":0.8,""availability_fraction"":0.5,""beta_l"":0.4,""beta_r"":0.5,""bootstrap_mode"":""prewarm"",""candidate_fixed_point_damping"":0.5,""candidate_fixed_point_max_iterations"":20,""candidate_fixed_point_relative_tolerance"":0.0001,""cloud_count"":1,""comparison_group"":""lambda_0.5"",""comparison_method"":""periodic_lightweight"",""control_mode"":""fixed"",""downtime_log_mean"":2.5,""downtime_log_sigma"":0.8,""edge_count"":5,""edge_link_factor"":2.0,""experiment_layer"":""system_poisson"",""fixed_online_budget_ms"":10.0,""fixed_planning_interval_slots"":5,""fixed_total_pool_budget"":20,""lambda_g"":0.7,""lambda_h"":0.7,""lambda_per_slot"":0.5,""max_deadline_ms"":1999.0,""min_deadline_ms"":500.0,""minimum_control_window_slots"":5,""minimum_replanning_interval_slots"":2,""name"":""lambda_0.5_periodic_lightweight"",""online_budgets_ms"":[5.0,10.0,20.0],""online_timing_mode"":""measured"",""origin_group_count"":2,""plan_ttl_slots"":20,""planning_candidate_generator_mode"":""lightweight"",""planning_customized_archive_capacity"":64,""planning_customized_generations"":4,""planning_customized_population_size"":12,""planning_deadline_ms"":2000.0,""planning_intervals"":[5,10,20],""planning_runtime_ms"":100.0,""planning_sample_count"":20,""planning_timing_mode"":""measured"",""pool_budget_mode"":""fixed_total"",""profile_count"":2,""slot_count"":200,""slot_length_ms"":100.0,""suite"":""load"",""total_pool_budgets"":[8,20,40],""uptime_scale"":100.0,""uptime_shape"":1.5,""user_count"":10,""workload_mode"":""poisson_profile_catalog""}",200,206,103,50,53,50,0,0,0,1,1.876553567906135,554.9927272675354,0.8190139563424992,5097.738543143098,31,9,10,0,0,31,23,7,19456.784878158942,501.73750100657344,4.8712378738502276,8.874125080183148,5,4,0,3866,3629,0,237,186,185,128,76,22260724,prewarm,stability_delay_energy_v4,unified_fixed_point_v3,explicit_snapshot_v1,poisson_profile_catalog_v1,periodic_repository_v1,customized_periodic_pool_v1,empirical_window_beta_v1,slot_up_down_v1,fixed_service_time_v1,fixed_path_v1,full_duplex_shared_heat_v1,deployment_return_energy_v1,periodic_three_objective_v3,discrete_mpc_v1,grid_tkb_v1,arrival_risk_diversity_v1,budgeted_fixed_point_v1,regularized_surrogate_v1,goodput_cost_v1,0.4854368932038835,0.5145631067961165,0.4854368932038835,0.0,0.0,2.4271844660194173,0.30097087378640774,0.08737864077669903,0.0970873786407767,0.0,0.0
system_poisson:poisson_lifecycle_v1:load:9e08d4115216d9a2:periodic_lightweight:r3:s20260722,9e08d4115216d9a2,load,lambda_0.5_periodic_lightweight,lambda_0.5,periodic_lightweight,3,20260722,system_poisson,poisson_lifecycle_v1,poisson_profile_catalog,periodic_lightweight,lightweight,not_applicable,prewarm,measured,measured,fixed,fixed_total,0.5,cad518de228dec43,e2c448830ab998d5,7812a009c9d2be8d,a8d64a668c29fff0,"{""algorithm"":""periodic_lightweight"",""alpha_l"":0.7,""alpha_r"":0.8,""availability_fraction"":0.5,""beta_l"":0.4,""beta_r"":0.5,""bootstrap_mode"":""prewarm"",""candidate_fixed_point_damping"":0.5,""candidate_fixed_point_max_iterations"":20,""candidate_fixed_point_relative_tolerance"":0.0001,""cloud_count"":1,""comparison_group"":""lambda_0.5"",""comparison_method"":""periodic_lightweight"",""control_mode"":""fixed"",""downtime_log_mean"":2.5,""downtime_log_sigma"":0.8,""edge_count"":5,""edge_link_factor"":2.0,""experiment_layer"":""system_poisson"",""fixed_online_budget_ms"":10.0,""fixed_planning_interval_slots"":5,""fixed_total_pool_budget"":20,""lambda_g"":0.7,""lambda_h"":0.7,""lambda_per_slot"":0.5,""max_deadline_ms"":1999.0,""min_deadline_ms"":500.0,""minimum_control_window_slots"":5,""minimum_replanning_interval_slots"":2,""name"":""lambda_0.5_periodic_lightweight"",""online_budgets_ms"":[5.0,10.0,20.0],""online_timing_mode"":""measured"",""origin_group_count"":2,""plan_ttl_slots"":20,""planning_candidate_generator_mode"":""lightweight"",""planning_customized_archive_capacity"":64,""planning_customized_generations"":4,""planning_customized_population_size"":12,""planning_deadline_ms"":2000.0,""planning_intervals"":[5,10,20],""planning_runtime_ms"":100.0,""planning_sample_count"":20,""planning_timing_mode"":""measured"",""pool_budget_mode"":""fixed_total"",""profile_count"":2,""slot_count"":200,""slot_length_ms"":100.0,""suite"":""load"",""total_pool_budgets"":[8,20,40],""uptime_scale"":100.0,""uptime_shape"":1.5,""user_count"":10,""workload_mode"":""poisson_profile_catalog""}",200,200,89,47,42,45,2,1,0,1,1.7052051687521868,529.3559645766449,0.8385540060623838,5321.043141396027,28,8,11,0,0,33,28,4,17755.11187547818,425.38725095801055,4.779632033236074,9.642292046919465,8,7,0,3965,3317,0,648,347,244,138,110,22260725,prewarm,stability_delay_energy_v4,unified_fixed_point_v3,explicit_snapshot_v1,poisson_profile_catalog_v1,periodic_repository_v1,customized_periodic_pool_v1,empirical_window_beta_v1,slot_up_down_v1,fixed_service_time_v1,fixed_path_v1,full_duplex_shared_heat_v1,deployment_return_energy_v1,periodic_three_objective_v3,discrete_mpc_v1,grid_tkb_v1,arrival_risk_diversity_v1,budgeted_fixed_point_v1,regularized_surrogate_v1,goodput_cost_v1,0.5280898876404494,0.47191011235955055,0.5056179775280899,0.0425531914893617,0.02127659574468085,2.25,0.3146067415730337,0.0898876404494382,0.12359550561797752,0.0,0.0
system_poisson:poisson_lifecycle_v1:load:9e08d4115216d9a2:periodic_lightweight:r4:s20260723,9e08d4115216d9a2,load,lambda_0.5_periodic_lightweight,lambda_0.5,periodic_lightweight,4,20260723,system_poisson,poisson_lifecycle_v1,poisson_profile_catalog,periodic_lightweight,lightweight,not_applicable,prewarm,measured,measured,fixed,fixed_total,0.5,85e4775618fc9271,04cc006508118ace,493b0aac2ffca006,7df8c4f9894fbd11,"{""algorithm"":""periodic_lightweight"",""alpha_l"":0.7,""alpha_r"":0.8,""availability_fraction"":0.5,""beta_l"":0.4,""beta_r"":0.5,""bootstrap_mode"":""prewarm"",""candidate_fixed_point_damping"":0.5,""candidate_fixed_point_max_iterations"":20,""candidate_fixed_point_relative_tolerance"":0.0001,""cloud_count"":1,""comparison_group"":""lambda_0.5"",""comparison_method"":""periodic_lightweight"",""control_mode"":""fixed"",""downtime_log_mean"":2.5,""downtime_log_sigma"":0.8,""edge_count"":5,""edge_link_factor"":2.0,""experiment_layer"":""system_poisson"",""fixed_online_budget_ms"":10.0,""fixed_planning_interval_slots"":5,""fixed_total_pool_budget"":20,""lambda_g"":0.7,""lambda_h"":0.7,""lambda_per_slot"":0.5,""max_deadline_ms"":1999.0,""min_deadline_ms"":500.0,""minimum_control_window_slots"":5,""minimum_replanning_interval_slots"":2,""name"":""lambda_0.5_periodic_lightweight"",""online_budgets_ms"":[5.0,10.0,20.0],""online_timing_mode"":""measured"",""origin_group_count"":2,""plan_ttl_slots"":20,""planning_candidate_generator_mode"":""lightweight"",""planning_customized_archive_capacity"":64,""planning_customized_generations"":4,""planning_customized_population_size"":12,""planning_deadline_ms"":2000.0,""planning_intervals"":[5,10,20],""planning_runtime_ms"":100.0,""planning_sample_count"":20,""planning_timing_mode"":""measured"",""pool_budget_mode"":""fixed_total"",""profile_count"":2,""slot_count"":200,""slot_length_ms"":100.0,""suite"":""load"",""total_pool_budgets"":[8,20,40],""uptime_scale"":100.0,""uptime_shape"":1.5,""user_count"":10,""workload_mode"":""poisson_profile_catalog""}",200,210,88,44,44,41,3,1,0,1,1.4873468080484746,543.6982670570311,0.8241949125471906,5359.882503624368,29,6,9,0,0,30,24,5,19258.173248032108,541.9529993087053,6.158556810326197,11.133541935123503,2,1,0,3667,3236,0,431,268,250,151,114,22260726,prewarm,stability_delay_energy_v4,unified_fixed_point_v3,explicit_snapshot_v1,poisson_profile_catalog_v1,periodic_repository_v1,customized_periodic_pool_v1,empirical_window_beta_v1,slot_up_down_v1,fixed_service_time_v1,fixed_path_v1,full_duplex_shared_heat_v1,deployment_return_energy_v1,periodic_three_objective_v3,discrete_mpc_v1,grid_tkb_v1,arrival_risk_diversity_v1,budgeted_fixed_point_v1,regularized_surrogate_v1,goodput_cost_v1,0.5,0.5,0.4659090909090909,0.06818181818181818,0.022727272727272728,1.9523809523809523,0.32954545454545453,0.06818181818181818,0.10227272727272728,0.0,0.0
system_poisson:poisson_lifecycle_v1:load:9e08d4115216d9a2:periodic_lightweight:r5:s20260724,9e08d4115216d9a2,load,lambda_0.5_periodic_lightweight,lambda_0.5,periodic_lightweight,5,20260724,system_poisson,poisson_lifecycle_v1,poisson_profile_catalog,periodic_lightweight,lightweight,not_applicable,prewarm,measured,measured,fixed,fixed_total,0.5,d24fe9836276a23a,5f88dfc591596c91,9a0a3a6e577c08ed,c61766e5adeaf7a9,"{""algorithm"":""periodic_lightweight"",""alpha_l"":0.7,""alpha_r"":0.8,""availability_fraction"":0.5,""beta_l"":0.4,""beta_r"":0.5,""bootstrap_mode"":""prewarm"",""candidate_fixed_point_damping"":0.5,""candidate_fixed_point_max_iterations"":20,""candidate_fixed_point_relative_tolerance"":0.0001,""cloud_count"":1,""comparison_group"":""lambda_0.5"",""comparison_method"":""periodic_lightweight"",""control_mode"":""fixed"",""downtime_log_mean"":2.5,""downtime_log_sigma"":0.8,""edge_count"":5,""edge_link_factor"":2.0,""experiment_layer"":""system_poisson"",""fixed_online_budget_ms"":10.0,""fixed_planning_interval_slots"":5,""fixed_total_pool_budget"":20,""lambda_g"":0.7,""lambda_h"":0.7,""lambda_per_slot"":0.5,""max_deadline_ms"":1999.0,""min_deadline_ms"":500.0,""minimum_control_window_slots"":5,""minimum_replanning_interval_slots"":2,""name"":""lambda_0.5_periodic_lightweight"",""online_budgets_ms"":[5.0,10.0,20.0],""online_timing_mode"":""measured"",""origin_group_count"":2,""plan_ttl_slots"":20,""planning_candidate_generator_mode"":""lightweight"",""planning_customized_archive_capacity"":64,""planning_customized_generations"":4,""planning_customized_population_size"":12,""planning_deadline_ms"":2000.0,""planning_intervals"":[5,10,20],""planning_runtime_ms"":100.0,""planning_sample_count"":20,""planning_timing_mode"":""measured"",""pool_budget_mode"":""fixed_total"",""profile_count"":2,""slot_count"":200,""slot_length_ms"":100.0,""suite"":""load"",""total_pool_budgets"":[8,20,40],""uptime_scale"":100.0,""uptime_shape"":1.5,""user_count"":10,""workload_mode"":""poisson_profile_catalog""}",200,204,114,60,54,57,3,0,0,1,2.188349191592695,480.2990194843952,0.8193492595477025,3491.800890596118,41,7,12,0,0,34,26,7,18011.981416493654,591.4307520724833,5.187989053267398,10.501208016648889,7,6,0,4173,3752,0,421,257,248,161,107,22260727,prewarm,stability_delay_energy_v4,unified_fixed_point_v3,explicit_snapshot_v1,poisson_profile_catalog_v1,periodic_repository_v1,customized_periodic_pool_v1,empirical_window_beta_v1,slot_up_down_v1,fixed_service_time_v1,fixed_path_v1,full_duplex_shared_heat_v1,deployment_return_energy_v1,periodic_three_objective_v3,discrete_mpc_v1,grid_tkb_v1,arrival_risk_diversity_v1,budgeted_fixed_point_v1,regularized_surrogate_v1,goodput_cost_v1,0.5263157894736842,0.47368421052631576,0.5,0.05,0.0,2.794117647058824,0.35964912280701755,0.06140350877192982,0.10526315789473684,0.0,0.0
system_poisson:poisson_lifecycle_v1:load:9e08d4115216d9a2:periodic_lightweight:r6:s20260725,9e08d4115216d9a2,load,lambda_0.5_periodic_lightweight,lambda_0.5,periodic_lightweight,6,20260725,system_poisson,poisson_lifecycle_v1,poisson_profile_catalog,periodic_lightweight,lightweight,not_applicable,prewarm,measured,measured,fixed,fixed_total,0.5,26abbdd9b75bc615,fc04fea1c464df4f,fabe6439cde23331,b0aa21bae96916c6,"{""algorithm"":""periodic_lightweight"",""alpha_l"":0.7,""alpha_r"":0.8,""availability_fraction"":0.5,""beta_l"":0.4,""beta_r"":0.5,""bootstrap_mode"":""prewarm"",""candidate_fixed_point_damping"":0.5,""candidate_fixed_point_max_iterations"":20,""candidate_fixed_point_relative_tolerance"":0.0001,""cloud_count"":1,""comparison_group"":""lambda_0.5"",""comparison_method"":""periodic_lightweight"",""control_mode"":""fixed"",""downtime_log_mean"":2.5,""downtime_log_sigma"":0.8,""edge_count"":5,""edge_link_factor"":2.0,""experiment_layer"":""system_poisson"",""fixed_online_budget_ms"":10.0,""fixed_planning_interval_slots"":5,""fixed_total_pool_budget"":20,""lambda_g"":0.7,""lambda_h"":0.7,""lambda_per_slot"":0.5,""max_deadline_ms"":1999.0,""min_deadline_ms"":500.0,""minimum_control_window_slots"":5,""minimum_replanning_interval_slots"":2,""name"":""lambda_0.5_periodic_lightweight"",""online_budgets_ms"":[5.0,10.0,20.0],""online_timing_mode"":""measured"",""origin_group_count"":2,""plan_ttl_slots"":20,""planning_candidate_generator_mode"":""lightweight"",""planning_customized_archive_capacity"":64,""planning_customized_generations"":4,""planning_customized_population_size"":12,""planning_deadline_ms"":2000.0,""planning_intervals"":[5,10,20],""planning_runtime_ms"":100.0,""planning_sample_count"":20,""planning_timing_mode"":""measured"",""pool_budget_mode"":""fixed_total"",""profile_count"":2,""slot_count"":200,""slot_length_ms"":100.0,""suite"":""load"",""total_pool_budgets"":[8,20,40],""uptime_scale"":100.0,""uptime_shape"":1.5,""user_count"":10,""workload_mode"":""poisson_profile_catalog""}",200,209,80,55,25,49,6,2,0,1,1.7472820506110687,555.8506653858535,0.8277892172598024,4641.674324876964,33,11,11,0,0,29,23,5,18636.001542792656,448.6263750586659,5.607829688233323,11.366583057679236,2,1,0,3594,3269,0,325,210,204,113,111,22260728,prewarm,stability_delay_energy_v4,unified_fixed_point_v3,explicit_snapshot_v1,poisson_profile_catalog_v1,periodic_repository_v1,customized_periodic_pool_v1,empirical_window_beta_v1,slot_up_down_v1,fixed_service_time_v1,fixed_path_v1,full_duplex_shared_heat_v1,deployment_return_energy_v1,periodic_three_objective_v3,discrete_mpc_v1,grid_tkb_v1,arrival_risk_diversity_v1,budgeted_fixed_point_v1,regularized_surrogate_v1,goodput_cost_v1,0.6875,0.3125,0.6125,0.10909090909090909,0.03636363636363636,2.3444976076555024,0.4125,0.1375,0.1375,0.0,0.0
system_poisson:poisson_lifecycle_v1:load:9e08d4115216d9a2:periodic_lightweight:r7:s20260726,9e08d4115216d9a2,load,lambda_0.5_periodic_lightweight,lambda_0.5,periodic_lightweight,7,20260726,system_poisson,poisson_lifecycle_v1,poisson_profile_catalog,periodic_lightweight,lightweight,not_applicable,prewarm,measured,measured,fixed,fixed_total,0.5,cfb348bc73ed6b08,6c2f0ddd78fdc176,5b65cd2b9f52218c,5d8d75c05ac19d95,"{""algorithm"":""periodic_lightweight"",""alpha_l"":0.7,""alpha_r"":0.8,""availability_fraction"":0.5,""beta_l"":0.4,""beta_r"":0.5,""bootstrap_mode"":""prewarm"",""candidate_fixed_point_damping"":0.5,""candidate_fixed_point_max_iterations"":20,""candidate_fixed_point_relative_tolerance"":0.0001,""cloud_count"":1,""comparison_group"":""lambda_0.5"",""comparison_method"":""periodic_lightweight"",""control_mode"":""fixed"",""downtime_log_mean"":2.5,""downtime_log_sigma"":0.8,""edge_count"":5,""edge_link_factor"":2.0,""experiment_layer"":""system_poisson"",""fixed_online_budget_ms"":10.0,""fixed_planning_interval_slots"":5,""fixed_total_pool_budget"":20,""lambda_g"":0.7,""lambda_h"":0.7,""lambda_per_slot"":0.5,""max_deadline_ms"":1999.0,""min_deadline_ms"":500.0,""minimum_control_window_slots"":5,""minimum_replanning_interval_slots"":2,""name"":""lambda_0.5_periodic_lightweight"",""online_budgets_ms"":[5.0,10.0,20.0],""online_timing_mode"":""measured"",""origin_group_count"":2,""plan_ttl_slots"":20,""planning_candidate_generator_mode"":""lightweight"",""planning_customized_archive_capacity"":64,""planning_customized_generations"":4,""planning_customized_population_size"":12,""planning_deadline_ms"":2000.0,""planning_intervals"":[5,10,20],""planning_runtime_ms"":100.0,""planning_sample_count"":20,""planning_timing_mode"":""measured"",""pool_budget_mode"":""fixed_total"",""profile_count"":2,""slot_count"":200,""slot_length_ms"":100.0,""suite"":""load"",""total_pool_budgets"":[8,20,40],""uptime_scale"":100.0,""uptime_shape"":1.5,""user_count"":10,""workload_mode"":""poisson_profile_catalog""}",200,208,101,47,54,45,2,1,0,1,1.5514674448763008,700.9538668386022,0.8237713904630766,6428.119861346267,24,4,19,0,0,27,21,5,19569.147871923633,611.9444160722196,6.058855604675442,9.877666947431862,1,0,0,3350,3176,0,174,131,128,69,67,22260729,prewarm,stability_delay_energy_v4,unified_fixed_point_v3,explicit_snapshot_v1,poisson_profile_catalog_v1,periodic_repository_v1,customized_periodic_pool_v1,empirical_window_beta_v1,slot_up_down_v1,fixed_service_time_v1,fixed_path_v1,full_duplex_shared_heat_v1,deployment_return_energy_v1,periodic_three_objective_v3,discrete_mpc_v1,grid_tkb_v1,arrival_risk_diversity_v1,budgeted_fixed_point_v1,regularized_surrogate_v1,goodput_cost_v1,0.46534653465346537,0.5346534653465347,0.44554455445544555,0.0425531914893617,0.02127659574468085,2.1634615384615383,0.2376237623762376,0.039603960396039604,0.18811881188118812,0.0,0.0
system_poisson:poisson_lifecycle_v1:load:9e08d4115216d9a2:periodic_lightweight:r8:s20260727,9e08d4115216d9a2,load,lambda_0.5_periodic_lightweight,lambda_0.5,periodic_lightweight,8,20260727,system_poisson,poisson_lifecycle_v1,poisson_profile_catalog,periodic_lightweight,lightweight,not_applicable,prewarm,measured,measured,fixed,fixed_total,0.5,77262aef7c650c15,adddb8a44db4224c,404224c5a44bfb20,5f427e7b1456da70,"{""algorithm"":""periodic_lightweight"",""alpha_l"":0.7,""alpha_r"":0.8,""availability_fraction"":0.5,""beta_l"":0.4,""beta_r"":0.5,""bootstrap_mode"":""prewarm"",""candidate_fixed_point_damping"":0.5,""candidate_fixed_point_max_iterations"":20,""candidate_fixed_point_relative_tolerance"":0.0001,""cloud_count"":1,""comparison_group"":""lambda_0.5"",""comparison_method"":""periodic_lightweight"",""control_mode"":""fixed"",""downtime_log_mean"":2.5,""downtime_log_sigma"":0.8,""edge_count"":5,""edge_link_factor"":2.0,""experiment_layer"":""system_poisson"",""fixed_online_budget_ms"":10.0,""fixed_planning_interval_slots"":5,""fixed_total_pool_budget"":20,""lambda_g"":0.7,""lambda_h"":0.7,""lambda_per_slot"":0.5,""max_deadline_ms"":1999.0,""min_deadline_ms"":500.0,""minimum_control_window_slots"":5,""minimum_replanning_interval_slots"":2,""name"":""lambda_0.5_periodic_lightweight"",""online_budgets_ms"":[5.0,10.0,20.0],""online_timing_mode"":""measured"",""origin_group_count"":2,""plan_ttl_slots"":20,""planning_candidate_generator_mode"":""lightweight"",""planning_customized_archive_capacity"":64,""planning_customized_generations"":4,""planning_customized_population_size"":12,""planning_deadline_ms"":2000.0,""planning_intervals"":[5,10,20],""planning_runtime_ms"":100.0,""planning_sample_count"":20,""planning_timing_mode"":""measured"",""pool_budget_mode"":""fixed_total"",""profile_count"":2,""slot_count"":200,""slot_length_ms"":100.0,""suite"":""load"",""total_pool_budgets"":[8,20,40],""uptime_scale"":100.0,""uptime_shape"":1.5,""user_count"":10,""workload_mode"":""poisson_profile_catalog""}",200,202,108,54,54,47,7,2,0,1,1.6288896132557944,617.1994893570999,0.8178574416448638,6959.532731502601,28,5,21,0,0,31,19,11,18633.006872143596,560.8524159761146,5.193077925704764,9.240458020940423,4,3,0,3801,3448,0,353,167,131,57,86,22260730,prewarm,stability_delay_energy_v4,unified_fixed_point_v3,explicit_snapshot_v1,poisson_profile_catalog_v1,periodic_repository_v1,customized_periodic_pool_v1,empirical_window_beta_v1,slot_up_down_v1,fixed_service_time_v1,fixed_path_v1,full_duplex_shared_heat_v1,deployment_return_energy_v1,periodic_three_objective_v3,discrete_mpc_v1,grid_tkb_v1,arrival_risk_diversity_v1,budgeted_fixed_point_v1,regularized_surrogate_v1,goodput_cost_v1,0.5,0.5,0.4351851851851852,0.12962962962962962,0.037037037037037035,2.326732673267327,0.25925925925925924,0.046296296296296294,0.19444444444444445,0.0,0.0
system_poisson:poisson_lifecycle_v1:load:9e08d4115216d9a2:periodic_lightweight:r9:s20260728,9e08d4115216d9a2,load,lambda_0.5_periodic_lightweight,lambda_0.5,periodic_lightweight,9,20260728,system_poisson,poisson_lifecycle_v1,poisson_profile_catalog,periodic_lightweight,lightweight,not_applicable,prewarm,measured,measured,fixed,fixed_total,0.5,51994d7f38a9b2d2,94c502adeeb85260,a3311c2761016b59,58651f60c37cc329,"{""algorithm"":""periodic_lightweight"",""alpha_l"":0.7,""alpha_r"":0.8,""availability_fraction"":0.5,""beta_l"":0.4,""beta_r"":0.5,""bootstrap_mode"":""prewarm"",""candidate_fixed_point_damping"":0.5,""candidate_fixed_point_max_iterations"":20,""candidate_fixed_point_relative_tolerance"":0.0001,""cloud_count"":1,""comparison_group"":""lambda_0.5"",""comparison_method"":""periodic_lightweight"",""control_mode"":""fixed"",""downtime_log_mean"":2.5,""downtime_log_sigma"":0.8,""edge_count"":5,""edge_link_factor"":2.0,""experiment_layer"":""system_poisson"",""fixed_online_budget_ms"":10.0,""fixed_planning_interval_slots"":5,""fixed_total_pool_budget"":20,""lambda_g"":0.7,""lambda_h"":0.7,""lambda_per_slot"":0.5,""max_deadline_ms"":1999.0,""min_deadline_ms"":500.0,""minimum_control_window_slots"":5,""minimum_replanning_interval_slots"":2,""name"":""lambda_0.5_periodic_lightweight"",""online_budgets_ms"":[5.0,10.0,20.0],""online_timing_mode"":""measured"",""origin_group_count"":2,""plan_ttl_slots"":20,""planning_candidate_generator_mode"":""lightweight"",""planning_customized_archive_capacity"":64,""planning_customized_generations"":4,""planning_customized_population_size"":12,""planning_deadline_ms"":2000.0,""planning_intervals"":[5,10,20],""planning_runtime_ms"":100.0,""planning_sample_count"":20,""planning_timing_mode"":""measured"",""pool_budget_mode"":""fixed_total"",""profile_count"":2,""slot_count"":200,""slot_length_ms"":100.0,""suite"":""load"",""total_pool_budgets"":[8,20,40],""uptime_scale"":100.0,""uptime_shape"":1.5,""user_count"":10,""workload_mode"":""poisson_profile_catalog""}",200,200,93,50,43,42,8,0,0,1,1.572976520121612,603.5989950625062,0.8390159960079577,6870.731631119299,24,2,24,0,0,35,25,9,17404.15812842548,539.1697556478903,5.79752425427839,10.012833983637393,16,15,0,4179,3542,0,637,326,268,136,157,22260731,prewarm,stability_delay_energy_v4,unified_fixed_point_v3,explicit_snapshot_v1,poisson_profile_catalog_v1,periodic_repository_v1,customized_periodic_pool_v1,empirical_window_beta_v1,slot_up_down_v1,fixed_service_time_v1,fixed_path_v1,full_duplex_shared_heat_v1,deployment_return_energy_v1,periodic_three_objective_v3,discrete_mpc_v1,grid_tkb_v1,arrival_risk_diversity_v1,budgeted_fixed_point_v1,regularized_surrogate_v1,goodput_cost_v1,0.5376344086021505,0.46236559139784944,0.45161290322580644,0.16,0.0,2.1,0.25806451612903225,0.021505376344086023,0.25806451612903225,0.0,0.0
system_poisson:poisson_lifecycle_v1:load:9e08d4115216d9a2:periodic_lightweight:r10:s20260729,9e08d4115216d9a2,load,lambda_0.5_periodic_lightweight,lambda_0.5,periodic_lightweight,10,20260729,system_poisson,poisson_lifecycle_v1,poisson_profile_catalog,periodic_lightweight,lightweight,not_applicable,prewarm,measured,measured,fixed,fixed_total,0.5,5b8d17f0ef7f4099,329b4f7d21be54ff,27d57e4c1d2a2ff4,5bfdd62f4d90fc6a,"{""algorithm"":""periodic_lightweight"",""alpha_l"":0.7,""alpha_r"":0.8,""availability_fraction"":0.5,""beta_l"":0.4,""beta_r"":0.5,""bootstrap_mode"":""prewarm"",""candidate_fixed_point_damping"":0.5,""candidate_fixed_point_max_iterations"":20,""candidate_fixed_point_relative_tolerance"":0.0001,""cloud_count"":1,""comparison_group"":""lambda_0.5"",""comparison_method"":""periodic_lightweight"",""control_mode"":""fixed"",""downtime_log_mean"":2.5,""downtime_log_sigma"":0.8,""edge_count"":5,""edge_link_factor"":2.0,""experiment_layer"":""system_poisson"",""fixed_online_budget_ms"":10.0,""fixed_planning_interval_slots"":5,""fixed_total_pool_budget"":20,""lambda_g"":0.7,""lambda_h"":0.7,""lambda_per_slot"":0.5,""max_deadline_ms"":1999.0,""min_deadline_ms"":500.0,""minimum_control_window_slots"":5,""minimum_replanning_interval_slots"":2,""name"":""lambda_0.5_periodic_lightweight"",""online_budgets_ms"":[5.0,10.0,20.0],""online_timing_mode"":""measured"",""origin_group_count"":2,""plan_ttl_slots"":20,""planning_candidate_generator_mode"":""lightweight"",""planning_customized_archive_capacity"":64,""planning_customized_generations"":4,""planning_customized_population_size"":12,""planning_deadline_ms"":2000.0,""planning_intervals"":[5,10,20],""planning_runtime_ms"":100.0,""planning_sample_count"":20,""planning_timing_mode"":""measured"",""pool_budget_mode"":""fixed_total"",""profile_count"":2,""slot_count"":200,""slot_length_ms"":100.0,""suite"":""load"",""total_pool_budgets"":[8,20,40],""uptime_scale"":100.0,""uptime_shape"":1.5,""user_count"":10,""workload_mode"":""poisson_profile_catalog""}",200,200,98,51,47,42,9,0,0,1,1.6414052233755598,506.80513573042947,0.8016385352996751,5393.547543208562,29,3,19,0,0,33,25,7,17594.70633114688,606.2519566621631,6.186244455736358,12.090500094927847,11,10,0,4043,3470,0,573,342,278,158,143,22260732,prewarm,stability_delay_energy_v4,unified_fixed_point_v3,explicit_snapshot_v1,poisson_profile_catalog_v1,periodic_repository_v1,customized_periodic_pool_v1,empirical_window_beta_v1,slot_up_down_v1,fixed_service_time_v1,fixed_path_v1,full_duplex_shared_heat_v1,deployment_return_energy_v1,periodic_three_objective_v3,discrete_mpc_v1,grid_tkb_v1,arrival_risk_diversity_v1,budgeted_fixed_point_v1,regularized_surrogate_v1,goodput_cost_v1,0.5204081632653061,0.47959183673469385,0.42857142857142855,0.17647058823529413,0.0,2.1,0.29591836734693877,0.030612244897959183,0.19387755102040816,0.0,0.0
system_poisson:poisson_lifecycle_v1:load:9e08d4115216d9a2:periodic_lightweight:r11:s20260730,9e08d4115216d9a2,load,lambda_0.5_periodic_lightweight,lambda_0.5,periodic_lightweight,11,20260730,system_poisson,poisson_lifecycle_v1,poisson_profile_catalog,periodic_lightweight,lightweight,not_applicable,prewarm,measured,measured,fixed,fixed_total,0.5,30f077b6e956d2e4,a9f113d17c0a9b50,9760be34767b156d,2fbd8cdb625c9aae,"{""algorithm"":""periodic_lightweight"",""alpha_l"":0.7,""alpha_r"":0.8,""availability_fraction"":0.5,""beta_l"":0.4,""beta_r"":0.5,""bootstrap_mode"":""prewarm"",""candidate_fixed_point_damping"":0.5,""candidate_fixed_point_max_iterations"":20,""candidate_fixed_point_relative_tolerance"":0.0001,""cloud_count"":1,""comparison_group"":""lambda_0.5"",""comparison_method"":""periodic_lightweight"",""control_mode"":""fixed"",""downtime_log_mean"":2.5,""downtime_log_sigma"":0.8,""edge_count"":5,""edge_link_factor"":2.0,""experiment_layer"":""system_poisson"",""fixed_online_budget_ms"":10.0,""fixed_planning_interval_slots"":5,""fixed_total_pool_budget"":20,""lambda_g"":0.7,""lambda_h"":0.7,""lambda_per_slot"":0.5,""max_deadline_ms"":1999.0,""min_deadline_ms"":500.0,""minimum_control_window_slots"":5,""minimum_replanning_interval_slots"":2,""name"":""lambda_0.5_periodic_lightweight"",""online_budgets_ms"":[5.0,10.0,20.0],""online_timing_mode"":""measured"",""origin_group_count"":2,""plan_ttl_slots"":20,""planning_candidate_generator_mode"":""lightweight"",""planning_customized_archive_capacity"":64,""planning_customized_generations"":4,""planning_customized_population_size"":12,""planning_deadline_ms"":2000.0,""planning_intervals"":[5,10,20],""planning_runtime_ms"":100.0,""planning_sample_count"":20,""planning_timing_mode"":""measured"",""pool_budget_mode"":""fixed_total"",""profile_count"":2,""slot_count"":200,""slot_length_ms"":100.0,""suite"":""load"",""total_pool_budgets"":[8,20,40],""uptime_scale"":100.0,""uptime_shape"":1.5,""user_count"":10,""workload_mode"":""poisson_profile_catalog""}",200,209,111,43,68,42,1,1,0,1,1.565513124789154,548.1573920136742,0.8280016142374712,4757.104861049764,34,4,5,0,0,25,20,4,20127.519457950257,689.7265806328505,6.2137529786743295,11.647208011709154,3,2,0,3125,2749,0,376,274,268,198,94,22260733,prewarm,stability_delay_energy_v4,unified_fixed_point_v3,explicit_snapshot_v1,poisson_profile_catalog_v1,periodic_repository_v1,customized_periodic_pool_v1,empirical_window_beta_v1,slot_up_down_v1,fixed_service_time_v1,fixed_path_v1,full_duplex_shared_heat_v1,deployment_return_energy_v1,periodic_three_objective_v3,discrete_mpc_v1,grid_tkb_v1,arrival_risk_diversity_v1,budgeted_fixed_point_v1,regularized_surrogate_v1,goodput_cost_v1,0.38738738738738737,0.6126126126126126,0.3783783783783784,0.023255813953488372,0.023255813953488372,2.009569377990431,0.3063063063063063,0.036036036036036036,0.04504504504504504,0.0,0.0
system_poisson:poisson_lifecycle_v1:load:9e08d4115216d9a2:periodic_lightweight:r12:s20260731,9e08d4115216d9a2,load,lambda_0.5_periodic_lightweight,lambda_0.5,periodic_lightweight,12,20260731,system_poisson,poisson_lifecycle_v1,poisson_profile_catalog,periodic_lightweight,lightweight,not_applicable,prewarm,measured,measured,fixed,fixed_total,0.5,c8a1c19b9973aa96,c57247db4e0508db,7006b24ba38c3a14,5615e2a246665bbb,"{""algorithm"":""periodic_lightweight"",""alpha_l"":0.7,""alpha_r"":0.8,""availability_fraction"":0.5,""beta_l"":0.4,""beta_r"":0.5,""bootstrap_mode"":""prewarm"",""candidate_fixed_point_damping"":0.5,""candidate_fixed_point_max_iterations"":20,""candidate_fixed_point_relative_tolerance"":0.0001,""cloud_count"":1,""comparison_group"":""lambda_0.5"",""comparison_method"":""periodic_lightweight"",""control_mode"":""fixed"",""downtime_log_mean"":2.5,""downtime_log_sigma"":0.8,""edge_count"":5,""edge_link_factor"":2.0,""experiment_layer"":""system_poisson"",""fixed_online_budget_ms"":10.0,""fixed_planning_interval_slots"":5,""fixed_total_pool_budget"":20,""lambda_g"":0.7,""lambda_h"":0.7,""lambda_per_slot"":0.5,""max_deadline_ms"":1999.0,""min_deadline_ms"":500.0,""minimum_control_window_slots"":5,""minimum_replanning_interval_slots"":2,""name"":""lambda_0.5_periodic_lightweight"",""online_budgets_ms"":[5.0,10.0,20.0],""online_timing_mode"":""measured"",""origin_group_count"":2,""plan_ttl_slots"":20,""planning_candidate_generator_mode"":""lightweight"",""planning_customized_archive_capacity"":64,""planning_customized_generations"":4,""planning_customized_population_size"":12,""planning_deadline_ms"":2000.0,""planning_intervals"":[5,10,20],""planning_runtime_ms"":100.0,""planning_sample_count"":20,""planning_timing_mode"":""measured"",""pool_budget_mode"":""fixed_total"",""profile_count"":2,""slot_count"":200,""slot_length_ms"":100.0,""suite"":""load"",""total_pool_budgets"":[8,20,40],""uptime_scale"":100.0,""uptime_shape"":1.5,""user_count"":10,""workload_mode"":""poisson_profile_catalog""}",200,207,92,42,50,38,4,0,0,1,1.349039733443658,603.1270054409329,0.8269135599474184,6472.396507087029,22,7,13,0,0,29,22,6,19193.95504600834,438.42753989156336,4.765516737951776,9.20941703952849,1,0,0,3630,3401,0,229,157,154,74,81,22260734,prewarm,stability_delay_energy_v4,unified_fixed_point_v3,explicit_snapshot_v1,poisson_profile_catalog_v1,periodic_repository_v1,customized_periodic_pool_v1,empirical_window_beta_v1,slot_up_down_v1,fixed_service_time_v1,fixed_path_v1,full_duplex_shared_heat_v1,deployment_return_energy_v1,periodic_three_objective_v3,discrete_mpc_v1,grid_tkb_v1,arrival_risk_diversity_v1,budgeted_fixed_point_v1,regularized_surrogate_v1,goodput_cost_v1,0.45652173913043476,0.5434782608695652,0.41304347826086957,0.09523809523809523,0.0,1.8357487922705316,0.2391304347826087,0.07608695652173914,0.14130434782608695,0.0,0.0
system_poisson:poisson_lifecycle_v1:load:9e08d4115216d9a2:periodic_lightweight:r13:s20260732,9e08d4115216d9a2,load,lambda_0.5_periodic_lightweight,lambda_0.5,periodic_lightweight,13,20260732,system_poisson,poisson_lifecycle_v1,poisson_profile_catalog,periodic_lightweight,lightweight,not_applicable,prewarm,measured,measured,fixed,fixed_total,0.5,2570004416ece14a,3e0c88c5a91c29b4,bf98f816bd8249b6,a897565254a74026,"{""algorithm"":""periodic_lightweight"",""alpha_l"":0.7,""alpha_r"":0.8,""availability_fraction"":0.5,""beta_l"":0.4,""beta_r"":0.5,""bootstrap_mode"":""prewarm"",""candidate_fixed_point_damping"":0.5,""candidate_fixed_point_max_iterations"":20,""candidate_fixed_point_relative_tolerance"":0.0001,""cloud_count"":1,""comparison_group"":""lambda_0.5"",""comparison_method"":""periodic_lightweight"",""control_mode"":""fixed"",""downtime_log_mean"":2.5,""downtime_log_sigma"":0.8,""edge_count"":5,""edge_link_factor"":2.0,""experiment_layer"":""system_poisson"",""fixed_online_budget_ms"":10.0,""fixed_planning_interval_slots"":5,""fixed_total_pool_budget"":20,""lambda_g"":0.7,""lambda_h"":0.7,""lambda_per_slot"":0.5,""max_deadline_ms"":1999.0,""min_deadline_ms"":500.0,""minimum_control_window_slots"":5,""minimum_replanning_interval_slots"":2,""name"":""lambda_0.5_periodic_lightweight"",""online_budgets_ms"":[5.0,10.0,20.0],""online_timing_mode"":""measured"",""origin_group_count"":2,""plan_ttl_slots"":20,""planning_candidate_generator_mode"":""lightweight"",""planning_customized_archive_capacity"":64,""planning_customized_generations"":4,""planning_customized_population_size"":12,""planning_deadline_ms"":2000.0,""planning_intervals"":[5,10,20],""planning_runtime_ms"":100.0,""planning_sample_count"":20,""planning_timing_mode"":""measured"",""pool_budget_mode"":""fixed_total"",""profile_count"":2,""slot_count"":200,""slot_length_ms"":100.0,""suite"":""load"",""total_pool_budgets"":[8,20,40],""uptime_scale"":100.0,""uptime_shape"":1.5,""user_count"":10,""workload_mode"":""poisson_profile_catalog""}",200,203,110,66,44,57,9,3,0,1,2.04307525713731,600.3719001121775,0.8356490166236967,7712.874036472806,37,7,22,0,0,27,19,7,18450.516703771427,591.7060046922415,5.379145497202196,8.990417001768947,4,3,0,3333,3154,0,179,125,124,71,62,22260735,prewarm,stability_delay_energy_v4,unified_fixed_point_v3,explicit_snapshot_v1,poisson_profile_catalog_v1,periodic_repository_v1,customized_periodic_pool_v1,empirical_window_beta_v1,slot_up_down_v1,fixed_service_time_v1,fixed_path_v1,full_duplex_shared_heat_v1,deployment_return_energy_v1,periodic_three_objective_v3,discrete_mpc_v1,grid_tkb_v1,arrival_risk_diversity_v1,budgeted_fixed_point_v1,regularized_surrogate_v1,goodput_cost_v1,0.6,0.4,0.5181818181818182,0.13636363636363635,0.045454545454545456,2.8078817733990147,0.33636363636363636,0.06363636363636363,0.2,0.0,0.0
system_poisson:poisson_lifecycle_v1:load:9e08d4115216d9a2:periodic_lightweight:r14:s20260733,9e08d4115216d9a2,load,lambda_0.5_periodic_lightweight,lambda_0.5,periodic_lightweight,14,20260733,system_poisson,poisson_lifecycle_v1,poisson_profile_catalog,periodic_lightweight,lightweight,not_applicable,prewarm,measured,measured,fixed,fixed_total,0.5,e549ef942191509c,82b0c7769f30bf5e,bab641500ba2a52e,9238a84d7f53868e,"{""algorithm"":""periodic_lightweight"",""alpha_l"":0.7,""alpha_r"":0.8,""availability_fraction"":0.5,""beta_l"":0.4,""beta_r"":0.5,""bootstrap_mode"":""prewarm"",""candidate_fixed_point_damping"":0.5,""candidate_fixed_point_max_iterations"":20,""candidate_fixed_point_relative_tolerance"":0.0001,""cloud_count"":1,""comparison_group"":""lambda_0.5"",""comparison_method"":""periodic_lightweight"",""control_mode"":""fixed"",""downtime_log_mean"":2.5,""downtime_log_sigma"":0.8,""edge_count"":5,""edge_link_factor"":2.0,""experiment_layer"":""system_poisson"",""fixed_online_budget_ms"":10.0,""fixed_planning_interval_slots"":5,""fixed_total_pool_budget"":20,""lambda_g"":0.7,""lambda_h"":0.7,""lambda_per_slot"":0.5,""max_deadline_ms"":1999.0,""min_deadline_ms"":500.0,""minimum_control_window_slots"":5,""minimum_replanning_interval_slots"":2,""name"":""lambda_0.5_periodic_lightweight"",""online_budgets_ms"":[5.0,10.0,20.0],""online_timing_mode"":""measured"",""origin_group_count"":2,""plan_ttl_slots"":20,""planning_candidate_generator_mode"":""lightweight"",""planning_customized_archive_capacity"":64,""planning_customized_generations"":4,""planning_customized_population_size"":12,""planning_deadline_ms"":2000.0,""planning_intervals"":[5,10,20],""planning_runtime_ms"":100.0,""planning_sample_count"":20,""planning_timing_mode"":""measured"",""pool_budget_mode"":""fixed_total"",""profile_count"":2,""slot_count"":200,""slot_length_ms"":100.0,""suite"":""load"",""total_pool_budgets"":[8,20,40],""uptime_scale"":100.0,""uptime_shape"":1.5,""user_count"":10,""workload_mode"":""poisson_profile_catalog""}",200,202,103,61,42,61,0,1,0,1,2.3215878887682084,519.830930980025,0.8150800402670998,4689.420002678145,30,21,10,0,0,29,22,6,19559.532172279432,479.8889155499637,4.659115684951104,8.239499991759658,2,1,0,3573,3308,0,265,179,178,106,87,22260736,prewarm,stability_delay_energy_v4,unified_fixed_point_v3,explicit_snapshot_v1,poisson_profile_catalog_v1,periodic_repository_v1,customized_periodic_pool_v1,empirical_window_beta_v1,slot_up_down_v1,fixed_service_time_v1,fixed_path_v1,full_duplex_shared_heat_v1,deployment_return_energy_v1,periodic_three_objective_v3,discrete_mpc_v1,grid_tkb_v1,arrival_risk_diversity_v1,budgeted_fixed_point_v1,regularized_surrogate_v1,goodput_cost_v1,0.5922330097087378,0.4077669902912621,0.5922330097087378,0.0,0.01639344262295082,3.01980198019802,0.2912621359223301,0.20388349514563106,0.0970873786407767,0.0,0.0
system_poisson:poisson_lifecycle_v1:load:9e08d4115216d9a2:periodic_lightweight:r15:s20260734,9e08d4115216d9a2,load,lambda_0.5_periodic_lightweight,lambda_0.5,periodic_lightweight,15,20260734,system_poisson,poisson_lifecycle_v1,poisson_profile_catalog,periodic_lightweight,lightweight,not_applicable,prewarm,measured,measured,fixed,fixed_total,0.5,9d81372cc2973096,868f2658ddad8015,b0193e6199b4485d,554a01216359253d,"{""algorithm"":""periodic_lightweight"",""alpha_l"":0.7,""alpha_r"":0.8,""availability_fraction"":0.5,""beta_l"":0.4,""beta_r"":0.5,""bootstrap_mode"":""prewarm"",""candidate_fixed_point_damping"":0.5,""candidate_fixed_point_max_iterations"":20,""candidate_fixed_point_relative_tolerance"":0.0001,""cloud_count"":1,""comparison_group"":""lambda_0.5"",""comparison_method"":""periodic_lightweight"",""control_mode"":""fixed"",""downtime_log_mean"":2.5,""downtime_log_sigma"":0.8,""edge_count"":5,""edge_link_factor"":2.0,""experiment_layer"":""system_poisson"",""fixed_online_budget_ms"":10.0,""fixed_planning_interval_slots"":5,""fixed_total_pool_budget"":20,""lambda_g"":0.7,""lambda_h"":0.7,""lambda_per_slot"":0.5,""max_deadline_ms"":1999.0,""min_deadline_ms"":500.0,""minimum_control_window_slots"":5,""minimum_replanning_interval_slots"":2,""name"":""lambda_0.5_periodic_lightweight"",""online_budgets_ms"":[5.0,10.0,20.0],""online_timing_mode"":""measured"",""origin_group_count"":2,""plan_ttl_slots"":20,""planning_candidate_generator_mode"":""lightweight"",""planning_customized_archive_capacity"":64,""planning_customized_generations"":4,""planning_customized_population_size"":12,""planning_deadline_ms"":2000.0,""planning_intervals"":[5,10,20],""planning_runtime_ms"":100.0,""planning_sample_count"":20,""planning_timing_mode"":""measured"",""pool_budget_mode"":""fixed_total"",""profile_count"":2,""slot_count"":200,""slot_length_ms"":100.0,""suite"":""load"",""total_pool_budgets"":[8,20,40],""uptime_scale"":100.0,""uptime_shape"":1.5,""user_count"":10,""workload_mode"":""poisson_profile_catalog""}",200,205,100,44,56,38,6,0,0,1,1.3630694870847362,684.919664817214,0.8318328447310436,4983.648144992196,23,7,14,0,0,31,19,11,18105.137830367312,654.3131697690114,6.543131697690114,11.649040970951319,4,3,0,3829,3403,0,426,316,299,130,181,22260737,prewarm,stability_delay_energy_v4,unified_fixed_point_v3,explicit_snapshot_v1,poisson_profile_catalog_v1,periodic_repository_v1,customized_periodic_pool_v1,empirical_window_beta_v1,slot_up_down_v1,fixed_service_time_v1,fixed_path_v1,full_duplex_shared_heat_v1,deployment_return_energy_v1,periodic_three_objective_v3,discrete_mpc_v1,grid_tkb_v1,arrival_risk_diversity_v1,budgeted_fixed_point_v1,regularized_surrogate_v1,goodput_cost_v1,0.44,0.56,0.38,0.13636363636363635,0.0,1.853658536585366,0.23,0.07,0.14,0.0,0.0
system_poisson:poisson_lifecycle_v1:load:9e08d4115216d9a2:periodic_lightweight:r16:s20260735,9e08d4115216d9a2,load,lambda_0.5_periodic_lightweight,lambda_0.5,periodic_lightweight,16,20260735,system_poisson,poisson_lifecycle_v1,poisson_profile_catalog,periodic_lightweight,lightweight,not_applicable,prewarm,measured,measured,fixed,fixed_total,0.5,c61c842e17f225e3,3da65bab6008a478,8e6510e0c3cb127c,615e85118266de25,"{""algorithm"":""periodic_lightweight"",""alpha_l"":0.7,""alpha_r"":0.8,""availability_fraction"":0.5,""beta_l"":0.4,""beta_r"":0.5,""bootstrap_mode"":""prewarm"",""candidate_fixed_point_damping"":0.5,""candidate_fixed_point_max_iterations"":20,""candidate_fixed_point_relative_tolerance"":0.0001,""cloud_count"":1,""comparison_group"":""lambda_0.5"",""comparison_method"":""periodic_lightweight"",""control_mode"":""fixed"",""downtime_log_mean"":2.5,""downtime_log_sigma"":0.8,""edge_count"":5,""edge_link_factor"":2.0,""experiment_layer"":""system_poisson"",""fixed_online_budget_ms"":10.0,""fixed_planning_interval_slots"":5,""fixed_total_pool_budget"":20,""lambda_g"":0.7,""lambda_h"":0.7,""lambda_per_slot"":0.5,""max_deadline_ms"":1999.0,""min_deadline_ms"":500.0,""minimum_control_window_slots"":5,""minimum_replanning_interval_slots"":2,""name"":""lambda_0.5_periodic_lightweight"",""online_budgets_ms"":[5.0,10.0,20.0],""online_timing_mode"":""measured"",""origin_group_count"":2,""plan_ttl_slots"":20,""planning_candidate_generator_mode"":""lightweight"",""planning_customized_archive_capacity"":64,""planning_customized_generations"":4,""planning_customized_population_size"":12,""planning_deadline_ms"":2000.0,""planning_intervals"":[5,10,20],""planning_runtime_ms"":100.0,""planning_sample_count"":20,""planning_timing_mode"":""measured"",""pool_budget_mode"":""fixed_total"",""profile_count"":2,""slot_count"":200,""slot_length_ms"":100.0,""suite"":""load"",""total_pool_budgets"":[8,20,40],""uptime_scale"":100.0,""uptime_shape"":1.5,""user_count"":10,""workload_mode"":""poisson_profile_catalog""}",200,201,87,40,47,34,6,0,0,1,1.243657286041213,695.303291136998,0.8670214034664117,7280.105253370431,19,1,20,0,0,32,22,9,18697.521164896898,367.4405395286158,4.223454477340411,7.874249946326017,5,4,0,3964,3789,0,175,105,99,60,46,22260738,prewarm,stability_delay_energy_v4,unified_fixed_point_v3,explicit_snapshot_v1,poisson_profile_catalog_v1,periodic_repository_v1,customized_periodic_pool_v1,empirical_window_beta_v1,slot_up_down_v1,fixed_service_time_v1,fixed_path_v1,full_duplex_shared_heat_v1,deployment_return_energy_v1,periodic_three_objective_v3,discrete_mpc_v1,grid_tkb_v1,arrival_risk_diversity_v1,budgeted_fixed_point_v1,regularized_surrogate_v1,goodput_cost_v1,0.45977011494252873,0.5402298850574713,0.39080459770114945,0.15,0.0,1.6915422885572138,0.21839080459770116,0.011494252873563218,0.22988505747126436,0.0,0.0
system_poisson:poisson_lifecycle_v1:load:9e08d4115216d9a2:periodic_lightweight:r17:s20260736,9e08d4115216d9a2,load,lambda_0.5_periodic_lightweight,lambda_0.5,periodic_lightweight,17,20260736,system_poisson,poisson_lifecycle_v1,poisson_profile_catalog,periodic_lightweight,lightweight,not_applicable,prewarm,measured,measured,fixed,fixed_total,0.5,a1e1594e7589a223,d9b518a32809412d,dec7914cbc1d4fcb,6d1494c76aa00136,"{""algorithm"":""periodic_lightweight"",""alpha_l"":0.7,""alpha_r"":0.8,""availability_fraction"":0.5,""beta_l"":0.4,""beta_r"":0.5,""bootstrap_mode"":""prewarm"",""candidate_fixed_point_damping"":0.5,""candidate_fixed_point_max_iterations"":20,""candidate_fixed_point_relative_tolerance"":0.0001,""cloud_count"":1,""comparison_group"":""lambda_0.5"",""comparison_method"":""periodic_lightweight"",""control_mode"":""fixed"",""downtime_log_mean"":2.5,""downtime_log_sigma"":0.8,""edge_count"":5,""edge_link_factor"":2.0,""experiment_layer"":""system_poisson"",""fixed_online_budget_ms"":10.0,""fixed_planning_interval_slots"":5,""fixed_total_pool_budget"":20,""lambda_g"":0.7,""lambda_h"":0.7,""lambda_per_slot"":0.5,""max_deadline_ms"":1999.0,""min_deadline_ms"":500.0,""minimum_control_window_slots"":5,""minimum_replanning_interval_slots"":2,""name"":""lambda_0.5_periodic_lightweight"",""online_budgets_ms"":[5.0,10.0,20.0],""online_timing_mode"":""measured"",""origin_group_count"":2,""plan_ttl_slots"":20,""planning_candidate_generator_mode"":""lightweight"",""planning_customized_archive_capacity"":64,""planning_customized_generations"":4,""planning_customized_population_size"":12,""planning_deadline_ms"":2000.0,""planning_intervals"":[5,10,20],""planning_runtime_ms"":100.0,""planning_sample_count"":20,""planning_timing_mode"":""measured"",""pool_budget_mode"":""fixed_total"",""profile_count"":2,""slot_count"":200,""slot_length_ms"":100.0,""suite"":""load"",""total_pool_budgets"":[8,20,40],""uptime_scale"":100.0,""uptime_shape"":1.5,""user_count"":10,""workload_mode"":""poisson_profile_catalog""}",200,203,97,49,48,45,4,2,0,1,1.6224442356597348,628.644121089189,0.8365237275952088,5771.431022512921,30,8,11,0,0,30,22,7,18603.9597899653,509.0331310639158,5.247764237772328,10.15054201707244,3,2,0,3726,3492,0,234,189,172,113,75,22260739,prewarm,stability_delay_energy_v4,unified_fixed_point_v3,explicit_snapshot_v1,poisson_profile_catalog_v1,periodic_repository_v1,customized_periodic_pool_v1,empirical_window_beta_v1,slot_up_down_v1,fixed_service_time_v1,fixed_path_v1,full_duplex_shared_heat_v1,deployment_return_energy_v1,periodic_three_objective_v3,discrete_mpc_v1,grid_tkb_v1,arrival_risk_diversity_v1,budgeted_fixed_point_v1,regularized_surrogate_v1,goodput_cost_v1,0.5051546391752577,0.4948453608247423,0.4639175257731959,0.08163265306122448,0.04081632653061224,2.216748768472906,0.30927835051546393,0.08247422680412371,0.1134020618556701,0.0,0.0
system_poisson:poisson_lifecycle_v1:load:9e08d4115216d9a2:periodic_lightweight:r18:s20260737,9e08d4115216d9a2,load,lambda_0.5_periodic_lightweight,lambda_0.5,periodic_lightweight,18,20260737,system_poisson,poisson_lifecycle_v1,poisson_profile_catalog,periodic_lightweight,lightweight,not_applicable,prewarm,measured,measured,fixed,fixed_total,0.5,2340d35db3923e87,6c6665153475ebe0,618e4ef0457fc014,fb1a538d3c9d367a,"{""algorithm"":""periodic_lightweight"",""alpha_l"":0.7,""alpha_r"":0.8,""availability_fraction"":0.5,""beta_l"":0.4,""beta_r"":0.5,""bootstrap_mode"":""prewarm"",""candidate_fixed_point_damping"":0.5,""candidate_fixed_point_max_iterations"":20,""candidate_fixed_point_relative_tolerance"":0.0001,""cloud_count"":1,""comparison_group"":""lambda_0.5"",""comparison_method"":""periodic_lightweight"",""control_mode"":""fixed"",""downtime_log_mean"":2.5,""downtime_log_sigma"":0.8,""edge_count"":5,""edge_link_factor"":2.0,""experiment_layer"":""system_poisson"",""fixed_online_budget_ms"":10.0,""fixed_planning_interval_slots"":5,""fixed_total_pool_budget"":20,""lambda_g"":0.7,""lambda_h"":0.7,""lambda_per_slot"":0.5,""max_deadline_ms"":1999.0,""min_deadline_ms"":500.0,""minimum_control_window_slots"":5,""minimum_replanning_interval_slots"":2,""name"":""lambda_0.5_periodic_lightweight"",""online_budgets_ms"":[5.0,10.0,20.0],""online_timing_mode"":""measured"",""origin_group_count"":2,""plan_ttl_slots"":20,""planning_candidate_generator_mode"":""lightweight"",""planning_customized_archive_capacity"":64,""planning_customized_generations"":4,""planning_customized_population_size"":12,""planning_deadline_ms"":2000.0,""planning_intervals"":[5,10,20],""planning_runtime_ms"":100.0,""planning_sample_count"":20,""planning_timing_mode"":""measured"",""pool_budget_mode"":""fixed_total"",""profile_count"":2,""slot_count"":200,""slot_length_ms"":100.0,""suite"":""load"",""total_pool_budgets"":[8,20,40],""uptime_scale"":100.0,""uptime_shape"":1.5,""user_count"":10,""workload_mode"":""poisson_profile_catalog""}",200,200,102,70,32,68,2,1,0,1,2.675557634356807,448.3135784834877,0.8145655267277448,4049.130377230385,54,8,8,0,0,33,27,5,18714.354708325118,610.7389151584357,5.987636423121919,10.666207992471755,7,6,0,4076,3415,0,661,408,357,187,169,22260740,prewarm,stability_delay_energy_v4,unified_fixed_point_v3,explicit_snapshot_v1,poisson_profile_catalog_v1,periodic_repository_v1,customized_periodic_pool_v1,empirical_window_beta_v1,slot_up_down_v1,fixed_service_time_v1,fixed_path_v1,full_duplex_shared_heat_v1,deployment_return_energy_v1,periodic_three_objective_v3,discrete_mpc_v1,grid_tkb_v1,arrival_risk_diversity_v1,budgeted_fixed_point_v1,regularized_surrogate_v1,goodput_cost_v1,0.6862745098039216,0.3137254901960784,0.6666666666666666,0.02857142857142857,0.014285714285714285,3.4,0.5294117647058824,0.0784313725490196,0.0784313725490196,0.0,0.0
system_poisson:poisson_lifecycle_v1:load:9e08d4115216d9a2:periodic_lightweight:r19:s20260738,9e08d4115216d9a2,load,lambda_0.5_periodic_lightweight,lambda_0.5,periodic_lightweight,19,20260738,system_poisson,poisson_lifecycle_v1,poisson_profile_catalog,periodic_lightweight,lightweight,not_applicable,prewarm,measured,measured,fixed,fixed_total,0.5,2f8cac81e28c6822,342fe7b24aabf9c9,2e181ee8ad237f86,a5b68c6f808e683d,"{""algorithm"":""periodic_lightweight"",""alpha_l"":0.7,""alpha_r"":0.8,""availability_fraction"":0.5,""beta_l"":0.4,""beta_r"":0.5,""bootstrap_mode"":""prewarm"",""candidate_fixed_point_damping"":0.5,""candidate_fixed_point_max_iterations"":20,""candidate_fixed_point_relative_tolerance"":0.0001,""cloud_count"":1,""comparison_group"":""lambda_0.5"",""comparison_method"":""periodic_lightweight"",""control_mode"":""fixed"",""downtime_log_mean"":2.5,""downtime_log_sigma"":0.8,""edge_count"":5,""edge_link_factor"":2.0,""experiment_layer"":""system_poisson"",""fixed_online_budget_ms"":10.0,""fixed_planning_interval_slots"":5,""fixed_total_pool_budget"":20,""lambda_g"":0.7,""lambda_h"":0.7,""lambda_per_slot"":0.5,""max_deadline_ms"":1999.0,""min_deadline_ms"":500.0,""minimum_control_window_slots"":5,""minimum_replanning_interval_slots"":2,""name"":""lambda_0.5_periodic_lightweight"",""online_budgets_ms"":[5.0,10.0,20.0],""online_timing_mode"":""measured"",""origin_group_count"":2,""plan_ttl_slots"":20,""planning_candidate_generator_mode"":""lightweight"",""planning_customized_archive_capacity"":64,""planning_customized_generations"":4,""planning_customized_population_size"":12,""planning_deadline_ms"":2000.0,""planning_intervals"":[5,10,20],""planning_runtime_ms"":100.0,""planning_sample_count"":20,""planning_timing_mode"":""measured"",""pool_budget_mode"":""fixed_total"",""profile_count"":2,""slot_count"":200,""slot_length_ms"":100.0,""suite"":""load"",""total_pool_budgets"":[8,20,40],""uptime_scale"":100.0,""uptime_shape"":1.5,""user_count"":10,""workload_mode"":""poisson_profile_catalog""}",200,209,100,35,65,31,4,2,0,1,1.0243864708471608,708.0818040633171,0.8169765629534708,5682.097561472132,17,7,11,0,0,29,11,17,18571.411039796658,485.50625098869205,4.8550625098869205,9.974458022043109,1,0,0,3622,3427,0,195,118,98,45,57,22260741,prewarm,stability_delay_energy_v4,unified_fixed_point_v3,explicit_snapshot_v1,poisson_profile_catalog_v1,periodic_repository_v1,customized_periodic_pool_v1,empirical_window_beta_v1,slot_up_down_v1,fixed_service_time_v1,fixed_path_v1,full_duplex_shared_heat_v1,deployment_return_energy_v1,periodic_three_objective_v3,discrete_mpc_v1,grid_tkb_v1,arrival_risk_diversity_v1,budgeted_fixed_point_v1,regularized_surrogate_v1,goodput_cost_v1,0.35,0.65,0.31,0.11428571428571428,0.05714285714285714,1.4832535885167466,0.17,0.07,0.11,0.0,0.0
system_poisson:poisson_lifecycle_v1:load:c9c0be40695dce94:per_request_customized:r0:s20260719,c9c0be40695dce94,load,lambda_0.5_per_request_customized,lambda_0.5,per_request_customized,0,20260719,system_poisson,poisson_lifecycle_v1,poisson_profile_catalog,per_request_customized,not_applicable,p12_g4_a64,cold_start,measured,measured,fixed,fixed_total,0.5,6d295842eb0296d0,fca0df0e76e8aea8,8113873b8f7e49cd,c3ade63673949cb4,"{""algorithm"":""per_request_customized"",""alpha_l"":0.7,""alpha_r"":0.8,""availability_fraction"":0.5,""beta_l"":0.4,""beta_r"":0.5,""bootstrap_mode"":""cold_start"",""candidate_fixed_point_damping"":0.5,""candidate_fixed_point_max_iterations"":20,""candidate_fixed_point_relative_tolerance"":0.0001,""cloud_count"":1,""comparison_group"":""lambda_0.5"",""comparison_method"":""per_request_customized"",""control_mode"":""fixed"",""downtime_log_mean"":2.5,""downtime_log_sigma"":0.8,""edge_count"":5,""edge_link_factor"":2.0,""experiment_layer"":""system_poisson"",""fixed_online_budget_ms"":10.0,""fixed_planning_interval_slots"":5,""fixed_total_pool_budget"":20,""lambda_g"":0.7,""lambda_h"":0.7,""lambda_per_slot"":0.5,""max_deadline_ms"":1999.0,""min_deadline_ms"":500.0,""minimum_control_window_slots"":5,""minimum_replanning_interval_slots"":2,""name"":""lambda_0.5_per_request_customized"",""online_budgets_ms"":[5.0,10.0,20.0],""online_timing_mode"":""measured"",""origin_group_count"":2,""plan_ttl_slots"":20,""planning_candidate_generator_mode"":""customized"",""planning_customized_archive_capacity"":64,""planning_customized_generations"":4,""planning_customized_population_size"":12,""planning_deadline_ms"":2000.0,""planning_intervals"":[5,10,20],""planning_runtime_ms"":100.0,""planning_sample_count"":20,""planning_timing_mode"":""measured"",""pool_budget_mode"":""fixed_total"",""profile_count"":2,""slot_count"":200,""slot_length_ms"":100.0,""suite"":""load"",""total_pool_budgets"":[8,20,40],""uptime_scale"":100.0,""uptime_shape"":1.5,""user_count"":10,""workload_mode"":""poisson_profile_catalog""}",200,204,117,45,72,37,8,1,0,1,1.3030526271879723,697.1278610804304,0.8875146607229689,4236.33988708813,0,0,0,45,0,0,0,0,0.0,11664.585047750734,99.69730810043362,157.0859580533579,0,0,0,1972,1803,0,169,0,45,0,0,22260722,cold_start,stability_delay_energy_v4,unified_fixed_point_v3,explicit_snapshot_v1,poisson_profile_catalog_v1,periodic_repository_v1,customized_periodic_pool_v1,empirical_window_beta_v1,slot_up_down_v1,fixed_service_time_v1,fixed_path_v1,full_duplex_shared_heat_v1,deployment_return_energy_v1,periodic_three_objective_v3,discrete_mpc_v1,grid_tkb_v1,arrival_risk_diversity_v1,budgeted_fixed_point_v1,regularized_surrogate_v1,goodput_cost_v1,0.38461538461538464,0.6153846153846154,0.3162393162393162,0.17777777777777778,0.022222222222222223,1.8137254901960786,0.0,0.0,0.0,0.38461538461538464,0.0
system_poisson:poisson_lifecycle_v1:load:c9c0be40695dce94:per_request_customized:r1:s20260720,c9c0be40695dce94,load,lambda_0.5_per_request_customized,lambda_0.5,per_request_customized,1,20260720,system_poisson,poisson_lifecycle_v1,poisson_profile_catalog,per_request_customized,not_applicable,p12_g4_a64,cold_start,measured,measured,fixed,fixed_total,0.5,a4f53f5438a025fd,a0ac5e6d1accb3ff,83ce9cc9964c5f3e,4948b9b559ca3dae,"{""algorithm"":""per_request_customized"",""alpha_l"":0.7,""alpha_r"":0.8,""availability_fraction"":0.5,""beta_l"":0.4,""beta_r"":0.5,""bootstrap_mode"":""cold_start"",""candidate_fixed_point_damping"":0.5,""candidate_fixed_point_max_iterations"":20,""candidate_fixed_point_relative_tolerance"":0.0001,""cloud_count"":1,""comparison_group"":""lambda_0.5"",""comparison_method"":""per_request_customized"",""control_mode"":""fixed"",""downtime_log_mean"":2.5,""downtime_log_sigma"":0.8,""edge_count"":5,""edge_link_factor"":2.0,""experiment_layer"":""system_poisson"",""fixed_online_budget_ms"":10.0,""fixed_planning_interval_slots"":5,""fixed_total_pool_budget"":20,""lambda_g"":0.7,""lambda_h"":0.7,""lambda_per_slot"":0.5,""max_deadline_ms"":1999.0,""min_deadline_ms"":500.0,""minimum_control_window_slots"":5,""minimum_replanning_interval_slots"":2,""name"":""lambda_0.5_per_request_customized"",""online_budgets_ms"":[5.0,10.0,20.0],""online_timing_mode"":""measured"",""origin_group_count"":2,""plan_ttl_slots"":20,""planning_candidate_generator_mode"":""customized"",""planning_customized_archive_capacity"":64,""planning_customized_generations"":4,""planning_customized_population_size"":12,""planning_deadline_ms"":2000.0,""planning_intervals"":[5,10,20],""planning_runtime_ms"":100.0,""planning_sample_count"":20,""planning_timing_mode"":""measured"",""pool_budget_mode"":""fixed_total"",""profile_count"":2,""slot_count"":200,""slot_length_ms"":100.0,""suite"":""load"",""total_pool_budgets"":[8,20,40],""uptime_scale"":100.0,""uptime_shape"":1.5,""user_count"":10,""workload_mode"":""poisson_profile_catalog""}",200,204,103,50,53,45,5,0,0,1,1.5936526046038388,724.4264349196693,0.8414699302614101,6648.518637590151,0,0,0,50,0,0,0,0,0.0,12890.66532929428,125.15209057567262,213.58312503434718,0,0,0,1930,1605,0,325,0,50,0,0,22260723,cold_start,stability_delay_energy_v4,unified_fixed_point_v3,explicit_snapshot_v1,poisson_profile_catalog_v1,periodic_repository_v1,customized_periodic_pool_v1,empirical_window_beta_v1,slot_up_down_v1,fixed_service_time_v1,fixed_path_v1,full_duplex_shared_heat_v1,deployment_return_energy_v1,periodic_three_objective_v3,discrete_mpc_v1,grid_tkb_v1,arrival_risk_diversity_v1,budgeted_fixed_point_v1,regularized_surrogate_v1,goodput_cost_v1,0.4854368932038835,0.5145631067961165,0.4368932038834951,0.1,0.0,2.2058823529411766,0.0,0.0,0.0,0.4854368932038835,0.0
system_poisson:poisson_lifecycle_v1:load:c9c0be40695dce94:per_request_customized:r2:s20260721,c9c0be40695dce94,load,lambda_0.5_per_request_customized,lambda_0.5,per_request_customized,2,20260721,system_poisson,poisson_lifecycle_v1,poisson_profile_catalog,per_request_customized,not_applicable,p12_g4_a64,cold_start,measured,measured,fixed,fixed_total,0.5,e1936cba343be935,938f95453f2442e2,3df1adeb27ad0e05,b3c97759fa661993,"{""algorithm"":""per_request_customized"",""alpha_l"":0.7,""alpha_r"":0.8,""availability_fraction"":0.5,""beta_l"":0.4,""beta_r"":0.5,""bootstrap_mode"":""cold_start"",""candidate_fixed_point_damping"":0.5,""candidate_fixed_point_max_iterations"":20,""candidate_fixed_point_relative_tolerance"":0.0001,""cloud_count"":1,""comparison_group"":""lambda_0.5"",""comparison_method"":""per_request_customized"",""control_mode"":""fixed"",""downtime_log_mean"":2.5,""downtime_log_sigma"":0.8,""edge_count"":5,""edge_link_factor"":2.0,""experiment_layer"":""system_poisson"",""fixed_online_budget_ms"":10.0,""fixed_planning_interval_slots"":5,""fixed_total_pool_budget"":20,""lambda_g"":0.7,""lambda_h"":0.7,""lambda_per_slot"":0.5,""max_deadline_ms"":1999.0,""min_deadline_ms"":500.0,""minimum_control_window_slots"":5,""minimum_replanning_interval_slots"":2,""name"":""lambda_0.5_per_request_customized"",""online_budgets_ms"":[5.0,10.0,20.0],""online_timing_mode"":""measured"",""origin_group_count"":2,""plan_ttl_slots"":20,""planning_candidate_generator_mode"":""customized"",""planning_customized_archive_capacity"":64,""planning_customized_generations"":4,""planning_customized_population_size"":12,""planning_deadline_ms"":2000.0,""planning_intervals"":[5,10,20],""planning_runtime_ms"":100.0,""planning_sample_count"":20,""planning_timing_mode"":""measured"",""pool_budget_mode"":""fixed_total"",""profile_count"":2,""slot_count"":200,""slot_length_ms"":100.0,""suite"":""load"",""total_pool_budgets"":[8,20,40],""uptime_scale"":100.0,""uptime_shape"":1.5,""user_count"":10,""workload_mode"":""poisson_profile_catalog""}",200,205,103,55,48,53,2,0,0,1,2.036789396211419,549.9163271295471,0.8346718541744063,5719.551920454567,0,0,0,55,0,0,0,0,0.0,14541.762538137846,141.1821605644451,243.43287502415478,0,0,0,2027,1713,0,314,0,55,0,0,22260724,cold_start,stability_delay_energy_v4,unified_fixed_point_v3,explicit_snapshot_v1,poisson_profile_catalog_v1,periodic_repository_v1,customized_periodic_pool_v1,empirical_window_beta_v1,slot_up_down_v1,fixed_service_time_v1,fixed_path_v1,full_duplex_shared_heat_v1,deployment_return_energy_v1,periodic_three_objective_v3,discrete_mpc_v1,grid_tkb_v1,arrival_risk_diversity_v1,budgeted_fixed_point_v1,regularized_surrogate_v1,goodput_cost_v1,0.5339805825242718,0.46601941747572817,0.5145631067961165,0.03636363636363636,0.0,2.5853658536585367,0.0,0.0,0.0,0.5339805825242718,0.0
system_poisson:poisson_lifecycle_v1:load:c9c0be40695dce94:per_request_customized:r3:s20260722,c9c0be40695dce94,load,lambda_0.5_per_request_customized,lambda_0.5,per_request_customized,3,20260722,system_poisson,poisson_lifecycle_v1,poisson_profile_catalog,per_request_customized,not_applicable,p12_g4_a64,cold_start,measured,measured,fixed,fixed_total,0.5,cad518de228dec43,e2c448830ab998d5,7812a009c9d2be8d,a8d64a668c29fff0,"{""algorithm"":""per_request_customized"",""alpha_l"":0.7,""alpha_r"":0.8,""availability_fraction"":0.5,""beta_l"":0.4,""beta_r"":0.5,""bootstrap_mode"":""cold_start"",""candidate_fixed_point_damping"":0.5,""candidate_fixed_point_max_iterations"":20,""candidate_fixed_point_relative_tolerance"":0.0001,""cloud_count"":1,""comparison_group"":""lambda_0.5"",""comparison_method"":""per_request_customized"",""control_mode"":""fixed"",""downtime_log_mean"":2.5,""downtime_log_sigma"":0.8,""edge_count"":5,""edge_link_factor"":2.0,""experiment_layer"":""system_poisson"",""fixed_online_budget_ms"":10.0,""fixed_planning_interval_slots"":5,""fixed_total_pool_budget"":20,""lambda_g"":0.7,""lambda_h"":0.7,""lambda_per_slot"":0.5,""max_deadline_ms"":1999.0,""min_deadline_ms"":500.0,""minimum_control_window_slots"":5,""minimum_replanning_interval_slots"":2,""name"":""lambda_0.5_per_request_customized"",""online_budgets_ms"":[5.0,10.0,20.0],""online_timing_mode"":""measured"",""origin_group_count"":2,""plan_ttl_slots"":20,""planning_candidate_generator_mode"":""customized"",""planning_customized_archive_capacity"":64,""planning_customized_generations"":4,""planning_customized_population_size"":12,""planning_deadline_ms"":2000.0,""planning_intervals"":[5,10,20],""planning_runtime_ms"":100.0,""planning_sample_count"":20,""planning_timing_mode"":""measured"",""pool_budget_mode"":""fixed_total"",""profile_count"":2,""slot_count"":200,""slot_length_ms"":100.0,""suite"":""load"",""total_pool_budgets"":[8,20,40],""uptime_scale"":100.0,""uptime_shape"":1.5,""user_count"":10,""workload_mode"":""poisson_profile_catalog""}",200,200,89,48,41,44,4,1,0,1,1.6331385736580348,578.539820653878,0.8529994729517361,5146.455273707798,0,0,0,48,0,0,0,0,0.0,11057.470836327411,124.24124535199338,209.1558329993859,0,0,0,1843,1436,0,407,0,48,0,0,22260725,cold_start,stability_delay_energy_v4,unified_fixed_point_v3,explicit_snapshot_v1,poisson_profile_catalog_v1,periodic_repository_v1,customized_periodic_pool_v1,empirical_window_beta_v1,slot_up_down_v1,fixed_service_time_v1,fixed_path_v1,full_duplex_shared_heat_v1,deployment_return_energy_v1,periodic_three_objective_v3,discrete_mpc_v1,grid_tkb_v1,arrival_risk_diversity_v1,budgeted_fixed_point_v1,regularized_surrogate_v1,goodput_cost_v1,0.5393258426966292,0.4606741573033708,0.4943820224719101,0.08333333333333333,0.020833333333333332,2.2,0.0,0.0,0.0,0.5393258426966292,0.0
system_poisson:poisson_lifecycle_v1:load:c9c0be40695dce94:per_request_customized:r4:s20260723,c9c0be40695dce94,load,lambda_0.5_per_request_customized,lambda_0.5,per_request_customized,4,20260723,system_poisson,poisson_lifecycle_v1,poisson_profile_catalog,per_request_customized,not_applicable,p12_g4_a64,cold_start,measured,measured,fixed,fixed_total,0.5,85e4775618fc9271,04cc006508118ace,493b0aac2ffca006,7df8c4f9894fbd11,"{""algorithm"":""per_request_customized"",""alpha_l"":0.7,""alpha_r"":0.8,""availability_fraction"":0.5,""beta_l"":0.4,""beta_r"":0.5,""bootstrap_mode"":""cold_start"",""candidate_fixed_point_damping"":0.5,""candidate_fixed_point_max_iterations"":20,""candidate_fixed_point_relative_tolerance"":0.0001,""cloud_count"":1,""comparison_group"":""lambda_0.5"",""comparison_method"":""per_request_customized"",""control_mode"":""fixed"",""downtime_log_mean"":2.5,""downtime_log_sigma"":0.8,""edge_count"":5,""edge_link_factor"":2.0,""experiment_layer"":""system_poisson"",""fixed_online_budget_ms"":10.0,""fixed_planning_interval_slots"":5,""fixed_total_pool_budget"":20,""lambda_g"":0.7,""lambda_h"":0.7,""lambda_per_slot"":0.5,""max_deadline_ms"":1999.0,""min_deadline_ms"":500.0,""minimum_control_window_slots"":5,""minimum_replanning_interval_slots"":2,""name"":""lambda_0.5_per_request_customized"",""online_budgets_ms"":[5.0,10.0,20.0],""online_timing_mode"":""measured"",""origin_group_count"":2,""plan_ttl_slots"":20,""planning_candidate_generator_mode"":""customized"",""planning_customized_archive_capacity"":64,""planning_customized_generations"":4,""planning_customized_population_size"":12,""planning_deadline_ms"":2000.0,""planning_intervals"":[5,10,20],""planning_runtime_ms"":100.0,""planning_sample_count"":20,""planning_timing_mode"":""measured"",""pool_budget_mode"":""fixed_total"",""profile_count"":2,""slot_count"":200,""slot_length_ms"":100.0,""suite"":""load"",""total_pool_budgets"":[8,20,40],""uptime_scale"":100.0,""uptime_shape"":1.5,""user_count"":10,""workload_mode"":""poisson_profile_catalog""}",200,202,88,33,55,31,2,2,0,1,1.0677229420672416,661.2783044082288,0.8473879119621347,5980.926046236778,0,0,0,33,0,0,0,0,0.0,12250.361748388968,139.20865623169283,239.29595900699496,0,0,0,1628,1462,0,166,0,33,0,0,22260726,cold_start,stability_delay_energy_v4,unified_fixed_point_v3,explicit_snapshot_v1,poisson_profile_catalog_v1,periodic_repository_v1,customized_periodic_pool_v1,empirical_window_beta_v1,slot_up_down_v1,fixed_service_time_v1,fixed_path_v1,full_duplex_shared_heat_v1,deployment_return_energy_v1,periodic_three_objective_v3,discrete_mpc_v1,grid_tkb_v1,arrival_risk_diversity_v1,budgeted_fixed_point_v1,regularized_surrogate_v1,goodput_cost_v1,0.375,0.625,0.3522727272727273,0.06060606060606061,0.06060606060606061,1.5346534653465347,0.0,0.0,0.0,0.375,0.0
system_poisson:poisson_lifecycle_v1:load:c9c0be40695dce94:per_request_customized:r5:s20260724,c9c0be40695dce94,load,lambda_0.5_per_request_customized,lambda_0.5,per_request_customized,5,20260724,system_poisson,poisson_lifecycle_v1,poisson_profile_catalog,per_request_customized,not_applicable,p12_g4_a64,cold_start,measured,measured,fixed,fixed_total,0.5,d24fe9836276a23a,5f88dfc591596c91,9a0a3a6e577c08ed,c61766e5adeaf7a9,"{""algorithm"":""per_request_customized"",""alpha_l"":0.7,""alpha_r"":0.8,""availability_fraction"":0.5,""beta_l"":0.4,""beta_r"":0.5,""bootstrap_mode"":""cold_start"",""candidate_fixed_point_damping"":0.5,""candidate_fixed_point_max_iterations"":20,""candidate_fixed_point_relative_tolerance"":0.0001,""cloud_count"":1,""comparison_group"":""lambda_0.5"",""comparison_method"":""per_request_customized"",""control_mode"":""fixed"",""downtime_log_mean"":2.5,""downtime_log_sigma"":0.8,""edge_count"":5,""edge_link_factor"":2.0,""experiment_layer"":""system_poisson"",""fixed_online_budget_ms"":10.0,""fixed_planning_interval_slots"":5,""fixed_total_pool_budget"":20,""lambda_g"":0.7,""lambda_h"":0.7,""lambda_per_slot"":0.5,""max_deadline_ms"":1999.0,""min_deadline_ms"":500.0,""minimum_control_window_slots"":5,""minimum_replanning_interval_slots"":2,""name"":""lambda_0.5_per_request_customized"",""online_budgets_ms"":[5.0,10.0,20.0],""online_timing_mode"":""measured"",""origin_group_count"":2,""plan_ttl_slots"":20,""planning_candidate_generator_mode"":""customized"",""planning_customized_archive_capacity"":64,""planning_customized_generations"":4,""planning_customized_population_size"":12,""planning_deadline_ms"":2000.0,""planning_intervals"":[5,10,20],""planning_runtime_ms"":100.0,""planning_sample_count"":20,""planning_timing_mode"":""measured"",""pool_budget_mode"":""fixed_total"",""profile_count"":2,""slot_count"":200,""slot_length_ms"":100.0,""suite"":""load"",""total_pool_budgets"":[8,20,40],""uptime_scale"":100.0,""uptime_shape"":1.5,""user_count"":10,""workload_mode"":""poisson_profile_catalog""}",200,208,114,42,72,38,4,0,0,1,1.347640744061792,584.1359483478128,0.8544742658841845,4587.163291233007,0,0,0,42,0,0,0,0,0.0,11313.303707865998,99.23950620935086,164.37937505543232,0,0,0,2044,1916,0,128,0,42,0,0,22260727,cold_start,stability_delay_energy_v4,unified_fixed_point_v3,explicit_snapshot_v1,poisson_profile_catalog_v1,periodic_repository_v1,customized_periodic_pool_v1,empirical_window_beta_v1,slot_up_down_v1,fixed_service_time_v1,fixed_path_v1,full_duplex_shared_heat_v1,deployment_return_energy_v1,periodic_three_objective_v3,discrete_mpc_v1,grid_tkb_v1,arrival_risk_diversity_v1,budgeted_fixed_point_v1,regularized_surrogate_v1,goodput_cost_v1,0.3684210526315789,0.631578947368421,0.3333333333333333,0.09523809523809523,0.0,1.8269230769230769,0.0,0.0,0.0,0.3684210526315789,0.0
system_poisson:poisson_lifecycle_v1:load:c9c0be40695dce94:per_request_customized:r6:s20260725,c9c0be40695dce94,load,lambda_0.5_per_request_customized,lambda_0.5,per_request_customized,6,20260725,system_poisson,poisson_lifecycle_v1,poisson_profile_catalog,per_request_customized,not_applicable,p12_g4_a64,cold_start,measured,measured,fixed,fixed_total,0.5,26abbdd9b75bc615,fc04fea1c464df4f,fabe6439cde23331,b0aa21bae96916c6,"{""algorithm"":""per_request_customized"",""alpha_l"":0.7,""alpha_r"":0.8,""availability_fraction"":0.5,""beta_l"":0.4,""beta_r"":0.5,""bootstrap_mode"":""cold_start"",""candidate_fixed_point_damping"":0.5,""candidate_fixed_point_max_iterations"":20,""candidate_fixed_point_relative_tolerance"":0.0001,""cloud_count"":1,""comparison_group"":""lambda_0.5"",""comparison_method"":""per_request_customized"",""control_mode"":""fixed"",""downtime_log_mean"":2.5,""downtime_log_sigma"":0.8,""edge_count"":5,""edge_link_factor"":2.0,""experiment_layer"":""system_poisson"",""fixed_online_budget_ms"":10.0,""fixed_planning_interval_slots"":5,""fixed_total_pool_budget"":20,""lambda_g"":0.7,""lambda_h"":0.7,""lambda_per_slot"":0.5,""max_deadline_ms"":1999.0,""min_deadline_ms"":500.0,""minimum_control_window_slots"":5,""minimum_replanning_interval_slots"":2,""name"":""lambda_0.5_per_request_customized"",""online_budgets_ms"":[5.0,10.0,20.0],""online_timing_mode"":""measured"",""origin_group_count"":2,""plan_ttl_slots"":20,""planning_candidate_generator_mode"":""customized"",""planning_customized_archive_capacity"":64,""planning_customized_generations"":4,""planning_customized_population_size"":12,""planning_deadline_ms"":2000.0,""planning_intervals"":[5,10,20],""planning_runtime_ms"":100.0,""planning_sample_count"":20,""planning_timing_mode"":""measured"",""pool_budget_mode"":""fixed_total"",""profile_count"":2,""slot_count"":200,""slot_length_ms"":100.0,""suite"":""load"",""total_pool_budgets"":[8,20,40],""uptime_scale"":100.0,""uptime_shape"":1.5,""user_count"":10,""workload_mode"":""poisson_profile_catalog""}",200,207,80,38,42,30,8,1,0,1,1.0373975944527498,682.3475407645388,0.8727606942307782,5468.421215306547,0,0,0,38,0,0,0,0,0.0,8251.559419091791,103.14449273864739,166.7816659901291,0,0,0,1496,1243,0,253,0,38,0,0,22260728,cold_start,stability_delay_energy_v4,unified_fixed_point_v3,explicit_snapshot_v1,poisson_profile_catalog_v1,periodic_repository_v1,customized_periodic_pool_v1,empirical_window_beta_v1,slot_up_down_v1,fixed_service_time_v1,fixed_path_v1,full_duplex_shared_heat_v1,deployment_return_energy_v1,periodic_three_objective_v3,discrete_mpc_v1,grid_tkb_v1,arrival_risk_diversity_v1,budgeted_fixed_point_v1,regularized_surrogate_v1,goodput_cost_v1,0.475,0.525,0.375,0.21052631578947367,0.02631578947368421,1.4492753623188406,0.0,0.0,0.0,0.475,0.0
system_poisson:poisson_lifecycle_v1:load:c9c0be40695dce94:per_request_customized:r7:s20260726,c9c0be40695dce94,load,lambda_0.5_per_request_customized,lambda_0.5,per_request_customized,7,20260726,system_poisson,poisson_lifecycle_v1,poisson_profile_catalog,per_request_customized,not_applicable,p12_g4_a64,cold_start,measured,measured,fixed,fixed_total,0.5,cfb348bc73ed6b08,6c2f0ddd78fdc176,5b65cd2b9f52218c,5d8d75c05ac19d95,"{""algorithm"":""per_request_customized"",""alpha_l"":0.7,""alpha_r"":0.8,""availability_fraction"":0.5,""beta_l"":0.4,""beta_r"":0.5,""bootstrap_mode"":""cold_start"",""candidate_fixed_point_damping"":0.5,""candidate_fixed_point_max_iterations"":20,""candidate_fixed_point_relative_tolerance"":0.0001,""cloud_count"":1,""comparison_group"":""lambda_0.5"",""comparison_method"":""per_request_customized"",""control_mode"":""fixed"",""downtime_log_mean"":2.5,""downtime_log_sigma"":0.8,""edge_count"":5,""edge_link_factor"":2.0,""experiment_layer"":""system_poisson"",""fixed_online_budget_ms"":10.0,""fixed_planning_interval_slots"":5,""fixed_total_pool_budget"":20,""lambda_g"":0.7,""lambda_h"":0.7,""lambda_per_slot"":0.5,""max_deadline_ms"":1999.0,""min_deadline_ms"":500.0,""minimum_control_window_slots"":5,""minimum_replanning_interval_slots"":2,""name"":""lambda_0.5_per_request_customized"",""online_budgets_ms"":[5.0,10.0,20.0],""online_timing_mode"":""measured"",""origin_group_count"":2,""plan_ttl_slots"":20,""planning_candidate_generator_mode"":""customized"",""planning_customized_archive_capacity"":64,""planning_customized_generations"":4,""planning_customized_population_size"":12,""planning_deadline_ms"":2000.0,""planning_intervals"":[5,10,20],""planning_runtime_ms"":100.0,""planning_sample_count"":20,""planning_timing_mode"":""measured"",""pool_budget_mode"":""fixed_total"",""profile_count"":2,""slot_count"":200,""slot_length_ms"":100.0,""suite"":""load"",""total_pool_budgets"":[8,20,40],""uptime_scale"":100.0,""uptime_shape"":1.5,""user_count"":10,""workload_mode"":""poisson_profile_catalog""}",200,211,101,37,64,36,1,3,0,1,1.137130047692383,808.6424596285248,0.8325248997738969,6701.910714005921,0,0,0,37,0,0,0,0,0.0,13091.616579331458,129.61996613199463,214.26800009794533,0,0,0,1846,1607,0,239,0,37,0,0,22260729,cold_start,stability_delay_energy_v4,unified_fixed_point_v3,explicit_snapshot_v1,poisson_profile_catalog_v1,periodic_repository_v1,customized_periodic_pool_v1,empirical_window_beta_v1,slot_up_down_v1,fixed_service_time_v1,fixed_path_v1,full_duplex_shared_heat_v1,deployment_return_energy_v1,periodic_three_objective_v3,discrete_mpc_v1,grid_tkb_v1,arrival_risk_diversity_v1,budgeted_fixed_point_v1,regularized_surrogate_v1,goodput_cost_v1,0.36633663366336633,0.6336633663366337,0.3564356435643564,0.02702702702702703,0.08108108108108109,1.7061611374407581,0.0,0.0,0.0,0.36633663366336633,0.0
system_poisson:poisson_lifecycle_v1:load:c9c0be40695dce94:per_request_customized:r8:s20260727,c9c0be40695dce94,load,lambda_0.5_per_request_customized,lambda_0.5,per_request_customized,8,20260727,system_poisson,poisson_lifecycle_v1,poisson_profile_catalog,per_request_customized,not_applicable,p12_g4_a64,cold_start,measured,measured,fixed,fixed_total,0.5,77262aef7c650c15,adddb8a44db4224c,404224c5a44bfb20,5f427e7b1456da70,"{""algorithm"":""per_request_customized"",""alpha_l"":0.7,""alpha_r"":0.8,""availability_fraction"":0.5,""beta_l"":0.4,""beta_r"":0.5,""bootstrap_mode"":""cold_start"",""candidate_fixed_point_damping"":0.5,""candidate_fixed_point_max_iterations"":20,""candidate_fixed_point_relative_tolerance"":0.0001,""cloud_count"":1,""comparison_group"":""lambda_0.5"",""comparison_method"":""per_request_customized"",""control_mode"":""fixed"",""downtime_log_mean"":2.5,""downtime_log_sigma"":0.8,""edge_count"":5,""edge_link_factor"":2.0,""experiment_layer"":""system_poisson"",""fixed_online_budget_ms"":10.0,""fixed_planning_interval_slots"":5,""fixed_total_pool_budget"":20,""lambda_g"":0.7,""lambda_h"":0.7,""lambda_per_slot"":0.5,""max_deadline_ms"":1999.0,""min_deadline_ms"":500.0,""minimum_control_window_slots"":5,""minimum_replanning_interval_slots"":2,""name"":""lambda_0.5_per_request_customized"",""online_budgets_ms"":[5.0,10.0,20.0],""online_timing_mode"":""measured"",""origin_group_count"":2,""plan_ttl_slots"":20,""planning_candidate_generator_mode"":""customized"",""planning_customized_archive_capacity"":64,""planning_customized_generations"":4,""planning_customized_population_size"":12,""planning_deadline_ms"":2000.0,""planning_intervals"":[5,10,20],""planning_runtime_ms"":100.0,""planning_sample_count"":20,""planning_timing_mode"":""measured"",""pool_budget_mode"":""fixed_total"",""profile_count"":2,""slot_count"":200,""slot_length_ms"":100.0,""suite"":""load"",""total_pool_budgets"":[8,20,40],""uptime_scale"":100.0,""uptime_shape"":1.5,""user_count"":10,""workload_mode"":""poisson_profile_catalog""}",200,202,108,39,69,33,6,0,0,1,1.2045004614283767,664.4443088242491,0.84890745299522,6714.476598962998,0,0,0,39,0,0,0,0,0.0,15464.65516963508,143.1912515706952,291.89374996349216,0,0,0,1998,1531,0,467,0,39,0,0,22260730,cold_start,stability_delay_energy_v4,unified_fixed_point_v3,explicit_snapshot_v1,poisson_profile_catalog_v1,periodic_repository_v1,customized_periodic_pool_v1,empirical_window_beta_v1,slot_up_down_v1,fixed_service_time_v1,fixed_path_v1,full_duplex_shared_heat_v1,deployment_return_energy_v1,periodic_three_objective_v3,discrete_mpc_v1,grid_tkb_v1,arrival_risk_diversity_v1,budgeted_fixed_point_v1,regularized_surrogate_v1,goodput_cost_v1,0.3611111111111111,0.6388888888888888,0.3055555555555556,0.15384615384615385,0.0,1.6336633663366338,0.0,0.0,0.0,0.3611111111111111,0.0
system_poisson:poisson_lifecycle_v1:load:c9c0be40695dce94:per_request_customized:r9:s20260728,c9c0be40695dce94,load,lambda_0.5_per_request_customized,lambda_0.5,per_request_customized,9,20260728,system_poisson,poisson_lifecycle_v1,poisson_profile_catalog,per_request_customized,not_applicable,p12_g4_a64,cold_start,measured,measured,fixed,fixed_total,0.5,51994d7f38a9b2d2,94c502adeeb85260,a3311c2761016b59,58651f60c37cc329,"{""algorithm"":""per_request_customized"",""alpha_l"":0.7,""alpha_r"":0.8,""availability_fraction"":0.5,""beta_l"":0.4,""beta_r"":0.5,""bootstrap_mode"":""cold_start"",""candidate_fixed_point_damping"":0.5,""candidate_fixed_point_max_iterations"":20,""candidate_fixed_point_relative_tolerance"":0.0001,""cloud_count"":1,""comparison_group"":""lambda_0.5"",""comparison_method"":""per_request_customized"",""control_mode"":""fixed"",""downtime_log_mean"":2.5,""downtime_log_sigma"":0.8,""edge_count"":5,""edge_link_factor"":2.0,""experiment_layer"":""system_poisson"",""fixed_online_budget_ms"":10.0,""fixed_planning_interval_slots"":5,""fixed_total_pool_budget"":20,""lambda_g"":0.7,""lambda_h"":0.7,""lambda_per_slot"":0.5,""max_deadline_ms"":1999.0,""min_deadline_ms"":500.0,""minimum_control_window_slots"":5,""minimum_replanning_interval_slots"":2,""name"":""lambda_0.5_per_request_customized"",""online_budgets_ms"":[5.0,10.0,20.0],""online_timing_mode"":""measured"",""origin_group_count"":2,""plan_ttl_slots"":20,""planning_candidate_generator_mode"":""customized"",""planning_customized_archive_capacity"":64,""planning_customized_generations"":4,""planning_customized_population_size"":12,""planning_deadline_ms"":2000.0,""planning_intervals"":[5,10,20],""planning_runtime_ms"":100.0,""planning_sample_count"":20,""planning_timing_mode"":""measured"",""pool_budget_mode"":""fixed_total"",""profile_count"":2,""slot_count"":200,""slot_length_ms"":100.0,""suite"":""load"",""total_pool_budgets"":[8,20,40],""uptime_scale"":100.0,""uptime_shape"":1.5,""user_count"":10,""workload_mode"":""poisson_profile_catalog""}",200,203,93,53,40,46,7,2,0,1,1.6915278916177923,548.6310748088715,0.850898101513847,4791.36342331361,0,0,0,53,0,0,0,0,0.0,10352.36775118392,111.31578227079484,203.7724161054939,0,0,0,2168,1371,0,797,0,53,0,0,22260731,cold_start,stability_delay_energy_v4,unified_fixed_point_v3,explicit_snapshot_v1,poisson_profile_catalog_v1,periodic_repository_v1,customized_periodic_pool_v1,empirical_window_beta_v1,slot_up_down_v1,fixed_service_time_v1,fixed_path_v1,full_duplex_shared_heat_v1,deployment_return_energy_v1,periodic_three_objective_v3,discrete_mpc_v1,grid_tkb_v1,arrival_risk_diversity_v1,budgeted_fixed_point_v1,regularized_surrogate_v1,goodput_cost_v1,0.5698924731182796,0.43010752688172044,0.4946236559139785,0.1320754716981132,0.03773584905660377,2.2660098522167487,0.0,0.0,0.0,0.5698924731182796,0.0
system_poisson:poisson_lifecycle_v1:load:c9c0be40695dce94:per_request_customized:r10:s20260729,c9c0be40695dce94,load,lambda_0.5_per_request_customized,lambda_0.5,per_request_customized,10,20260729,system_poisson,poisson_lifecycle_v1,poisson_profile_catalog,per_request_customized,not_applicable,p12_g4_a64,cold_start,measured,measured,fixed,fixed_total,0.5,5b8d17f0ef7f4099,329b4f7d21be54ff,27d57e4c1d2a2ff4,5bfdd62f4d90fc6a,"{""algorithm"":""per_request_customized"",""alpha_l"":0.7,""alpha_r"":0.8,""availability_fraction"":0.5,""beta_l"":0.4,""beta_r"":0.5,""bootstrap_mode"":""cold_start"",""candidate_fixed_point_damping"":0.5,""candidate_fixed_point_max_iterations"":20,""candidate_fixed_point_relative_tolerance"":0.0001,""cloud_count"":1,""comparison_group"":""lambda_0.5"",""comparison_method"":""per_request_customized"",""control_mode"":""fixed"",""downtime_log_mean"":2.5,""downtime_log_sigma"":0.8,""edge_count"":5,""edge_link_factor"":2.0,""experiment_layer"":""system_poisson"",""fixed_online_budget_ms"":10.0,""fixed_planning_interval_slots"":5,""fixed_total_pool_budget"":20,""lambda_g"":0.7,""lambda_h"":0.7,""lambda_per_slot"":0.5,""max_deadline_ms"":1999.0,""min_deadline_ms"":500.0,""minimum_control_window_slots"":5,""minimum_replanning_interval_slots"":2,""name"":""lambda_0.5_per_request_customized"",""online_budgets_ms"":[5.0,10.0,20.0],""online_timing_mode"":""measured"",""origin_group_count"":2,""plan_ttl_slots"":20,""planning_candidate_generator_mode"":""customized"",""planning_customized_archive_capacity"":64,""planning_customized_generations"":4,""planning_customized_population_size"":12,""planning_deadline_ms"":2000.0,""planning_intervals"":[5,10,20],""planning_runtime_ms"":100.0,""planning_sample_count"":20,""planning_timing_mode"":""measured"",""pool_budget_mode"":""fixed_total"",""profile_count"":2,""slot_count"":200,""slot_length_ms"":100.0,""suite"":""load"",""total_pool_budgets"":[8,20,40],""uptime_scale"":100.0,""uptime_shape"":1.5,""user_count"":10,""workload_mode"":""poisson_profile_catalog""}",200,200,98,62,36,52,10,0,0,1,2.089830572921559,476.3835379568321,0.8309380339492409,4912.767865247612,0,0,0,62,0,0,0,0,0.0,13238.221166306175,135.08388945210382,220.49070801585913,0,0,0,2304,1562,0,742,0,62,0,0,22260732,cold_start,stability_delay_energy_v4,unified_fixed_point_v3,explicit_snapshot_v1,poisson_profile_catalog_v1,periodic_repository_v1,customized_periodic_pool_v1,empirical_window_beta_v1,slot_up_down_v1,fixed_service_time_v1,fixed_path_v1,full_duplex_shared_heat_v1,deployment_return_energy_v1,periodic_three_objective_v3,discrete_mpc_v1,grid_tkb_v1,arrival_risk_diversity_v1,budgeted_fixed_point_v1,regularized_surrogate_v1,goodput_cost_v1,0.6326530612244898,0.3673469387755102,0.5306122448979592,0.16129032258064516,0.0,2.6,0.0,0.0,0.0,0.6326530612244898,0.0
system_poisson:poisson_lifecycle_v1:load:c9c0be40695dce94:per_request_customized:r11:s20260730,c9c0be40695dce94,load,lambda_0.5_per_request_customized,lambda_0.5,per_request_customized,11,20260730,system_poisson,poisson_lifecycle_v1,poisson_profile_catalog,per_request_customized,not_applicable,p12_g4_a64,cold_start,measured,measured,fixed,fixed_total,0.5,30f077b6e956d2e4,a9f113d17c0a9b50,9760be34767b156d,2fbd8cdb625c9aae,"{""algorithm"":""per_request_customized"",""alpha_l"":0.7,""alpha_r"":0.8,""availability_fraction"":0.5,""beta_l"":0.4,""beta_r"":0.5,""bootstrap_mode"":""cold_start"",""candidate_fixed_point_damping"":0.5,""candidate_fixed_point_max_iterations"":20,""candidate_fixed_point_relative_tolerance"":0.0001,""cloud_count"":1,""comparison_group"":""lambda_0.5"",""comparison_method"":""per_request_customized"",""control_mode"":""fixed"",""downtime_log_mean"":2.5,""downtime_log_sigma"":0.8,""edge_count"":5,""edge_link_factor"":2.0,""experiment_layer"":""system_poisson"",""fixed_online_budget_ms"":10.0,""fixed_planning_interval_slots"":5,""fixed_total_pool_budget"":20,""lambda_g"":0.7,""lambda_h"":0.7,""lambda_per_slot"":0.5,""max_deadline_ms"":1999.0,""min_deadline_ms"":500.0,""minimum_control_window_slots"":5,""minimum_replanning_interval_slots"":2,""name"":""lambda_0.5_per_request_customized"",""online_budgets_ms"":[5.0,10.0,20.0],""online_timing_mode"":""measured"",""origin_group_count"":2,""plan_ttl_slots"":20,""planning_candidate_generator_mode"":""customized"",""planning_customized_archive_capacity"":64,""planning_customized_generations"":4,""planning_customized_population_size"":12,""planning_deadline_ms"":2000.0,""planning_intervals"":[5,10,20],""planning_runtime_ms"":100.0,""planning_sample_count"":20,""planning_timing_mode"":""measured"",""pool_budget_mode"":""fixed_total"",""profile_count"":2,""slot_count"":200,""slot_length_ms"":100.0,""suite"":""load"",""total_pool_budgets"":[8,20,40],""uptime_scale"":100.0,""uptime_shape"":1.5,""user_count"":10,""workload_mode"":""poisson_profile_catalog""}",200,200,111,54,57,52,2,2,0,1,1.9544857567981595,506.90072705089074,0.8433064915614529,5257.965519289382,0,0,0,54,0,0,0,0,0.0,18148.434291477315,163.49940803132716,261.37225003913045,0,0,0,2271,1932,0,339,0,54,0,0,22260733,cold_start,stability_delay_energy_v4,unified_fixed_point_v3,explicit_snapshot_v1,poisson_profile_catalog_v1,periodic_repository_v1,customized_periodic_pool_v1,empirical_window_beta_v1,slot_up_down_v1,fixed_service_time_v1,fixed_path_v1,full_duplex_shared_heat_v1,deployment_return_energy_v1,periodic_three_objective_v3,discrete_mpc_v1,grid_tkb_v1,arrival_risk_diversity_v1,budgeted_fixed_point_v1,regularized_surrogate_v1,goodput_cost_v1,0.4864864864864865,0.5135135135135135,0.46846846846846846,0.037037037037037035,0.037037037037037035,2.6,0.0,0.0,0.0,0.4864864864864865,0.0
system_poisson:poisson_lifecycle_v1:load:c9c0be40695dce94:per_request_customized:r12:s20260731,c9c0be40695dce94,load,lambda_0.5_per_request_customized,lambda_0.5,per_request_customized,12,20260731,system_poisson,poisson_lifecycle_v1,poisson_profile_catalog,per_request_customized,not_applicable,p12_g4_a64,cold_start,measured,measured,fixed,fixed_total,0.5,c8a1c19b9973aa96,c57247db4e0508db,7006b24ba38c3a14,5615e2a246665bbb,"{""algorithm"":""per_request_customized"",""alpha_l"":0.7,""alpha_r"":0.8,""availability_fraction"":0.5,""beta_l"":0.4,""beta_r"":0.5,""bootstrap_mode"":""cold_start"",""candidate_fixed_point_damping"":0.5,""candidate_fixed_point_max_iterations"":20,""candidate_fixed_point_relative_tolerance"":0.0001,""cloud_count"":1,""comparison_group"":""lambda_0.5"",""comparison_method"":""per_request_customized"",""control_mode"":""fixed"",""downtime_log_mean"":2.5,""downtime_log_sigma"":0.8,""edge_count"":5,""edge_link_factor"":2.0,""experiment_layer"":""system_poisson"",""fixed_online_budget_ms"":10.0,""fixed_planning_interval_slots"":5,""fixed_total_pool_budget"":20,""lambda_g"":0.7,""lambda_h"":0.7,""lambda_per_slot"":0.5,""max_deadline_ms"":1999.0,""min_deadline_ms"":500.0,""minimum_control_window_slots"":5,""minimum_replanning_interval_slots"":2,""name"":""lambda_0.5_per_request_customized"",""online_budgets_ms"":[5.0,10.0,20.0],""online_timing_mode"":""measured"",""origin_group_count"":2,""plan_ttl_slots"":20,""planning_candidate_generator_mode"":""customized"",""planning_customized_archive_capacity"":64,""planning_customized_generations"":4,""planning_customized_population_size"":12,""planning_deadline_ms"":2000.0,""planning_intervals"":[5,10,20],""planning_runtime_ms"":100.0,""planning_sample_count"":20,""planning_timing_mode"":""measured"",""pool_budget_mode"":""fixed_total"",""profile_count"":2,""slot_count"":200,""slot_length_ms"":100.0,""suite"":""load"",""total_pool_budgets"":[8,20,40],""uptime_scale"":100.0,""uptime_shape"":1.5,""user_count"":10,""workload_mode"":""poisson_profile_catalog""}",200,207,92,43,49,39,4,0,0,1,1.3658926281279637,639.4883444828761,0.8543361932478617,7387.857058690467,0,0,0,43,0,0,0,0,0.0,12188.992289360613,132.4890466234849,208.01195898093283,0,0,0,1818,1542,0,276,0,43,0,0,22260734,cold_start,stability_delay_energy_v4,unified_fixed_point_v3,explicit_snapshot_v1,poisson_profile_catalog_v1,periodic_repository_v1,customized_periodic_pool_v1,empirical_window_beta_v1,slot_up_down_v1,fixed_service_time_v1,fixed_path_v1,full_duplex_shared_heat_v1,deployment_return_energy_v1,periodic_three_objective_v3,discrete_mpc_v1,grid_tkb_v1,arrival_risk_diversity_v1,budgeted_fixed_point_v1,regularized_surrogate_v1,goodput_cost_v1,0.4673913043478261,0.532608695652174,0.42391304347826086,0.09302325581395349,0.0,1.884057971014493,0.0,0.0,0.0,0.4673913043478261,0.0
system_poisson:poisson_lifecycle_v1:load:c9c0be40695dce94:per_request_customized:r13:s20260732,c9c0be40695dce94,load,lambda_0.5_per_request_customized,lambda_0.5,per_request_customized,13,20260732,system_poisson,poisson_lifecycle_v1,poisson_profile_catalog,per_request_customized,not_applicable,p12_g4_a64,cold_start,measured,measured,fixed,fixed_total,0.5,2570004416ece14a,3e0c88c5a91c29b4,bf98f816bd8249b6,a897565254a74026,"{""algorithm"":""per_request_customized"",""alpha_l"":0.7,""alpha_r"":0.8,""availability_fraction"":0.5,""beta_l"":0.4,""beta_r"":0.5,""bootstrap_mode"":""cold_start"",""candidate_fixed_point_damping"":0.5,""candidate_fixed_point_max_iterations"":20,""candidate_fixed_point_relative_tolerance"":0.0001,""cloud_count"":1,""comparison_group"":""lambda_0.5"",""comparison_method"":""per_request_customized"",""control_mode"":""fixed"",""downtime_log_mean"":2.5,""downtime_log_sigma"":0.8,""edge_count"":5,""edge_link_factor"":2.0,""experiment_layer"":""system_poisson"",""fixed_online_budget_ms"":10.0,""fixed_planning_interval_slots"":5,""fixed_total_pool_budget"":20,""lambda_g"":0.7,""lambda_h"":0.7,""lambda_per_slot"":0.5,""max_deadline_ms"":1999.0,""min_deadline_ms"":500.0,""minimum_control_window_slots"":5,""minimum_replanning_interval_slots"":2,""name"":""lambda_0.5_per_request_customized"",""online_budgets_ms"":[5.0,10.0,20.0],""online_timing_mode"":""measured"",""origin_group_count"":2,""plan_ttl_slots"":20,""planning_candidate_generator_mode"":""customized"",""planning_customized_archive_capacity"":64,""planning_customized_generations"":4,""planning_customized_population_size"":12,""planning_deadline_ms"":2000.0,""planning_intervals"":[5,10,20],""planning_runtime_ms"":100.0,""planning_sample_count"":20,""planning_timing_mode"":""measured"",""pool_budget_mode"":""fixed_total"",""profile_count"":2,""slot_count"":200,""slot_length_ms"":100.0,""suite"":""load"",""total_pool_budgets"":[8,20,40],""uptime_scale"":100.0,""uptime_shape"":1.5,""user_count"":10,""workload_mode"":""poisson_profile_catalog""}",200,205,110,67,43,61,6,3,0,1,2.1805634726844962,562.7587124432591,0.8599063062096044,7244.827814435581,0,0,0,67,0,0,0,0,0.0,14930.885624373332,135.7353238579394,216.80841699708253,0,0,0,2250,1596,0,654,0,67,0,0,22260735,cold_start,stability_delay_energy_v4,unified_fixed_point_v3,explicit_snapshot_v1,poisson_profile_catalog_v1,periodic_repository_v1,customized_periodic_pool_v1,empirical_window_beta_v1,slot_up_down_v1,fixed_service_time_v1,fixed_path_v1,full_duplex_shared_heat_v1,deployment_return_energy_v1,periodic_three_objective_v3,discrete_mpc_v1,grid_tkb_v1,arrival_risk_diversity_v1,budgeted_fixed_point_v1,regularized_surrogate_v1,goodput_cost_v1,0.6090909090909091,0.39090909090909093,0.5545454545454546,0.08955223880597014,0.04477611940298507,2.975609756097561,0.0,0.0,0.0,0.6090909090909091,0.0
system_poisson:poisson_lifecycle_v1:load:c9c0be40695dce94:per_request_customized:r14:s20260733,c9c0be40695dce94,load,lambda_0.5_per_request_customized,lambda_0.5,per_request_customized,14,20260733,system_poisson,poisson_lifecycle_v1,poisson_profile_catalog,per_request_customized,not_applicable,p12_g4_a64,cold_start,measured,measured,fixed,fixed_total,0.5,e549ef942191509c,82b0c7769f30bf5e,bab641500ba2a52e,9238a84d7f53868e,"{""algorithm"":""per_request_customized"",""alpha_l"":0.7,""alpha_r"":0.8,""availability_fraction"":0.5,""beta_l"":0.4,""beta_r"":0.5,""bootstrap_mode"":""cold_start"",""candidate_fixed_point_damping"":0.5,""candidate_fixed_point_max_iterations"":20,""candidate_fixed_point_relative_tolerance"":0.0001,""cloud_count"":1,""comparison_group"":""lambda_0.5"",""comparison_method"":""per_request_customized"",""control_mode"":""fixed"",""downtime_log_mean"":2.5,""downtime_log_sigma"":0.8,""edge_count"":5,""edge_link_factor"":2.0,""experiment_layer"":""system_poisson"",""fixed_online_budget_ms"":10.0,""fixed_planning_interval_slots"":5,""fixed_total_pool_budget"":20,""lambda_g"":0.7,""lambda_h"":0.7,""lambda_per_slot"":0.5,""max_deadline_ms"":1999.0,""min_deadline_ms"":500.0,""minimum_control_window_slots"":5,""minimum_replanning_interval_slots"":2,""name"":""lambda_0.5_per_request_customized"",""online_budgets_ms"":[5.0,10.0,20.0],""online_timing_mode"":""measured"",""origin_group_count"":2,""plan_ttl_slots"":20,""planning_candidate_generator_mode"":""customized"",""planning_customized_archive_capacity"":64,""planning_customized_generations"":4,""planning_customized_population_size"":12,""planning_deadline_ms"":2000.0,""planning_intervals"":[5,10,20],""planning_runtime_ms"":100.0,""planning_sample_count"":20,""planning_timing_mode"":""measured"",""pool_budget_mode"":""fixed_total"",""profile_count"":2,""slot_count"":200,""slot_length_ms"":100.0,""suite"":""load"",""total_pool_budgets"":[8,20,40],""uptime_scale"":100.0,""uptime_shape"":1.5,""user_count"":10,""workload_mode"":""poisson_profile_catalog""}",200,200,103,43,60,39,4,0,0,1,1.4482141417739673,616.8893453410063,0.8405022626285076,5656.674061548038,0,0,0,43,0,0,0,0,0.0,11915.788795333356,115.6872698576054,201.8615419510752,0,0,0,1922,1705,0,217,0,43,0,0,22260736,cold_start,stability_delay_energy_v4,unified_fixed_point_v3,explicit_snapshot_v1,poisson_profile_catalog_v1,periodic_repository_v1,customized_periodic_pool_v1,empirical_window_beta_v1,slot_up_down_v1,fixed_service_time_v1,fixed_path_v1,full_duplex_shared_heat_v1,deployment_return_energy_v1,periodic_three_objective_v3,discrete_mpc_v1,grid_tkb_v1,arrival_risk_diversity_v1,budgeted_fixed_point_v1,regularized_surrogate_v1,goodput_cost_v1,0.4174757281553398,0.5825242718446602,0.3786407766990291,0.09302325581395349,0.0,1.95,0.0,0.0,0.0,0.4174757281553398,0.0
system_poisson:poisson_lifecycle_v1:load:c9c0be40695dce94:per_request_customized:r15:s20260734,c9c0be40695dce94,load,lambda_0.5_per_request_customized,lambda_0.5,per_request_customized,15,20260734,system_poisson,poisson_lifecycle_v1,poisson_profile_catalog,per_request_customized,not_applicable,p12_g4_a64,cold_start,measured,measured,fixed,fixed_total,0.5,9d81372cc2973096,868f2658ddad8015,b0193e6199b4485d,554a01216359253d,"{""algorithm"":""per_request_customized"",""alpha_l"":0.7,""alpha_r"":0.8,""availability_fraction"":0.5,""beta_l"":0.4,""beta_r"":0.5,""bootstrap_mode"":""cold_start"",""candidate_fixed_point_damping"":0.5,""candidate_fixed_point_max_iterations"":20,""candidate_fixed_point_relative_tolerance"":0.0001,""cloud_count"":1,""comparison_group"":""lambda_0.5"",""comparison_method"":""per_request_customized"",""control_mode"":""fixed"",""downtime_log_mean"":2.5,""downtime_log_sigma"":0.8,""edge_count"":5,""edge_link_factor"":2.0,""experiment_layer"":""system_poisson"",""fixed_online_budget_ms"":10.0,""fixed_planning_interval_slots"":5,""fixed_total_pool_budget"":20,""lambda_g"":0.7,""lambda_h"":0.7,""lambda_per_slot"":0.5,""max_deadline_ms"":1999.0,""min_deadline_ms"":500.0,""minimum_control_window_slots"":5,""minimum_replanning_interval_slots"":2,""name"":""lambda_0.5_per_request_customized"",""online_budgets_ms"":[5.0,10.0,20.0],""online_timing_mode"":""measured"",""origin_group_count"":2,""plan_ttl_slots"":20,""planning_candidate_generator_mode"":""customized"",""planning_customized_archive_capacity"":64,""planning_customized_generations"":4,""planning_customized_population_size"":12,""planning_deadline_ms"":2000.0,""planning_intervals"":[5,10,20],""planning_runtime_ms"":100.0,""planning_sample_count"":20,""planning_timing_mode"":""measured"",""pool_budget_mode"":""fixed_total"",""profile_count"":2,""slot_count"":200,""slot_length_ms"":100.0,""suite"":""load"",""total_pool_budgets"":[8,20,40],""uptime_scale"":100.0,""uptime_shape"":1.5,""user_count"":10,""workload_mode"":""poisson_profile_catalog""}",200,205,100,45,55,35,10,1,0,1,1.2113965109823583,697.5658017264369,0.8582587874284447,5393.421572991436,0,0,0,45,0,0,0,0,0.0,10182.030039723031,101.82030039723031,173.52866695728153,0,0,0,1878,1603,0,275,0,45,0,0,22260737,cold_start,stability_delay_energy_v4,unified_fixed_point_v3,explicit_snapshot_v1,poisson_profile_catalog_v1,periodic_repository_v1,customized_periodic_pool_v1,empirical_window_beta_v1,slot_up_down_v1,fixed_service_time_v1,fixed_path_v1,full_duplex_shared_heat_v1,deployment_return_energy_v1,periodic_three_objective_v3,discrete_mpc_v1,grid_tkb_v1,arrival_risk_diversity_v1,budgeted_fixed_point_v1,regularized_surrogate_v1,goodput_cost_v1,0.45,0.55,0.35,0.2222222222222222,0.022222222222222223,1.7073170731707317,0.0,0.0,0.0,0.45,0.0
system_poisson:poisson_lifecycle_v1:load:c9c0be40695dce94:per_request_customized:r16:s20260735,c9c0be40695dce94,load,lambda_0.5_per_request_customized,lambda_0.5,per_request_customized,16,20260735,system_poisson,poisson_lifecycle_v1,poisson_profile_catalog,per_request_customized,not_applicable,p12_g4_a64,cold_start,measured,measured,fixed,fixed_total,0.5,c61c842e17f225e3,3da65bab6008a478,8e6510e0c3cb127c,615e85118266de25,"{""algorithm"":""per_request_customized"",""alpha_l"":0.7,""alpha_r"":0.8,""availability_fraction"":0.5,""beta_l"":0.4,""beta_r"":0.5,""bootstrap_mode"":""cold_start"",""candidate_fixed_point_damping"":0.5,""candidate_fixed_point_max_iterations"":20,""candidate_fixed_point_relative_tolerance"":0.0001,""cloud_count"":1,""comparison_group"":""lambda_0.5"",""comparison_method"":""per_request_customized"",""control_mode"":""fixed"",""downtime_log_mean"":2.5,""downtime_log_sigma"":0.8,""edge_count"":5,""edge_link_factor"":2.0,""experiment_layer"":""system_poisson"",""fixed_online_budget_ms"":10.0,""fixed_planning_interval_slots"":5,""fixed_total_pool_budget"":20,""lambda_g"":0.7,""lambda_h"":0.7,""lambda_per_slot"":0.5,""max_deadline_ms"":1999.0,""min_deadline_ms"":500.0,""minimum_control_window_slots"":5,""minimum_replanning_interval_slots"":2,""name"":""lambda_0.5_per_request_customized"",""online_budgets_ms"":[5.0,10.0,20.0],""online_timing_mode"":""measured"",""origin_group_count"":2,""plan_ttl_slots"":20,""planning_candidate_generator_mode"":""customized"",""planning_customized_archive_capacity"":64,""planning_customized_generations"":4,""planning_customized_population_size"":12,""planning_deadline_ms"":2000.0,""planning_intervals"":[5,10,20],""planning_runtime_ms"":100.0,""planning_sample_count"":20,""planning_timing_mode"":""measured"",""pool_budget_mode"":""fixed_total"",""profile_count"":2,""slot_count"":200,""slot_length_ms"":100.0,""suite"":""load"",""total_pool_budgets"":[8,20,40],""uptime_scale"":100.0,""uptime_shape"":1.5,""user_count"":10,""workload_mode"":""poisson_profile_catalog""}",200,200,87,41,46,32,9,2,0,1,1.1271108082329928,741.9449859977849,0.8822301147854036,7554.199822648206,0,0,0,41,0,0,0,0,0.0,12442.605164833367,143.01845017049848,226.55704198405147,0,0,0,1702,1262,0,440,0,41,0,0,22260738,cold_start,stability_delay_energy_v4,unified_fixed_point_v3,explicit_snapshot_v1,poisson_profile_catalog_v1,periodic_repository_v1,customized_periodic_pool_v1,empirical_window_beta_v1,slot_up_down_v1,fixed_service_time_v1,fixed_path_v1,full_duplex_shared_heat_v1,deployment_return_energy_v1,periodic_three_objective_v3,discrete_mpc_v1,grid_tkb_v1,arrival_risk_diversity_v1,budgeted_fixed_point_v1,regularized_surrogate_v1,goodput_cost_v1,0.47126436781609193,0.5287356321839081,0.367816091954023,0.21951219512195122,0.04878048780487805,1.6,0.0,0.0,0.0,0.47126436781609193,0.0
system_poisson:poisson_lifecycle_v1:load:c9c0be40695dce94:per_request_customized:r17:s20260736,c9c0be40695dce94,load,lambda_0.5_per_request_customized,lambda_0.5,per_request_customized,17,20260736,system_poisson,poisson_lifecycle_v1,poisson_profile_catalog,per_request_customized,not_applicable,p12_g4_a64,cold_start,measured,measured,fixed,fixed_total,0.5,a1e1594e7589a223,d9b518a32809412d,dec7914cbc1d4fcb,6d1494c76aa00136,"{""algorithm"":""per_request_customized"",""alpha_l"":0.7,""alpha_r"":0.8,""availability_fraction"":0.5,""beta_l"":0.4,""beta_r"":0.5,""bootstrap_mode"":""cold_start"",""candidate_fixed_point_damping"":0.5,""candidate_fixed_point_max_iterations"":20,""candidate_fixed_point_relative_tolerance"":0.0001,""cloud_count"":1,""comparison_group"":""lambda_0.5"",""comparison_method"":""per_request_customized"",""control_mode"":""fixed"",""downtime_log_mean"":2.5,""downtime_log_sigma"":0.8,""edge_count"":5,""edge_link_factor"":2.0,""experiment_layer"":""system_poisson"",""fixed_online_budget_ms"":10.0,""fixed_planning_interval_slots"":5,""fixed_total_pool_budget"":20,""lambda_g"":0.7,""lambda_h"":0.7,""lambda_per_slot"":0.5,""max_deadline_ms"":1999.0,""min_deadline_ms"":500.0,""minimum_control_window_slots"":5,""minimum_replanning_interval_slots"":2,""name"":""lambda_0.5_per_request_customized"",""online_budgets_ms"":[5.0,10.0,20.0],""online_timing_mode"":""measured"",""origin_group_count"":2,""plan_ttl_slots"":20,""planning_candidate_generator_mode"":""customized"",""planning_customized_archive_capacity"":64,""planning_customized_generations"":4,""planning_customized_population_size"":12,""planning_deadline_ms"":2000.0,""planning_intervals"":[5,10,20],""planning_runtime_ms"":100.0,""planning_sample_count"":20,""planning_timing_mode"":""measured"",""pool_budget_mode"":""fixed_total"",""profile_count"":2,""slot_count"":200,""slot_length_ms"":100.0,""suite"":""load"",""total_pool_budgets"":[8,20,40],""uptime_scale"":100.0,""uptime_shape"":1.5,""user_count"":10,""workload_mode"":""poisson_profile_catalog""}",200,203,97,43,54,41,2,1,0,1,1.5167631672815864,640.1453958920531,0.855395529476742,5478.9310917232715,0,0,0,43,0,0,0,0,0.0,12126.409418182448,125.01453008435513,209.23458295874298,0,0,0,1788,1573,0,215,0,43,0,0,22260739,cold_start,stability_delay_energy_v4,unified_fixed_point_v3,explicit_snapshot_v1,poisson_profile_catalog_v1,periodic_repository_v1,customized_periodic_pool_v1,empirical_window_beta_v1,slot_up_down_v1,fixed_service_time_v1,fixed_path_v1,full_duplex_shared_heat_v1,deployment_return_energy_v1,periodic_three_objective_v3,discrete_mpc_v1,grid_tkb_v1,arrival_risk_diversity_v1,budgeted_fixed_point_v1,regularized_surrogate_v1,goodput_cost_v1,0.44329896907216493,0.5567010309278351,0.422680412371134,0.046511627906976744,0.023255813953488372,2.019704433497537,0.0,0.0,0.0,0.44329896907216493,0.0
system_poisson:poisson_lifecycle_v1:load:c9c0be40695dce94:per_request_customized:r18:s20260737,c9c0be40695dce94,load,lambda_0.5_per_request_customized,lambda_0.5,per_request_customized,18,20260737,system_poisson,poisson_lifecycle_v1,poisson_profile_catalog,per_request_customized,not_applicable,p12_g4_a64,cold_start,measured,measured,fixed,fixed_total,0.5,2340d35db3923e87,6c6665153475ebe0,618e4ef0457fc014,fb1a538d3c9d367a,"{""algorithm"":""per_request_customized"",""alpha_l"":0.7,""alpha_r"":0.8,""availability_fraction"":0.5,""beta_l"":0.4,""beta_r"":0.5,""bootstrap_mode"":""cold_start"",""candidate_fixed_point_damping"":0.5,""candidate_fixed_point_max_iterations"":20,""candidate_fixed_point_relative_tolerance"":0.0001,""cloud_count"":1,""comparison_group"":""lambda_0.5"",""comparison_method"":""per_request_customized"",""control_mode"":""fixed"",""downtime_log_mean"":2.5,""downtime_log_sigma"":0.8,""edge_count"":5,""edge_link_factor"":2.0,""experiment_layer"":""system_poisson"",""fixed_online_budget_ms"":10.0,""fixed_planning_interval_slots"":5,""fixed_total_pool_budget"":20,""lambda_g"":0.7,""lambda_h"":0.7,""lambda_per_slot"":0.5,""max_deadline_ms"":1999.0,""min_deadline_ms"":500.0,""minimum_control_window_slots"":5,""minimum_replanning_interval_slots"":2,""name"":""lambda_0.5_per_request_customized"",""online_budgets_ms"":[5.0,10.0,20.0],""online_timing_mode"":""measured"",""origin_group_count"":2,""plan_ttl_slots"":20,""planning_candidate_generator_mode"":""customized"",""planning_customized_archive_capacity"":64,""planning_customized_generations"":4,""planning_customized_population_size"":12,""planning_deadline_ms"":2000.0,""planning_intervals"":[5,10,20],""planning_runtime_ms"":100.0,""planning_sample_count"":20,""planning_timing_mode"":""measured"",""pool_budget_mode"":""fixed_total"",""profile_count"":2,""slot_count"":200,""slot_length_ms"":100.0,""suite"":""load"",""total_pool_budgets"":[8,20,40],""uptime_scale"":100.0,""uptime_shape"":1.5,""user_count"":10,""workload_mode"":""poisson_profile_catalog""}",200,202,102,64,38,58,6,1,0,1,2.1876830760057637,520.1350240588948,0.8392349144102726,4791.1424627333245,0,0,0,64,0,0,0,0,0.0,13846.922869444825,135.75414577887082,210.54683404508978,0,0,0,2084,1595,0,489,0,64,0,0,22260740,cold_start,stability_delay_energy_v4,unified_fixed_point_v3,explicit_snapshot_v1,poisson_profile_catalog_v1,periodic_repository_v1,customized_periodic_pool_v1,empirical_window_beta_v1,slot_up_down_v1,fixed_service_time_v1,fixed_path_v1,full_duplex_shared_heat_v1,deployment_return_energy_v1,periodic_three_objective_v3,discrete_mpc_v1,grid_tkb_v1,arrival_risk_diversity_v1,budgeted_fixed_point_v1,regularized_surrogate_v1,goodput_cost_v1,0.6274509803921569,0.37254901960784315,0.5686274509803921,0.09375,0.015625,2.871287128712871,0.0,0.0,0.0,0.6274509803921569,0.0
system_poisson:poisson_lifecycle_v1:load:c9c0be40695dce94:per_request_customized:r19:s20260738,c9c0be40695dce94,load,lambda_0.5_per_request_customized,lambda_0.5,per_request_customized,19,20260738,system_poisson,poisson_lifecycle_v1,poisson_profile_catalog,per_request_customized,not_applicable,p12_g4_a64,cold_start,measured,measured,fixed,fixed_total,0.5,2f8cac81e28c6822,342fe7b24aabf9c9,2e181ee8ad237f86,a5b68c6f808e683d,"{""algorithm"":""per_request_customized"",""alpha_l"":0.7,""alpha_r"":0.8,""availability_fraction"":0.5,""beta_l"":0.4,""beta_r"":0.5,""bootstrap_mode"":""cold_start"",""candidate_fixed_point_damping"":0.5,""candidate_fixed_point_max_iterations"":20,""candidate_fixed_point_relative_tolerance"":0.0001,""cloud_count"":1,""comparison_group"":""lambda_0.5"",""comparison_method"":""per_request_customized"",""control_mode"":""fixed"",""downtime_log_mean"":2.5,""downtime_log_sigma"":0.8,""edge_count"":5,""edge_link_factor"":2.0,""experiment_layer"":""system_poisson"",""fixed_online_budget_ms"":10.0,""fixed_planning_interval_slots"":5,""fixed_total_pool_budget"":20,""lambda_g"":0.7,""lambda_h"":0.7,""lambda_per_slot"":0.5,""max_deadline_ms"":1999.0,""min_deadline_ms"":500.0,""minimum_control_window_slots"":5,""minimum_replanning_interval_slots"":2,""name"":""lambda_0.5_per_request_customized"",""online_budgets_ms"":[5.0,10.0,20.0],""online_timing_mode"":""measured"",""origin_group_count"":2,""plan_ttl_slots"":20,""planning_candidate_generator_mode"":""customized"",""planning_customized_archive_capacity"":64,""planning_customized_generations"":4,""planning_customized_population_size"":12,""planning_deadline_ms"":2000.0,""planning_intervals"":[5,10,20],""planning_runtime_ms"":100.0,""planning_sample_count"":20,""planning_timing_mode"":""measured"",""pool_budget_mode"":""fixed_total"",""profile_count"":2,""slot_count"":200,""slot_length_ms"":100.0,""suite"":""load"",""total_pool_budgets"":[8,20,40],""uptime_scale"":100.0,""uptime_shape"":1.5,""user_count"":10,""workload_mode"":""poisson_profile_catalog""}",200,211,100,27,73,24,3,0,0,1,0.7966088743753724,808.2421177663724,0.8384190069186104,6323.119530196536,0,0,0,27,0,0,0,0,0.0,12177.8385451762,121.778385451762,192.05141707789153,0,0,0,1876,1751,0,125,0,27,0,0,22260741,cold_start,stability_delay_energy_v4,unified_fixed_point_v3,explicit_snapshot_v1,poisson_profile_catalog_v1,periodic_repository_v1,customized_periodic_pool_v1,empirical_window_beta_v1,slot_up_down_v1,fixed_service_time_v1,fixed_path_v1,full_duplex_shared_heat_v1,deployment_return_energy_v1,periodic_three_objective_v3,discrete_mpc_v1,grid_tkb_v1,arrival_risk_diversity_v1,budgeted_fixed_point_v1,regularized_surrogate_v1,goodput_cost_v1,0.27,0.73,0.24,0.1111111111111111,0.0,1.1374407582938388,0.0,0.0,0.0,0.27,0.0
system_poisson:poisson_lifecycle_v1:load:1ef5277a0d1bcfd0:periodic_customized:r0:s20260719,1ef5277a0d1bcfd0,load,lambda_1_periodic_customized,lambda_1,periodic_customized,0,20260719,system_poisson,poisson_lifecycle_v1,poisson_profile_catalog,periodic_customized,customized,p12_g4_a64,prewarm,measured,measured,fixed,fixed_total,1.0,6d295842eb0296d0,fca0df0e76e8aea8,68e477ed3df2fad8,c3ade63673949cb4,"{""algorithm"":""periodic_customized"",""alpha_l"":0.7,""alpha_r"":0.8,""availability_fraction"":0.5,""beta_l"":0.4,""beta_r"":0.5,""bootstrap_mode"":""prewarm"",""candidate_fixed_point_damping"":0.5,""candidate_fixed_point_max_iterations"":20,""candidate_fixed_point_relative_tolerance"":0.0001,""cloud_count"":1,""comparison_group"":""lambda_1"",""comparison_method"":""periodic_customized"",""control_mode"":""fixed"",""downtime_log_mean"":2.5,""downtime_log_sigma"":0.8,""edge_count"":5,""edge_link_factor"":2.0,""experiment_layer"":""system_poisson"",""fixed_online_budget_ms"":10.0,""fixed_planning_interval_slots"":5,""fixed_total_pool_budget"":20,""lambda_g"":0.7,""lambda_h"":0.7,""lambda_per_slot"":1.0,""max_deadline_ms"":1999.0,""min_deadline_ms"":500.0,""minimum_control_window_slots"":5,""minimum_replanning_interval_slots"":2,""name"":""lambda_1_periodic_customized"",""online_budgets_ms"":[5.0,10.0,20.0],""online_timing_mode"":""measured"",""origin_group_count"":2,""plan_ttl_slots"":20,""planning_candidate_generator_mode"":""customized"",""planning_customized_archive_capacity"":64,""planning_customized_generations"":4,""planning_customized_population_size"":12,""planning_deadline_ms"":2000.0,""planning_intervals"":[5,10,20],""planning_runtime_ms"":100.0,""planning_sample_count"":20,""planning_timing_mode"":""measured"",""pool_budget_mode"":""fixed_total"",""profile_count"":2,""slot_count"":200,""slot_length_ms"":100.0,""suite"":""load"",""total_pool_budgets"":[8,20,40],""uptime_scale"":100.0,""uptime_shape"":1.5,""user_count"":10,""workload_mode"":""poisson_profile_catalog""}",200,206,191,47,144,41,6,2,0,1,1.375573028912852,726.3157723091034,0.8684075246963328,4492.9587425141235,23,10,14,0,0,40,15,25,16055.108960717916,894.9228341225535,4.685459864515987,9.29866696242243,20,19,0,2817,2542,0,275,133,108,49,103,22260722,prewarm,stability_delay_energy_v4,unified_fixed_point_v3,explicit_snapshot_v1,poisson_profile_catalog_v1,periodic_repository_v1,customized_periodic_pool_v1,empirical_window_beta_v1,slot_up_down_v1,fixed_service_time_v1,fixed_path_v1,full_duplex_shared_heat_v1,deployment_return_energy_v1,periodic_three_objective_v3,discrete_mpc_v1,grid_tkb_v1,arrival_risk_diversity_v1,budgeted_fixed_point_v1,regularized_surrogate_v1,goodput_cost_v1,0.24607329842931938,0.7539267015706806,0.21465968586387435,0.1276595744680851,0.0425531914893617,1.9902912621359221,0.12041884816753927,0.05235602094240838,0.07329842931937172,0.0,0.0
system_poisson:poisson_lifecycle_v1:load:1ef5277a0d1bcfd0:periodic_customized:r1:s20260720,1ef5277a0d1bcfd0,load,lambda_1_periodic_customized,lambda_1,periodic_customized,1,20260720,system_poisson,poisson_lifecycle_v1,poisson_profile_catalog,periodic_customized,customized,p12_g4_a64,prewarm,measured,measured,fixed,fixed_total,1.0,a4f53f5438a025fd,a0ac5e6d1accb3ff,b090fbef89e23494,4948b9b559ca3dae,"{""algorithm"":""periodic_customized"",""alpha_l"":0.7,""alpha_r"":0.8,""availability_fraction"":0.5,""beta_l"":0.4,""beta_r"":0.5,""bootstrap_mode"":""prewarm"",""candidate_fixed_point_damping"":0.5,""candidate_fixed_point_max_iterations"":20,""candidate_fixed_point_relative_tolerance"":0.0001,""cloud_count"":1,""comparison_group"":""lambda_1"",""comparison_method"":""periodic_customized"",""control_mode"":""fixed"",""downtime_log_mean"":2.5,""downtime_log_sigma"":0.8,""edge_count"":5,""edge_link_factor"":2.0,""experiment_layer"":""system_poisson"",""fixed_online_budget_ms"":10.0,""fixed_planning_interval_slots"":5,""fixed_total_pool_budget"":20,""lambda_g"":0.7,""lambda_h"":0.7,""lambda_per_slot"":1.0,""max_deadline_ms"":1999.0,""min_deadline_ms"":500.0,""minimum_control_window_slots"":5,""minimum_replanning_interval_slots"":2,""name"":""lambda_1_periodic_customized"",""online_budgets_ms"":[5.0,10.0,20.0],""online_timing_mode"":""measured"",""origin_group_count"":2,""plan_ttl_slots"":20,""planning_candidate_generator_mode"":""customized"",""planning_customized_archive_capacity"":64,""planning_customized_generations"":4,""planning_customized_population_size"":12,""planning_deadline_ms"":2000.0,""planning_intervals"":[5,10,20],""planning_runtime_ms"":100.0,""planning_sample_count"":20,""planning_timing_mode"":""measured"",""pool_budget_mode"":""fixed_total"",""profile_count"":2,""slot_count"":200,""slot_length_ms"":100.0,""suite"":""load"",""total_pool_budgets"":[8,20,40],""uptime_scale"":100.0,""uptime_shape"":1.5,""user_count"":10,""workload_mode"":""poisson_profile_catalog""}",200,201,209,62,147,52,10,0,0,1,1.8372466657095505,692.9714290361419,0.8282999730010896,7209.644612490779,24,13,25,0,0,35,17,17,18166.65616480168,1042.3649599542841,4.987392152891312,8.823249954730272,10,9,0,2455,2143,0,312,132,89,41,64,22260723,prewarm,stability_delay_energy_v4,unified_fixed_point_v3,explicit_snapshot_v1,poisson_profile_catalog_v1,periodic_repository_v1,customized_periodic_pool_v1,empirical_window_beta_v1,slot_up_down_v1,fixed_service_time_v1,fixed_path_v1,full_duplex_shared_heat_v1,deployment_return_energy_v1,periodic_three_objective_v3,discrete_mpc_v1,grid_tkb_v1,arrival_risk_diversity_v1,budgeted_fixed_point_v1,regularized_surrogate_v1,goodput_cost_v1,0.2966507177033493,0.7033492822966507,0.24880382775119617,0.16129032258064516,0.0,2.587064676616915,0.11483253588516747,0.06220095693779904,0.11961722488038277,0.0,0.0
system_poisson:poisson_lifecycle_v1:load:1ef5277a0d1bcfd0:periodic_customized:r2:s20260721,1ef5277a0d1bcfd0,load,lambda_1_periodic_customized,lambda_1,periodic_customized,2,20260721,system_poisson,poisson_lifecycle_v1,poisson_profile_catalog,periodic_customized,customized,p12_g4_a64,prewarm,measured,measured,fixed,fixed_total,1.0,e1936cba343be935,938f95453f2442e2,b1b7f5bba0248714,b3c97759fa661993,"{""algorithm"":""periodic_customized"",""alpha_l"":0.7,""alpha_r"":0.8,""availability_fraction"":0.5,""beta_l"":0.4,""beta_r"":0.5,""bootstrap_mode"":""prewarm"",""candidate_fixed_point_damping"":0.5,""candidate_fixed_point_max_iterations"":20,""candidate_fixed_point_relative_tolerance"":0.0001,""cloud_count"":1,""comparison_group"":""lambda_1"",""comparison_method"":""periodic_customized"",""control_mode"":""fixed"",""downtime_log_mean"":2.5,""downtime_log_sigma"":0.8,""edge_count"":5,""edge_link_factor"":2.0,""experiment_layer"":""system_poisson"",""fixed_online_budget_ms"":10.0,""fixed_planning_interval_slots"":5,""fixed_total_pool_budget"":20,""lambda_g"":0.7,""lambda_h"":0.7,""lambda_per_slot"":1.0,""max_deadline_ms"":1999.0,""min_deadline_ms"":500.0,""minimum_control_window_slots"":5,""minimum_replanning_interval_slots"":2,""name"":""lambda_1_periodic_customized"",""online_budgets_ms"":[5.0,10.0,20.0],""online_timing_mode"":""measured"",""origin_group_count"":2,""plan_ttl_slots"":20,""planning_candidate_generator_mode"":""customized"",""planning_customized_archive_capacity"":64,""planning_customized_generations"":4,""planning_customized_population_size"":12,""planning_deadline_ms"":2000.0,""planning_intervals"":[5,10,20],""planning_runtime_ms"":100.0,""planning_sample_count"":20,""planning_timing_mode"":""measured"",""pool_budget_mode"":""fixed_total"",""profile_count"":2,""slot_count"":200,""slot_length_ms"":100.0,""suite"":""load"",""total_pool_budgets"":[8,20,40],""uptime_scale"":100.0,""uptime_shape"":1.5,""user_count"":10,""workload_mode"":""poisson_profile_catalog""}",200,208,211,77,134,74,3,2,0,1,2.698903079228999,524.6909749044529,0.8299950759332624,5409.086347306588,35,30,12,0,0,32,18,13,18934.437082265504,1421.7309140367433,6.738061203965608,12.097334023565054,1,0,0,2564,2086,0,478,218,175,150,151,22260724,prewarm,stability_delay_energy_v4,unified_fixed_point_v3,explicit_snapshot_v1,poisson_profile_catalog_v1,periodic_repository_v1,customized_periodic_pool_v1,empirical_window_beta_v1,slot_up_down_v1,fixed_service_time_v1,fixed_path_v1,full_duplex_shared_heat_v1,deployment_return_energy_v1,periodic_three_objective_v3,discrete_mpc_v1,grid_tkb_v1,arrival_risk_diversity_v1,budgeted_fixed_point_v1,regularized_surrogate_v1,goodput_cost_v1,0.36492890995260663,0.6350710900473934,0.35071090047393366,0.03896103896103896,0.025974025974025976,3.5576923076923075,0.16587677725118483,0.14218009478672985,0.05687203791469194,0.0,0.0
system_poisson:poisson_lifecycle_v1:load:1ef5277a0d1bcfd0:periodic_customized:r3:s20260722,1ef5277a0d1bcfd0,load,lambda_1_periodic_customized,lambda_1,periodic_customized,3,20260722,system_poisson,poisson_lifecycle_v1,poisson_profile_catalog,periodic_customized,customized,p12_g4_a64,prewarm,measured,measured,fixed,fixed_total,1.0,cad518de228dec43,e2c448830ab998d5,5b89c04953d23a62,a8d64a668c29fff0,"{""algorithm"":""periodic_customized"",""alpha_l"":0.7,""alpha_r"":0.8,""availability_fraction"":0.5,""beta_l"":0.4,""beta_r"":0.5,""bootstrap_mode"":""prewarm"",""candidate_fixed_point_damping"":0.5,""candidate_fixed_point_max_iterations"":20,""candidate_fixed_point_relative_tolerance"":0.0001,""cloud_count"":1,""comparison_group"":""lambda_1"",""comparison_method"":""periodic_customized"",""control_mode"":""fixed"",""downtime_log_mean"":2.5,""downtime_log_sigma"":0.8,""edge_count"":5,""edge_link_factor"":2.0,""experiment_layer"":""system_poisson"",""fixed_online_budget_ms"":10.0,""fixed_planning_interval_slots"":5,""fixed_total_pool_budget"":20,""lambda_g"":0.7,""lambda_h"":0.7,""lambda_per_slot"":1.0,""max_deadline_ms"":1999.0,""min_deadline_ms"":500.0,""minimum_control_window_slots"":5,""minimum_replanning_interval_slots"":2,""name"":""lambda_1_periodic_customized"",""online_budgets_ms"":[5.0,10.0,20.0],""online_timing_mode"":""measured"",""origin_group_count"":2,""plan_ttl_slots"":20,""planning_candidate_generator_mode"":""customized"",""planning_customized_archive_capacity"":64,""planning_customized_generations"":4,""planning_customized_population_size"":12,""planning_deadline_ms"":2000.0,""planning_intervals"":[5,10,20],""planning_runtime_ms"":100.0,""planning_sample_count"":20,""planning_timing_mode"":""measured"",""pool_budget_mode"":""fixed_total"",""profile_count"":2,""slot_count"":200,""slot_length_ms"":100.0,""suite"":""load"",""total_pool_budgets"":[8,20,40],""uptime_scale"":100.0,""uptime_shape"":1.5,""user_count"":10,""workload_mode"":""poisson_profile_catalog""}",200,211,210,68,142,62,6,1,0,1,2.162222721352935,602.6345171346059,0.8506918100674968,5745.005650330487,35,10,23,0,0,36,18,17,17932.952537667006,1098.1913377763703,5.229482560839859,9.933207998983562,5,4,0,2949,2414,0,535,231,141,92,102,22260725,prewarm,stability_delay_energy_v4,unified_fixed_point_v3,explicit_snapshot_v1,poisson_profile_catalog_v1,periodic_repository_v1,customized_periodic_pool_v1,empirical_window_beta_v1,slot_up_down_v1,fixed_service_time_v1,fixed_path_v1,full_duplex_shared_heat_v1,deployment_return_energy_v1,periodic_three_objective_v3,discrete_mpc_v1,grid_tkb_v1,arrival_risk_diversity_v1,budgeted_fixed_point_v1,regularized_surrogate_v1,goodput_cost_v1,0.3238095238095238,0.6761904761904762,0.29523809523809524,0.08823529411764706,0.014705882352941176,2.9383886255924168,0.16666666666666666,0.047619047619047616,0.10952380952380952,0.0,0.0
system_poisson:poisson_lifecycle_v1:load:1ef5277a0d1bcfd0:periodic_customized:r4:s20260723,1ef5277a0d1bcfd0,load,lambda_1_periodic_customized,lambda_1,periodic_customized,4,20260723,system_poisson,poisson_lifecycle_v1,poisson_profile_catalog,periodic_customized,customized,p12_g4_a64,prewarm,measured,measured,fixed,fixed_total,1.0,85e4775618fc9271,04cc006508118ace,6d76626369b7dc47,7df8c4f9894fbd11,"{""algorithm"":""periodic_customized"",""alpha_l"":0.7,""alpha_r"":0.8,""availability_fraction"":0.5,""beta_l"":0.4,""beta_r"":0.5,""bootstrap_mode"":""prewarm"",""candidate_fixed_point_damping"":0.5,""candidate_fixed_point_max_iterations"":20,""candidate_fixed_point_relative_tolerance"":0.0001,""cloud_count"":1,""comparison_group"":""lambda_1"",""comparison_method"":""periodic_customized"",""control_mode"":""fixed"",""downtime_log_mean"":2.5,""downtime_log_sigma"":0.8,""edge_count"":5,""edge_link_factor"":2.0,""experiment_layer"":""system_poisson"",""fixed_online_budget_ms"":10.0,""fixed_planning_interval_slots"":5,""fixed_total_pool_budget"":20,""lambda_g"":0.7,""lambda_h"":0.7,""lambda_per_slot"":1.0,""max_deadline_ms"":1999.0,""min_deadline_ms"":500.0,""minimum_control_window_slots"":5,""minimum_replanning_interval_slots"":2,""name"":""lambda_1_periodic_customized"",""online_budgets_ms"":[5.0,10.0,20.0],""online_timing_mode"":""measured"",""origin_group_count"":2,""plan_ttl_slots"":20,""planning_candidate_generator_mode"":""customized"",""planning_customized_archive_capacity"":64,""planning_customized_generations"":4,""planning_customized_population_size"":12,""planning_deadline_ms"":2000.0,""planning_intervals"":[5,10,20],""planning_runtime_ms"":100.0,""planning_sample_count"":20,""planning_timing_mode"":""measured"",""pool_budget_mode"":""fixed_total"",""profile_count"":2,""slot_count"":200,""slot_length_ms"":100.0,""suite"":""load"",""total_pool_budgets"":[8,20,40],""uptime_scale"":100.0,""uptime_shape"":1.5,""user_count"":10,""workload_mode"":""poisson_profile_catalog""}",200,202,206,66,140,60,6,2,0,1,2.191611033014861,589.2774303746065,0.8418621612479275,6808.656623944136,20,26,20,0,0,34,13,20,19122.211958514526,1220.1133277267218,5.9228802316831155,11.746790958568454,4,3,0,2648,2286,0,362,153,98,51,89,22260726,prewarm,stability_delay_energy_v4,unified_fixed_point_v3,explicit_snapshot_v1,poisson_profile_catalog_v1,periodic_repository_v1,customized_periodic_pool_v1,empirical_window_beta_v1,slot_up_down_v1,fixed_service_time_v1,fixed_path_v1,full_duplex_shared_heat_v1,deployment_return_energy_v1,periodic_three_objective_v3,discrete_mpc_v1,grid_tkb_v1,arrival_risk_diversity_v1,budgeted_fixed_point_v1,regularized_surrogate_v1,goodput_cost_v1,0.32038834951456313,0.6796116504854369,0.2912621359223301,0.09090909090909091,0.030303030303030304,2.9702970297029703,0.0970873786407767,0.1262135922330097,0.0970873786407767,0.0,0.0
system_poisson:poisson_lifecycle_v1:load:1ef5277a0d1bcfd0:periodic_customized:r5:s20260724,1ef5277a0d1bcfd0,load,lambda_1_periodic_customized,lambda_1,periodic_customized,5,20260724,system_poisson,poisson_lifecycle_v1,poisson_profile_catalog,periodic_customized,customized,p12_g4_a64,prewarm,measured,measured,fixed,fixed_total,1.0,d24fe9836276a23a,5f88dfc591596c91,8236ef19df927245,c61766e5adeaf7a9,"{""algorithm"":""periodic_customized"",""alpha_l"":0.7,""alpha_r"":0.8,""availability_fraction"":0.5,""beta_l"":0.4,""beta_r"":0.5,""bootstrap_mode"":""prewarm"",""candidate_fixed_point_damping"":0.5,""candidate_fixed_point_max_iterations"":20,""candidate_fixed_point_relative_tolerance"":0.0001,""cloud_count"":1,""comparison_group"":""lambda_1"",""comparison_method"":""periodic_customized"",""control_mode"":""fixed"",""downtime_log_mean"":2.5,""downtime_log_sigma"":0.8,""edge_count"":5,""edge_link_factor"":2.0,""experiment_layer"":""system_poisson"",""fixed_online_budget_ms"":10.0,""fixed_planning_interval_slots"":5,""fixed_total_pool_budget"":20,""lambda_g"":0.7,""lambda_h"":0.7,""lambda_per_slot"":1.0,""max_deadline_ms"":1999.0,""min_deadline_ms"":500.0,""minimum_control_window_slots"":5,""minimum_replanning_interval_slots"":2,""name"":""lambda_1_periodic_customized"",""online_budgets_ms"":[5.0,10.0,20.0],""online_timing_mode"":""measured"",""origin_group_count"":2,""plan_ttl_slots"":20,""planning_candidate_generator_mode"":""customized"",""planning_customized_archive_capacity"":64,""planning_customized_generations"":4,""planning_customized_population_size"":12,""planning_deadline_ms"":2000.0,""planning_intervals"":[5,10,20],""planning_runtime_ms"":100.0,""planning_sample_count"":20,""planning_timing_mode"":""measured"",""pool_budget_mode"":""fixed_total"",""profile_count"":2,""slot_count"":200,""slot_length_ms"":100.0,""suite"":""load"",""total_pool_budgets"":[8,20,40],""uptime_scale"":100.0,""uptime_shape"":1.5,""user_count"":10,""workload_mode"":""poisson_profile_catalog""}",200,203,196,68,128,58,10,0,0,1,2.109470265803761,490.47188386144956,0.8403819886372828,4320.925021998426,46,12,10,0,0,37,25,11,17352.95487358235,1014.0009135939181,5.173474048948561,10.86954097263515,11,10,0,2810,2599,0,211,128,115,88,77,22260727,prewarm,stability_delay_energy_v4,unified_fixed_point_v3,explicit_snapshot_v1,poisson_profile_catalog_v1,periodic_repository_v1,customized_periodic_pool_v1,empirical_window_beta_v1,slot_up_down_v1,fixed_service_time_v1,fixed_path_v1,full_duplex_shared_heat_v1,deployment_return_energy_v1,periodic_three_objective_v3,discrete_mpc_v1,grid_tkb_v1,arrival_risk_diversity_v1,budgeted_fixed_point_v1,regularized_surrogate_v1,goodput_cost_v1,0.3469387755102041,0.6530612244897959,0.29591836734693877,0.14705882352941177,0.0,2.857142857142857,0.23469387755102042,0.061224489795918366,0.05102040816326531,0.0,0.0
system_poisson:poisson_lifecycle_v1:load:1ef5277a0d1bcfd0:periodic_customized:r6:s20260725,1ef5277a0d1bcfd0,load,lambda_1_periodic_customized,lambda_1,periodic_customized,6,20260725,system_poisson,poisson_lifecycle_v1,poisson_profile_catalog,periodic_customized,customized,p12_g4_a64,prewarm,measured,measured,fixed,fixed_total,1.0,26abbdd9b75bc615,fc04fea1c464df4f,315f55f80c124787,b0aa21bae96916c6,"{""algorithm"":""periodic_customized"",""alpha_l"":0.7,""alpha_r"":0.8,""availability_fraction"":0.5,""beta_l"":0.4,""beta_r"":0.5,""bootstrap_mode"":""prewarm"",""candidate_fixed_point_damping"":0.5,""candidate_fixed_point_max_iterations"":20,""candidate_fixed_point_relative_tolerance"":0.0001,""cloud_count"":1,""comparison_group"":""lambda_1"",""comparison_method"":""periodic_customized"",""control_mode"":""fixed"",""downtime_log_mean"":2.5,""downtime_log_sigma"":0.8,""edge_count"":5,""edge_link_factor"":2.0,""experiment_layer"":""system_poisson"",""fixed_online_budget_ms"":10.0,""fixed_planning_interval_slots"":5,""fixed_total_pool_budget"":20,""lambda_g"":0.7,""lambda_h"":0.7,""lambda_per_slot"":1.0,""max_deadline_ms"":1999.0,""min_deadline_ms"":500.0,""minimum_control_window_slots"":5,""minimum_replanning_interval_slots"":2,""name"":""lambda_1_periodic_customized"",""online_budgets_ms"":[5.0,10.0,20.0],""online_timing_mode"":""measured"",""origin_group_count"":2,""plan_ttl_slots"":20,""planning_candidate_generator_mode"":""customized"",""planning_customized_archive_capacity"":64,""planning_customized_generations"":4,""planning_customized_population_size"":12,""planning_deadline_ms"":2000.0,""planning_intervals"":[5,10,20],""planning_runtime_ms"":100.0,""planning_sample_count"":20,""planning_timing_mode"":""measured"",""pool_budget_mode"":""fixed_total"",""profile_count"":2,""slot_count"":200,""slot_length_ms"":100.0,""suite"":""load"",""total_pool_budgets"":[8,20,40],""uptime_scale"":100.0,""uptime_shape"":1.5,""user_count"":10,""workload_mode"":""poisson_profile_catalog""}",200,209,183,53,130,43,10,0,0,1,1.5271314924194757,667.1568146328015,0.8535052933763649,5761.418116466586,22,16,15,0,0,39,18,20,18069.364209193736,816.3034569006413,4.460674627872357,9.450374986045063,8,7,0,2916,2497,0,419,159,107,61,95,22260728,prewarm,stability_delay_energy_v4,unified_fixed_point_v3,explicit_snapshot_v1,poisson_profile_catalog_v1,periodic_repository_v1,customized_periodic_pool_v1,empirical_window_beta_v1,slot_up_down_v1,fixed_service_time_v1,fixed_path_v1,full_duplex_shared_heat_v1,deployment_return_energy_v1,periodic_three_objective_v3,discrete_mpc_v1,grid_tkb_v1,arrival_risk_diversity_v1,budgeted_fixed_point_v1,regularized_surrogate_v1,goodput_cost_v1,0.2896174863387978,0.7103825136612022,0.23497267759562843,0.18867924528301888,0.0,2.057416267942584,0.12021857923497267,0.08743169398907104,0.08196721311475409,0.0,0.0
system_poisson:poisson_lifecycle_v1:load:1ef5277a0d1bcfd0:periodic_customized:r7:s20260726,1ef5277a0d1bcfd0,load,lambda_1_periodic_customized,lambda_1,periodic_customized,7,20260726,system_poisson,poisson_lifecycle_v1,poisson_profile_catalog,periodic_customized,customized,p12_g4_a64,prewarm,measured,measured,fixed,fixed_total,1.0,cfb348bc73ed6b08,6c2f0ddd78fdc176,45d9b67b7d7e2742,5d8d75c05ac19d95,"{""algorithm"":""periodic_customized"",""alpha_l"":0.7,""alpha_r"":0.8,""availability_fraction"":0.5,""beta_l"":0.4,""beta_r"":0.5,""bootstrap_mode"":""prewarm"",""candidate_fixed_point_damping"":0.5,""candidate_fixed_point_max_iterations"":20,""candidate_fixed_point_relative_tolerance"":0.0001,""cloud_count"":1,""comparison_group"":""lambda_1"",""comparison_method"":""periodic_customized"",""control_mode"":""fixed"",""downtime_log_mean"":2.5,""downtime_log_sigma"":0.8,""edge_count"":5,""edge_link_factor"":2.0,""experiment_layer"":""system_poisson"",""fixed_online_budget_ms"":10.0,""fixed_planning_interval_slots"":5,""fixed_total_pool_budget"":20,""lambda_g"":0.7,""lambda_h"":0.7,""lambda_per_slot"":1.0,""max_deadline_ms"":1999.0,""min_deadline_ms"":500.0,""minimum_control_window_slots"":5,""minimum_replanning_interval_slots"":2,""name"":""lambda_1_periodic_customized"",""online_budgets_ms"":[5.0,10.0,20.0],""online_timing_mode"":""measured"",""origin_group_count"":2,""plan_ttl_slots"":20,""planning_candidate_generator_mode"":""customized"",""planning_customized_archive_capacity"":64,""planning_customized_generations"":4,""planning_customized_population_size"":12,""planning_deadline_ms"":2000.0,""planning_intervals"":[5,10,20],""planning_runtime_ms"":100.0,""planning_sample_count"":20,""planning_timing_mode"":""measured"",""pool_budget_mode"":""fixed_total"",""profile_count"":2,""slot_count"":200,""slot_length_ms"":100.0,""suite"":""load"",""total_pool_budgets"":[8,20,40],""uptime_scale"":100.0,""uptime_shape"":1.5,""user_count"":10,""workload_mode"":""poisson_profile_catalog""}",200,211,190,60,130,55,5,0,0,1,1.8433659824882793,730.070431574609,0.8004601083503344,6666.183091508778,25,8,27,0,0,33,14,18,19683.158875675872,1163.1047874689102,6.121604144573212,11.907665990293026,2,1,0,2407,2036,0,371,140,94,45,79,22260729,prewarm,stability_delay_energy_v4,unified_fixed_point_v3,explicit_snapshot_v1,poisson_profile_catalog_v1,periodic_repository_v1,customized_periodic_pool_v1,empirical_window_beta_v1,slot_up_down_v1,fixed_service_time_v1,fixed_path_v1,full_duplex_shared_heat_v1,deployment_return_energy_v1,periodic_three_objective_v3,discrete_mpc_v1,grid_tkb_v1,arrival_risk_diversity_v1,budgeted_fixed_point_v1,regularized_surrogate_v1,goodput_cost_v1,0.3157894736842105,0.6842105263157895,0.2894736842105263,0.08333333333333333,0.0,2.6066350710900474,0.13157894736842105,0.042105263157894736,0.14210526315789473,0.0,0.0
system_poisson:poisson_lifecycle_v1:load:1ef5277a0d1bcfd0:periodic_customized:r8:s20260727,1ef5277a0d1bcfd0,load,lambda_1_periodic_customized,lambda_1,periodic_customized,8,20260727,system_poisson,poisson_lifecycle_v1,poisson_profile_catalog,periodic_customized,customized,p12_g4_a64,prewarm,measured,measured,fixed,fixed_total,1.0,77262aef7c650c15,adddb8a44db4224c,5ef7f7f709b227ab,5f427e7b1456da70,"{""algorithm"":""periodic_customized"",""alpha_l"":0.7,""alpha_r"":0.8,""availability_fraction"":0.5,""beta_l"":0.4,""beta_r"":0.5,""bootstrap_mode"":""prewarm"",""candidate_fixed_point_damping"":0.5,""candidate_fixed_point_max_iterations"":20,""candidate_fixed_point_relative_tolerance"":0.0001,""cloud_count"":1,""comparison_group"":""lambda_1"",""comparison_method"":""periodic_customized"",""control_mode"":""fixed"",""downtime_log_mean"":2.5,""downtime_log_sigma"":0.8,""edge_count"":5,""edge_link_factor"":2.0,""experiment_layer"":""system_poisson"",""fixed_online_budget_ms"":10.0,""fixed_planning_interval_slots"":5,""fixed_total_pool_budget"":20,""lambda_g"":0.7,""lambda_h"":0.7,""lambda_per_slot"":1.0,""max_deadline_ms"":1999.0,""min_deadline_ms"":500.0,""minimum_control_window_slots"":5,""minimum_replanning_interval_slots"":2,""name"":""lambda_1_periodic_customized"",""online_budgets_ms"":[5.0,10.0,20.0],""online_timing_mode"":""measured"",""origin_group_count"":2,""plan_ttl_slots"":20,""planning_candidate_generator_mode"":""customized"",""planning_customized_archive_capacity"":64,""planning_customized_generations"":4,""planning_customized_population_size"":12,""planning_deadline_ms"":2000.0,""planning_intervals"":[5,10,20],""planning_runtime_ms"":100.0,""planning_sample_count"":20,""planning_timing_mode"":""measured"",""pool_budget_mode"":""fixed_total"",""profile_count"":2,""slot_count"":200,""slot_length_ms"":100.0,""suite"":""load"",""total_pool_budgets"":[8,20,40],""uptime_scale"":100.0,""uptime_shape"":1.5,""user_count"":10,""workload_mode"":""poisson_profile_catalog""}",200,207,181,69,112,62,7,0,0,1,2.145219163317712,689.5578461495553,0.8347063152202473,8233.312680641384,19,13,37,0,0,28,6,21,19317.72779149469,1206.836092285812,6.667602719811115,12.646499904803932,4,3,0,2105,1646,0,459,124,69,40,71,22260730,prewarm,stability_delay_energy_v4,unified_fixed_point_v3,explicit_snapshot_v1,poisson_profile_catalog_v1,periodic_repository_v1,customized_periodic_pool_v1,empirical_window_beta_v1,slot_up_down_v1,fixed_service_time_v1,fixed_path_v1,full_duplex_shared_heat_v1,deployment_return_energy_v1,periodic_three_objective_v3,discrete_mpc_v1,grid_tkb_v1,arrival_risk_diversity_v1,budgeted_fixed_point_v1,regularized_surrogate_v1,goodput_cost_v1,0.3812154696132597,0.6187845303867403,0.3425414364640884,0.10144927536231885,0.0,2.995169082125604,0.10497237569060773,0.0718232044198895,0.20441988950276244,0.0,0.0
system_poisson:poisson_lifecycle_v1:load:1ef5277a0d1bcfd0:periodic_customized:r9:s20260728,1ef5277a0d1bcfd0,load,lambda_1_periodic_customized,lambda_1,periodic_customized,9,20260728,system_poisson,poisson_lifecycle_v1,poisson_profile_catalog,periodic_customized,customized,p12_g4_a64,prewarm,measured,measured,fixed,fixed_total,1.0,51994d7f38a9b2d2,94c502adeeb85260,9f5ed373a6bd9324,58651f60c37cc329,"{""algorithm"":""periodic_customized"",""alpha_l"":0.7,""alpha_r"":0.8,""availability_fraction"":0.5,""beta_l"":0.4,""beta_r"":0.5,""bootstrap_mode"":""prewarm"",""candidate_fixed_point_damping"":0.5,""candidate_fixed_point_max_iterations"":20,""candidate_fixed_point_relative_tolerance"":0.0001,""cloud_count"":1,""comparison_group"":""lambda_1"",""comparison_method"":""periodic_customized"",""control_mode"":""fixed"",""downtime_log_mean"":2.5,""downtime_log_sigma"":0.8,""edge_count"":5,""edge_link_factor"":2.0,""experiment_layer"":""system_poisson"",""fixed_online_budget_ms"":10.0,""fixed_planning_interval_slots"":5,""fixed_total_pool_budget"":20,""lambda_g"":0.7,""lambda_h"":0.7,""lambda_per_slot"":1.0,""max_deadline_ms"":1999.0,""min_deadline_ms"":500.0,""minimum_control_window_slots"":5,""minimum_replanning_interval_slots"":2,""name"":""lambda_1_periodic_customized"",""online_budgets_ms"":[5.0,10.0,20.0],""online_timing_mode"":""measured"",""origin_group_count"":2,""plan_ttl_slots"":20,""planning_candidate_generator_mode"":""customized"",""planning_customized_archive_capacity"":64,""planning_customized_generations"":4,""planning_customized_population_size"":12,""planning_deadline_ms"":2000.0,""planning_intervals"":[5,10,20],""planning_runtime_ms"":100.0,""planning_sample_count"":20,""planning_timing_mode"":""measured"",""pool_budget_mode"":""fixed_total"",""profile_count"":2,""slot_count"":200,""slot_length_ms"":100.0,""suite"":""load"",""total_pool_budgets"":[8,20,40],""uptime_scale"":100.0,""uptime_shape"":1.5,""user_count"":10,""workload_mode"":""poisson_profile_catalog""}",200,212,211,77,134,61,16,0,0,1,2.1257996295281143,599.47733134126,0.8405620714054827,6249.976533769266,39,9,29,0,0,34,16,17,18602.467667195015,1360.560871544294,6.4481557893094505,12.303333031013608,2,1,0,3021,1755,0,1266,417,260,112,172,22260731,prewarm,stability_delay_energy_v4,unified_fixed_point_v3,explicit_snapshot_v1,poisson_profile_catalog_v1,periodic_repository_v1,customized_periodic_pool_v1,empirical_window_beta_v1,slot_up_down_v1,fixed_service_time_v1,fixed_path_v1,full_duplex_shared_heat_v1,deployment_return_energy_v1,periodic_three_objective_v3,discrete_mpc_v1,grid_tkb_v1,arrival_risk_diversity_v1,budgeted_fixed_point_v1,regularized_surrogate_v1,goodput_cost_v1,0.36492890995260663,0.6350710900473934,0.2890995260663507,0.2077922077922078,0.0,2.8773584905660377,0.1848341232227488,0.04265402843601896,0.13744075829383887,0.0,0.0
system_poisson:poisson_lifecycle_v1:load:1ef5277a0d1bcfd0:periodic_customized:r10:s20260729,1ef5277a0d1bcfd0,load,lambda_1_periodic_customized,lambda_1,periodic_customized,10,20260729,system_poisson,poisson_lifecycle_v1,poisson_profile_catalog,periodic_customized,customized,p12_g4_a64,prewarm,measured,measured,fixed,fixed_total,1.0,5b8d17f0ef7f4099,329b4f7d21be54ff,897cead0737f85bf,5bfdd62f4d90fc6a,"{""algorithm"":""periodic_customized"",""alpha_l"":0.7,""alpha_r"":0.8,""availability_fraction"":0.5,""beta_l"":0.4,""beta_r"":0.5,""bootstrap_mode"":""prewarm"",""candidate_fixed_point_damping"":0.5,""candidate_fixed_point_max_iterations"":20,""candidate_fixed_point_relative_tolerance"":0.0001,""cloud_count"":1,""comparison_group"":""lambda_1"",""comparison_method"":""periodic_customized"",""control_mode"":""fixed"",""downtime_log_mean"":2.5,""downtime_log_sigma"":0.8,""edge_count"":5,""edge_link_factor"":2.0,""experiment_layer"":""system_poisson"",""fixed_online_budget_ms"":10.0,""fixed_planning_interval_slots"":5,""fixed_total_pool_budget"":20,""lambda_g"":0.7,""lambda_h"":0.7,""lambda_per_slot"":1.0,""max_deadline_ms"":1999.0,""min_deadline_ms"":500.0,""minimum_control_window_slots"":5,""minimum_replanning_interval_slots"":2,""name"":""lambda_1_periodic_customized"",""online_budgets_ms"":[5.0,10.0,20.0],""online_timing_mode"":""measured"",""origin_group_count"":2,""plan_ttl_slots"":20,""planning_candidate_generator_mode"":""customized"",""planning_customized_archive_capacity"":64,""planning_customized_generations"":4,""planning_customized_population_size"":12,""planning_deadline_ms"":2000.0,""planning_intervals"":[5,10,20],""planning_runtime_ms"":100.0,""planning_sample_count"":20,""planning_timing_mode"":""measured"",""pool_budget_mode"":""fixed_total"",""profile_count"":2,""slot_count"":200,""slot_length_ms"":100.0,""suite"":""load"",""total_pool_budgets"":[8,20,40],""uptime_scale"":100.0,""uptime_shape"":1.5,""user_count"":10,""workload_mode"":""poisson_profile_catalog""}",200,204,209,76,133,65,11,0,0,1,2.4594200324499713,525.6338706647489,0.8131472897489367,5567.800541007845,33,18,25,0,0,34,15,18,19106.792457518168,1463.1366219837219,7.000653693702018,12.549916980788112,1,0,0,3001,2126,0,875,347,239,121,175,22260732,prewarm,stability_delay_energy_v4,unified_fixed_point_v3,explicit_snapshot_v1,poisson_profile_catalog_v1,periodic_repository_v1,customized_periodic_pool_v1,empirical_window_beta_v1,slot_up_down_v1,fixed_service_time_v1,fixed_path_v1,full_duplex_shared_heat_v1,deployment_return_energy_v1,periodic_three_objective_v3,discrete_mpc_v1,grid_tkb_v1,arrival_risk_diversity_v1,budgeted_fixed_point_v1,regularized_surrogate_v1,goodput_cost_v1,0.36363636363636365,0.6363636363636364,0.31100478468899523,0.14473684210526316,0.0,3.186274509803922,0.15789473684210525,0.0861244019138756,0.11961722488038277,0.0,0.0
system_poisson:poisson_lifecycle_v1:load:1ef5277a0d1bcfd0:periodic_customized:r11:s20260730,1ef5277a0d1bcfd0,load,lambda_1_periodic_customized,lambda_1,periodic_customized,11,20260730,system_poisson,poisson_lifecycle_v1,poisson_profile_catalog,periodic_customized,customized,p12_g4_a64,prewarm,measured,measured,fixed,fixed_total,1.0,30f077b6e956d2e4,a9f113d17c0a9b50,f4bafd7cbf888eae,2fbd8cdb625c9aae,"{""algorithm"":""periodic_customized"",""alpha_l"":0.7,""alpha_r"":0.8,""availability_fraction"":0.5,""beta_l"":0.4,""beta_r"":0.5,""bootstrap_mode"":""prewarm"",""candidate_fixed_point_damping"":0.5,""candidate_fixed_point_max_iterations"":20,""candidate_fixed_point_relative_tolerance"":0.0001,""cloud_count"":1,""comparison_group"":""lambda_1"",""comparison_method"":""periodic_customized"",""control_mode"":""fixed"",""downtime_log_mean"":2.5,""downtime_log_sigma"":0.8,""edge_count"":5,""edge_link_factor"":2.0,""experiment_layer"":""system_poisson"",""fixed_online_budget_ms"":10.0,""fixed_planning_interval_slots"":5,""fixed_total_pool_budget"":20,""lambda_g"":0.7,""lambda_h"":0.7,""lambda_per_slot"":1.0,""max_deadline_ms"":1999.0,""min_deadline_ms"":500.0,""minimum_control_window_slots"":5,""minimum_replanning_interval_slots"":2,""name"":""lambda_1_periodic_customized"",""online_budgets_ms"":[5.0,10.0,20.0],""online_timing_mode"":""measured"",""origin_group_count"":2,""plan_ttl_slots"":20,""planning_candidate_generator_mode"":""customized"",""planning_customized_archive_capacity"":64,""planning_customized_generations"":4,""planning_customized_population_size"":12,""planning_deadline_ms"":2000.0,""planning_intervals"":[5,10,20],""planning_runtime_ms"":100.0,""planning_sample_count"":20,""planning_timing_mode"":""measured"",""pool_budget_mode"":""fixed_total"",""profile_count"":2,""slot_count"":200,""slot_length_ms"":100.0,""suite"":""load"",""total_pool_budgets"":[8,20,40],""uptime_scale"":100.0,""uptime_shape"":1.5,""user_count"":10,""workload_mode"":""poisson_profile_catalog""}",200,217,179,53,126,50,3,3,0,1,1.7143252799226902,593.3390324556907,0.8285078932222717,5094.511752382195,28,18,7,0,0,30,14,15,18459.354505175725,1169.6313341381028,6.534253263341356,11.653416906483471,6,5,0,2574,2076,0,498,237,180,104,116,22260733,prewarm,stability_delay_energy_v4,unified_fixed_point_v3,explicit_snapshot_v1,poisson_profile_catalog_v1,periodic_repository_v1,customized_periodic_pool_v1,empirical_window_beta_v1,slot_up_down_v1,fixed_service_time_v1,fixed_path_v1,full_duplex_shared_heat_v1,deployment_return_energy_v1,periodic_three_objective_v3,discrete_mpc_v1,grid_tkb_v1,arrival_risk_diversity_v1,budgeted_fixed_point_v1,regularized_surrogate_v1,goodput_cost_v1,0.29608938547486036,0.7039106145251397,0.27932960893854747,0.05660377358490566,0.05660377358490566,2.3041474654377883,0.1564245810055866,0.1005586592178771,0.03910614525139665,0.0,0.0
system_poisson:poisson_lifecycle_v1:load:1ef5277a0d1bcfd0:periodic_customized:r12:s20260731,1ef5277a0d1bcfd0,load,lambda_1_periodic_customized,lambda_1,periodic_customized,12,20260731,system_poisson,poisson_lifecycle_v1,poisson_profile_catalog,periodic_customized,customized,p12_g4_a64,prewarm,measured,measured,fixed,fixed_total,1.0,c8a1c19b9973aa96,c57247db4e0508db,72a5571d4331dbf4,5615e2a246665bbb,"{""algorithm"":""periodic_customized"",""alpha_l"":0.7,""alpha_r"":0.8,""availability_fraction"":0.5,""beta_l"":0.4,""beta_r"":0.5,""bootstrap_mode"":""prewarm"",""candidate_fixed_point_damping"":0.5,""candidate_fixed_point_max_iterations"":20,""candidate_fixed_point_relative_tolerance"":0.0001,""cloud_count"":1,""comparison_group"":""lambda_1"",""comparison_method"":""periodic_customized"",""control_mode"":""fixed"",""downtime_log_mean"":2.5,""downtime_log_sigma"":0.8,""edge_count"":5,""edge_link_factor"":2.0,""experiment_layer"":""system_poisson"",""fixed_online_budget_ms"":10.0,""fixed_planning_interval_slots"":5,""fixed_total_pool_budget"":20,""lambda_g"":0.7,""lambda_h"":0.7,""lambda_per_slot"":1.0,""max_deadline_ms"":1999.0,""min_deadline_ms"":500.0,""minimum_control_window_slots"":5,""minimum_replanning_interval_slots"":2,""name"":""lambda_1_periodic_customized"",""online_budgets_ms"":[5.0,10.0,20.0],""online_timing_mode"":""measured"",""origin_group_count"":2,""plan_ttl_slots"":20,""planning_candidate_generator_mode"":""customized"",""planning_customized_archive_capacity"":64,""planning_customized_generations"":4,""planning_customized_population_size"":12,""planning_deadline_ms"":2000.0,""planning_intervals"":[5,10,20],""planning_runtime_ms"":100.0,""planning_sample_count"":20,""planning_timing_mode"":""measured"",""pool_budget_mode"":""fixed_total"",""profile_count"":2,""slot_count"":200,""slot_length_ms"":100.0,""suite"":""load"",""total_pool_budgets"":[8,20,40],""uptime_scale"":100.0,""uptime_shape"":1.5,""user_count"":10,""workload_mode"":""poisson_profile_catalog""}",200,205,184,62,122,54,8,4,0,1,1.838067044653464,638.8103762775177,0.834581176343547,7474.547728388794,26,17,19,0,0,33,19,13,18089.270455064252,940.5922919977456,5.111914630422531,10.140583966858685,2,1,0,2562,2268,0,294,145,116,92,93,22260734,prewarm,stability_delay_energy_v4,unified_fixed_point_v3,explicit_snapshot_v1,poisson_profile_catalog_v1,periodic_repository_v1,customized_periodic_pool_v1,empirical_window_beta_v1,slot_up_down_v1,fixed_service_time_v1,fixed_path_v1,full_duplex_shared_heat_v1,deployment_return_energy_v1,periodic_three_objective_v3,discrete_mpc_v1,grid_tkb_v1,arrival_risk_diversity_v1,budgeted_fixed_point_v1,regularized_surrogate_v1,goodput_cost_v1,0.33695652173913043,0.6630434782608695,0.29347826086956524,0.12903225806451613,0.06451612903225806,2.6341463414634148,0.14130434782608695,0.09239130434782608,0.10326086956521739,0.0,0.0
system_poisson:poisson_lifecycle_v1:load:1ef5277a0d1bcfd0:periodic_customized:r13:s20260732,1ef5277a0d1bcfd0,load,lambda_1_periodic_customized,lambda_1,periodic_customized,13,20260732,system_poisson,poisson_lifecycle_v1,poisson_profile_catalog,periodic_customized,customized,p12_g4_a64,prewarm,measured,measured,fixed,fixed_total,1.0,2570004416ece14a,3e0c88c5a91c29b4,5e6617b3e9dde363,a897565254a74026,"{""algorithm"":""periodic_customized"",""alpha_l"":0.7,""alpha_r"":0.8,""availability_fraction"":0.5,""beta_l"":0.4,""beta_r"":0.5,""bootstrap_mode"":""prewarm"",""candidate_fixed_point_damping"":0.5,""candidate_fixed_point_max_iterations"":20,""candidate_fixed_point_relative_tolerance"":0.0001,""cloud_count"":1,""comparison_group"":""lambda_1"",""comparison_method"":""periodic_customized"",""control_mode"":""fixed"",""downtime_log_mean"":2.5,""downtime_log_sigma"":0.8,""edge_count"":5,""edge_link_factor"":2.0,""experiment_layer"":""system_poisson"",""fixed_online_budget_ms"":10.0,""fixed_planning_interval_slots"":5,""fixed_total_pool_budget"":20,""lambda_g"":0.7,""lambda_h"":0.7,""lambda_per_slot"":1.0,""max_deadline_ms"":1999.0,""min_deadline_ms"":500.0,""minimum_control_window_slots"":5,""minimum_replanning_interval_slots"":2,""name"":""lambda_1_periodic_customized"",""online_budgets_ms"":[5.0,10.0,20.0],""online_timing_mode"":""measured"",""origin_group_count"":2,""plan_ttl_slots"":20,""planning_candidate_generator_mode"":""customized"",""planning_customized_archive_capacity"":64,""planning_customized_generations"":4,""planning_customized_population_size"":12,""planning_deadline_ms"":2000.0,""planning_intervals"":[5,10,20],""planning_runtime_ms"":100.0,""planning_sample_count"":20,""planning_timing_mode"":""measured"",""pool_budget_mode"":""fixed_total"",""profile_count"":2,""slot_count"":200,""slot_length_ms"":100.0,""suite"":""load"",""total_pool_budgets"":[8,20,40],""uptime_scale"":100.0,""uptime_shape"":1.5,""user_count"":10,""workload_mode"":""poisson_profile_catalog""}",200,206,208,86,122,75,11,2,0,1,2.671229307781049,600.2979892423373,0.8439941226795228,8159.095658105802,29,31,26,0,0,32,16,15,18756.19354227092,1373.379803262651,6.602787515685822,11.962832999415696,3,2,0,2609,1846,0,763,277,190,112,128,22260735,prewarm,stability_delay_energy_v4,unified_fixed_point_v3,explicit_snapshot_v1,poisson_profile_catalog_v1,periodic_repository_v1,customized_periodic_pool_v1,empirical_window_beta_v1,slot_up_down_v1,fixed_service_time_v1,fixed_path_v1,full_duplex_shared_heat_v1,deployment_return_energy_v1,periodic_three_objective_v3,discrete_mpc_v1,grid_tkb_v1,arrival_risk_diversity_v1,budgeted_fixed_point_v1,regularized_surrogate_v1,goodput_cost_v1,0.41346153846153844,0.5865384615384616,0.3605769230769231,0.12790697674418605,0.023255813953488372,3.640776699029126,0.13942307692307693,0.14903846153846154,0.125,0.0,0.0
system_poisson:poisson_lifecycle_v1:load:1ef5277a0d1bcfd0:periodic_customized:r14:s20260733,1ef5277a0d1bcfd0,load,lambda_1_periodic_customized,lambda_1,periodic_customized,14,20260733,system_poisson,poisson_lifecycle_v1,poisson_profile_catalog,periodic_customized,customized,p12_g4_a64,prewarm,measured,measured,fixed,fixed_total,1.0,e549ef942191509c,82b0c7769f30bf5e,5fa9f2d6b0764417,9238a84d7f53868e,"{""algorithm"":""periodic_customized"",""alpha_l"":0.7,""alpha_r"":0.8,""availability_fraction"":0.5,""beta_l"":0.4,""beta_r"":0.5,""bootstrap_mode"":""prewarm"",""candidate_fixed_point_damping"":0.5,""candidate_fixed_point_max_iterations"":20,""candidate_fixed_point_relative_tolerance"":0.0001,""cloud_count"":1,""comparison_group"":""lambda_1"",""comparison_method"":""periodic_customized"",""control_mode"":""fixed"",""downtime_log_mean"":2.5,""downtime_log_sigma"":0.8,""edge_count"":5,""edge_link_factor"":2.0,""experiment_layer"":""system_poisson"",""fixed_online_budget_ms"":10.0,""fixed_planning_interval_slots"":5,""fixed_total_pool_budget"":20,""lambda_g"":0.7,""lambda_h"":0.7,""lambda_per_slot"":1.0,""max_deadline_ms"":1999.0,""min_deadline_ms"":500.0,""minimum_control_window_slots"":5,""minimum_replanning_interval_slots"":2,""name"":""lambda_1_periodic_customized"",""online_budgets_ms"":[5.0,10.0,20.0],""online_timing_mode"":""measured"",""origin_group_count"":2,""plan_ttl_slots"":20,""planning_candidate_generator_mode"":""customized"",""planning_customized_archive_capacity"":64,""planning_customized_generations"":4,""planning_customized_population_size"":12,""planning_deadline_ms"":2000.0,""planning_intervals"":[5,10,20],""planning_runtime_ms"":100.0,""planning_sample_count"":20,""planning_timing_mode"":""measured"",""pool_budget_mode"":""fixed_total"",""profile_count"":2,""slot_count"":200,""slot_length_ms"":100.0,""suite"":""load"",""total_pool_budgets"":[8,20,40],""uptime_scale"":100.0,""uptime_shape"":1.5,""user_count"":10,""workload_mode"":""poisson_profile_catalog""}",200,204,202,71,131,61,10,2,0,1,2.115724441836749,643.4263295521935,0.8242010901877336,6412.7847386798985,25,29,17,0,0,37,21,15,17490.91645795852,975.5877536954358,4.82964234502691,7.908000028692186,8,7,0,2756,2316,0,440,171,142,98,118,22260736,prewarm,stability_delay_energy_v4,unified_fixed_point_v3,explicit_snapshot_v1,poisson_profile_catalog_v1,periodic_repository_v1,customized_periodic_pool_v1,empirical_window_beta_v1,slot_up_down_v1,fixed_service_time_v1,fixed_path_v1,full_duplex_shared_heat_v1,deployment_return_energy_v1,periodic_three_objective_v3,discrete_mpc_v1,grid_tkb_v1,arrival_risk_diversity_v1,budgeted_fixed_point_v1,regularized_surrogate_v1,goodput_cost_v1,0.35148514851485146,0.6485148514851485,0.30198019801980197,0.14084507042253522,0.028169014084507043,2.9901960784313726,0.12376237623762376,0.14356435643564355,0.08415841584158416,0.0,0.0
system_poisson:poisson_lifecycle_v1:load:1ef5277a0d1bcfd0:periodic_customized:r15:s20260734,1ef5277a0d1bcfd0,load,lambda_1_periodic_customized,lambda_1,periodic_customized,15,20260734,system_poisson,poisson_lifecycle_v1,poisson_profile_catalog,periodic_customized,customized,p12_g4_a64,prewarm,measured,measured,fixed,fixed_total,1.0,9d81372cc2973096,868f2658ddad8015,1f9cdc4dfc70bd76,554a01216359253d,"{""algorithm"":""periodic_customized"",""alpha_l"":0.7,""alpha_r"":0.8,""availability_fraction"":0.5,""beta_l"":0.4,""beta_r"":0.5,""bootstrap_mode"":""prewarm"",""candidate_fixed_point_damping"":0.5,""candidate_fixed_point_max_iterations"":20,""candidate_fixed_point_relative_tolerance"":0.0001,""cloud_count"":1,""comparison_group"":""lambda_1"",""comparison_method"":""periodic_customized"",""control_mode"":""fixed"",""downtime_log_mean"":2.5,""downtime_log_sigma"":0.8,""edge_count"":5,""edge_link_factor"":2.0,""experiment_layer"":""system_poisson"",""fixed_online_budget_ms"":10.0,""fixed_planning_interval_slots"":5,""fixed_total_pool_budget"":20,""lambda_g"":0.7,""lambda_h"":0.7,""lambda_per_slot"":1.0,""max_deadline_ms"":1999.0,""min_deadline_ms"":500.0,""minimum_control_window_slots"":5,""minimum_replanning_interval_slots"":2,""name"":""lambda_1_periodic_customized"",""online_budgets_ms"":[5.0,10.0,20.0],""online_timing_mode"":""measured"",""origin_group_count"":2,""plan_ttl_slots"":20,""planning_candidate_generator_mode"":""customized"",""planning_customized_archive_capacity"":64,""planning_customized_generations"":4,""planning_customized_population_size"":12,""planning_deadline_ms"":2000.0,""planning_intervals"":[5,10,20],""planning_runtime_ms"":100.0,""planning_sample_count"":20,""planning_timing_mode"":""measured"",""pool_budget_mode"":""fixed_total"",""profile_count"":2,""slot_count"":200,""slot_length_ms"":100.0,""suite"":""load"",""total_pool_budgets"":[8,20,40],""uptime_scale"":100.0,""uptime_shape"":1.5,""user_count"":10,""workload_mode"":""poisson_profile_catalog""}",200,204,203,57,146,47,10,0,0,1,1.6663884084684364,734.7240833605069,0.8359234454247562,5830.256756363766,24,13,20,0,0,40,14,25,16206.284167594276,997.793577844277,4.915239299725503,8.864458068273962,15,14,0,2991,2663,0,328,160,117,57,106,22260737,prewarm,stability_delay_energy_v4,unified_fixed_point_v3,explicit_snapshot_v1,poisson_profile_catalog_v1,periodic_repository_v1,customized_periodic_pool_v1,empirical_window_beta_v1,slot_up_down_v1,fixed_service_time_v1,fixed_path_v1,full_duplex_shared_heat_v1,deployment_return_energy_v1,periodic_three_objective_v3,discrete_mpc_v1,grid_tkb_v1,arrival_risk_diversity_v1,budgeted_fixed_point_v1,regularized_surrogate_v1,goodput_cost_v1,0.28078817733990147,0.7192118226600985,0.2315270935960591,0.17543859649122806,0.0,2.3039215686274512,0.11822660098522167,0.06403940886699508,0.09852216748768473,0.0,0.0
system_poisson:poisson_lifecycle_v1:load:1ef5277a0d1bcfd0:periodic_customized:r16:s20260735,1ef5277a0d1bcfd0,load,lambda_1_periodic_customized,lambda_1,periodic_customized,16,20260735,system_poisson,poisson_lifecycle_v1,poisson_profile_catalog,periodic_customized,customized,p12_g4_a64,prewarm,measured,measured,fixed,fixed_total,1.0,c61c842e17f225e3,3da65bab6008a478,33b568baf37f075d,615e85118266de25,"{""algorithm"":""periodic_customized"",""alpha_l"":0.7,""alpha_r"":0.8,""availability_fraction"":0.5,""beta_l"":0.4,""beta_r"":0.5,""bootstrap_mode"":""prewarm"",""candidate_fixed_point_damping"":0.5,""candidate_fixed_point_max_iterations"":20,""candidate_fixed_point_relative_tolerance"":0.0001,""cloud_count"":1,""comparison_group"":""lambda_1"",""comparison_method"":""periodic_customized"",""control_mode"":""fixed"",""downtime_log_mean"":2.5,""downtime_log_sigma"":0.8,""edge_count"":5,""edge_link_factor"":2.0,""experiment_layer"":""system_poisson"",""fixed_online_budget_ms"":10.0,""fixed_planning_interval_slots"":5,""fixed_total_pool_budget"":20,""lambda_g"":0.7,""lambda_h"":0.7,""lambda_per_slot"":1.0,""max_deadline_ms"":1999.0,""min_deadline_ms"":500.0,""minimum_control_window_slots"":5,""minimum_replanning_interval_slots"":2,""name"":""lambda_1_periodic_customized"",""online_budgets_ms"":[5.0,10.0,20.0],""online_timing_mode"":""measured"",""origin_group_count"":2,""plan_ttl_slots"":20,""planning_candidate_generator_mode"":""customized"",""planning_customized_archive_capacity"":64,""planning_customized_generations"":4,""planning_customized_population_size"":12,""planning_deadline_ms"":2000.0,""planning_intervals"":[5,10,20],""planning_runtime_ms"":100.0,""planning_sample_count"":20,""planning_timing_mode"":""measured"",""pool_budget_mode"":""fixed_total"",""profile_count"":2,""slot_count"":200,""slot_length_ms"":100.0,""suite"":""load"",""total_pool_budgets"":[8,20,40],""uptime_scale"":100.0,""uptime_shape"":1.5,""user_count"":10,""workload_mode"":""poisson_profile_catalog""}",200,205,215,68,147,56,12,2,0,1,1.9384243277558577,713.2106115268261,0.8578829053410469,7829.57209873702,31,6,31,0,0,35,17,17,18131.95208378602,1058.7778751505539,4.924548256514204,9.20475006569177,7,6,0,2573,2275,0,298,121,98,67,66,22260738,prewarm,stability_delay_energy_v4,unified_fixed_point_v3,explicit_snapshot_v1,poisson_profile_catalog_v1,periodic_repository_v1,customized_periodic_pool_v1,empirical_window_beta_v1,slot_up_down_v1,fixed_service_time_v1,fixed_path_v1,full_duplex_shared_heat_v1,deployment_return_energy_v1,periodic_three_objective_v3,discrete_mpc_v1,grid_tkb_v1,arrival_risk_diversity_v1,budgeted_fixed_point_v1,regularized_surrogate_v1,goodput_cost_v1,0.31627906976744186,0.6837209302325581,0.26046511627906976,0.17647058823529413,0.029411764705882353,2.731707317073171,0.14418604651162792,0.027906976744186046,0.14418604651162792,0.0,0.0
system_poisson:poisson_lifecycle_v1:load:1ef5277a0d1bcfd0:periodic_customized:r17:s20260736,1ef5277a0d1bcfd0,load,lambda_1_periodic_customized,lambda_1,periodic_customized,17,20260736,system_poisson,poisson_lifecycle_v1,poisson_profile_catalog,periodic_customized,customized,p12_g4_a64,prewarm,measured,measured,fixed,fixed_total,1.0,a1e1594e7589a223,d9b518a32809412d,f1078707bd950772,6d1494c76aa00136,"{""algorithm"":""periodic_customized"",""alpha_l"":0.7,""alpha_r"":0.8,""availability_fraction"":0.5,""beta_l"":0.4,""beta_r"":0.5,""bootstrap_mode"":""prewarm"",""candidate_fixed_point_damping"":0.5,""candidate_fixed_point_max_iterations"":20,""candidate_fixed_point_relative_tolerance"":0.0001,""cloud_count"":1,""comparison_group"":""lambda_1"",""comparison_method"":""periodic_customized"",""control_mode"":""fixed"",""downtime_log_mean"":2.5,""downtime_log_sigma"":0.8,""edge_count"":5,""edge_link_factor"":2.0,""experiment_layer"":""system_poisson"",""fixed_online_budget_ms"":10.0,""fixed_planning_interval_slots"":5,""fixed_total_pool_budget"":20,""lambda_g"":0.7,""lambda_h"":0.7,""lambda_per_slot"":1.0,""max_deadline_ms"":1999.0,""min_deadline_ms"":500.0,""minimum_control_window_slots"":5,""minimum_replanning_interval_slots"":2,""name"":""lambda_1_periodic_customized"",""online_budgets_ms"":[5.0,10.0,20.0],""online_timing_mode"":""measured"",""origin_group_count"":2,""plan_ttl_slots"":20,""planning_candidate_generator_mode"":""customized"",""planning_customized_archive_capacity"":64,""planning_customized_generations"":4,""planning_customized_population_size"":12,""planning_deadline_ms"":2000.0,""planning_intervals"":[5,10,20],""planning_runtime_ms"":100.0,""planning_sample_count"":20,""planning_timing_mode"":""measured"",""pool_budget_mode"":""fixed_total"",""profile_count"":2,""slot_count"":200,""slot_length_ms"":100.0,""suite"":""load"",""total_pool_budgets"":[8,20,40],""uptime_scale"":100.0,""uptime_shape"":1.5,""user_count"":10,""workload_mode"":""poisson_profile_catalog""}",200,210,191,62,129,55,7,2,0,1,1.8840180583549793,661.9704366056284,0.851144851287589,6043.2827227005755,27,20,15,0,0,37,13,23,17515.711955842562,1245.3534601954743,6.520175184269499,13.124624965712428,9,8,0,2845,2227,0,618,269,161,85,138,22260739,prewarm,stability_delay_energy_v4,unified_fixed_point_v3,explicit_snapshot_v1,poisson_profile_catalog_v1,periodic_repository_v1,customized_periodic_pool_v1,empirical_window_beta_v1,slot_up_down_v1,fixed_service_time_v1,fixed_path_v1,full_duplex_shared_heat_v1,deployment_return_energy_v1,periodic_three_objective_v3,discrete_mpc_v1,grid_tkb_v1,arrival_risk_diversity_v1,budgeted_fixed_point_v1,regularized_surrogate_v1,goodput_cost_v1,0.32460732984293195,0.675392670157068,0.2879581151832461,0.11290322580645161,0.03225806451612903,2.619047619047619,0.14136125654450263,0.10471204188481675,0.07853403141361257,0.0,0.0
system_poisson:poisson_lifecycle_v1:load:1ef5277a0d1bcfd0:periodic_customized:r18:s20260737,1ef5277a0d1bcfd0,load,lambda_1_periodic_customized,lambda_1,periodic_customized,18,20260737,system_poisson,poisson_lifecycle_v1,poisson_profile_catalog,periodic_customized,customized,p12_g4_a64,prewarm,measured,measured,fixed,fixed_total,1.0,2340d35db3923e87,6c6665153475ebe0,e91a6f9277c728f1,fb1a538d3c9d367a,"{""algorithm"":""periodic_customized"",""alpha_l"":0.7,""alpha_r"":0.8,""availability_fraction"":0.5,""beta_l"":0.4,""beta_r"":0.5,""bootstrap_mode"":""prewarm"",""candidate_fixed_point_damping"":0.5,""candidate_fixed_point_max_iterations"":20,""candidate_fixed_point_relative_tolerance"":0.0001,""cloud_count"":1,""comparison_group"":""lambda_1"",""comparison_method"":""periodic_customized"",""control_mode"":""fixed"",""downtime_log_mean"":2.5,""downtime_log_sigma"":0.8,""edge_count"":5,""edge_link_factor"":2.0,""experiment_layer"":""system_poisson"",""fixed_online_budget_ms"":10.0,""fixed_planning_interval_slots"":5,""fixed_total_pool_budget"":20,""lambda_g"":0.7,""lambda_h"":0.7,""lambda_per_slot"":1.0,""max_deadline_ms"":1999.0,""min_deadline_ms"":500.0,""minimum_control_window_slots"":5,""minimum_replanning_interval_slots"":2,""name"":""lambda_1_periodic_customized"",""online_budgets_ms"":[5.0,10.0,20.0],""online_timing_mode"":""measured"",""origin_group_count"":2,""plan_ttl_slots"":20,""planning_candidate_generator_mode"":""customized"",""planning_customized_archive_capacity"":64,""planning_customized_generations"":4,""planning_customized_population_size"":12,""planning_deadline_ms"":2000.0,""planning_intervals"":[5,10,20],""planning_runtime_ms"":100.0,""planning_sample_count"":20,""planning_timing_mode"":""measured"",""pool_budget_mode"":""fixed_total"",""profile_count"":2,""slot_count"":200,""slot_length_ms"":100.0,""suite"":""load"",""total_pool_budgets"":[8,20,40],""uptime_scale"":100.0,""uptime_shape"":1.5,""user_count"":10,""workload_mode"":""poisson_profile_catalog""}",200,204,177,78,99,73,5,0,0,1,2.8003588951154588,480.99922255114234,0.8423165018672233,4947.876413717059,33,30,15,0,0,37,22,14,18701.112499227747,1209.5222473144531,6.833459024375442,12.79629091732204,5,4,0,3114,2344,0,770,386,274,171,172,22260740,prewarm,stability_delay_energy_v4,unified_fixed_point_v3,explicit_snapshot_v1,poisson_profile_catalog_v1,periodic_repository_v1,customized_periodic_pool_v1,empirical_window_beta_v1,slot_up_down_v1,fixed_service_time_v1,fixed_path_v1,full_duplex_shared_heat_v1,deployment_return_energy_v1,periodic_three_objective_v3,discrete_mpc_v1,grid_tkb_v1,arrival_risk_diversity_v1,budgeted_fixed_point_v1,regularized_surrogate_v1,goodput_cost_v1,0.4406779661016949,0.559322033898305,0.4124293785310734,0.0641025641025641,0.0,3.5784313725490198,0.1864406779661017,0.1694915254237288,0.0847457627118644,0.0,0.0
system_poisson:poisson_lifecycle_v1:load:1ef5277a0d1bcfd0:periodic_customized:r19:s20260738,1ef5277a0d1bcfd0,load,lambda_1_periodic_customized,lambda_1,periodic_customized,19,20260738,system_poisson,poisson_lifecycle_v1,poisson_profile_catalog,periodic_customized,customized,p12_g4_a64,prewarm,measured,measured,fixed,fixed_total,1.0,2f8cac81e28c6822,342fe7b24aabf9c9,bca0f53820c0230d,a5b68c6f808e683d,"{""algorithm"":""periodic_customized"",""alpha_l"":0.7,""alpha_r"":0.8,""availability_fraction"":0.5,""beta_l"":0.4,""beta_r"":0.5,""bootstrap_mode"":""prewarm"",""candidate_fixed_point_damping"":0.5,""candidate_fixed_point_max_iterations"":20,""candidate_fixed_point_relative_tolerance"":0.0001,""cloud_count"":1,""comparison_group"":""lambda_1"",""comparison_method"":""periodic_customized"",""control_mode"":""fixed"",""downtime_log_mean"":2.5,""downtime_log_sigma"":0.8,""edge_count"":5,""edge_link_factor"":2.0,""experiment_layer"":""system_poisson"",""fixed_online_budget_ms"":10.0,""fixed_planning_interval_slots"":5,""fixed_total_pool_budget"":20,""lambda_g"":0.7,""lambda_h"":0.7,""lambda_per_slot"":1.0,""max_deadline_ms"":1999.0,""min_deadline_ms"":500.0,""minimum_control_window_slots"":5,""minimum_replanning_interval_slots"":2,""name"":""lambda_1_periodic_customized"",""online_budgets_ms"":[5.0,10.0,20.0],""online_timing_mode"":""measured"",""origin_group_count"":2,""plan_ttl_slots"":20,""planning_candidate_generator_mode"":""customized"",""planning_customized_archive_capacity"":64,""planning_customized_generations"":4,""planning_customized_population_size"":12,""planning_deadline_ms"":2000.0,""planning_intervals"":[5,10,20],""planning_runtime_ms"":100.0,""planning_sample_count"":20,""planning_timing_mode"":""measured"",""pool_budget_mode"":""fixed_total"",""profile_count"":2,""slot_count"":200,""slot_length_ms"":100.0,""suite"":""load"",""total_pool_budgets"":[8,20,40],""uptime_scale"":100.0,""uptime_shape"":1.5,""user_count"":10,""workload_mode"":""poisson_profile_catalog""}",200,211,180,36,144,31,5,1,0,1,1.0131104439439218,760.7480496549922,0.8380903017237895,6797.241394212584,15,4,17,0,0,37,15,21,18408.25866709929,972.1564216306433,5.40086900905913,10.710167000070214,4,3,0,2770,2545,0,225,97,59,34,55,22260741,prewarm,stability_delay_energy_v4,unified_fixed_point_v3,explicit_snapshot_v1,poisson_profile_catalog_v1,periodic_repository_v1,customized_periodic_pool_v1,empirical_window_beta_v1,slot_up_down_v1,fixed_service_time_v1,fixed_path_v1,full_duplex_shared_heat_v1,deployment_return_energy_v1,periodic_three_objective_v3,discrete_mpc_v1,grid_tkb_v1,arrival_risk_diversity_v1,budgeted_fixed_point_v1,regularized_surrogate_v1,goodput_cost_v1,0.2,0.8,0.17222222222222222,0.1388888888888889,0.027777777777777776,1.4691943127962084,0.08333333333333333,0.022222222222222223,0.09444444444444444,0.0,0.0
system_poisson:poisson_lifecycle_v1:load:05b6d6a11cae1c4e:periodic_lightweight:r0:s20260719,05b6d6a11cae1c4e,load,lambda_1_periodic_lightweight,lambda_1,periodic_lightweight,0,20260719,system_poisson,poisson_lifecycle_v1,poisson_profile_catalog,periodic_lightweight,lightweight,not_applicable,prewarm,measured,measured,fixed,fixed_total,1.0,6d295842eb0296d0,fca0df0e76e8aea8,68e477ed3df2fad8,c3ade63673949cb4,"{""algorithm"":""periodic_lightweight"",""alpha_l"":0.7,""alpha_r"":0.8,""availability_fraction"":0.5,""beta_l"":0.4,""beta_r"":0.5,""bootstrap_mode"":""prewarm"",""candidate_fixed_point_damping"":0.5,""candidate_fixed_point_max_iterations"":20,""candidate_fixed_point_relative_tolerance"":0.0001,""cloud_count"":1,""comparison_group"":""lambda_1"",""comparison_method"":""periodic_lightweight"",""control_mode"":""fixed"",""downtime_log_mean"":2.5,""downtime_log_sigma"":0.8,""edge_count"":5,""edge_link_factor"":2.0,""experiment_layer"":""system_poisson"",""fixed_online_budget_ms"":10.0,""fixed_planning_interval_slots"":5,""fixed_total_pool_budget"":20,""lambda_g"":0.7,""lambda_h"":0.7,""lambda_per_slot"":1.0,""max_deadline_ms"":1999.0,""min_deadline_ms"":500.0,""minimum_control_window_slots"":5,""minimum_replanning_interval_slots"":2,""name"":""lambda_1_periodic_lightweight"",""online_budgets_ms"":[5.0,10.0,20.0],""online_timing_mode"":""measured"",""origin_group_count"":2,""plan_ttl_slots"":20,""planning_candidate_generator_mode"":""lightweight"",""planning_customized_archive_capacity"":64,""planning_customized_generations"":4,""planning_customized_population_size"":12,""planning_deadline_ms"":2000.0,""planning_intervals"":[5,10,20],""planning_runtime_ms"":100.0,""planning_sample_count"":20,""planning_timing_mode"":""measured"",""pool_budget_mode"":""fixed_total"",""profile_count"":2,""slot_count"":200,""slot_length_ms"":100.0,""suite"":""load"",""total_pool_budgets"":[8,20,40],""uptime_scale"":100.0,""uptime_shape"":1.5,""user_count"":10,""workload_mode"":""poisson_profile_catalog""}",200,202,191,52,139,50,2,2,0,1,1.7921189191854245,662.2705875495855,0.8336142806019388,3663.6082786214197,34,6,12,0,0,32,21,10,19717.052209889516,1136.324868653901,5.949344862062309,11.709667043760419,2,1,0,3925,3432,0,493,386,342,175,180,22260722,prewarm,stability_delay_energy_v4,unified_fixed_point_v3,explicit_snapshot_v1,poisson_profile_catalog_v1,periodic_repository_v1,customized_periodic_pool_v1,empirical_window_beta_v1,slot_up_down_v1,fixed_service_time_v1,fixed_path_v1,full_duplex_shared_heat_v1,deployment_return_energy_v1,periodic_three_objective_v3,discrete_mpc_v1,grid_tkb_v1,arrival_risk_diversity_v1,budgeted_fixed_point_v1,regularized_surrogate_v1,goodput_cost_v1,0.27225130890052357,0.7277486910994765,0.2617801047120419,0.038461538461538464,0.038461538461538464,2.4752475247524752,0.17801047120418848,0.031413612565445025,0.06282722513089005,0.0,0.0
system_poisson:poisson_lifecycle_v1:load:05b6d6a11cae1c4e:periodic_lightweight:r1:s20260720,05b6d6a11cae1c4e,load,lambda_1_periodic_lightweight,lambda_1,periodic_lightweight,1,20260720,system_poisson,poisson_lifecycle_v1,poisson_profile_catalog,periodic_lightweight,lightweight,not_applicable,prewarm,measured,measured,fixed,fixed_total,1.0,a4f53f5438a025fd,a0ac5e6d1accb3ff,b090fbef89e23494,4948b9b559ca3dae,"{""algorithm"":""periodic_lightweight"",""alpha_l"":0.7,""alpha_r"":0.8,""availability_fraction"":0.5,""beta_l"":0.4,""beta_r"":0.5,""bootstrap_mode"":""prewarm"",""candidate_fixed_point_damping"":0.5,""candidate_fixed_point_max_iterations"":20,""candidate_fixed_point_relative_tolerance"":0.0001,""cloud_count"":1,""comparison_group"":""lambda_1"",""comparison_method"":""periodic_lightweight"",""control_mode"":""fixed"",""downtime_log_mean"":2.5,""downtime_log_sigma"":0.8,""edge_count"":5,""edge_link_factor"":2.0,""experiment_layer"":""system_poisson"",""fixed_online_budget_ms"":10.0,""fixed_planning_interval_slots"":5,""fixed_total_pool_budget"":20,""lambda_g"":0.7,""lambda_h"":0.7,""lambda_per_slot"":1.0,""max_deadline_ms"":1999.0,""min_deadline_ms"":500.0,""minimum_control_window_slots"":5,""minimum_replanning_interval_slots"":2,""name"":""lambda_1_periodic_lightweight"",""online_budgets_ms"":[5.0,10.0,20.0],""online_timing_mode"":""measured"",""origin_group_count"":2,""plan_ttl_slots"":20,""planning_candidate_generator_mode"":""lightweight"",""planning_customized_archive_capacity"":64,""planning_customized_generations"":4,""planning_customized_population_size"":12,""planning_deadline_ms"":2000.0,""planning_intervals"":[5,10,20],""planning_runtime_ms"":100.0,""planning_sample_count"":20,""planning_timing_mode"":""measured"",""pool_budget_mode"":""fixed_total"",""profile_count"":2,""slot_count"":200,""slot_length_ms"":100.0,""suite"":""load"",""total_pool_budgets"":[8,20,40],""uptime_scale"":100.0,""uptime_shape"":1.5,""user_count"":10,""workload_mode"":""poisson_profile_catalog""}",200,201,209,57,152,50,7,1,0,1,1.7143640752121136,735.9521046613517,0.8168632906951746,6913.639357371748,13,12,32,0,0,31,10,20,19086.285250959918,1218.4923377353698,5.8301068791166015,11.43187505658716,4,3,0,3638,3308,0,330,113,61,18,55,22260723,prewarm,stability_delay_energy_v4,unified_fixed_point_v3,explicit_snapshot_v1,poisson_profile_catalog_v1,periodic_repository_v1,customized_periodic_pool_v1,empirical_window_beta_v1,slot_up_down_v1,fixed_service_time_v1,fixed_path_v1,full_duplex_shared_heat_v1,deployment_return_energy_v1,periodic_three_objective_v3,discrete_mpc_v1,grid_tkb_v1,arrival_risk_diversity_v1,budgeted_fixed_point_v1,regularized_surrogate_v1,goodput_cost_v1,0.2727272727272727,0.7272727272727273,0.23923444976076555,0.12280701754385964,0.017543859649122806,2.487562189054726,0.06220095693779904,0.05741626794258373,0.15311004784688995,0.0,0.0
system_poisson:poisson_lifecycle_v1:load:05b6d6a11cae1c4e:periodic_lightweight:r2:s20260721,05b6d6a11cae1c4e,load,lambda_1_periodic_lightweight,lambda_1,periodic_lightweight,2,20260721,system_poisson,poisson_lifecycle_v1,poisson_profile_catalog,periodic_lightweight,lightweight,not_applicable,prewarm,measured,measured,fixed,fixed_total,1.0,e1936cba343be935,938f95453f2442e2,b1b7f5bba0248714,b3c97759fa661993,"{""algorithm"":""periodic_lightweight"",""alpha_l"":0.7,""alpha_r"":0.8,""availability_fraction"":0.5,""beta_l"":0.4,""beta_r"":0.5,""bootstrap_mode"":""prewarm"",""candidate_fixed_point_damping"":0.5,""candidate_fixed_point_max_iterations"":20,""candidate_fixed_point_relative_tolerance"":0.0001,""cloud_count"":1,""comparison_group"":""lambda_1"",""comparison_method"":""periodic_lightweight"",""control_mode"":""fixed"",""downtime_log_mean"":2.5,""downtime_log_sigma"":0.8,""edge_count"":5,""edge_link_factor"":2.0,""experiment_layer"":""system_poisson"",""fixed_online_budget_ms"":10.0,""fixed_planning_interval_slots"":5,""fixed_total_pool_budget"":20,""lambda_g"":0.7,""lambda_h"":0.7,""lambda_per_slot"":1.0,""max_deadline_ms"":1999.0,""min_deadline_ms"":500.0,""minimum_control_window_slots"":5,""minimum_replanning_interval_slots"":2,""name"":""lambda_1_periodic_lightweight"",""online_budgets_ms"":[5.0,10.0,20.0],""online_timing_mode"":""measured"",""origin_group_count"":2,""plan_ttl_slots"":20,""planning_candidate_generator_mode"":""lightweight"",""planning_customized_archive_capacity"":64,""planning_customized_generations"":4,""planning_customized_population_size"":12,""planning_deadline_ms"":2000.0,""planning_intervals"":[5,10,20],""planning_runtime_ms"":100.0,""planning_sample_count"":20,""planning_timing_mode"":""measured"",""pool_budget_mode"":""fixed_total"",""profile_count"":2,""slot_count"":200,""slot_length_ms"":100.0,""suite"":""load"",""total_pool_budgets"":[8,20,40],""uptime_scale"":100.0,""uptime_shape"":1.5,""user_count"":10,""workload_mode"":""poisson_profile_catalog""}",200,205,211,65,146,61,4,1,0,1,2.2232739378487967,595.1260658129087,0.8132035001333726,6169.220034947668,32,15,18,0,0,26,11,14,18932.540500187315,1168.1301675271243,5.536161931408172,9.062665980309248,1,0,0,3264,3150,0,114,91,90,50,45,22260724,prewarm,stability_delay_energy_v4,unified_fixed_point_v3,explicit_snapshot_v1,poisson_profile_catalog_v1,periodic_repository_v1,customized_periodic_pool_v1,empirical_window_beta_v1,slot_up_down_v1,fixed_service_time_v1,fixed_path_v1,full_duplex_shared_heat_v1,deployment_return_energy_v1,periodic_three_objective_v3,discrete_mpc_v1,grid_tkb_v1,arrival_risk_diversity_v1,budgeted_fixed_point_v1,regularized_surrogate_v1,goodput_cost_v1,0.3080568720379147,0.6919431279620853,0.2890995260663507,0.06153846153846154,0.015384615384615385,2.975609756097561,0.15165876777251186,0.07109004739336493,0.08530805687203792,0.0,0.0
system_poisson:poisson_lifecycle_v1:load:05b6d6a11cae1c4e:periodic_lightweight:r3:s20260722,05b6d6a11cae1c4e,load,lambda_1_periodic_lightweight,lambda_1,periodic_lightweight,3,20260722,system_poisson,poisson_lifecycle_v1,poisson_profile_catalog,periodic_lightweight,lightweight,not_applicable,prewarm,measured,measured,fixed,fixed_total,1.0,cad518de228dec43,e2c448830ab998d5,5b89c04953d23a62,a8d64a668c29fff0,"{""algorithm"":""periodic_lightweight"",""alpha_l"":0.7,""alpha_r"":0.8,""availability_fraction"":0.5,""beta_l"":0.4,""beta_r"":0.5,""bootstrap_mode"":""prewarm"",""candidate_fixed_point_damping"":0.5,""candidate_fixed_point_max_iterations"":20,""candidate_fixed_point_relative_tolerance"":0.0001,""cloud_count"":1,""comparison_group"":""lambda_1"",""comparison_method"":""periodic_lightweight"",""control_mode"":""fixed"",""downtime_log_mean"":2.5,""downtime_log_sigma"":0.8,""edge_count"":5,""edge_link_factor"":2.0,""experiment_layer"":""system_poisson"",""fixed_online_budget_ms"":10.0,""fixed_planning_interval_slots"":5,""fixed_total_pool_budget"":20,""lambda_g"":0.7,""lambda_h"":0.7,""lambda_per_slot"":1.0,""max_deadline_ms"":1999.0,""min_deadline_ms"":500.0,""minimum_control_window_slots"":5,""minimum_replanning_interval_slots"":2,""name"":""lambda_1_periodic_lightweight"",""online_budgets_ms"":[5.0,10.0,20.0],""online_timing_mode"":""measured"",""origin_group_count"":2,""plan_ttl_slots"":20,""planning_candidate_generator_mode"":""lightweight"",""planning_customized_archive_capacity"":64,""planning_customized_generations"":4,""planning_customized_population_size"":12,""planning_deadline_ms"":2000.0,""planning_intervals"":[5,10,20],""planning_runtime_ms"":100.0,""planning_sample_count"":20,""planning_timing_mode"":""measured"",""pool_budget_mode"":""fixed_total"",""profile_count"":2,""slot_count"":200,""slot_length_ms"":100.0,""suite"":""load"",""total_pool_budgets"":[8,20,40],""uptime_scale"":100.0,""uptime_shape"":1.5,""user_count"":10,""workload_mode"":""poisson_profile_catalog""}",200,201,210,79,131,72,7,0,0,1,2.6867819473727628,604.467774758266,0.8350823562551649,5364.024901527728,46,6,27,0,0,34,24,9,18252.167209167965,996.3273338507861,4.744415875479934,9.437124943360686,6,5,0,4187,3706,0,481,275,215,112,111,22260725,prewarm,stability_delay_energy_v4,unified_fixed_point_v3,explicit_snapshot_v1,poisson_profile_catalog_v1,periodic_repository_v1,customized_periodic_pool_v1,empirical_window_beta_v1,slot_up_down_v1,fixed_service_time_v1,fixed_path_v1,full_duplex_shared_heat_v1,deployment_return_energy_v1,periodic_three_objective_v3,discrete_mpc_v1,grid_tkb_v1,arrival_risk_diversity_v1,budgeted_fixed_point_v1,regularized_surrogate_v1,goodput_cost_v1,0.3761904761904762,0.6238095238095238,0.34285714285714286,0.08860759493670886,0.0,3.5820895522388057,0.21904761904761905,0.02857142857142857,0.12857142857142856,0.0,0.0
system_poisson:poisson_lifecycle_v1:load:05b6d6a11cae1c4e:periodic_lightweight:r4:s20260723,05b6d6a11cae1c4e,load,lambda_1_periodic_lightweight,lambda_1,periodic_lightweight,4,20260723,system_poisson,poisson_lifecycle_v1,poisson_profile_catalog,periodic_lightweight,lightweight,not_applicable,prewarm,measured,measured,fixed,fixed_total,1.0,85e4775618fc9271,04cc006508118ace,6d76626369b7dc47,7df8c4f9894fbd11,"{""algorithm"":""periodic_lightweight"",""alpha_l"":0.7,""alpha_r"":0.8,""availability_fraction"":0.5,""beta_l"":0.4,""beta_r"":0.5,""bootstrap_mode"":""prewarm"",""candidate_fixed_point_damping"":0.5,""candidate_fixed_point_max_iterations"":20,""candidate_fixed_point_relative_tolerance"":0.0001,""cloud_count"":1,""comparison_group"":""lambda_1"",""comparison_method"":""periodic_lightweight"",""control_mode"":""fixed"",""downtime_log_mean"":2.5,""downtime_log_sigma"":0.8,""edge_count"":5,""edge_link_factor"":2.0,""experiment_layer"":""system_poisson"",""fixed_online_budget_ms"":10.0,""fixed_planning_interval_slots"":5,""fixed_total_pool_budget"":20,""lambda_g"":0.7,""lambda_h"":0.7,""lambda_per_slot"":1.0,""max_deadline_ms"":1999.0,""min_deadline_ms"":500.0,""minimum_control_window_slots"":5,""minimum_replanning_interval_slots"":2,""name"":""lambda_1_periodic_lightweight"",""online_budgets_ms"":[5.0,10.0,20.0],""online_timing_mode"":""measured"",""origin_group_count"":2,""plan_ttl_slots"":20,""planning_candidate_generator_mode"":""lightweight"",""planning_customized_archive_capacity"":64,""planning_customized_generations"":4,""planning_customized_population_size"":12,""planning_deadline_ms"":2000.0,""planning_intervals"":[5,10,20],""planning_runtime_ms"":100.0,""planning_sample_count"":20,""planning_timing_mode"":""measured"",""pool_budget_mode"":""fixed_total"",""profile_count"":2,""slot_count"":200,""slot_length_ms"":100.0,""suite"":""load"",""total_pool_budgets"":[8,20,40],""uptime_scale"":100.0,""uptime_shape"":1.5,""user_count"":10,""workload_mode"":""poisson_profile_catalog""}",200,207,206,74,132,70,4,0,0,1,2.609139936687896,552.7223202665325,0.8137568818648687,5522.557568215163,43,8,23,0,0,32,18,13,19139.145995723084,1179.5936668058857,5.726182848572261,9.86304203979671,2,1,0,3942,3639,0,303,222,217,119,101,22260726,prewarm,stability_delay_energy_v4,unified_fixed_point_v3,explicit_snapshot_v1,poisson_profile_catalog_v1,periodic_repository_v1,customized_periodic_pool_v1,empirical_window_beta_v1,slot_up_down_v1,fixed_service_time_v1,fixed_path_v1,full_duplex_shared_heat_v1,deployment_return_energy_v1,periodic_three_objective_v3,discrete_mpc_v1,grid_tkb_v1,arrival_risk_diversity_v1,budgeted_fixed_point_v1,regularized_surrogate_v1,goodput_cost_v1,0.3592233009708738,0.6407766990291263,0.33980582524271846,0.05405405405405406,0.0,3.3816425120772946,0.2087378640776699,0.038834951456310676,0.11165048543689321,0.0,0.0
system_poisson:poisson_lifecycle_v1:load:05b6d6a11cae1c4e:periodic_lightweight:r5:s20260724,05b6d6a11cae1c4e,load,lambda_1_periodic_lightweight,lambda_1,periodic_lightweight,5,20260724,system_poisson,poisson_lifecycle_v1,poisson_profile_catalog,periodic_lightweight,lightweight,not_applicable,prewarm,measured,measured,fixed,fixed_total,1.0,d24fe9836276a23a,5f88dfc591596c91,8236ef19df927245,c61766e5adeaf7a9,"{""algorithm"":""periodic_lightweight"",""alpha_l"":0.7,""alpha_r"":0.8,""availability_fraction"":0.5,""beta_l"":0.4,""beta_r"":0.5,""bootstrap_mode"":""prewarm"",""candidate_fixed_point_damping"":0.5,""candidate_fixed_point_max_iterations"":20,""candidate_fixed_point_relative_tolerance"":0.0001,""cloud_count"":1,""comparison_group"":""lambda_1"",""comparison_method"":""periodic_lightweight"",""control_mode"":""fixed"",""downtime_log_mean"":2.5,""downtime_log_sigma"":0.8,""edge_count"":5,""edge_link_factor"":2.0,""experiment_layer"":""system_poisson"",""fixed_online_budget_ms"":10.0,""fixed_planning_interval_slots"":5,""fixed_total_pool_budget"":20,""lambda_g"":0.7,""lambda_h"":0.7,""lambda_per_slot"":1.0,""max_deadline_ms"":1999.0,""min_deadline_ms"":500.0,""minimum_control_window_slots"":5,""minimum_replanning_interval_slots"":2,""name"":""lambda_1_periodic_lightweight"",""online_budgets_ms"":[5.0,10.0,20.0],""online_timing_mode"":""measured"",""origin_group_count"":2,""plan_ttl_slots"":20,""planning_candidate_generator_mode"":""lightweight"",""planning_customized_archive_capacity"":64,""planning_customized_generations"":4,""planning_customized_population_size"":12,""planning_deadline_ms"":2000.0,""planning_intervals"":[5,10,20],""planning_runtime_ms"":100.0,""planning_sample_count"":20,""planning_timing_mode"":""measured"",""pool_budget_mode"":""fixed_total"",""profile_count"":2,""slot_count"":200,""slot_length_ms"":100.0,""suite"":""load"",""total_pool_budgets"":[8,20,40],""uptime_scale"":100.0,""uptime_shape"":1.5,""user_count"":10,""workload_mode"":""poisson_profile_catalog""}",200,204,196,76,120,73,3,2,0,1,2.7469957403651346,461.89850651741193,0.8074798624430336,3213.6734395953595,57,4,15,0,0,34,21,12,18290.70308629889,1039.414501748979,5.303135213004995,10.202374891377985,10,9,0,4206,3870,0,336,222,210,120,102,22260727,prewarm,stability_delay_energy_v4,unified_fixed_point_v3,explicit_snapshot_v1,poisson_profile_catalog_v1,periodic_repository_v1,customized_periodic_pool_v1,empirical_window_beta_v1,slot_up_down_v1,fixed_service_time_v1,fixed_path_v1,full_duplex_shared_heat_v1,deployment_return_energy_v1,periodic_three_objective_v3,discrete_mpc_v1,grid_tkb_v1,arrival_risk_diversity_v1,budgeted_fixed_point_v1,regularized_surrogate_v1,goodput_cost_v1,0.3877551020408163,0.6122448979591837,0.37244897959183676,0.039473684210526314,0.02631578947368421,3.5784313725490198,0.29081632653061223,0.02040816326530612,0.07653061224489796,0.0,0.0
system_poisson:poisson_lifecycle_v1:load:05b6d6a11cae1c4e:periodic_lightweight:r6:s20260725,05b6d6a11cae1c4e,load,lambda_1_periodic_lightweight,lambda_1,periodic_lightweight,6,20260725,system_poisson,poisson_lifecycle_v1,poisson_profile_catalog,periodic_lightweight,lightweight,not_applicable,prewarm,measured,measured,fixed,fixed_total,1.0,26abbdd9b75bc615,fc04fea1c464df4f,315f55f80c124787,b0aa21bae96916c6,"{""algorithm"":""periodic_lightweight"",""alpha_l"":0.7,""alpha_r"":0.8,""availability_fraction"":0.5,""beta_l"":0.4,""beta_r"":0.5,""bootstrap_mode"":""prewarm"",""candidate_fixed_point_damping"":0.5,""candidate_fixed_point_max_iterations"":20,""candidate_fixed_point_relative_tolerance"":0.0001,""cloud_count"":1,""comparison_group"":""lambda_1"",""comparison_method"":""periodic_lightweight"",""control_mode"":""fixed"",""downtime_log_mean"":2.5,""downtime_log_sigma"":0.8,""edge_count"":5,""edge_link_factor"":2.0,""experiment_layer"":""system_poisson"",""fixed_online_budget_ms"":10.0,""fixed_planning_interval_slots"":5,""fixed_total_pool_budget"":20,""lambda_g"":0.7,""lambda_h"":0.7,""lambda_per_slot"":1.0,""max_deadline_ms"":1999.0,""min_deadline_ms"":500.0,""minimum_control_window_slots"":5,""minimum_replanning_interval_slots"":2,""name"":""lambda_1_periodic_lightweight"",""online_budgets_ms"":[5.0,10.0,20.0],""online_timing_mode"":""measured"",""origin_group_count"":2,""plan_ttl_slots"":20,""planning_candidate_generator_mode"":""lightweight"",""planning_customized_archive_capacity"":64,""planning_customized_generations"":4,""planning_customized_population_size"":12,""planning_deadline_ms"":2000.0,""planning_intervals"":[5,10,20],""planning_runtime_ms"":100.0,""planning_sample_count"":20,""planning_timing_mode"":""measured"",""pool_budget_mode"":""fixed_total"",""profile_count"":2,""slot_count"":200,""slot_length_ms"":100.0,""suite"":""load"",""total_pool_budgets"":[8,20,40],""uptime_scale"":100.0,""uptime_shape"":1.5,""user_count"":10,""workload_mode"":""poisson_profile_catalog""}",200,209,183,70,113,61,9,2,0,1,2.1741523767692725,574.2155248910291,0.8323321119304886,4875.4042019024655,36,19,15,0,0,31,22,8,18586.88966569025,814.2190786311403,4.449284582683827,7.9089580103755,5,4,0,3819,3536,0,283,188,179,95,102,22260728,prewarm,stability_delay_energy_v4,unified_fixed_point_v3,explicit_snapshot_v1,poisson_profile_catalog_v1,periodic_repository_v1,customized_periodic_pool_v1,empirical_window_beta_v1,slot_up_down_v1,fixed_service_time_v1,fixed_path_v1,full_duplex_shared_heat_v1,deployment_return_energy_v1,periodic_three_objective_v3,discrete_mpc_v1,grid_tkb_v1,arrival_risk_diversity_v1,budgeted_fixed_point_v1,regularized_surrogate_v1,goodput_cost_v1,0.3825136612021858,0.6174863387978142,0.3333333333333333,0.12857142857142856,0.02857142857142857,2.91866028708134,0.19672131147540983,0.10382513661202186,0.08196721311475409,0.0,0.0
system_poisson:poisson_lifecycle_v1:load:05b6d6a11cae1c4e:periodic_lightweight:r7:s20260726,05b6d6a11cae1c4e,load,lambda_1_periodic_lightweight,lambda_1,periodic_lightweight,7,20260726,system_poisson,poisson_lifecycle_v1,poisson_profile_catalog,periodic_lightweight,lightweight,not_applicable,prewarm,measured,measured,fixed,fixed_total,1.0,cfb348bc73ed6b08,6c2f0ddd78fdc176,45d9b67b7d7e2742,5d8d75c05ac19d95,"{""algorithm"":""periodic_lightweight"",""alpha_l"":0.7,""alpha_r"":0.8,""availability_fraction"":0.5,""beta_l"":0.4,""beta_r"":0.5,""bootstrap_mode"":""prewarm"",""candidate_fixed_point_damping"":0.5,""candidate_fixed_point_max_iterations"":20,""candidate_fixed_point_relative_tolerance"":0.0001,""cloud_count"":1,""comparison_group"":""lambda_1"",""comparison_method"":""periodic_lightweight"",""control_mode"":""fixed"",""downtime_log_mean"":2.5,""downtime_log_sigma"":0.8,""edge_count"":5,""edge_link_factor"":2.0,""experiment_layer"":""system_poisson"",""fixed_online_budget_ms"":10.0,""fixed_planning_interval_slots"":5,""fixed_total_pool_budget"":20,""lambda_g"":0.7,""lambda_h"":0.7,""lambda_per_slot"":1.0,""max_deadline_ms"":1999.0,""min_deadline_ms"":500.0,""minimum_control_window_slots"":5,""minimum_replanning_interval_slots"":2,""name"":""lambda_1_periodic_lightweight"",""online_budgets_ms"":[5.0,10.0,20.0],""online_timing_mode"":""measured"",""origin_group_count"":2,""plan_ttl_slots"":20,""planning_candidate_generator_mode"":""lightweight"",""planning_customized_archive_capacity"":64,""planning_customized_generations"":4,""planning_customized_population_size"":12,""planning_deadline_ms"":2000.0,""planning_intervals"":[5,10,20],""planning_runtime_ms"":100.0,""planning_sample_count"":20,""planning_timing_mode"":""measured"",""pool_budget_mode"":""fixed_total"",""profile_count"":2,""slot_count"":200,""slot_length_ms"":100.0,""suite"":""load"",""total_pool_budgets"":[8,20,40],""uptime_scale"":100.0,""uptime_shape"":1.5,""user_count"":10,""workload_mode"":""poisson_profile_catalog""}",200,211,190,61,129,55,6,0,0,1,1.9002556521179295,688.540576347465,0.8085859397060688,6467.078725991204,30,6,25,0,0,30,18,11,19431.366494041868,943.8612920930609,4.96769101101611,8.79145902581513,1,0,0,3682,3522,0,160,124,123,61,67,22260729,prewarm,stability_delay_energy_v4,unified_fixed_point_v3,explicit_snapshot_v1,poisson_profile_catalog_v1,periodic_repository_v1,customized_periodic_pool_v1,empirical_window_beta_v1,slot_up_down_v1,fixed_service_time_v1,fixed_path_v1,full_duplex_shared_heat_v1,deployment_return_energy_v1,periodic_three_objective_v3,discrete_mpc_v1,grid_tkb_v1,arrival_risk_diversity_v1,budgeted_fixed_point_v1,regularized_surrogate_v1,goodput_cost_v1,0.32105263157894737,0.6789473684210526,0.2894736842105263,0.09836065573770492,0.0,2.6066350710900474,0.15789473684210525,0.031578947368421054,0.13157894736842105,0.0,0.0
system_poisson:poisson_lifecycle_v1:load:05b6d6a11cae1c4e:periodic_lightweight:r8:s20260727,05b6d6a11cae1c4e,load,lambda_1_periodic_lightweight,lambda_1,periodic_lightweight,8,20260727,system_poisson,poisson_lifecycle_v1,poisson_profile_catalog,periodic_lightweight,lightweight,not_applicable,prewarm,measured,measured,fixed,fixed_total,1.0,77262aef7c650c15,adddb8a44db4224c,5ef7f7f709b227ab,5f427e7b1456da70,"{""algorithm"":""periodic_lightweight"",""alpha_l"":0.7,""alpha_r"":0.8,""availability_fraction"":0.5,""beta_l"":0.4,""beta_r"":0.5,""bootstrap_mode"":""prewarm"",""candidate_fixed_point_damping"":0.5,""candidate_fixed_point_max_iterations"":20,""candidate_fixed_point_relative_tolerance"":0.0001,""cloud_count"":1,""comparison_group"":""lambda_1"",""comparison_method"":""periodic_lightweight"",""control_mode"":""fixed"",""downtime_log_mean"":2.5,""downtime_log_sigma"":0.8,""edge_count"":5,""edge_link_factor"":2.0,""experiment_layer"":""system_poisson"",""fixed_online_budget_ms"":10.0,""fixed_planning_interval_slots"":5,""fixed_total_pool_budget"":20,""lambda_g"":0.7,""lambda_h"":0.7,""lambda_per_slot"":1.0,""max_deadline_ms"":1999.0,""min_deadline_ms"":500.0,""minimum_control_window_slots"":5,""minimum_replanning_interval_slots"":2,""name"":""lambda_1_periodic_lightweight"",""online_budgets_ms"":[5.0,10.0,20.0],""online_timing_mode"":""measured"",""origin_group_count"":2,""plan_ttl_slots"":20,""planning_candidate_generator_mode"":""lightweight"",""planning_customized_archive_capacity"":64,""planning_customized_generations"":4,""planning_customized_population_size"":12,""planning_deadline_ms"":2000.0,""planning_intervals"":[5,10,20],""planning_runtime_ms"":100.0,""planning_sample_count"":20,""planning_timing_mode"":""measured"",""pool_budget_mode"":""fixed_total"",""profile_count"":2,""slot_count"":200,""slot_length_ms"":100.0,""suite"":""load"",""total_pool_budgets"":[8,20,40],""uptime_scale"":100.0,""uptime_shape"":1.5,""user_count"":10,""workload_mode"":""poisson_profile_catalog""}",200,207,181,68,113,64,4,1,0,1,2.21655297492954,658.0587576681665,0.8175760843695583,7365.713353824329,26,12,30,0,0,31,11,19,18455.40658000391,908.7630057474598,5.02079008700254,11.111542000435293,5,4,0,3758,3559,0,199,100,90,40,60,22260730,prewarm,stability_delay_energy_v4,unified_fixed_point_v3,explicit_snapshot_v1,poisson_profile_catalog_v1,periodic_repository_v1,customized_periodic_pool_v1,empirical_window_beta_v1,slot_up_down_v1,fixed_service_time_v1,fixed_path_v1,full_duplex_shared_heat_v1,deployment_return_energy_v1,periodic_three_objective_v3,discrete_mpc_v1,grid_tkb_v1,arrival_risk_diversity_v1,budgeted_fixed_point_v1,regularized_surrogate_v1,goodput_cost_v1,0.3756906077348066,0.6243093922651933,0.35359116022099446,0.058823529411764705,0.014705882352941176,3.0917874396135265,0.143646408839779,0.06629834254143646,0.16574585635359115,0.0,0.0
system_poisson:poisson_lifecycle_v1:load:05b6d6a11cae1c4e:periodic_lightweight:r9:s20260728,05b6d6a11cae1c4e,load,lambda_1_periodic_lightweight,lambda_1,periodic_lightweight,9,20260728,system_poisson,poisson_lifecycle_v1,poisson_profile_catalog,periodic_lightweight,lightweight,not_applicable,prewarm,measured,measured,fixed,fixed_total,1.0,51994d7f38a9b2d2,94c502adeeb85260,9f5ed373a6bd9324,58651f60c37cc329,"{""algorithm"":""periodic_lightweight"",""alpha_l"":0.7,""alpha_r"":0.8,""availability_fraction"":0.5,""beta_l"":0.4,""beta_r"":0.5,""bootstrap_mode"":""prewarm"",""candidate_fixed_point_damping"":0.5,""candidate_fixed_point_max_iterations"":20,""candidate_fixed_point_relative_tolerance"":0.0001,""cloud_count"":1,""comparison_group"":""lambda_1"",""comparison_method"":""periodic_lightweight"",""control_mode"":""fixed"",""downtime_log_mean"":2.5,""downtime_log_sigma"":0.8,""edge_count"":5,""edge_link_factor"":2.0,""experiment_layer"":""system_poisson"",""fixed_online_budget_ms"":10.0,""fixed_planning_interval_slots"":5,""fixed_total_pool_budget"":20,""lambda_g"":0.7,""lambda_h"":0.7,""lambda_per_slot"":1.0,""max_deadline_ms"":1999.0,""min_deadline_ms"":500.0,""minimum_control_window_slots"":5,""minimum_replanning_interval_slots"":2,""name"":""lambda_1_periodic_lightweight"",""online_budgets_ms"":[5.0,10.0,20.0],""online_timing_mode"":""measured"",""origin_group_count"":2,""plan_ttl_slots"":20,""planning_candidate_generator_mode"":""lightweight"",""planning_customized_archive_capacity"":64,""planning_customized_generations"":4,""planning_customized_population_size"":12,""planning_deadline_ms"":2000.0,""planning_intervals"":[5,10,20],""planning_runtime_ms"":100.0,""planning_sample_count"":20,""planning_timing_mode"":""measured"",""pool_budget_mode"":""fixed_total"",""profile_count"":2,""slot_count"":200,""slot_length_ms"":100.0,""suite"":""load"",""total_pool_budgets"":[8,20,40],""uptime_scale"":100.0,""uptime_shape"":1.5,""user_count"":10,""workload_mode"":""poisson_profile_catalog""}",200,206,211,75,136,66,9,2,0,1,2.280209638401556,602.2685218588451,0.8283750511846472,6313.019201765801,27,4,44,0,0,34,15,18,17165.732753113844,1178.0696235364303,5.58326835799256,9.749584016390145,11,10,0,4076,3737,0,339,217,194,80,118,22260731,prewarm,stability_delay_energy_v4,unified_fixed_point_v3,explicit_snapshot_v1,poisson_profile_catalog_v1,periodic_repository_v1,customized_periodic_pool_v1,empirical_window_beta_v1,slot_up_down_v1,fixed_service_time_v1,fixed_path_v1,full_duplex_shared_heat_v1,deployment_return_energy_v1,periodic_three_objective_v3,discrete_mpc_v1,grid_tkb_v1,arrival_risk_diversity_v1,budgeted_fixed_point_v1,regularized_surrogate_v1,goodput_cost_v1,0.35545023696682465,0.6445497630331753,0.3127962085308057,0.12,0.02666666666666667,3.203883495145631,0.12796208530805686,0.018957345971563982,0.20853080568720378,0.0,0.0
system_poisson:poisson_lifecycle_v1:load:05b6d6a11cae1c4e:periodic_lightweight:r10:s20260729,05b6d6a11cae1c4e,load,lambda_1_periodic_lightweight,lambda_1,periodic_lightweight,10,20260729,system_poisson,poisson_lifecycle_v1,poisson_profile_catalog,periodic_lightweight,lightweight,not_applicable,prewarm,measured,measured,fixed,fixed_total,1.0,5b8d17f0ef7f4099,329b4f7d21be54ff,897cead0737f85bf,5bfdd62f4d90fc6a,"{""algorithm"":""periodic_lightweight"",""alpha_l"":0.7,""alpha_r"":0.8,""availability_fraction"":0.5,""beta_l"":0.4,""beta_r"":0.5,""bootstrap_mode"":""prewarm"",""candidate_fixed_point_damping"":0.5,""candidate_fixed_point_max_iterations"":20,""candidate_fixed_point_relative_tolerance"":0.0001,""cloud_count"":1,""comparison_group"":""lambda_1"",""comparison_method"":""periodic_lightweight"",""control_mode"":""fixed"",""downtime_log_mean"":2.5,""downtime_log_sigma"":0.8,""edge_count"":5,""edge_link_factor"":2.0,""experiment_layer"":""system_poisson"",""fixed_online_budget_ms"":10.0,""fixed_planning_interval_slots"":5,""fixed_total_pool_budget"":20,""lambda_g"":0.7,""lambda_h"":0.7,""lambda_per_slot"":1.0,""max_deadline_ms"":1999.0,""min_deadline_ms"":500.0,""minimum_control_window_slots"":5,""minimum_replanning_interval_slots"":2,""name"":""lambda_1_periodic_lightweight"",""online_budgets_ms"":[5.0,10.0,20.0],""online_timing_mode"":""measured"",""origin_group_count"":2,""plan_ttl_slots"":20,""planning_candidate_generator_mode"":""lightweight"",""planning_customized_archive_capacity"":64,""planning_customized_generations"":4,""planning_customized_population_size"":12,""planning_deadline_ms"":2000.0,""planning_intervals"":[5,10,20],""planning_runtime_ms"":100.0,""planning_sample_count"":20,""planning_timing_mode"":""measured"",""pool_budget_mode"":""fixed_total"",""profile_count"":2,""slot_count"":200,""slot_length_ms"":100.0,""suite"":""load"",""total_pool_budgets"":[8,20,40],""uptime_scale"":100.0,""uptime_shape"":1.5,""user_count"":10,""workload_mode"":""poisson_profile_catalog""}",200,203,209,74,135,61,13,1,0,1,2.228091344422627,525.3209247618718,0.7944906533508447,5648.995521669354,30,15,29,0,0,33,17,16,17324.734792113304,1258.328415104188,6.020710120115732,9.979000082239509,13,12,0,4025,3591,0,434,288,242,98,153,22260732,prewarm,stability_delay_energy_v4,unified_fixed_point_v3,explicit_snapshot_v1,poisson_profile_catalog_v1,periodic_repository_v1,customized_periodic_pool_v1,empirical_window_beta_v1,slot_up_down_v1,fixed_service_time_v1,fixed_path_v1,full_duplex_shared_heat_v1,deployment_return_energy_v1,periodic_three_objective_v3,discrete_mpc_v1,grid_tkb_v1,arrival_risk_diversity_v1,budgeted_fixed_point_v1,regularized_surrogate_v1,goodput_cost_v1,0.35406698564593303,0.645933014354067,0.291866028708134,0.17567567567567569,0.013513513513513514,3.0049261083743843,0.14354066985645933,0.07177033492822966,0.13875598086124402,0.0,0.0
system_poisson:poisson_lifecycle_v1:load:05b6d6a11cae1c4e:periodic_lightweight:r11:s20260730,05b6d6a11cae1c4e,load,lambda_1_periodic_lightweight,lambda_1,periodic_lightweight,11,20260730,system_poisson,poisson_lifecycle_v1,poisson_profile_catalog,periodic_lightweight,lightweight,not_applicable,prewarm,measured,measured,fixed,fixed_total,1.0,30f077b6e956d2e4,a9f113d17c0a9b50,f4bafd7cbf888eae,2fbd8cdb625c9aae,"{""algorithm"":""periodic_lightweight"",""alpha_l"":0.7,""alpha_r"":0.8,""availability_fraction"":0.5,""beta_l"":0.4,""beta_r"":0.5,""bootstrap_mode"":""prewarm"",""candidate_fixed_point_damping"":0.5,""candidate_fixed_point_max_iterations"":20,""candidate_fixed_point_relative_tolerance"":0.0001,""cloud_count"":1,""comparison_group"":""lambda_1"",""comparison_method"":""periodic_lightweight"",""control_mode"":""fixed"",""downtime_log_mean"":2.5,""downtime_log_sigma"":0.8,""edge_count"":5,""edge_link_factor"":2.0,""experiment_layer"":""system_poisson"",""fixed_online_budget_ms"":10.0,""fixed_planning_interval_slots"":5,""fixed_total_pool_budget"":20,""lambda_g"":0.7,""lambda_h"":0.7,""lambda_per_slot"":1.0,""max_deadline_ms"":1999.0,""min_deadline_ms"":500.0,""minimum_control_window_slots"":5,""minimum_replanning_interval_slots"":2,""name"":""lambda_1_periodic_lightweight"",""online_budgets_ms"":[5.0,10.0,20.0],""online_timing_mode"":""measured"",""origin_group_count"":2,""plan_ttl_slots"":20,""planning_candidate_generator_mode"":""lightweight"",""planning_customized_archive_capacity"":64,""planning_customized_generations"":4,""planning_customized_population_size"":12,""planning_deadline_ms"":2000.0,""planning_intervals"":[5,10,20],""planning_runtime_ms"":100.0,""planning_sample_count"":20,""planning_timing_mode"":""measured"",""pool_budget_mode"":""fixed_total"",""profile_count"":2,""slot_count"":200,""slot_length_ms"":100.0,""suite"":""load"",""total_pool_budgets"":[8,20,40],""uptime_scale"":100.0,""uptime_shape"":1.5,""user_count"":10,""workload_mode"":""poisson_profile_catalog""}",200,217,179,38,141,35,3,2,0,1,1.1505658214287717,696.2172760450787,0.7991948617263556,5190.6282110088305,19,7,12,0,0,22,3,18,19229.43858418148,890.6110766110942,4.975480874922314,8.752999943681061,1,0,0,2768,2571,0,197,145,141,40,98,22260733,prewarm,stability_delay_energy_v4,unified_fixed_point_v3,explicit_snapshot_v1,poisson_profile_catalog_v1,periodic_repository_v1,customized_periodic_pool_v1,empirical_window_beta_v1,slot_up_down_v1,fixed_service_time_v1,fixed_path_v1,full_duplex_shared_heat_v1,deployment_return_energy_v1,periodic_three_objective_v3,discrete_mpc_v1,grid_tkb_v1,arrival_risk_diversity_v1,budgeted_fixed_point_v1,regularized_surrogate_v1,goodput_cost_v1,0.2122905027932961,0.7877094972067039,0.19553072625698323,0.07894736842105263,0.05263157894736842,1.6129032258064517,0.10614525139664804,0.03910614525139665,0.0670391061452514,0.0,0.0
system_poisson:poisson_lifecycle_v1:load:05b6d6a11cae1c4e:periodic_lightweight:r12:s20260731,05b6d6a11cae1c4e,load,lambda_1_periodic_lightweight,lambda_1,periodic_lightweight,12,20260731,system_poisson,poisson_lifecycle_v1,poisson_profile_catalog,periodic_lightweight,lightweight,not_applicable,prewarm,measured,measured,fixed,fixed_total,1.0,c8a1c19b9973aa96,c57247db4e0508db,72a5571d4331dbf4,5615e2a246665bbb,"{""algorithm"":""periodic_lightweight"",""alpha_l"":0.7,""alpha_r"":0.8,""availability_fraction"":0.5,""beta_l"":0.4,""beta_r"":0.5,""bootstrap_mode"":""prewarm"",""candidate_fixed_point_damping"":0.5,""candidate_fixed_point_max_iterations"":20,""candidate_fixed_point_relative_tolerance"":0.0001,""cloud_count"":1,""comparison_group"":""lambda_1"",""comparison_method"":""periodic_lightweight"",""control_mode"":""fixed"",""downtime_log_mean"":2.5,""downtime_log_sigma"":0.8,""edge_count"":5,""edge_link_factor"":2.0,""experiment_layer"":""system_poisson"",""fixed_online_budget_ms"":10.0,""fixed_planning_interval_slots"":5,""fixed_total_pool_budget"":20,""lambda_g"":0.7,""lambda_h"":0.7,""lambda_per_slot"":1.0,""max_deadline_ms"":1999.0,""min_deadline_ms"":500.0,""minimum_control_window_slots"":5,""minimum_replanning_interval_slots"":2,""name"":""lambda_1_periodic_lightweight"",""online_budgets_ms"":[5.0,10.0,20.0],""online_timing_mode"":""measured"",""origin_group_count"":2,""plan_ttl_slots"":20,""planning_candidate_generator_mode"":""lightweight"",""planning_customized_archive_capacity"":64,""planning_customized_generations"":4,""planning_customized_population_size"":12,""planning_deadline_ms"":2000.0,""planning_intervals"":[5,10,20],""planning_runtime_ms"":100.0,""planning_sample_count"":20,""planning_timing_mode"":""measured"",""pool_budget_mode"":""fixed_total"",""profile_count"":2,""slot_count"":200,""slot_length_ms"":100.0,""suite"":""load"",""total_pool_budgets"":[8,20,40],""uptime_scale"":100.0,""uptime_shape"":1.5,""user_count"":10,""workload_mode"":""poisson_profile_catalog""}",200,207,184,69,115,66,3,0,0,1,2.428954489061704,576.3200843194039,0.8138753434988474,5903.4767867978135,35,18,16,0,0,31,20,10,19095.503583084792,727.5033338228241,3.9538224664283916,6.56254100613296,3,2,0,3889,3632,0,257,153,141,65,88,22260734,prewarm,stability_delay_energy_v4,unified_fixed_point_v3,explicit_snapshot_v1,poisson_profile_catalog_v1,periodic_repository_v1,customized_periodic_pool_v1,empirical_window_beta_v1,slot_up_down_v1,fixed_service_time_v1,fixed_path_v1,full_duplex_shared_heat_v1,deployment_return_energy_v1,periodic_three_objective_v3,discrete_mpc_v1,grid_tkb_v1,arrival_risk_diversity_v1,budgeted_fixed_point_v1,regularized_surrogate_v1,goodput_cost_v1,0.375,0.625,0.358695652173913,0.043478260869565216,0.0,3.1884057971014492,0.19021739130434784,0.09782608695652174,0.08695652173913043,0.0,0.0
system_poisson:poisson_lifecycle_v1:load:05b6d6a11cae1c4e:periodic_lightweight:r13:s20260732,05b6d6a11cae1c4e,load,lambda_1_periodic_lightweight,lambda_1,periodic_lightweight,13,20260732,system_poisson,poisson_lifecycle_v1,poisson_profile_catalog,periodic_lightweight,lightweight,not_applicable,prewarm,measured,measured,fixed,fixed_total,1.0,2570004416ece14a,3e0c88c5a91c29b4,5e6617b3e9dde363,a897565254a74026,"{""algorithm"":""periodic_lightweight"",""alpha_l"":0.7,""alpha_r"":0.8,""availability_fraction"":0.5,""beta_l"":0.4,""beta_r"":0.5,""bootstrap_mode"":""prewarm"",""candidate_fixed_point_damping"":0.5,""candidate_fixed_point_max_iterations"":20,""candidate_fixed_point_relative_tolerance"":0.0001,""cloud_count"":1,""comparison_group"":""lambda_1"",""comparison_method"":""periodic_lightweight"",""control_mode"":""fixed"",""downtime_log_mean"":2.5,""downtime_log_sigma"":0.8,""edge_count"":5,""edge_link_factor"":2.0,""experiment_layer"":""system_poisson"",""fixed_online_budget_ms"":10.0,""fixed_planning_interval_slots"":5,""fixed_total_pool_budget"":20,""lambda_g"":0.7,""lambda_h"":0.7,""lambda_per_slot"":1.0,""max_deadline_ms"":1999.0,""min_deadline_ms"":500.0,""minimum_control_window_slots"":5,""minimum_replanning_interval_slots"":2,""name"":""lambda_1_periodic_lightweight"",""online_budgets_ms"":[5.0,10.0,20.0],""online_timing_mode"":""measured"",""origin_group_count"":2,""plan_ttl_slots"":20,""planning_candidate_generator_mode"":""lightweight"",""planning_customized_archive_capacity"":64,""planning_customized_generations"":4,""planning_customized_population_size"":12,""planning_deadline_ms"":2000.0,""planning_intervals"":[5,10,20],""planning_runtime_ms"":100.0,""planning_sample_count"":20,""planning_timing_mode"":""measured"",""pool_budget_mode"":""fixed_total"",""profile_count"":2,""slot_count"":200,""slot_length_ms"":100.0,""suite"":""load"",""total_pool_budgets"":[8,20,40],""uptime_scale"":100.0,""uptime_shape"":1.5,""user_count"":10,""workload_mode"":""poisson_profile_catalog""}",200,201,208,72,136,62,10,3,0,1,2.2057095195835075,626.5459818941813,0.8276209975637223,7801.847623459413,31,19,22,0,0,29,14,14,19017.513664904982,985.1528733270243,4.736311890995309,8.242540992796421,8,7,0,3598,3450,0,148,111,109,51,63,22260735,prewarm,stability_delay_energy_v4,unified_fixed_point_v3,explicit_snapshot_v1,poisson_profile_catalog_v1,periodic_repository_v1,customized_periodic_pool_v1,empirical_window_beta_v1,slot_up_down_v1,fixed_service_time_v1,fixed_path_v1,full_duplex_shared_heat_v1,deployment_return_energy_v1,periodic_three_objective_v3,discrete_mpc_v1,grid_tkb_v1,arrival_risk_diversity_v1,budgeted_fixed_point_v1,regularized_surrogate_v1,goodput_cost_v1,0.34615384615384615,0.6538461538461539,0.2980769230769231,0.1388888888888889,0.041666666666666664,3.0845771144278604,0.14903846153846154,0.09134615384615384,0.10576923076923077,0.0,0.0
system_poisson:poisson_lifecycle_v1:load:05b6d6a11cae1c4e:periodic_lightweight:r14:s20260733,05b6d6a11cae1c4e,load,lambda_1_periodic_lightweight,lambda_1,periodic_lightweight,14,20260733,system_poisson,poisson_lifecycle_v1,poisson_profile_catalog,periodic_lightweight,lightweight,not_applicable,prewarm,measured,measured,fixed,fixed_total,1.0,e549ef942191509c,82b0c7769f30bf5e,5fa9f2d6b0764417,9238a84d7f53868e,"{""algorithm"":""periodic_lightweight"",""alpha_l"":0.7,""alpha_r"":0.8,""availability_fraction"":0.5,""beta_l"":0.4,""beta_r"":0.5,""bootstrap_mode"":""prewarm"",""candidate_fixed_point_damping"":0.5,""candidate_fixed_point_max_iterations"":20,""candidate_fixed_point_relative_tolerance"":0.0001,""cloud_count"":1,""comparison_group"":""lambda_1"",""comparison_method"":""periodic_lightweight"",""control_mode"":""fixed"",""downtime_log_mean"":2.5,""downtime_log_sigma"":0.8,""edge_count"":5,""edge_link_factor"":2.0,""experiment_layer"":""system_poisson"",""fixed_online_budget_ms"":10.0,""fixed_planning_interval_slots"":5,""fixed_total_pool_budget"":20,""lambda_g"":0.7,""lambda_h"":0.7,""lambda_per_slot"":1.0,""max_deadline_ms"":1999.0,""min_deadline_ms"":500.0,""minimum_control_window_slots"":5,""minimum_replanning_interval_slots"":2,""name"":""lambda_1_periodic_lightweight"",""online_budgets_ms"":[5.0,10.0,20.0],""online_timing_mode"":""measured"",""origin_group_count"":2,""plan_ttl_slots"":20,""planning_candidate_generator_mode"":""lightweight"",""planning_customized_archive_capacity"":64,""planning_customized_generations"":4,""planning_customized_population_size"":12,""planning_deadline_ms"":2000.0,""planning_intervals"":[5,10,20],""planning_runtime_ms"":100.0,""planning_sample_count"":20,""planning_timing_mode"":""measured"",""pool_budget_mode"":""fixed_total"",""profile_count"":2,""slot_count"":200,""slot_length_ms"":100.0,""suite"":""load"",""total_pool_budgets"":[8,20,40],""uptime_scale"":100.0,""uptime_shape"":1.5,""user_count"":10,""workload_mode"":""poisson_profile_catalog""}",200,204,202,80,122,76,4,1,0,1,2.783178585711707,534.8519888463189,0.8059284539711404,5082.241047203098,35,33,12,0,0,29,16,12,19557.14300100226,910.25958978571,4.506235592998564,6.774374982342124,3,2,0,3564,3359,0,205,139,137,57,86,22260736,prewarm,stability_delay_energy_v4,unified_fixed_point_v3,explicit_snapshot_v1,poisson_profile_catalog_v1,periodic_repository_v1,customized_periodic_pool_v1,empirical_window_beta_v1,slot_up_down_v1,fixed_service_time_v1,fixed_path_v1,full_duplex_shared_heat_v1,deployment_return_energy_v1,periodic_three_objective_v3,discrete_mpc_v1,grid_tkb_v1,arrival_risk_diversity_v1,budgeted_fixed_point_v1,regularized_surrogate_v1,goodput_cost_v1,0.39603960396039606,0.6039603960396039,0.37623762376237624,0.05,0.0125,3.7254901960784315,0.17326732673267325,0.16336633663366337,0.0594059405940594,0.0,0.0
system_poisson:poisson_lifecycle_v1:load:05b6d6a11cae1c4e:periodic_lightweight:r15:s20260734,05b6d6a11cae1c4e,load,lambda_1_periodic_lightweight,lambda_1,periodic_lightweight,15,20260734,system_poisson,poisson_lifecycle_v1,poisson_profile_catalog,periodic_lightweight,lightweight,not_applicable,prewarm,measured,measured,fixed,fixed_total,1.0,9d81372cc2973096,868f2658ddad8015,1f9cdc4dfc70bd76,554a01216359253d,"{""algorithm"":""periodic_lightweight"",""alpha_l"":0.7,""alpha_r"":0.8,""availability_fraction"":0.5,""beta_l"":0.4,""beta_r"":0.5,""bootstrap_mode"":""prewarm"",""candidate_fixed_point_damping"":0.5,""candidate_fixed_point_max_iterations"":20,""candidate_fixed_point_relative_tolerance"":0.0001,""cloud_count"":1,""comparison_group"":""lambda_1"",""comparison_method"":""periodic_lightweight"",""control_mode"":""fixed"",""downtime_log_mean"":2.5,""downtime_log_sigma"":0.8,""edge_count"":5,""edge_link_factor"":2.0,""experiment_layer"":""system_poisson"",""fixed_online_budget_ms"":10.0,""fixed_planning_interval_slots"":5,""fixed_total_pool_budget"":20,""lambda_g"":0.7,""lambda_h"":0.7,""lambda_per_slot"":1.0,""max_deadline_ms"":1999.0,""min_deadline_ms"":500.0,""minimum_control_window_slots"":5,""minimum_replanning_interval_slots"":2,""name"":""lambda_1_periodic_lightweight"",""online_budgets_ms"":[5.0,10.0,20.0],""online_timing_mode"":""measured"",""origin_group_count"":2,""plan_ttl_slots"":20,""planning_candidate_generator_mode"":""lightweight"",""planning_customized_archive_capacity"":64,""planning_customized_generations"":4,""planning_customized_population_size"":12,""planning_deadline_ms"":2000.0,""planning_intervals"":[5,10,20],""planning_runtime_ms"":100.0,""planning_sample_count"":20,""planning_timing_mode"":""measured"",""pool_budget_mode"":""fixed_total"",""profile_count"":2,""slot_count"":200,""slot_length_ms"":100.0,""suite"":""load"",""total_pool_budgets"":[8,20,40],""uptime_scale"":100.0,""uptime_shape"":1.5,""user_count"":10,""workload_mode"":""poisson_profile_catalog""}",200,205,203,59,144,55,4,0,0,1,1.9290219416572245,698.2612403534484,0.8032613210270366,4942.64572797717,32,7,20,0,0,35,20,14,18712.908372748643,987.4529945664108,4.864300465844388,7.854582974687219,5,4,0,4283,3953,0,330,245,240,105,140,22260737,prewarm,stability_delay_energy_v4,unified_fixed_point_v3,explicit_snapshot_v1,poisson_profile_catalog_v1,periodic_repository_v1,customized_periodic_pool_v1,empirical_window_beta_v1,slot_up_down_v1,fixed_service_time_v1,fixed_path_v1,full_duplex_shared_heat_v1,deployment_return_energy_v1,periodic_three_objective_v3,discrete_mpc_v1,grid_tkb_v1,arrival_risk_diversity_v1,budgeted_fixed_point_v1,regularized_surrogate_v1,goodput_cost_v1,0.29064039408866993,0.7093596059113301,0.270935960591133,0.06779661016949153,0.0,2.682926829268293,0.15763546798029557,0.034482758620689655,0.09852216748768473,0.0,0.0
system_poisson:poisson_lifecycle_v1:load:05b6d6a11cae1c4e:periodic_lightweight:r16:s20260735,05b6d6a11cae1c4e,load,lambda_1_periodic_lightweight,lambda_1,periodic_lightweight,16,20260735,system_poisson,poisson_lifecycle_v1,poisson_profile_catalog,periodic_lightweight,lightweight,not_applicable,prewarm,measured,measured,fixed,fixed_total,1.0,c61c842e17f225e3,3da65bab6008a478,33b568baf37f075d,615e85118266de25,"{""algorithm"":""periodic_lightweight"",""alpha_l"":0.7,""alpha_r"":0.8,""availability_fraction"":0.5,""beta_l"":0.4,""beta_r"":0.5,""bootstrap_mode"":""prewarm"",""candidate_fixed_point_damping"":0.5,""candidate_fixed_point_max_iterations"":20,""candidate_fixed_point_relative_tolerance"":0.0001,""cloud_count"":1,""comparison_group"":""lambda_1"",""comparison_method"":""periodic_lightweight"",""control_mode"":""fixed"",""downtime_log_mean"":2.5,""downtime_log_sigma"":0.8,""edge_count"":5,""edge_link_factor"":2.0,""experiment_layer"":""system_poisson"",""fixed_online_budget_ms"":10.0,""fixed_planning_interval_slots"":5,""fixed_total_pool_budget"":20,""lambda_g"":0.7,""lambda_h"":0.7,""lambda_per_slot"":1.0,""max_deadline_ms"":1999.0,""min_deadline_ms"":500.0,""minimum_control_window_slots"":5,""minimum_replanning_interval_slots"":2,""name"":""lambda_1_periodic_lightweight"",""online_budgets_ms"":[5.0,10.0,20.0],""online_timing_mode"":""measured"",""origin_group_count"":2,""plan_ttl_slots"":20,""planning_candidate_generator_mode"":""lightweight"",""planning_customized_archive_capacity"":64,""planning_customized_generations"":4,""planning_customized_population_size"":12,""planning_deadline_ms"":2000.0,""planning_intervals"":[5,10,20],""planning_runtime_ms"":100.0,""planning_sample_count"":20,""planning_timing_mode"":""measured"",""pool_budget_mode"":""fixed_total"",""profile_count"":2,""slot_count"":200,""slot_length_ms"":100.0,""suite"":""load"",""total_pool_budgets"":[8,20,40],""uptime_scale"":100.0,""uptime_shape"":1.5,""user_count"":10,""workload_mode"":""poisson_profile_catalog""}",200,204,215,63,152,51,12,2,0,1,1.7560417769989518,752.6234529986968,0.8450880849410195,7445.858155820499,24,3,36,0,0,34,10,23,18157.485873205587,805.6649176869541,3.747278686916066,6.679374957457185,7,6,0,4197,4114,0,83,73,72,26,52,22260738,prewarm,stability_delay_energy_v4,unified_fixed_point_v3,explicit_snapshot_v1,poisson_profile_catalog_v1,periodic_repository_v1,customized_periodic_pool_v1,empirical_window_beta_v1,slot_up_down_v1,fixed_service_time_v1,fixed_path_v1,full_duplex_shared_heat_v1,deployment_return_energy_v1,periodic_three_objective_v3,discrete_mpc_v1,grid_tkb_v1,arrival_risk_diversity_v1,budgeted_fixed_point_v1,regularized_surrogate_v1,goodput_cost_v1,0.2930232558139535,0.7069767441860465,0.2372093023255814,0.19047619047619047,0.031746031746031744,2.5,0.11162790697674418,0.013953488372093023,0.16744186046511628,0.0,0.0
system_poisson:poisson_lifecycle_v1:load:05b6d6a11cae1c4e:periodic_lightweight:r17:s20260736,05b6d6a11cae1c4e,load,lambda_1_periodic_lightweight,lambda_1,periodic_lightweight,17,20260736,system_poisson,poisson_lifecycle_v1,poisson_profile_catalog,periodic_lightweight,lightweight,not_applicable,prewarm,measured,measured,fixed,fixed_total,1.0,a1e1594e7589a223,d9b518a32809412d,f1078707bd950772,6d1494c76aa00136,"{""algorithm"":""periodic_lightweight"",""alpha_l"":0.7,""alpha_r"":0.8,""availability_fraction"":0.5,""beta_l"":0.4,""beta_r"":0.5,""bootstrap_mode"":""prewarm"",""candidate_fixed_point_damping"":0.5,""candidate_fixed_point_max_iterations"":20,""candidate_fixed_point_relative_tolerance"":0.0001,""cloud_count"":1,""comparison_group"":""lambda_1"",""comparison_method"":""periodic_lightweight"",""control_mode"":""fixed"",""downtime_log_mean"":2.5,""downtime_log_sigma"":0.8,""edge_count"":5,""edge_link_factor"":2.0,""experiment_layer"":""system_poisson"",""fixed_online_budget_ms"":10.0,""fixed_planning_interval_slots"":5,""fixed_total_pool_budget"":20,""lambda_g"":0.7,""lambda_h"":0.7,""lambda_per_slot"":1.0,""max_deadline_ms"":1999.0,""min_deadline_ms"":500.0,""minimum_control_window_slots"":5,""minimum_replanning_interval_slots"":2,""name"":""lambda_1_periodic_lightweight"",""online_budgets_ms"":[5.0,10.0,20.0],""online_timing_mode"":""measured"",""origin_group_count"":2,""plan_ttl_slots"":20,""planning_candidate_generator_mode"":""lightweight"",""planning_customized_archive_capacity"":64,""planning_customized_generations"":4,""planning_customized_population_size"":12,""planning_deadline_ms"":2000.0,""planning_intervals"":[5,10,20],""planning_runtime_ms"":100.0,""planning_sample_count"":20,""planning_timing_mode"":""measured"",""pool_budget_mode"":""fixed_total"",""profile_count"":2,""slot_count"":200,""slot_length_ms"":100.0,""suite"":""load"",""total_pool_budgets"":[8,20,40],""uptime_scale"":100.0,""uptime_shape"":1.5,""user_count"":10,""workload_mode"":""poisson_profile_catalog""}",200,208,191,54,137,48,6,1,0,1,1.7046077222579108,637.1425174704541,0.8173106585308146,5196.088829821021,28,6,20,0,0,32,23,8,18693.274454562925,895.2855878742412,4.687359098818017,8.860833011567593,2,1,0,3996,3797,0,199,165,164,96,76,22260739,prewarm,stability_delay_energy_v4,unified_fixed_point_v3,explicit_snapshot_v1,poisson_profile_catalog_v1,periodic_repository_v1,customized_periodic_pool_v1,empirical_window_beta_v1,slot_up_down_v1,fixed_service_time_v1,fixed_path_v1,full_duplex_shared_heat_v1,deployment_return_energy_v1,periodic_three_objective_v3,discrete_mpc_v1,grid_tkb_v1,arrival_risk_diversity_v1,budgeted_fixed_point_v1,regularized_surrogate_v1,goodput_cost_v1,0.28272251308900526,0.7172774869109948,0.2513089005235602,0.1111111111111111,0.018518518518518517,2.3076923076923075,0.14659685863874344,0.031413612565445025,0.10471204188481675,0.0,0.0
system_poisson:poisson_lifecycle_v1:load:05b6d6a11cae1c4e:periodic_lightweight:r18:s20260737,05b6d6a11cae1c4e,load,lambda_1_periodic_lightweight,lambda_1,periodic_lightweight,18,20260737,system_poisson,poisson_lifecycle_v1,poisson_profile_catalog,periodic_lightweight,lightweight,not_applicable,prewarm,measured,measured,fixed,fixed_total,1.0,2340d35db3923e87,6c6665153475ebe0,e91a6f9277c728f1,fb1a538d3c9d367a,"{""algorithm"":""periodic_lightweight"",""alpha_l"":0.7,""alpha_r"":0.8,""availability_fraction"":0.5,""beta_l"":0.4,""beta_r"":0.5,""bootstrap_mode"":""prewarm"",""candidate_fixed_point_damping"":0.5,""candidate_fixed_point_max_iterations"":20,""candidate_fixed_point_relative_tolerance"":0.0001,""cloud_count"":1,""comparison_group"":""lambda_1"",""comparison_method"":""periodic_lightweight"",""control_mode"":""fixed"",""downtime_log_mean"":2.5,""downtime_log_sigma"":0.8,""edge_count"":5,""edge_link_factor"":2.0,""experiment_layer"":""system_poisson"",""fixed_online_budget_ms"":10.0,""fixed_planning_interval_slots"":5,""fixed_total_pool_budget"":20,""lambda_g"":0.7,""lambda_h"":0.7,""lambda_per_slot"":1.0,""max_deadline_ms"":1999.0,""min_deadline_ms"":500.0,""minimum_control_window_slots"":5,""minimum_replanning_interval_slots"":2,""name"":""lambda_1_periodic_lightweight"",""online_budgets_ms"":[5.0,10.0,20.0],""online_timing_mode"":""measured"",""origin_group_count"":2,""plan_ttl_slots"":20,""planning_candidate_generator_mode"":""lightweight"",""planning_customized_archive_capacity"":64,""planning_customized_generations"":4,""planning_customized_population_size"":12,""planning_deadline_ms"":2000.0,""planning_intervals"":[5,10,20],""planning_runtime_ms"":100.0,""planning_sample_count"":20,""planning_timing_mode"":""measured"",""pool_budget_mode"":""fixed_total"",""profile_count"":2,""slot_count"":200,""slot_length_ms"":100.0,""suite"":""load"",""total_pool_budgets"":[8,20,40],""uptime_scale"":100.0,""uptime_shape"":1.5,""user_count"":10,""workload_mode"":""poisson_profile_catalog""}",200,201,177,83,94,79,4,0,0,1,3.0720866594498264,480.6529948922299,0.8051274856271483,4603.7996597555775,52,12,19,0,0,31,24,6,18412.311625666916,1055.6533789495006,5.964143383895483,10.862124967388809,3,2,0,3827,3388,0,439,314,294,149,154,22260740,prewarm,stability_delay_energy_v4,unified_fixed_point_v3,explicit_snapshot_v1,poisson_profile_catalog_v1,periodic_repository_v1,customized_periodic_pool_v1,empirical_window_beta_v1,slot_up_down_v1,fixed_service_time_v1,fixed_path_v1,full_duplex_shared_heat_v1,deployment_return_energy_v1,periodic_three_objective_v3,discrete_mpc_v1,grid_tkb_v1,arrival_risk_diversity_v1,budgeted_fixed_point_v1,regularized_surrogate_v1,goodput_cost_v1,0.4689265536723164,0.5310734463276836,0.4463276836158192,0.04819277108433735,0.0,3.9303482587064673,0.2937853107344633,0.06779661016949153,0.10734463276836158,0.0,0.0
system_poisson:poisson_lifecycle_v1:load:05b6d6a11cae1c4e:periodic_lightweight:r19:s20260738,05b6d6a11cae1c4e,load,lambda_1_periodic_lightweight,lambda_1,periodic_lightweight,19,20260738,system_poisson,poisson_lifecycle_v1,poisson_profile_catalog,periodic_lightweight,lightweight,not_applicable,prewarm,measured,measured,fixed,fixed_total,1.0,2f8cac81e28c6822,342fe7b24aabf9c9,bca0f53820c0230d,a5b68c6f808e683d,"{""algorithm"":""periodic_lightweight"",""alpha_l"":0.7,""alpha_r"":0.8,""availability_fraction"":0.5,""beta_l"":0.4,""beta_r"":0.5,""bootstrap_mode"":""prewarm"",""candidate_fixed_point_damping"":0.5,""candidate_fixed_point_max_iterations"":20,""candidate_fixed_point_relative_tolerance"":0.0001,""cloud_count"":1,""comparison_group"":""lambda_1"",""comparison_method"":""periodic_lightweight"",""control_mode"":""fixed"",""downtime_log_mean"":2.5,""downtime_log_sigma"":0.8,""edge_count"":5,""edge_link_factor"":2.0,""experiment_layer"":""system_poisson"",""fixed_online_budget_ms"":10.0,""fixed_planning_interval_slots"":5,""fixed_total_pool_budget"":20,""lambda_g"":0.7,""lambda_h"":0.7,""lambda_per_slot"":1.0,""max_deadline_ms"":1999.0,""min_deadline_ms"":500.0,""minimum_control_window_slots"":5,""minimum_replanning_interval_slots"":2,""name"":""lambda_1_periodic_lightweight"",""online_budgets_ms"":[5.0,10.0,20.0],""online_timing_mode"":""measured"",""origin_group_count"":2,""plan_ttl_slots"":20,""planning_candidate_generator_mode"":""lightweight"",""planning_customized_archive_capacity"":64,""planning_customized_generations"":4,""planning_customized_population_size"":12,""planning_deadline_ms"":2000.0,""planning_intervals"":[5,10,20],""planning_runtime_ms"":100.0,""planning_sample_count"":20,""planning_timing_mode"":""measured"",""pool_budget_mode"":""fixed_total"",""profile_count"":2,""slot_count"":200,""slot_length_ms"":100.0,""suite"":""load"",""total_pool_budgets"":[8,20,40],""uptime_scale"":100.0,""uptime_shape"":1.5,""user_count"":10,""workload_mode"":""poisson_profile_catalog""}",200,205,180,43,137,39,4,1,0,1,1.3570652093116218,694.0403317138848,0.8175859021410474,5676.24150353141,26,2,15,0,0,29,10,18,19890.74608089868,925.4982022102922,5.141656678946068,9.329083026386797,3,2,0,3632,3426,0,206,112,97,40,63,22260741,prewarm,stability_delay_energy_v4,unified_fixed_point_v3,explicit_snapshot_v1,poisson_profile_catalog_v1,periodic_repository_v1,customized_periodic_pool_v1,empirical_window_beta_v1,slot_up_down_v1,fixed_service_time_v1,fixed_path_v1,full_duplex_shared_heat_v1,deployment_return_energy_v1,periodic_three_objective_v3,discrete_mpc_v1,grid_tkb_v1,arrival_risk_diversity_v1,budgeted_fixed_point_v1,regularized_surrogate_v1,goodput_cost_v1,0.2388888888888889,0.7611111111111111,0.21666666666666667,0.09302325581395349,0.023255813953488372,1.9024390243902438,0.14444444444444443,0.011111111111111112,0.08333333333333333,0.0,0.0
system_poisson:poisson_lifecycle_v1:load:3bc2f704c646e8d7:per_request_customized:r0:s20260719,3bc2f704c646e8d7,load,lambda_1_per_request_customized,lambda_1,per_request_customized,0,20260719,system_poisson,poisson_lifecycle_v1,poisson_profile_catalog,per_request_customized,not_applicable,p12_g4_a64,cold_start,measured,measured,fixed,fixed_total,1.0,6d295842eb0296d0,fca0df0e76e8aea8,68e477ed3df2fad8,c3ade63673949cb4,"{""algorithm"":""per_request_customized"",""alpha_l"":0.7,""alpha_r"":0.8,""availability_fraction"":0.5,""beta_l"":0.4,""beta_r"":0.5,""bootstrap_mode"":""cold_start"",""candidate_fixed_point_damping"":0.5,""candidate_fixed_point_max_iterations"":20,""candidate_fixed_point_relative_tolerance"":0.0001,""cloud_count"":1,""comparison_group"":""lambda_1"",""comparison_method"":""per_request_customized"",""control_mode"":""fixed"",""downtime_log_mean"":2.5,""downtime_log_sigma"":0.8,""edge_count"":5,""edge_link_factor"":2.0,""experiment_layer"":""system_poisson"",""fixed_online_budget_ms"":10.0,""fixed_planning_interval_slots"":5,""fixed_total_pool_budget"":20,""lambda_g"":0.7,""lambda_h"":0.7,""lambda_per_slot"":1.0,""max_deadline_ms"":1999.0,""min_deadline_ms"":500.0,""minimum_control_window_slots"":5,""minimum_replanning_interval_slots"":2,""name"":""lambda_1_per_request_customized"",""online_budgets_ms"":[5.0,10.0,20.0],""online_timing_mode"":""measured"",""origin_group_count"":2,""plan_ttl_slots"":20,""planning_candidate_generator_mode"":""customized"",""planning_customized_archive_capacity"":64,""planning_customized_generations"":4,""planning_customized_population_size"":12,""planning_deadline_ms"":2000.0,""planning_intervals"":[5,10,20],""planning_runtime_ms"":100.0,""planning_sample_count"":20,""planning_timing_mode"":""measured"",""pool_budget_mode"":""fixed_total"",""profile_count"":2,""slot_count"":200,""slot_length_ms"":100.0,""suite"":""load"",""total_pool_budgets"":[8,20,40],""uptime_scale"":100.0,""uptime_shape"":1.5,""user_count"":10,""workload_mode"":""poisson_profile_catalog""}",200,200,191,56,135,45,11,1,0,1,1.5706815876967462,716.6982276300818,0.8794371932590399,4698.275362991592,0,0,0,56,0,0,0,0,0.0,19604.58903585095,102.6418274128322,182.6285410206765,0,0,0,3270,3067,0,203,0,56,0,0,22260722,cold_start,stability_delay_energy_v4,unified_fixed_point_v3,explicit_snapshot_v1,poisson_profile_catalog_v1,periodic_repository_v1,customized_periodic_pool_v1,empirical_window_beta_v1,slot_up_down_v1,fixed_service_time_v1,fixed_path_v1,full_duplex_shared_heat_v1,deployment_return_energy_v1,periodic_three_objective_v3,discrete_mpc_v1,grid_tkb_v1,arrival_risk_diversity_v1,budgeted_fixed_point_v1,regularized_surrogate_v1,goodput_cost_v1,0.2931937172774869,0.7068062827225131,0.2356020942408377,0.19642857142857142,0.017857142857142856,2.25,0.0,0.0,0.0,0.2931937172774869,0.0
system_poisson:poisson_lifecycle_v1:load:3bc2f704c646e8d7:per_request_customized:r1:s20260720,3bc2f704c646e8d7,load,lambda_1_per_request_customized,lambda_1,per_request_customized,1,20260720,system_poisson,poisson_lifecycle_v1,poisson_profile_catalog,per_request_customized,not_applicable,p12_g4_a64,cold_start,measured,measured,fixed,fixed_total,1.0,a4f53f5438a025fd,a0ac5e6d1accb3ff,b090fbef89e23494,4948b9b559ca3dae,"{""algorithm"":""per_request_customized"",""alpha_l"":0.7,""alpha_r"":0.8,""availability_fraction"":0.5,""beta_l"":0.4,""beta_r"":0.5,""bootstrap_mode"":""cold_start"",""candidate_fixed_point_damping"":0.5,""candidate_fixed_point_max_iterations"":20,""candidate_fixed_point_relative_tolerance"":0.0001,""cloud_count"":1,""comparison_group"":""lambda_1"",""comparison_method"":""per_request_customized"",""control_mode"":""fixed"",""downtime_log_mean"":2.5,""downtime_log_sigma"":0.8,""edge_count"":5,""edge_link_factor"":2.0,""experiment_layer"":""system_poisson"",""fixed_online_budget_ms"":10.0,""fixed_planning_interval_slots"":5,""fixed_total_pool_budget"":20,""lambda_g"":0.7,""lambda_h"":0.7,""lambda_per_slot"":1.0,""max_deadline_ms"":1999.0,""min_deadline_ms"":500.0,""minimum_control_window_slots"":5,""minimum_replanning_interval_slots"":2,""name"":""lambda_1_per_request_customized"",""online_budgets_ms"":[5.0,10.0,20.0],""online_timing_mode"":""measured"",""origin_group_count"":2,""plan_ttl_slots"":20,""planning_candidate_generator_mode"":""customized"",""planning_customized_archive_capacity"":64,""planning_customized_generations"":4,""planning_customized_population_size"":12,""planning_deadline_ms"":2000.0,""planning_intervals"":[5,10,20],""planning_runtime_ms"":100.0,""planning_sample_count"":20,""planning_timing_mode"":""measured"",""pool_budget_mode"":""fixed_total"",""profile_count"":2,""slot_count"":200,""slot_length_ms"":100.0,""suite"":""load"",""total_pool_budgets"":[8,20,40],""uptime_scale"":100.0,""uptime_shape"":1.5,""user_count"":10,""workload_mode"":""poisson_profile_catalog""}",200,204,209,63,146,56,7,1,0,1,1.9878168096968971,681.5964103578413,0.8384435947329676,6877.95420443884,0,0,0,63,0,0,0,0,0.0,26247.414252720773,125.5857141278506,240.08033308200538,0,0,0,3650,3227,0,423,0,63,0,0,22260723,cold_start,stability_delay_energy_v4,unified_fixed_point_v3,explicit_snapshot_v1,poisson_profile_catalog_v1,periodic_repository_v1,customized_periodic_pool_v1,empirical_window_beta_v1,slot_up_down_v1,fixed_service_time_v1,fixed_path_v1,full_duplex_shared_heat_v1,deployment_return_energy_v1,periodic_three_objective_v3,discrete_mpc_v1,grid_tkb_v1,arrival_risk_diversity_v1,budgeted_fixed_point_v1,regularized_surrogate_v1,goodput_cost_v1,0.3014354066985646,0.6985645933014354,0.2679425837320574,0.1111111111111111,0.015873015873015872,2.7450980392156863,0.0,0.0,0.0,0.3014354066985646,0.0
system_poisson:poisson_lifecycle_v1:load:3bc2f704c646e8d7:per_request_customized:r2:s20260721,3bc2f704c646e8d7,load,lambda_1_per_request_customized,lambda_1,per_request_customized,2,20260721,system_poisson,poisson_lifecycle_v1,poisson_profile_catalog,per_request_customized,not_applicable,p12_g4_a64,cold_start,measured,measured,fixed,fixed_total,1.0,e1936cba343be935,938f95453f2442e2,b1b7f5bba0248714,b3c97759fa661993,"{""algorithm"":""per_request_customized"",""alpha_l"":0.7,""alpha_r"":0.8,""availability_fraction"":0.5,""beta_l"":0.4,""beta_r"":0.5,""bootstrap_mode"":""cold_start"",""candidate_fixed_point_damping"":0.5,""candidate_fixed_point_max_iterations"":20,""candidate_fixed_point_relative_tolerance"":0.0001,""cloud_count"":1,""comparison_group"":""lambda_1"",""comparison_method"":""per_request_customized"",""control_mode"":""fixed"",""downtime_log_mean"":2.5,""downtime_log_sigma"":0.8,""edge_count"":5,""edge_link_factor"":2.0,""experiment_layer"":""system_poisson"",""fixed_online_budget_ms"":10.0,""fixed_planning_interval_slots"":5,""fixed_total_pool_budget"":20,""lambda_g"":0.7,""lambda_h"":0.7,""lambda_per_slot"":1.0,""max_deadline_ms"":1999.0,""min_deadline_ms"":500.0,""minimum_control_window_slots"":5,""minimum_replanning_interval_slots"":2,""name"":""lambda_1_per_request_customized"",""online_budgets_ms"":[5.0,10.0,20.0],""online_timing_mode"":""measured"",""origin_group_count"":2,""plan_ttl_slots"":20,""planning_candidate_generator_mode"":""customized"",""planning_customized_archive_capacity"":64,""planning_customized_generations"":4,""planning_customized_population_size"":12,""planning_deadline_ms"":2000.0,""planning_intervals"":[5,10,20],""planning_runtime_ms"":100.0,""planning_sample_count"":20,""planning_timing_mode"":""measured"",""pool_budget_mode"":""fixed_total"",""profile_count"":2,""slot_count"":200,""slot_length_ms"":100.0,""suite"":""load"",""total_pool_budgets"":[8,20,40],""uptime_scale"":100.0,""uptime_shape"":1.5,""user_count"":10,""workload_mode"":""poisson_profile_catalog""}",200,207,211,66,145,59,7,0,0,1,2.21140572044279,562.9584914721872,0.8348274923055694,5866.430182358607,0,0,0,66,0,0,0,0,0.0,29236.780212144367,138.56293939404912,226.38795897364616,0,0,0,4038,3649,0,389,0,66,0,0,22260724,cold_start,stability_delay_energy_v4,unified_fixed_point_v3,explicit_snapshot_v1,poisson_profile_catalog_v1,periodic_repository_v1,customized_periodic_pool_v1,empirical_window_beta_v1,slot_up_down_v1,fixed_service_time_v1,fixed_path_v1,full_duplex_shared_heat_v1,deployment_return_energy_v1,periodic_three_objective_v3,discrete_mpc_v1,grid_tkb_v1,arrival_risk_diversity_v1,budgeted_fixed_point_v1,regularized_surrogate_v1,goodput_cost_v1,0.3127962085308057,0.6872037914691943,0.2796208530805687,0.10606060606060606,0.0,2.85024154589372,0.0,0.0,0.0,0.3127962085308057,0.0
system_poisson:poisson_lifecycle_v1:load:3bc2f704c646e8d7:per_request_customized:r3:s20260722,3bc2f704c646e8d7,load,lambda_1_per_request_customized,lambda_1,per_request_customized,3,20260722,system_poisson,poisson_lifecycle_v1,poisson_profile_catalog,per_request_customized,not_applicable,p12_g4_a64,cold_start,measured,measured,fixed,fixed_total,1.0,cad518de228dec43,e2c448830ab998d5,5b89c04953d23a62,a8d64a668c29fff0,"{""algorithm"":""per_request_customized"",""alpha_l"":0.7,""alpha_r"":0.8,""availability_fraction"":0.5,""beta_l"":0.4,""beta_r"":0.5,""bootstrap_mode"":""cold_start"",""candidate_fixed_point_damping"":0.5,""candidate_fixed_point_max_iterations"":20,""candidate_fixed_point_relative_tolerance"":0.0001,""cloud_count"":1,""comparison_group"":""lambda_1"",""comparison_method"":""per_request_customized"",""control_mode"":""fixed"",""downtime_log_mean"":2.5,""downtime_log_sigma"":0.8,""edge_count"":5,""edge_link_factor"":2.0,""experiment_layer"":""system_poisson"",""fixed_online_budget_ms"":10.0,""fixed_planning_interval_slots"":5,""fixed_total_pool_budget"":20,""lambda_g"":0.7,""lambda_h"":0.7,""lambda_per_slot"":1.0,""max_deadline_ms"":1999.0,""min_deadline_ms"":500.0,""minimum_control_window_slots"":5,""minimum_replanning_interval_slots"":2,""name"":""lambda_1_per_request_customized"",""online_budgets_ms"":[5.0,10.0,20.0],""online_timing_mode"":""measured"",""origin_group_count"":2,""plan_ttl_slots"":20,""planning_candidate_generator_mode"":""customized"",""planning_customized_archive_capacity"":64,""planning_customized_generations"":4,""planning_customized_population_size"":12,""planning_deadline_ms"":2000.0,""planning_intervals"":[5,10,20],""planning_runtime_ms"":100.0,""planning_sample_count"":20,""planning_timing_mode"":""measured"",""pool_budget_mode"":""fixed_total"",""profile_count"":2,""slot_count"":200,""slot_length_ms"":100.0,""suite"":""load"",""total_pool_budgets"":[8,20,40],""uptime_scale"":100.0,""uptime_shape"":1.5,""user_count"":10,""workload_mode"":""poisson_profile_catalog""}",200,211,210,74,136,64,10,1,0,1,2.2350824564642027,595.4157230492319,0.858476611446337,5521.688888421834,0,0,0,74,0,0,0,0,0.0,26169.167626765557,124.61508393697883,195.1250840211287,0,0,0,3882,3213,0,669,0,74,0,0,22260725,cold_start,stability_delay_energy_v4,unified_fixed_point_v3,explicit_snapshot_v1,poisson_profile_catalog_v1,periodic_repository_v1,customized_periodic_pool_v1,empirical_window_beta_v1,slot_up_down_v1,fixed_service_time_v1,fixed_path_v1,full_duplex_shared_heat_v1,deployment_return_energy_v1,periodic_three_objective_v3,discrete_mpc_v1,grid_tkb_v1,arrival_risk_diversity_v1,budgeted_fixed_point_v1,regularized_surrogate_v1,goodput_cost_v1,0.3523809523809524,0.6476190476190476,0.3047619047619048,0.13513513513513514,0.013513513513513514,3.0331753554502368,0.0,0.0,0.0,0.3523809523809524,0.0
system_poisson:poisson_lifecycle_v1:load:3bc2f704c646e8d7:per_request_customized:r4:s20260723,3bc2f704c646e8d7,load,lambda_1_per_request_customized,lambda_1,per_request_customized,4,20260723,system_poisson,poisson_lifecycle_v1,poisson_profile_catalog,per_request_customized,not_applicable,p12_g4_a64,cold_start,measured,measured,fixed,fixed_total,1.0,85e4775618fc9271,04cc006508118ace,6d76626369b7dc47,7df8c4f9894fbd11,"{""algorithm"":""per_request_customized"",""alpha_l"":0.7,""alpha_r"":0.8,""availability_fraction"":0.5,""beta_l"":0.4,""beta_r"":0.5,""bootstrap_mode"":""cold_start"",""candidate_fixed_point_damping"":0.5,""candidate_fixed_point_max_iterations"":20,""candidate_fixed_point_relative_tolerance"":0.0001,""cloud_count"":1,""comparison_group"":""lambda_1"",""comparison_method"":""per_request_customized"",""control_mode"":""fixed"",""downtime_log_mean"":2.5,""downtime_log_sigma"":0.8,""edge_count"":5,""edge_link_factor"":2.0,""experiment_layer"":""system_poisson"",""fixed_online_budget_ms"":10.0,""fixed_planning_interval_slots"":5,""fixed_total_pool_budget"":20,""lambda_g"":0.7,""lambda_h"":0.7,""lambda_per_slot"":1.0,""max_deadline_ms"":1999.0,""min_deadline_ms"":500.0,""minimum_control_window_slots"":5,""minimum_replanning_interval_slots"":2,""name"":""lambda_1_per_request_customized"",""online_budgets_ms"":[5.0,10.0,20.0],""online_timing_mode"":""measured"",""origin_group_count"":2,""plan_ttl_slots"":20,""planning_candidate_generator_mode"":""customized"",""planning_customized_archive_capacity"":64,""planning_customized_generations"":4,""planning_customized_population_size"":12,""planning_deadline_ms"":2000.0,""planning_intervals"":[5,10,20],""planning_runtime_ms"":100.0,""planning_sample_count"":20,""planning_timing_mode"":""measured"",""pool_budget_mode"":""fixed_total"",""profile_count"":2,""slot_count"":200,""slot_length_ms"":100.0,""suite"":""load"",""total_pool_budgets"":[8,20,40],""uptime_scale"":100.0,""uptime_shape"":1.5,""user_count"":10,""workload_mode"":""poisson_profile_catalog""}",200,206,206,50,156,46,4,0,0,1,1.699609032630006,645.3193819338466,0.8500858901346798,6586.098569331934,0,0,0,50,0,0,0,0,0.0,27892.320753540844,135.3996153084507,226.4790420886129,0,0,0,3787,3532,0,255,0,50,0,0,22260726,cold_start,stability_delay_energy_v4,unified_fixed_point_v3,explicit_snapshot_v1,poisson_profile_catalog_v1,periodic_repository_v1,customized_periodic_pool_v1,empirical_window_beta_v1,slot_up_down_v1,fixed_service_time_v1,fixed_path_v1,full_duplex_shared_heat_v1,deployment_return_energy_v1,periodic_three_objective_v3,discrete_mpc_v1,grid_tkb_v1,arrival_risk_diversity_v1,budgeted_fixed_point_v1,regularized_surrogate_v1,goodput_cost_v1,0.24271844660194175,0.7572815533980582,0.22330097087378642,0.08,0.0,2.233009708737864,0.0,0.0,0.0,0.24271844660194175,0.0
system_poisson:poisson_lifecycle_v1:load:3bc2f704c646e8d7:per_request_customized:r5:s20260724,3bc2f704c646e8d7,load,lambda_1_per_request_customized,lambda_1,per_request_customized,5,20260724,system_poisson,poisson_lifecycle_v1,poisson_profile_catalog,per_request_customized,not_applicable,p12_g4_a64,cold_start,measured,measured,fixed,fixed_total,1.0,d24fe9836276a23a,5f88dfc591596c91,8236ef19df927245,c61766e5adeaf7a9,"{""algorithm"":""per_request_customized"",""alpha_l"":0.7,""alpha_r"":0.8,""availability_fraction"":0.5,""beta_l"":0.4,""beta_r"":0.5,""bootstrap_mode"":""cold_start"",""candidate_fixed_point_damping"":0.5,""candidate_fixed_point_max_iterations"":20,""candidate_fixed_point_relative_tolerance"":0.0001,""cloud_count"":1,""comparison_group"":""lambda_1"",""comparison_method"":""per_request_customized"",""control_mode"":""fixed"",""downtime_log_mean"":2.5,""downtime_log_sigma"":0.8,""edge_count"":5,""edge_link_factor"":2.0,""experiment_layer"":""system_poisson"",""fixed_online_budget_ms"":10.0,""fixed_planning_interval_slots"":5,""fixed_total_pool_budget"":20,""lambda_g"":0.7,""lambda_h"":0.7,""lambda_per_slot"":1.0,""max_deadline_ms"":1999.0,""min_deadline_ms"":500.0,""minimum_control_window_slots"":5,""minimum_replanning_interval_slots"":2,""name"":""lambda_1_per_request_customized"",""online_budgets_ms"":[5.0,10.0,20.0],""online_timing_mode"":""measured"",""origin_group_count"":2,""plan_ttl_slots"":20,""planning_candidate_generator_mode"":""customized"",""planning_customized_archive_capacity"":64,""planning_customized_generations"":4,""planning_customized_population_size"":12,""planning_deadline_ms"":2000.0,""planning_intervals"":[5,10,20],""planning_runtime_ms"":100.0,""planning_sample_count"":20,""planning_timing_mode"":""measured"",""pool_budget_mode"":""fixed_total"",""profile_count"":2,""slot_count"":200,""slot_length_ms"":100.0,""suite"":""load"",""total_pool_budgets"":[8,20,40],""uptime_scale"":100.0,""uptime_shape"":1.5,""user_count"":10,""workload_mode"":""poisson_profile_catalog""}",200,203,196,60,136,47,13,0,0,1,1.6964696542849695,539.4435920648045,0.84899528975321,4455.621596642582,0,0,0,60,0,0,0,0,0.0,20873.059668927453,106.495202392487,220.43933405075222,0,0,0,3574,3381,0,193,0,60,0,0,22260727,cold_start,stability_delay_energy_v4,unified_fixed_point_v3,explicit_snapshot_v1,poisson_profile_catalog_v1,periodic_repository_v1,customized_periodic_pool_v1,empirical_window_beta_v1,slot_up_down_v1,fixed_service_time_v1,fixed_path_v1,full_duplex_shared_heat_v1,deployment_return_energy_v1,periodic_three_objective_v3,discrete_mpc_v1,grid_tkb_v1,arrival_risk_diversity_v1,budgeted_fixed_point_v1,regularized_surrogate_v1,goodput_cost_v1,0.30612244897959184,0.6938775510204082,0.23979591836734693,0.21666666666666667,0.0,2.315270935960591,0.0,0.0,0.0,0.30612244897959184,0.0
