task_id,suite,scenario,algorithm,repeat,seed,scenario_parameters,avg_estimated_delay,avg_dynamic_operation_reliability,avg_dynamic_accuracy_reliability,avg_total_energy,rejected_or_failed_count,runtime_ms,metric_version
overall:dnn_5:461c16234b:proposed:repeat_0:seed_20260719,overall,dnn_5,proposed,0,20260719,"{""alpha_a"": 0.5, ""alpha_l"": 0.7, ""alpha_r"": 0.8, ""beta_a"": 0.3, ""beta_l"": 0.4, ""beta_r"": 0.5, ""cloud_count"": 1, ""crossover_probability"": 0.5, ""dnn_count"": 5, ""edge_count"": 10, ""edge_link_factor"": 2.0, ""iteration_limit"": 200, ""lambda_g"": 0.7, ""lambda_h"": 0.7, ""mutation_probability"": 0.25, ""name"": ""dnn_5"", ""population_size"": 60, ""preference"": ""adaptive"", ""suite"": ""overall"", ""use_dag_aware_initialization"": true, ""use_dag_block_crossover"": true, ""use_elite_local_search"": true, ""use_skew_mutation"": true, ""user_count"": null}",756.3634624257566,0.27082842333133533,0.9492928507571691,6817.315268158993,0,15831,
overall:dnn_5:461c16234b:customized:repeat_0:seed_20260719,overall,dnn_5,customized,0,20260719,"{""alpha_a"": 0.5, ""alpha_l"": 0.7, ""alpha_r"": 0.8, ""beta_a"": 0.3, ""beta_l"": 0.4, ""beta_r"": 0.5, ""cloud_count"": 1, ""crossover_probability"": 0.5, ""dnn_count"": 5, ""edge_count"": 10, ""edge_link_factor"": 2.0, ""iteration_limit"": 200, ""lambda_g"": 0.7, ""lambda_h"": 0.7, ""mutation_probability"": 0.25, ""name"": ""dnn_5"", ""population_size"": 60, ""preference"": ""adaptive"", ""suite"": ""overall"", ""use_dag_aware_initialization"": true, ""use_dag_block_crossover"": true, ""use_elite_local_search"": true, ""use_skew_mutation"": true, ""user_count"": null}",680.6524105433148,0.18113436619043788,0.8855646453752009,7251.398901741202,0,13012,
overall:dnn_5:461c16234b:random:repeat_0:seed_20260719,overall,dnn_5,random,0,20260719,"{""alpha_a"": 0.5, ""alpha_l"": 0.7, ""alpha_r"": 0.8, ""beta_a"": 0.3, ""beta_l"": 0.4, ""beta_r"": 0.5, ""cloud_count"": 1, ""crossover_probability"": 0.5, ""dnn_count"": 5, ""edge_count"": 10, ""edge_link_factor"": 2.0, ""iteration_limit"": 200, ""lambda_g"": 0.7, ""lambda_h"": 0.7, ""mutation_probability"": 0.25, ""name"": ""dnn_5"", ""population_size"": 60, ""preference"": ""adaptive"", ""suite"": ""overall"", ""use_dag_aware_initialization"": true, ""use_dag_block_crossover"": true, ""use_elite_local_search"": true, ""use_skew_mutation"": true, ""user_count"": null}",804.3511187319057,0.01376244067221645,0.8090455273696197,13642.499309288065,0,135,
overall:dnn_5:461c16234b:localfirst:repeat_0:seed_20260719,overall,dnn_5,localfirst,0,20260719,"{""alpha_a"": 0.5, ""alpha_l"": 0.7, ""alpha_r"": 0.8, ""beta_a"": 0.3, ""beta_l"": 0.4, ""beta_r"": 0.5, ""cloud_count"": 1, ""crossover_probability"": 0.5, ""dnn_count"": 5, ""edge_count"": 10, ""edge_link_factor"": 2.0, ""iteration_limit"": 200, ""lambda_g"": 0.7, ""lambda_h"": 0.7, ""mutation_probability"": 0.25, ""name"": ""dnn_5"", ""population_size"": 60, ""preference"": ""adaptive"", ""suite"": ""overall"", ""use_dag_aware_initialization"": true, ""use_dag_block_crossover"": true, ""use_elite_local_search"": true, ""use_skew_mutation"": true, ""user_count"": null}",798.1351625800249,0.14191517453761324,0.6046412546045417,7115.9564028274035,0,170,
overall:dnn_5:461c16234b:maxresource_fast:repeat_0:seed_20260719,overall,dnn_5,maxresource_fast,0,20260719,"{""alpha_a"": 0.5, ""alpha_l"": 0.7, ""alpha_r"": 0.8, ""beta_a"": 0.3, ""beta_l"": 0.4, ""beta_r"": 0.5, ""cloud_count"": 1, ""crossover_probability"": 0.5, ""dnn_count"": 5, ""edge_count"": 10, ""edge_link_factor"": 2.0, ""iteration_limit"": 200, ""lambda_g"": 0.7, ""lambda_h"": 0.7, ""mutation_probability"": 0.25, ""name"": ""dnn_5"", ""population_size"": 60, ""preference"": ""adaptive"", ""suite"": ""overall"", ""use_dag_aware_initialization"": true, ""use_dag_block_crossover"": true, ""use_elite_local_search"": true, ""use_skew_mutation"": true, ""user_count"": null}",554.3032010314912,0.10297250810955856,0.7308296183591261,8372.976614084195,0,19,
overall:dnn_5:461c16234b:proposed:repeat_1:seed_20260720,overall,dnn_5,proposed,1,20260720,"{""alpha_a"": 0.5, ""alpha_l"": 0.7, ""alpha_r"": 0.8, ""beta_a"": 0.3, ""beta_l"": 0.4, ""beta_r"": 0.5, ""cloud_count"": 1, ""crossover_probability"": 0.5, ""dnn_count"": 5, ""edge_count"": 10, ""edge_link_factor"": 2.0, ""iteration_limit"": 200, ""lambda_g"": 0.7, ""lambda_h"": 0.7, ""mutation_probability"": 0.25, ""name"": ""dnn_5"", ""population_size"": 60, ""preference"": ""adaptive"", ""suite"": ""overall"", ""use_dag_aware_initialization"": true, ""use_dag_block_crossover"": true, ""use_elite_local_search"": true, ""use_skew_mutation"": true, ""user_count"": null}",734.5579978463718,0.2881558192190071,0.8919591879414333,4746.727680076309,0,13422,
overall:dnn_5:461c16234b:customized:repeat_1:seed_20260720,overall,dnn_5,customized,1,20260720,"{""alpha_a"": 0.5, ""alpha_l"": 0.7, ""alpha_r"": 0.8, ""beta_a"": 0.3, ""beta_l"": 0.4, ""beta_r"": 0.5, ""cloud_count"": 1, ""crossover_probability"": 0.5, ""dnn_count"": 5, ""edge_count"": 10, ""edge_link_factor"": 2.0, ""iteration_limit"": 200, ""lambda_g"": 0.7, ""lambda_h"": 0.7, ""mutation_probability"": 0.25, ""name"": ""dnn_5"", ""population_size"": 60, ""preference"": ""adaptive"", ""suite"": ""overall"", ""use_dag_aware_initialization"": true, ""use_dag_block_crossover"": true, ""use_elite_local_search"": true, ""use_skew_mutation"": true, ""user_count"": null}",553.0132422856036,0.22858242275859103,0.8501014047703354,5408.963786613968,0,11738,
overall:dnn_5:461c16234b:random:repeat_1:seed_20260720,overall,dnn_5,random,1,20260720,"{""alpha_a"": 0.5, ""alpha_l"": 0.7, ""alpha_r"": 0.8, ""beta_a"": 0.3, ""beta_l"": 0.4, ""beta_r"": 0.5, ""cloud_count"": 1, ""crossover_probability"": 0.5, ""dnn_count"": 5, ""edge_count"": 10, ""edge_link_factor"": 2.0, ""iteration_limit"": 200, ""lambda_g"": 0.7, ""lambda_h"": 0.7, ""mutation_probability"": 0.25, ""name"": ""dnn_5"", ""population_size"": 60, ""preference"": ""adaptive"", ""suite"": ""overall"", ""use_dag_aware_initialization"": true, ""use_dag_block_crossover"": true, ""use_elite_local_search"": true, ""use_skew_mutation"": true, ""user_count"": null}",523.9491960104449,0.06623176504098889,0.834947304995761,9721.670676145024,0,109,
overall:dnn_5:461c16234b:localfirst:repeat_1:seed_20260720,overall,dnn_5,localfirst,1,20260720,"{""alpha_a"": 0.5, ""alpha_l"": 0.7, ""alpha_r"": 0.8, ""beta_a"": 0.3, ""beta_l"": 0.4, ""beta_r"": 0.5, ""cloud_count"": 1, ""crossover_probability"": 0.5, ""dnn_count"": 5, ""edge_count"": 10, ""edge_link_factor"": 2.0, ""iteration_limit"": 200, ""lambda_g"": 0.7, ""lambda_h"": 0.7, ""mutation_probability"": 0.25, ""name"": ""dnn_5"", ""population_size"": 60, ""preference"": ""adaptive"", ""suite"": ""overall"", ""use_dag_aware_initialization"": true, ""use_dag_block_crossover"": true, ""use_elite_local_search"": true, ""use_skew_mutation"": true, ""user_count"": null}",838.2737052835976,0.2375225533280841,0.6590122254310717,6628.389242014414,0,9,
overall:dnn_5:461c16234b:maxresource_fast:repeat_1:seed_20260720,overall,dnn_5,maxresource_fast,1,20260720,"{""alpha_a"": 0.5, ""alpha_l"": 0.7, ""alpha_r"": 0.8, ""beta_a"": 0.3, ""beta_l"": 0.4, ""beta_r"": 0.5, ""cloud_count"": 1, ""crossover_probability"": 0.5, ""dnn_count"": 5, ""edge_count"": 10, ""edge_link_factor"": 2.0, ""iteration_limit"": 200, ""lambda_g"": 0.7, ""lambda_h"": 0.7, ""mutation_probability"": 0.25, ""name"": ""dnn_5"", ""population_size"": 60, ""preference"": ""adaptive"", ""suite"": ""overall"", ""use_dag_aware_initialization"": true, ""use_dag_block_crossover"": true, ""use_elite_local_search"": true, ""use_skew_mutation"": true, ""user_count"": null}",469.9587899459747,0.15518084593839568,0.7833024192376258,6840.527214457108,0,15,
overall:dnn_5:461c16234b:proposed:repeat_2:seed_20260721,overall,dnn_5,proposed,2,20260721,"{""alpha_a"": 0.5, ""alpha_l"": 0.7, ""alpha_r"": 0.8, ""beta_a"": 0.3, ""beta_l"": 0.4, ""beta_r"": 0.5, ""cloud_count"": 1, ""crossover_probability"": 0.5, ""dnn_count"": 5, ""edge_count"": 10, ""edge_link_factor"": 2.0, ""iteration_limit"": 200, ""lambda_g"": 0.7, ""lambda_h"": 0.7, ""mutation_probability"": 0.25, ""name"": ""dnn_5"", ""population_size"": 60, ""preference"": ""adaptive"", ""suite"": ""overall"", ""use_dag_aware_initialization"": true, ""use_dag_block_crossover"": true, ""use_elite_local_search"": true, ""use_skew_mutation"": true, ""user_count"": null}",640.3895553558925,0.18994171542275745,0.8879994491028539,8097.326786043224,0,24673,
overall:dnn_5:461c16234b:customized:repeat_2:seed_20260721,overall,dnn_5,customized,2,20260721,"{""alpha_a"": 0.5, ""alpha_l"": 0.7, ""alpha_r"": 0.8, ""beta_a"": 0.3, ""beta_l"": 0.4, ""beta_r"": 0.5, ""cloud_count"": 1, ""crossover_probability"": 0.5, ""dnn_count"": 5, ""edge_count"": 10, ""edge_link_factor"": 2.0, ""iteration_limit"": 200, ""lambda_g"": 0.7, ""lambda_h"": 0.7, ""mutation_probability"": 0.25, ""name"": ""dnn_5"", ""population_size"": 60, ""preference"": ""adaptive"", ""suite"": ""overall"", ""use_dag_aware_initialization"": true, ""use_dag_block_crossover"": true, ""use_elite_local_search"": true, ""use_skew_mutation"": true, ""user_count"": null}",500.7724508535078,0.18977895703269743,0.7817766852755884,7173.128039173629,0,14182,
overall:dnn_5:461c16234b:random:repeat_2:seed_20260721,overall,dnn_5,random,2,20260721,"{""alpha_a"": 0.5, ""alpha_l"": 0.7, ""alpha_r"": 0.8, ""beta_a"": 0.3, ""beta_l"": 0.4, ""beta_r"": 0.5, ""cloud_count"": 1, ""crossover_probability"": 0.5, ""dnn_count"": 5, ""edge_count"": 10, ""edge_link_factor"": 2.0, ""iteration_limit"": 200, ""lambda_g"": 0.7, ""lambda_h"": 0.7, ""mutation_probability"": 0.25, ""name"": ""dnn_5"", ""population_size"": 60, ""preference"": ""adaptive"", ""suite"": ""overall"", ""use_dag_aware_initialization"": true, ""use_dag_block_crossover"": true, ""use_elite_local_search"": true, ""use_skew_mutation"": true, ""user_count"": null}",711.5190546328275,0.027743079143319988,0.8435021416574799,15645.78924262012,2,161,
overall:dnn_5:461c16234b:localfirst:repeat_2:seed_20260721,overall,dnn_5,localfirst,2,20260721,"{""alpha_a"": 0.5, ""alpha_l"": 0.7, ""alpha_r"": 0.8, ""beta_a"": 0.3, ""beta_l"": 0.4, ""beta_r"": 0.5, ""cloud_count"": 1, ""crossover_probability"": 0.5, ""dnn_count"": 5, ""edge_count"": 10, ""edge_link_factor"": 2.0, ""iteration_limit"": 200, ""lambda_g"": 0.7, ""lambda_h"": 0.7, ""mutation_probability"": 0.25, ""name"": ""dnn_5"", ""population_size"": 60, ""preference"": ""adaptive"", ""suite"": ""overall"", ""use_dag_aware_initialization"": true, ""use_dag_block_crossover"": true, ""use_elite_local_search"": true, ""use_skew_mutation"": true, ""user_count"": null}",724.6781010593293,0.15311548786768664,0.6202959556334124,8043.374437419252,0,40121,
overall:dnn_5:461c16234b:maxresource_fast:repeat_2:seed_20260721,overall,dnn_5,maxresource_fast,2,20260721,"{""alpha_a"": 0.5, ""alpha_l"": 0.7, ""alpha_r"": 0.8, ""beta_a"": 0.3, ""beta_l"": 0.4, ""beta_r"": 0.5, ""cloud_count"": 1, ""crossover_probability"": 0.5, ""dnn_count"": 5, ""edge_count"": 10, ""edge_link_factor"": 2.0, ""iteration_limit"": 200, ""lambda_g"": 0.7, ""lambda_h"": 0.7, ""mutation_probability"": 0.25, ""name"": ""dnn_5"", ""population_size"": 60, ""preference"": ""adaptive"", ""suite"": ""overall"", ""use_dag_aware_initialization"": true, ""use_dag_block_crossover"": true, ""use_elite_local_search"": true, ""use_skew_mutation"": true, ""user_count"": null}",507.50087183881476,0.10464296893418594,0.7255416253886832,8750.391039500584,0,21,
overall:dnn_5:461c16234b:proposed:repeat_3:seed_20260722,overall,dnn_5,proposed,3,20260722,"{""alpha_a"": 0.5, ""alpha_l"": 0.7, ""alpha_r"": 0.8, ""beta_a"": 0.3, ""beta_l"": 0.4, ""beta_r"": 0.5, ""cloud_count"": 1, ""crossover_probability"": 0.5, ""dnn_count"": 5, ""edge_count"": 10, ""edge_link_factor"": 2.0, ""iteration_limit"": 200, ""lambda_g"": 0.7, ""lambda_h"": 0.7, ""mutation_probability"": 0.25, ""name"": ""dnn_5"", ""population_size"": 60, ""preference"": ""adaptive"", ""suite"": ""overall"", ""use_dag_aware_initialization"": true, ""use_dag_block_crossover"": true, ""use_elite_local_search"": true, ""use_skew_mutation"": true, ""user_count"": null}",752.1101773570105,0.2529982367728623,0.9522795606338688,8707.013604128053,0,16191,
overall:dnn_5:461c16234b:customized:repeat_3:seed_20260722,overall,dnn_5,customized,3,20260722,"{""alpha_a"": 0.5, ""alpha_l"": 0.7, ""alpha_r"": 0.8, ""beta_a"": 0.3, ""beta_l"": 0.4, ""beta_r"": 0.5, ""cloud_count"": 1, ""crossover_probability"": 0.5, ""dnn_count"": 5, ""edge_count"": 10, ""edge_link_factor"": 2.0, ""iteration_limit"": 200, ""lambda_g"": 0.7, ""lambda_h"": 0.7, ""mutation_probability"": 0.25, ""name"": ""dnn_5"", ""population_size"": 60, ""preference"": ""adaptive"", ""suite"": ""overall"", ""use_dag_aware_initialization"": true, ""use_dag_block_crossover"": true, ""use_elite_local_search"": true, ""use_skew_mutation"": true, ""user_count"": null}",672.9016139275124,0.2924569352177798,0.8694829536560331,7419.486800759894,0,12946,
overall:dnn_5:461c16234b:random:repeat_3:seed_20260722,overall,dnn_5,random,3,20260722,"{""alpha_a"": 0.5, ""alpha_l"": 0.7, ""alpha_r"": 0.8, ""beta_a"": 0.3, ""beta_l"": 0.4, ""beta_r"": 0.5, ""cloud_count"": 1, ""crossover_probability"": 0.5, ""dnn_count"": 5, ""edge_count"": 10, ""edge_link_factor"": 2.0, ""iteration_limit"": 200, ""lambda_g"": 0.7, ""lambda_h"": 0.7, ""mutation_probability"": 0.25, ""name"": ""dnn_5"", ""population_size"": 60, ""preference"": ""adaptive"", ""suite"": ""overall"", ""use_dag_aware_initialization"": true, ""use_dag_block_crossover"": true, ""use_elite_local_search"": true, ""use_skew_mutation"": true, ""user_count"": null}",836.3862660397583,0.0071132023490963064,0.8314440383520483,14224.533420138638,0,148,
overall:dnn_5:461c16234b:localfirst:repeat_3:seed_20260722,overall,dnn_5,localfirst,3,20260722,"{""alpha_a"": 0.5, ""alpha_l"": 0.7, ""alpha_r"": 0.8, ""beta_a"": 0.3, ""beta_l"": 0.4, ""beta_r"": 0.5, ""cloud_count"": 1, ""crossover_probability"": 0.5, ""dnn_count"": 5, ""edge_count"": 10, ""edge_link_factor"": 2.0, ""iteration_limit"": 200, ""lambda_g"": 0.7, ""lambda_h"": 0.7, ""mutation_probability"": 0.25, ""name"": ""dnn_5"", ""population_size"": 60, ""preference"": ""adaptive"", ""suite"": ""overall"", ""use_dag_aware_initialization"": true, ""use_dag_block_crossover"": true, ""use_elite_local_search"": true, ""use_skew_mutation"": true, ""user_count"": null}",1001.6346760903825,0.2080110888816918,0.5781818955530104,10532.990716447002,0,20017,
overall:dnn_5:461c16234b:maxresource_fast:repeat_3:seed_20260722,overall,dnn_5,maxresource_fast,3,20260722,"{""alpha_a"": 0.5, ""alpha_l"": 0.7, ""alpha_r"": 0.8, ""beta_a"": 0.3, ""beta_l"": 0.4, ""beta_r"": 0.5, ""cloud_count"": 1, ""crossover_probability"": 0.5, ""dnn_count"": 5, ""edge_count"": 10, ""edge_link_factor"": 2.0, ""iteration_limit"": 200, ""lambda_g"": 0.7, ""lambda_h"": 0.7, ""mutation_probability"": 0.25, ""name"": ""dnn_5"", ""population_size"": 60, ""preference"": ""adaptive"", ""suite"": ""overall"", ""use_dag_aware_initialization"": true, ""use_dag_block_crossover"": true, ""use_elite_local_search"": true, ""use_skew_mutation"": true, ""user_count"": null}",551.667113411567,0.06530347471266125,0.7499364101009447,10848.947105795527,0,21,
overall:dnn_5:461c16234b:proposed:repeat_4:seed_20260723,overall,dnn_5,proposed,4,20260723,"{""alpha_a"": 0.5, ""alpha_l"": 0.7, ""alpha_r"": 0.8, ""beta_a"": 0.3, ""beta_l"": 0.4, ""beta_r"": 0.5, ""cloud_count"": 1, ""crossover_probability"": 0.5, ""dnn_count"": 5, ""edge_count"": 10, ""edge_link_factor"": 2.0, ""iteration_limit"": 200, ""lambda_g"": 0.7, ""lambda_h"": 0.7, ""mutation_probability"": 0.25, ""name"": ""dnn_5"", ""population_size"": 60, ""preference"": ""adaptive"", ""suite"": ""overall"", ""use_dag_aware_initialization"": true, ""use_dag_block_crossover"": true, ""use_elite_local_search"": true, ""use_skew_mutation"": true, ""user_count"": null}",892.9518132427753,0.33924039603835415,0.9545357541042613,4782.264637993701,0,13638,
overall:dnn_5:461c16234b:customized:repeat_4:seed_20260723,overall,dnn_5,customized,4,20260723,"{""alpha_a"": 0.5, ""alpha_l"": 0.7, ""alpha_r"": 0.8, ""beta_a"": 0.3, ""beta_l"": 0.4, ""beta_r"": 0.5, ""cloud_count"": 1, ""crossover_probability"": 0.5, ""dnn_count"": 5, ""edge_count"": 10, ""edge_link_factor"": 2.0, ""iteration_limit"": 200, ""lambda_g"": 0.7, ""lambda_h"": 0.7, ""mutation_probability"": 0.25, ""name"": ""dnn_5"", ""population_size"": 60, ""preference"": ""adaptive"", ""suite"": ""overall"", ""use_dag_aware_initialization"": true, ""use_dag_block_crossover"": true, ""use_elite_local_search"": true, ""use_skew_mutation"": true, ""user_count"": null}",600.2195189002634,0.2617719035074292,0.8754073414703001,5069.457434598569,0,12378,
overall:dnn_5:461c16234b:random:repeat_4:seed_20260723,overall,dnn_5,random,4,20260723,"{""alpha_a"": 0.5, ""alpha_l"": 0.7, ""alpha_r"": 0.8, ""beta_a"": 0.3, ""beta_l"": 0.4, ""beta_r"": 0.5, ""cloud_count"": 1, ""crossover_probability"": 0.5, ""dnn_count"": 5, ""edge_count"": 10, ""edge_link_factor"": 2.0, ""iteration_limit"": 200, ""lambda_g"": 0.7, ""lambda_h"": 0.7, ""mutation_probability"": 0.25, ""name"": ""dnn_5"", ""population_size"": 60, ""preference"": ""adaptive"", ""suite"": ""overall"", ""use_dag_aware_initialization"": true, ""use_dag_block_crossover"": true, ""use_elite_local_search"": true, ""use_skew_mutation"": true, ""user_count"": null}",865.86528549525,0.01808249059468693,0.8458751289051556,10511.239673072236,1,114,
overall:dnn_5:461c16234b:localfirst:repeat_4:seed_20260723,overall,dnn_5,localfirst,4,20260723,"{""alpha_a"": 0.5, ""alpha_l"": 0.7, ""alpha_r"": 0.8, ""beta_a"": 0.3, ""beta_l"": 0.4, ""beta_r"": 0.5, ""cloud_count"": 1, ""crossover_probability"": 0.5, ""dnn_count"": 5, ""edge_count"": 10, ""edge_link_factor"": 2.0, ""iteration_limit"": 200, ""lambda_g"": 0.7, ""lambda_h"": 0.7, ""mutation_probability"": 0.25, ""name"": ""dnn_5"", ""population_size"": 60, ""preference"": ""adaptive"", ""suite"": ""overall"", ""use_dag_aware_initialization"": true, ""use_dag_block_crossover"": true, ""use_elite_local_search"": true, ""use_skew_mutation"": true, ""user_count"": null}",787.4414513870854,0.15988830852367403,0.635155250859832,6782.906127309751,0,14,
overall:dnn_5:461c16234b:maxresource_fast:repeat_4:seed_20260723,overall,dnn_5,maxresource_fast,4,20260723,"{""alpha_a"": 0.5, ""alpha_l"": 0.7, ""alpha_r"": 0.8, ""beta_a"": 0.3, ""beta_l"": 0.4, ""beta_r"": 0.5, ""cloud_count"": 1, ""crossover_probability"": 0.5, ""dnn_count"": 5, ""edge_count"": 10, ""edge_link_factor"": 2.0, ""iteration_limit"": 200, ""lambda_g"": 0.7, ""lambda_h"": 0.7, ""mutation_probability"": 0.25, ""name"": ""dnn_5"", ""population_size"": 60, ""preference"": ""adaptive"", ""suite"": ""overall"", ""use_dag_aware_initialization"": true, ""use_dag_block_crossover"": true, ""use_elite_local_search"": true, ""use_skew_mutation"": true, ""user_count"": null}",492.99658961315447,0.12287516284910778,0.743520820850657,6916.421049729828,0,15,
overall:dnn_5:461c16234b:proposed:repeat_5:seed_20260724,overall,dnn_5,proposed,5,20260724,"{""alpha_a"": 0.5, ""alpha_l"": 0.7, ""alpha_r"": 0.8, ""beta_a"": 0.3, ""beta_l"": 0.4, ""beta_r"": 0.5, ""cloud_count"": 1, ""crossover_probability"": 0.5, ""dnn_count"": 5, ""edge_count"": 10, ""edge_link_factor"": 2.0, ""iteration_limit"": 200, ""lambda_g"": 0.7, ""lambda_h"": 0.7, ""mutation_probability"": 0.25, ""name"": ""dnn_5"", ""population_size"": 60, ""preference"": ""adaptive"", ""suite"": ""overall"", ""use_dag_aware_initialization"": true, ""use_dag_block_crossover"": true, ""use_elite_local_search"": true, ""use_skew_mutation"": true, ""user_count"": null}",1048.2096876647684,0.31046985637154567,0.9600265317888557,5545.097903183272,0,13907,
overall:dnn_5:461c16234b:customized:repeat_5:seed_20260724,overall,dnn_5,customized,5,20260724,"{""alpha_a"": 0.5, ""alpha_l"": 0.7, ""alpha_r"": 0.8, ""beta_a"": 0.3, ""beta_l"": 0.4, ""beta_r"": 0.5, ""cloud_count"": 1, ""crossover_probability"": 0.5, ""dnn_count"": 5, ""edge_count"": 10, ""edge_link_factor"": 2.0, ""iteration_limit"": 200, ""lambda_g"": 0.7, ""lambda_h"": 0.7, ""mutation_probability"": 0.25, ""name"": ""dnn_5"", ""population_size"": 60, ""preference"": ""adaptive"", ""suite"": ""overall"", ""use_dag_aware_initialization"": true, ""use_dag_block_crossover"": true, ""use_elite_local_search"": true, ""use_skew_mutation"": true, ""user_count"": null}",661.2749780640701,0.27019307385768204,0.8814261106396272,5717.267872913357,0,12626,
overall:dnn_5:461c16234b:random:repeat_5:seed_20260724,overall,dnn_5,random,5,20260724,"{""alpha_a"": 0.5, ""alpha_l"": 0.7, ""alpha_r"": 0.8, ""beta_a"": 0.3, ""beta_l"": 0.4, ""beta_r"": 0.5, ""cloud_count"": 1, ""crossover_probability"": 0.5, ""dnn_count"": 5, ""edge_count"": 10, ""edge_link_factor"": 2.0, ""iteration_limit"": 200, ""lambda_g"": 0.7, ""lambda_h"": 0.7, ""mutation_probability"": 0.25, ""name"": ""dnn_5"", ""population_size"": 60, ""preference"": ""adaptive"", ""suite"": ""overall"", ""use_dag_aware_initialization"": true, ""use_dag_block_crossover"": true, ""use_elite_local_search"": true, ""use_skew_mutation"": true, ""user_count"": null}",742.9135741737616,0.056507649785863076,0.8275551756304921,11162.164208838562,0,120,
overall:dnn_5:461c16234b:localfirst:repeat_5:seed_20260724,overall,dnn_5,localfirst,5,20260724,"{""alpha_a"": 0.5, ""alpha_l"": 0.7, ""alpha_r"": 0.8, ""beta_a"": 0.3, ""beta_l"": 0.4, ""beta_r"": 0.5, ""cloud_count"": 1, ""crossover_probability"": 0.5, ""dnn_count"": 5, ""edge_count"": 10, ""edge_link_factor"": 2.0, ""iteration_limit"": 200, ""lambda_g"": 0.7, ""lambda_h"": 0.7, ""mutation_probability"": 0.25, ""name"": ""dnn_5"", ""population_size"": 60, ""preference"": ""adaptive"", ""suite"": ""overall"", ""use_dag_aware_initialization"": true, ""use_dag_block_crossover"": true, ""use_elite_local_search"": true, ""use_skew_mutation"": true, ""user_count"": null}",996.4079227970266,0.255681409351591,0.6441167334510172,8787.446510229613,0,22,
overall:dnn_5:461c16234b:maxresource_fast:repeat_5:seed_20260724,overall,dnn_5,maxresource_fast,5,20260724,"{""alpha_a"": 0.5, ""alpha_l"": 0.7, ""alpha_r"": 0.8, ""beta_a"": 0.3, ""beta_l"": 0.4, ""beta_r"": 0.5, ""cloud_count"": 1, ""crossover_probability"": 0.5, ""dnn_count"": 5, ""edge_count"": 10, ""edge_link_factor"": 2.0, ""iteration_limit"": 200, ""lambda_g"": 0.7, ""lambda_h"": 0.7, ""mutation_probability"": 0.25, ""name"": ""dnn_5"", ""population_size"": 60, ""preference"": ""adaptive"", ""suite"": ""overall"", ""use_dag_aware_initialization"": true, ""use_dag_block_crossover"": true, ""use_elite_local_search"": true, ""use_skew_mutation"": true, ""user_count"": null}",582.3293857968329,0.10410773009354765,0.7399381160403569,9232.223001413158,0,17,
overall:dnn_5:461c16234b:proposed:repeat_6:seed_20260725,overall,dnn_5,proposed,6,20260725,"{""alpha_a"": 0.5, ""alpha_l"": 0.7, ""alpha_r"": 0.8, ""beta_a"": 0.3, ""beta_l"": 0.4, ""beta_r"": 0.5, ""cloud_count"": 1, ""crossover_probability"": 0.5, ""dnn_count"": 5, ""edge_count"": 10, ""edge_link_factor"": 2.0, ""iteration_limit"": 200, ""lambda_g"": 0.7, ""lambda_h"": 0.7, ""mutation_probability"": 0.25, ""name"": ""dnn_5"", ""population_size"": 60, ""preference"": ""adaptive"", ""suite"": ""overall"", ""use_dag_aware_initialization"": true, ""use_dag_block_crossover"": true, ""use_elite_local_search"": true, ""use_skew_mutation"": true, ""user_count"": null}",694.738032333312,0.22067421322015296,0.9023679876204984,6988.987493252354,0,17602,
overall:dnn_5:461c16234b:customized:repeat_6:seed_20260725,overall,dnn_5,customized,6,20260725,"{""alpha_a"": 0.5, ""alpha_l"": 0.7, ""alpha_r"": 0.8, ""beta_a"": 0.3, ""beta_l"": 0.4, ""beta_r"": 0.5, ""cloud_count"": 1, ""crossover_probability"": 0.5, ""dnn_count"": 5, ""edge_count"": 10, ""edge_link_factor"": 2.0, ""iteration_limit"": 200, ""lambda_g"": 0.7, ""lambda_h"": 0.7, ""mutation_probability"": 0.25, ""name"": ""dnn_5"", ""population_size"": 60, ""preference"": ""adaptive"", ""suite"": ""overall"", ""use_dag_aware_initialization"": true, ""use_dag_block_crossover"": true, ""use_elite_local_search"": true, ""use_skew_mutation"": true, ""user_count"": null}",680.7220524699486,0.2386772235579561,0.8818371481120859,6696.347451397564,0,13920,
overall:dnn_5:461c16234b:random:repeat_6:seed_20260725,overall,dnn_5,random,6,20260725,"{""alpha_a"": 0.5, ""alpha_l"": 0.7, ""alpha_r"": 0.8, ""beta_a"": 0.3, ""beta_l"": 0.4, ""beta_r"": 0.5, ""cloud_count"": 1, ""crossover_probability"": 0.5, ""dnn_count"": 5, ""edge_count"": 10, ""edge_link_factor"": 2.0, ""iteration_limit"": 200, ""lambda_g"": 0.7, ""lambda_h"": 0.7, ""mutation_probability"": 0.25, ""name"": ""dnn_5"", ""population_size"": 60, ""preference"": ""adaptive"", ""suite"": ""overall"", ""use_dag_aware_initialization"": true, ""use_dag_block_crossover"": true, ""use_elite_local_search"": true, ""use_skew_mutation"": true, ""user_count"": null}",619.537548999407,0.018352629680042507,0.8223780418881326,12422.229889402826,1,143,
overall:dnn_5:461c16234b:localfirst:repeat_6:seed_20260725,overall,dnn_5,localfirst,6,20260725,"{""alpha_a"": 0.5, ""alpha_l"": 0.7, ""alpha_r"": 0.8, ""beta_a"": 0.3, ""beta_l"": 0.4, ""beta_r"": 0.5, ""cloud_count"": 1, ""crossover_probability"": 0.5, ""dnn_count"": 5, ""edge_count"": 10, ""edge_link_factor"": 2.0, ""iteration_limit"": 200, ""lambda_g"": 0.7, ""lambda_h"": 0.7, ""mutation_probability"": 0.25, ""name"": ""dnn_5"", ""population_size"": 60, ""preference"": ""adaptive"", ""suite"": ""overall"", ""use_dag_aware_initialization"": true, ""use_dag_block_crossover"": true, ""use_elite_local_search"": true, ""use_skew_mutation"": true, ""user_count"": null}",771.359291469821,0.1649070846819732,0.5858012639633136,7472.799739014113,0,40032,
overall:dnn_5:461c16234b:maxresource_fast:repeat_6:seed_20260725,overall,dnn_5,maxresource_fast,6,20260725,"{""alpha_a"": 0.5, ""alpha_l"": 0.7, ""alpha_r"": 0.8, ""beta_a"": 0.3, ""beta_l"": 0.4, ""beta_r"": 0.5, ""cloud_count"": 1, ""crossover_probability"": 0.5, ""dnn_count"": 5, ""edge_count"": 10, ""edge_link_factor"": 2.0, ""iteration_limit"": 200, ""lambda_g"": 0.7, ""lambda_h"": 0.7, ""mutation_probability"": 0.25, ""name"": ""dnn_5"", ""population_size"": 60, ""preference"": ""adaptive"", ""suite"": ""overall"", ""use_dag_aware_initialization"": true, ""use_dag_block_crossover"": true, ""use_elite_local_search"": true, ""use_skew_mutation"": true, ""user_count"": null}",583.8644218187175,0.06643652605890418,0.7516786679761397,10254.470347150873,0,23,
overall:dnn_5:461c16234b:proposed:repeat_7:seed_20260726,overall,dnn_5,proposed,7,20260726,"{""alpha_a"": 0.5, ""alpha_l"": 0.7, ""alpha_r"": 0.8, ""beta_a"": 0.3, ""beta_l"": 0.4, ""beta_r"": 0.5, ""cloud_count"": 1, ""crossover_probability"": 0.5, ""dnn_count"": 5, ""edge_count"": 10, ""edge_link_factor"": 2.0, ""iteration_limit"": 200, ""lambda_g"": 0.7, ""lambda_h"": 0.7, ""mutation_probability"": 0.25, ""name"": ""dnn_5"", ""population_size"": 60, ""preference"": ""adaptive"", ""suite"": ""overall"", ""use_dag_aware_initialization"": true, ""use_dag_block_crossover"": true, ""use_elite_local_search"": true, ""use_skew_mutation"": true, ""user_count"": null}",706.5522729720291,0.1828655551799288,0.8787264270322991,7753.1810253748745,0,18494,
overall:dnn_5:461c16234b:customized:repeat_7:seed_20260726,overall,dnn_5,customized,7,20260726,"{""alpha_a"": 0.5, ""alpha_l"": 0.7, ""alpha_r"": 0.8, ""beta_a"": 0.3, ""beta_l"": 0.4, ""beta_r"": 0.5, ""cloud_count"": 1, ""crossover_probability"": 0.5, ""dnn_count"": 5, ""edge_count"": 10, ""edge_link_factor"": 2.0, ""iteration_limit"": 200, ""lambda_g"": 0.7, ""lambda_h"": 0.7, ""mutation_probability"": 0.25, ""name"": ""dnn_5"", ""population_size"": 60, ""preference"": ""adaptive"", ""suite"": ""overall"", ""use_dag_aware_initialization"": true, ""use_dag_block_crossover"": true, ""use_elite_local_search"": true, ""use_skew_mutation"": true, ""user_count"": null}",558.7456018963039,0.2688660622007501,0.7387435326648213,5745.7952080183195,0,13073,
overall:dnn_5:461c16234b:random:repeat_7:seed_20260726,overall,dnn_5,random,7,20260726,"{""alpha_a"": 0.5, ""alpha_l"": 0.7, ""alpha_r"": 0.8, ""beta_a"": 0.3, ""beta_l"": 0.4, ""beta_r"": 0.5, ""cloud_count"": 1, ""crossover_probability"": 0.5, ""dnn_count"": 5, ""edge_count"": 10, ""edge_link_factor"": 2.0, ""iteration_limit"": 200, ""lambda_g"": 0.7, ""lambda_h"": 0.7, ""mutation_probability"": 0.25, ""name"": ""dnn_5"", ""population_size"": 60, ""preference"": ""adaptive"", ""suite"": ""overall"", ""use_dag_aware_initialization"": true, ""use_dag_block_crossover"": true, ""use_elite_local_search"": true, ""use_skew_mutation"": true, ""user_count"": null}",878.7869550111388,0.02893806204396533,0.8382230368722392,13820.598545255278,1,137,
overall:dnn_5:461c16234b:localfirst:repeat_7:seed_20260726,overall,dnn_5,localfirst,7,20260726,"{""alpha_a"": 0.5, ""alpha_l"": 0.7, ""alpha_r"": 0.8, ""beta_a"": 0.3, ""beta_l"": 0.4, ""beta_r"": 0.5, ""cloud_count"": 1, ""crossover_probability"": 0.5, ""dnn_count"": 5, ""edge_count"": 10, ""edge_link_factor"": 2.0, ""iteration_limit"": 200, ""lambda_g"": 0.7, ""lambda_h"": 0.7, ""mutation_probability"": 0.25, ""name"": ""dnn_5"", ""population_size"": 60, ""preference"": ""adaptive"", ""suite"": ""overall"", ""use_dag_aware_initialization"": true, ""use_dag_block_crossover"": true, ""use_elite_local_search"": true, ""use_skew_mutation"": true, ""user_count"": null}",600.4163942843683,0.1746355439271496,0.6107511899266569,6939.628305382939,0,20879,
overall:dnn_5:461c16234b:maxresource_fast:repeat_7:seed_20260726,overall,dnn_5,maxresource_fast,7,20260726,"{""alpha_a"": 0.5, ""alpha_l"": 0.7, ""alpha_r"": 0.8, ""beta_a"": 0.3, ""beta_l"": 0.4, ""beta_r"": 0.5, ""cloud_count"": 1, ""crossover_probability"": 0.5, ""dnn_count"": 5, ""edge_count"": 10, ""edge_link_factor"": 2.0, ""iteration_limit"": 200, ""lambda_g"": 0.7, ""lambda_h"": 0.7, ""mutation_probability"": 0.25, ""name"": ""dnn_5"", ""population_size"": 60, ""preference"": ""adaptive"", ""suite"": ""overall"", ""use_dag_aware_initialization"": true, ""use_dag_block_crossover"": true, ""use_elite_local_search"": true, ""use_skew_mutation"": true, ""user_count"": null}",492.34328314116783,0.15686833319969368,0.7298487012113484,6829.848897102294,1,3016,
overall:dnn_5:461c16234b:proposed:repeat_8:seed_20260727,overall,dnn_5,proposed,8,20260727,"{""alpha_a"": 0.5, ""alpha_l"": 0.7, ""alpha_r"": 0.8, ""beta_a"": 0.3, ""beta_l"": 0.4, ""beta_r"": 0.5, ""cloud_count"": 1, ""crossover_probability"": 0.5, ""dnn_count"": 5, ""edge_count"": 10, ""edge_link_factor"": 2.0, ""iteration_limit"": 200, ""lambda_g"": 0.7, ""lambda_h"": 0.7, ""mutation_probability"": 0.25, ""name"": ""dnn_5"", ""population_size"": 60, ""preference"": ""adaptive"", ""suite"": ""overall"", ""use_dag_aware_initialization"": true, ""use_dag_block_crossover"": true, ""use_elite_local_search"": true, ""use_skew_mutation"": true, ""user_count"": null}",1049.8193349516907,0.2849031680226306,0.9522948205727877,6328.262644384075,0,36700,
overall:dnn_5:461c16234b:customized:repeat_8:seed_20260727,overall,dnn_5,customized,8,20260727,"{""alpha_a"": 0.5, ""alpha_l"": 0.7, ""alpha_r"": 0.8, ""beta_a"": 0.3, ""beta_l"": 0.4, ""beta_r"": 0.5, ""cloud_count"": 1, ""crossover_probability"": 0.5, ""dnn_count"": 5, ""edge_count"": 10, ""edge_link_factor"": 2.0, ""iteration_limit"": 200, ""lambda_g"": 0.7, ""lambda_h"": 0.7, ""mutation_probability"": 0.25, ""name"": ""dnn_5"", ""population_size"": 60, ""preference"": ""adaptive"", ""suite"": ""overall"", ""use_dag_aware_initialization"": true, ""use_dag_block_crossover"": true, ""use_elite_local_search"": true, ""use_skew_mutation"": true, ""user_count"": null}",522.7524638383596,0.1839931428291157,0.8143696027438472,6437.635541157161,0,13805,
overall:dnn_5:461c16234b:random:repeat_8:seed_20260727,overall,dnn_5,random,8,20260727,"{""alpha_a"": 0.5, ""alpha_l"": 0.7, ""alpha_r"": 0.8, ""beta_a"": 0.3, ""beta_l"": 0.4, ""beta_r"": 0.5, ""cloud_count"": 1, ""crossover_probability"": 0.5, ""dnn_count"": 5, ""edge_count"": 10, ""edge_link_factor"": 2.0, ""iteration_limit"": 200, ""lambda_g"": 0.7, ""lambda_h"": 0.7, ""mutation_probability"": 0.25, ""name"": ""dnn_5"", ""population_size"": 60, ""preference"": ""adaptive"", ""suite"": ""overall"", ""use_dag_aware_initialization"": true, ""use_dag_block_crossover"": true, ""use_elite_local_search"": true, ""use_skew_mutation"": true, ""user_count"": null}",1094.8777047869144,0.027719664346084458,0.8475282250593612,13638.998784857173,1,142,
overall:dnn_5:461c16234b:localfirst:repeat_8:seed_20260727,overall,dnn_5,localfirst,8,20260727,"{""alpha_a"": 0.5, ""alpha_l"": 0.7, ""alpha_r"": 0.8, ""beta_a"": 0.3, ""beta_l"": 0.4, ""beta_r"": 0.5, ""cloud_count"": 1, ""crossover_probability"": 0.5, ""dnn_count"": 5, ""edge_count"": 10, ""edge_link_factor"": 2.0, ""iteration_limit"": 200, ""lambda_g"": 0.7, ""lambda_h"": 0.7, ""mutation_probability"": 0.25, ""name"": ""dnn_5"", ""population_size"": 60, ""preference"": ""adaptive"", ""suite"": ""overall"", ""use_dag_aware_initialization"": true, ""use_dag_block_crossover"": true, ""use_elite_local_search"": true, ""use_skew_mutation"": true, ""user_count"": null}",763.4636129235396,0.1649843526668232,0.6132487702878401,7076.064083202125,0,11,
overall:dnn_5:461c16234b:maxresource_fast:repeat_8:seed_20260727,overall,dnn_5,maxresource_fast,8,20260727,"{""alpha_a"": 0.5, ""alpha_l"": 0.7, ""alpha_r"": 0.8, ""beta_a"": 0.3, ""beta_l"": 0.4, ""beta_r"": 0.5, ""cloud_count"": 1, ""crossover_probability"": 0.5, ""dnn_count"": 5, ""edge_count"": 10, ""edge_link_factor"": 2.0, ""iteration_limit"": 200, ""lambda_g"": 0.7, ""lambda_h"": 0.7, ""mutation_probability"": 0.25, ""name"": ""dnn_5"", ""population_size"": 60, ""preference"": ""adaptive"", ""suite"": ""overall"", ""use_dag_aware_initialization"": true, ""use_dag_block_crossover"": true, ""use_elite_local_search"": true, ""use_skew_mutation"": true, ""user_count"": null}",499.22513571909786,0.09920213338824242,0.7587942290727866,8786.934070954132,1,3017,
overall:dnn_5:461c16234b:proposed:repeat_9:seed_20260728,overall,dnn_5,proposed,9,20260728,"{""alpha_a"": 0.5, ""alpha_l"": 0.7, ""alpha_r"": 0.8, ""beta_a"": 0.3, ""beta_l"": 0.4, ""beta_r"": 0.5, ""cloud_count"": 1, ""crossover_probability"": 0.5, ""dnn_count"": 5, ""edge_count"": 10, ""edge_link_factor"": 2.0, ""iteration_limit"": 200, ""lambda_g"": 0.7, ""lambda_h"": 0.7, ""mutation_probability"": 0.25, ""name"": ""dnn_5"", ""population_size"": 60, ""preference"": ""adaptive"", ""suite"": ""overall"", ""use_dag_aware_initialization"": true, ""use_dag_block_crossover"": true, ""use_elite_local_search"": true, ""use_skew_mutation"": true, ""user_count"": null}",900.2426774110511,0.251909270389462,0.9371479857484653,7597.460214410676,0,14945,
overall:dnn_5:461c16234b:customized:repeat_9:seed_20260728,overall,dnn_5,customized,9,20260728,"{""alpha_a"": 0.5, ""alpha_l"": 0.7, ""alpha_r"": 0.8, ""beta_a"": 0.3, ""beta_l"": 0.4, ""beta_r"": 0.5, ""cloud_count"": 1, ""crossover_probability"": 0.5, ""dnn_count"": 5, ""edge_count"": 10, ""edge_link_factor"": 2.0, ""iteration_limit"": 200, ""lambda_g"": 0.7, ""lambda_h"": 0.7, ""mutation_probability"": 0.25, ""name"": ""dnn_5"", ""population_size"": 60, ""preference"": ""adaptive"", ""suite"": ""overall"", ""use_dag_aware_initialization"": true, ""use_dag_block_crossover"": true, ""use_elite_local_search"": true, ""use_skew_mutation"": true, ""user_count"": null}",576.1386980479867,0.2083391251685165,0.8501903441281631,7341.423157925145,0,13525,
overall:dnn_5:461c16234b:random:repeat_9:seed_20260728,overall,dnn_5,random,9,20260728,"{""alpha_a"": 0.5, ""alpha_l"": 0.7, ""alpha_r"": 0.8, ""beta_a"": 0.3, ""beta_l"": 0.4, ""beta_r"": 0.5, ""cloud_count"": 1, ""crossover_probability"": 0.5, ""dnn_count"": 5, ""edge_count"": 10, ""edge_link_factor"": 2.0, ""iteration_limit"": 200, ""lambda_g"": 0.7, ""lambda_h"": 0.7, ""mutation_probability"": 0.25, ""name"": ""dnn_5"", ""population_size"": 60, ""preference"": ""adaptive"", ""suite"": ""overall"", ""use_dag_aware_initialization"": true, ""use_dag_block_crossover"": true, ""use_elite_local_search"": true, ""use_skew_mutation"": true, ""user_count"": null}",740.6167839565372,0.03962110577855825,0.8348766687179916,12192.033883039572,0,123,
overall:dnn_5:461c16234b:localfirst:repeat_9:seed_20260728,overall,dnn_5,localfirst,9,20260728,"{""alpha_a"": 0.5, ""alpha_l"": 0.7, ""alpha_r"": 0.8, ""beta_a"": 0.3, ""beta_l"": 0.4, ""beta_r"": 0.5, ""cloud_count"": 1, ""crossover_probability"": 0.5, ""dnn_count"": 5, ""edge_count"": 10, ""edge_link_factor"": 2.0, ""iteration_limit"": 200, ""lambda_g"": 0.7, ""lambda_h"": 0.7, ""mutation_probability"": 0.25, ""name"": ""dnn_5"", ""population_size"": 60, ""preference"": ""adaptive"", ""suite"": ""overall"", ""use_dag_aware_initialization"": true, ""use_dag_block_crossover"": true, ""use_elite_local_search"": true, ""use_skew_mutation"": true, ""user_count"": null}",756.4747590077228,0.23650061187336288,0.6439204377837429,6749.546813860926,0,20017,
overall:dnn_5:461c16234b:maxresource_fast:repeat_9:seed_20260728,overall,dnn_5,maxresource_fast,9,20260728,"{""alpha_a"": 0.5, ""alpha_l"": 0.7, ""alpha_r"": 0.8, ""beta_a"": 0.3, ""beta_l"": 0.4, ""beta_r"": 0.5, ""cloud_count"": 1, ""crossover_probability"": 0.5, ""dnn_count"": 5, ""edge_count"": 10, ""edge_link_factor"": 2.0, ""iteration_limit"": 200, ""lambda_g"": 0.7, ""lambda_h"": 0.7, ""mutation_probability"": 0.25, ""name"": ""dnn_5"", ""population_size"": 60, ""preference"": ""adaptive"", ""suite"": ""overall"", ""use_dag_aware_initialization"": true, ""use_dag_block_crossover"": true, ""use_elite_local_search"": true, ""use_skew_mutation"": true, ""user_count"": null}",521.9583385298022,0.10745981207143862,0.7579931899463764,9495.768444187555,0,17,
overall:dnn_10:e59f3d7006:proposed:repeat_0:seed_20260719,overall,dnn_10,proposed,0,20260719,"{""alpha_a"": 0.5, ""alpha_l"": 0.7, ""alpha_r"": 0.8, ""beta_a"": 0.3, ""beta_l"": 0.4, ""beta_r"": 0.5, ""cloud_count"": 1, ""crossover_probability"": 0.5, ""dnn_count"": 10, ""edge_count"": 10, ""edge_link_factor"": 2.0, ""iteration_limit"": 200, ""lambda_g"": 0.7, ""lambda_h"": 0.7, ""mutation_probability"": 0.25, ""name"": ""dnn_10"", ""population_size"": 60, ""preference"": ""adaptive"", ""suite"": ""overall"", ""use_dag_aware_initialization"": true, ""use_dag_block_crossover"": true, ""use_elite_local_search"": true, ""use_skew_mutation"": true, ""user_count"": null}",699.1132133611038,0.22726203307164067,0.8569563127004995,6568.469179882137,0,30899,
overall:dnn_10:e59f3d7006:customized:repeat_0:seed_20260719,overall,dnn_10,customized,0,20260719,"{""alpha_a"": 0.5, ""alpha_l"": 0.7, ""alpha_r"": 0.8, ""beta_a"": 0.3, ""beta_l"": 0.4, ""beta_r"": 0.5, ""cloud_count"": 1, ""crossover_probability"": 0.5, ""dnn_count"": 10, ""edge_count"": 10, ""edge_link_factor"": 2.0, ""iteration_limit"": 200, ""lambda_g"": 0.7, ""lambda_h"": 0.7, ""mutation_probability"": 0.25, ""name"": ""dnn_10"", ""population_size"": 60, ""preference"": ""adaptive"", ""suite"": ""overall"", ""use_dag_aware_initialization"": true, ""use_dag_block_crossover"": true, ""use_elite_local_search"": true, ""use_skew_mutation"": true, ""user_count"": null}",559.0308597774552,0.12966464604019393,0.7859679564208812,6987.31524111203,0,28285,
overall:dnn_10:e59f3d7006:random:repeat_0:seed_20260719,overall,dnn_10,random,0,20260719,"{""alpha_a"": 0.5, ""alpha_l"": 0.7, ""alpha_r"": 0.8, ""beta_a"": 0.3, ""beta_l"": 0.4, ""beta_r"": 0.5, ""cloud_count"": 1, ""crossover_probability"": 0.5, ""dnn_count"": 10, ""edge_count"": 10, ""edge_link_factor"": 2.0, ""iteration_limit"": 200, ""lambda_g"": 0.7, ""lambda_h"": 0.7, ""mutation_probability"": 0.25, ""name"": ""dnn_10"", ""population_size"": 60, ""preference"": ""adaptive"", ""suite"": ""overall"", ""use_dag_aware_initialization"": true, ""use_dag_block_crossover"": true, ""use_elite_local_search"": true, ""use_skew_mutation"": true, ""user_count"": null}",819.7155252665058,0.008840412692707557,0.7074847697872446,13562.13353526749,0,285,
overall:dnn_10:e59f3d7006:localfirst:repeat_0:seed_20260719,overall,dnn_10,localfirst,0,20260719,"{""alpha_a"": 0.5, ""alpha_l"": 0.7, ""alpha_r"": 0.8, ""beta_a"": 0.3, ""beta_l"": 0.4, ""beta_r"": 0.5, ""cloud_count"": 1, ""crossover_probability"": 0.5, ""dnn_count"": 10, ""edge_count"": 10, ""edge_link_factor"": 2.0, ""iteration_limit"": 200, ""lambda_g"": 0.7, ""lambda_h"": 0.7, ""mutation_probability"": 0.25, ""name"": ""dnn_10"", ""population_size"": 60, ""preference"": ""adaptive"", ""suite"": ""overall"", ""use_dag_aware_initialization"": true, ""use_dag_block_crossover"": true, ""use_elite_local_search"": true, ""use_skew_mutation"": true, ""user_count"": null}",921.014044322548,0.130347073041096,0.6156738576950037,8706.632840046845,0,20191,
overall:dnn_10:e59f3d7006:maxresource_fast:repeat_0:seed_20260719,overall,dnn_10,maxresource_fast,0,20260719,"{""alpha_a"": 0.5, ""alpha_l"": 0.7, ""alpha_r"": 0.8, ""beta_a"": 0.3, ""beta_l"": 0.4, ""beta_r"": 0.5, ""cloud_count"": 1, ""crossover_probability"": 0.5, ""dnn_count"": 10, ""edge_count"": 10, ""edge_link_factor"": 2.0, ""iteration_limit"": 200, ""lambda_g"": 0.7, ""lambda_h"": 0.7, ""mutation_probability"": 0.25, ""name"": ""dnn_10"", ""population_size"": 60, ""preference"": ""adaptive"", ""suite"": ""overall"", ""use_dag_aware_initialization"": true, ""use_dag_block_crossover"": true, ""use_elite_local_search"": true, ""use_skew_mutation"": true, ""user_count"": null}",601.7874569373955,0.059145995187935375,0.6679842129225186,8851.541003408382,0,39,
overall:dnn_10:e59f3d7006:proposed:repeat_1:seed_20260720,overall,dnn_10,proposed,1,20260720,"{""alpha_a"": 0.5, ""alpha_l"": 0.7, ""alpha_r"": 0.8, ""beta_a"": 0.3, ""beta_l"": 0.4, ""beta_r"": 0.5, ""cloud_count"": 1, ""crossover_probability"": 0.5, ""dnn_count"": 10, ""edge_count"": 10, ""edge_link_factor"": 2.0, ""iteration_limit"": 200, ""lambda_g"": 0.7, ""lambda_h"": 0.7, ""mutation_probability"": 0.25, ""name"": ""dnn_10"", ""population_size"": 60, ""preference"": ""adaptive"", ""suite"": ""overall"", ""use_dag_aware_initialization"": true, ""use_dag_block_crossover"": true, ""use_elite_local_search"": true, ""use_skew_mutation"": true, ""user_count"": null}",561.8370868435848,0.1752455011582175,0.7863367774779905,6149.413420140151,0,29125,
overall:dnn_10:e59f3d7006:customized:repeat_1:seed_20260720,overall,dnn_10,customized,1,20260720,"{""alpha_a"": 0.5, ""alpha_l"": 0.7, ""alpha_r"": 0.8, ""beta_a"": 0.3, ""beta_l"": 0.4, ""beta_r"": 0.5, ""cloud_count"": 1, ""crossover_probability"": 0.5, ""dnn_count"": 10, ""edge_count"": 10, ""edge_link_factor"": 2.0, ""iteration_limit"": 200, ""lambda_g"": 0.7, ""lambda_h"": 0.7, ""mutation_probability"": 0.25, ""name"": ""dnn_10"", ""population_size"": 60, ""preference"": ""adaptive"", ""suite"": ""overall"", ""use_dag_aware_initialization"": true, ""use_dag_block_crossover"": true, ""use_elite_local_search"": true, ""use_skew_mutation"": true, ""user_count"": null}",540.0754379619997,0.21137742409515986,0.7935864061509508,5740.453586976262,0,29373,
overall:dnn_10:e59f3d7006:random:repeat_1:seed_20260720,overall,dnn_10,random,1,20260720,"{""alpha_a"": 0.5, ""alpha_l"": 0.7, ""alpha_r"": 0.8, ""beta_a"": 0.3, ""beta_l"": 0.4, ""beta_r"": 0.5, ""cloud_count"": 1, ""crossover_probability"": 0.5, ""dnn_count"": 10, ""edge_count"": 10, ""edge_link_factor"": 2.0, ""iteration_limit"": 200, ""lambda_g"": 0.7, ""lambda_h"": 0.7, ""mutation_probability"": 0.25, ""name"": ""dnn_10"", ""population_size"": 60, ""preference"": ""adaptive"", ""suite"": ""overall"", ""use_dag_aware_initialization"": true, ""use_dag_block_crossover"": true, ""use_elite_local_search"": true, ""use_skew_mutation"": true, ""user_count"": null}",679.7366313439423,0.02245182639477918,0.7765939895232946,11666.318416941092,0,245,
overall:dnn_10:e59f3d7006:localfirst:repeat_1:seed_20260720,overall,dnn_10,localfirst,1,20260720,"{""alpha_a"": 0.5, ""alpha_l"": 0.7, ""alpha_r"": 0.8, ""beta_a"": 0.3, ""beta_l"": 0.4, ""beta_r"": 0.5, ""cloud_count"": 1, ""crossover_probability"": 0.5, ""dnn_count"": 10, ""edge_count"": 10, ""edge_link_factor"": 2.0, ""iteration_limit"": 200, ""lambda_g"": 0.7, ""lambda_h"": 0.7, ""mutation_probability"": 0.25, ""name"": ""dnn_10"", ""population_size"": 60, ""preference"": ""adaptive"", ""suite"": ""overall"", ""use_dag_aware_initialization"": true, ""use_dag_block_crossover"": true, ""use_elite_local_search"": true, ""use_skew_mutation"": true, ""user_count"": null}",899.7910640742532,0.19500843615984037,0.6237217207426797,7960.4516092731865,0,18,
overall:dnn_10:e59f3d7006:maxresource_fast:repeat_1:seed_20260720,overall,dnn_10,maxresource_fast,1,20260720,"{""alpha_a"": 0.5, ""alpha_l"": 0.7, ""alpha_r"": 0.8, ""beta_a"": 0.3, ""beta_l"": 0.4, ""beta_r"": 0.5, ""cloud_count"": 1, ""crossover_probability"": 0.5, ""dnn_count"": 10, ""edge_count"": 10, ""edge_link_factor"": 2.0, ""iteration_limit"": 200, ""lambda_g"": 0.7, ""lambda_h"": 0.7, ""mutation_probability"": 0.25, ""name"": ""dnn_10"", ""population_size"": 60, ""preference"": ""adaptive"", ""suite"": ""overall"", ""use_dag_aware_initialization"": true, ""use_dag_block_crossover"": true, ""use_elite_local_search"": true, ""use_skew_mutation"": true, ""user_count"": null}",512.1815682935982,0.08868255429228612,0.7254874248601724,8545.890013015576,0,36,
overall:dnn_10:e59f3d7006:proposed:repeat_2:seed_20260721,overall,dnn_10,proposed,2,20260721,"{""alpha_a"": 0.5, ""alpha_l"": 0.7, ""alpha_r"": 0.8, ""beta_a"": 0.3, ""beta_l"": 0.4, ""beta_r"": 0.5, ""cloud_count"": 1, ""crossover_probability"": 0.5, ""dnn_count"": 10, ""edge_count"": 10, ""edge_link_factor"": 2.0, ""iteration_limit"": 200, ""lambda_g"": 0.7, ""lambda_h"": 0.7, ""mutation_probability"": 0.25, ""name"": ""dnn_10"", ""population_size"": 60, ""preference"": ""adaptive"", ""suite"": ""overall"", ""use_dag_aware_initialization"": true, ""use_dag_block_crossover"": true, ""use_elite_local_search"": true, ""use_skew_mutation"": true, ""user_count"": null}",663.4576583122409,0.1321294955797716,0.8424593792407082,7717.182063766477,0,40293,
overall:dnn_10:e59f3d7006:customized:repeat_2:seed_20260721,overall,dnn_10,customized,2,20260721,"{""alpha_a"": 0.5, ""alpha_l"": 0.7, ""alpha_r"": 0.8, ""beta_a"": 0.3, ""beta_l"": 0.4, ""beta_r"": 0.5, ""cloud_count"": 1, ""crossover_probability"": 0.5, ""dnn_count"": 10, ""edge_count"": 10, ""edge_link_factor"": 2.0, ""iteration_limit"": 200, ""lambda_g"": 0.7, ""lambda_h"": 0.7, ""mutation_probability"": 0.25, ""name"": ""dnn_10"", ""population_size"": 60, ""preference"": ""adaptive"", ""suite"": ""overall"", ""use_dag_aware_initialization"": true, ""use_dag_block_crossover"": true, ""use_elite_local_search"": true, ""use_skew_mutation"": true, ""user_count"": null}",560.3795428188147,0.11950420392029874,0.7619074992746235,7629.86118378263,0,28565,
overall:dnn_10:e59f3d7006:random:repeat_2:seed_20260721,overall,dnn_10,random,2,20260721,"{""alpha_a"": 0.5, ""alpha_l"": 0.7, ""alpha_r"": 0.8, ""beta_a"": 0.3, ""beta_l"": 0.4, ""beta_r"": 0.5, ""cloud_count"": 1, ""crossover_probability"": 0.5, ""dnn_count"": 10, ""edge_count"": 10, ""edge_link_factor"": 2.0, ""iteration_limit"": 200, ""lambda_g"": 0.7, ""lambda_h"": 0.7, ""mutation_probability"": 0.25, ""name"": ""dnn_10"", ""population_size"": 60, ""preference"": ""adaptive"", ""suite"": ""overall"", ""use_dag_aware_initialization"": true, ""use_dag_block_crossover"": true, ""use_elite_local_search"": true, ""use_skew_mutation"": true, ""user_count"": null}",799.1580651705276,0.013924313436829667,0.748292564824957,14016.418896483314,2,304,
overall:dnn_10:e59f3d7006:localfirst:repeat_2:seed_20260721,overall,dnn_10,localfirst,2,20260721,"{""alpha_a"": 0.5, ""alpha_l"": 0.7, ""alpha_r"": 0.8, ""beta_a"": 0.3, ""beta_l"": 0.4, ""beta_r"": 0.5, ""cloud_count"": 1, ""crossover_probability"": 0.5, ""dnn_count"": 10, ""edge_count"": 10, ""edge_link_factor"": 2.0, ""iteration_limit"": 200, ""lambda_g"": 0.7, ""lambda_h"": 0.7, ""mutation_probability"": 0.25, ""name"": ""dnn_10"", ""population_size"": 60, ""preference"": ""adaptive"", ""suite"": ""overall"", ""use_dag_aware_initialization"": true, ""use_dag_block_crossover"": true, ""use_elite_local_search"": true, ""use_skew_mutation"": true, ""user_count"": null}",823.2556269955742,0.14422473617000106,0.6075883321463996,8559.48791652348,0,40135,
overall:dnn_10:e59f3d7006:maxresource_fast:repeat_2:seed_20260721,overall,dnn_10,maxresource_fast,2,20260721,"{""alpha_a"": 0.5, ""alpha_l"": 0.7, ""alpha_r"": 0.8, ""beta_a"": 0.3, ""beta_l"": 0.4, ""beta_r"": 0.5, ""cloud_count"": 1, ""crossover_probability"": 0.5, ""dnn_count"": 10, ""edge_count"": 10, ""edge_link_factor"": 2.0, ""iteration_limit"": 200, ""lambda_g"": 0.7, ""lambda_h"": 0.7, ""mutation_probability"": 0.25, ""name"": ""dnn_10"", ""population_size"": 60, ""preference"": ""adaptive"", ""suite"": ""overall"", ""use_dag_aware_initialization"": true, ""use_dag_block_crossover"": true, ""use_elite_local_search"": true, ""use_skew_mutation"": true, ""user_count"": null}",549.8106277922572,0.06165267259328405,0.6742315351383741,8829.36349830095,0,43,
overall:dnn_10:e59f3d7006:proposed:repeat_3:seed_20260722,overall,dnn_10,proposed,3,20260722,"{""alpha_a"": 0.5, ""alpha_l"": 0.7, ""alpha_r"": 0.8, ""beta_a"": 0.3, ""beta_l"": 0.4, ""beta_r"": 0.5, ""cloud_count"": 1, ""crossover_probability"": 0.5, ""dnn_count"": 10, ""edge_count"": 10, ""edge_link_factor"": 2.0, ""iteration_limit"": 200, ""lambda_g"": 0.7, ""lambda_h"": 0.7, ""mutation_probability"": 0.25, ""name"": ""dnn_10"", ""population_size"": 60, ""preference"": ""adaptive"", ""suite"": ""overall"", ""use_dag_aware_initialization"": true, ""use_dag_block_crossover"": true, ""use_elite_local_search"": true, ""use_skew_mutation"": true, ""user_count"": null}",786.0439607537539,0.2131248095606652,0.8779570457496193,7207.220476012005,0,31325,
overall:dnn_10:e59f3d7006:customized:repeat_3:seed_20260722,overall,dnn_10,customized,3,20260722,"{""alpha_a"": 0.5, ""alpha_l"": 0.7, ""alpha_r"": 0.8, ""beta_a"": 0.3, ""beta_l"": 0.4, ""beta_r"": 0.5, ""cloud_count"": 1, ""crossover_probability"": 0.5, ""dnn_count"": 10, ""edge_count"": 10, ""edge_link_factor"": 2.0, ""iteration_limit"": 200, ""lambda_g"": 0.7, ""lambda_h"": 0.7, ""mutation_probability"": 0.25, ""name"": ""dnn_10"", ""population_size"": 60, ""preference"": ""adaptive"", ""suite"": ""overall"", ""use_dag_aware_initialization"": true, ""use_dag_block_crossover"": true, ""use_elite_local_search"": true, ""use_skew_mutation"": true, ""user_count"": null}",546.2895207100452,0.2119519674756972,0.7847483724514488,6151.835920056975,0,27289,
overall:dnn_10:e59f3d7006:random:repeat_3:seed_20260722,overall,dnn_10,random,3,20260722,"{""alpha_a"": 0.5, ""alpha_l"": 0.7, ""alpha_r"": 0.8, ""beta_a"": 0.3, ""beta_l"": 0.4, ""beta_r"": 0.5, ""cloud_count"": 1, ""crossover_probability"": 0.5, ""dnn_count"": 10, ""edge_count"": 10, ""edge_link_factor"": 2.0, ""iteration_limit"": 200, ""lambda_g"": 0.7, ""lambda_h"": 0.7, ""mutation_probability"": 0.25, ""name"": ""dnn_10"", ""population_size"": 60, ""preference"": ""adaptive"", ""suite"": ""overall"", ""use_dag_aware_initialization"": true, ""use_dag_block_crossover"": true, ""use_elite_local_search"": true, ""use_skew_mutation"": true, ""user_count"": null}",803.4225254261762,0.002587059618339293,0.7514618036072321,13603.605702653604,0,278,
overall:dnn_10:e59f3d7006:localfirst:repeat_3:seed_20260722,overall,dnn_10,localfirst,3,20260722,"{""alpha_a"": 0.5, ""alpha_l"": 0.7, ""alpha_r"": 0.8, ""beta_a"": 0.3, ""beta_l"": 0.4, ""beta_r"": 0.5, ""cloud_count"": 1, ""crossover_probability"": 0.5, ""dnn_count"": 10, ""edge_count"": 10, ""edge_link_factor"": 2.0, ""iteration_limit"": 200, ""lambda_g"": 0.7, ""lambda_h"": 0.7, ""mutation_probability"": 0.25, ""name"": ""dnn_10"", ""population_size"": 60, ""preference"": ""adaptive"", ""suite"": ""overall"", ""use_dag_aware_initialization"": true, ""use_dag_block_crossover"": true, ""use_elite_local_search"": true, ""use_skew_mutation"": true, ""user_count"": null}",841.1232090154365,0.1551191060935753,0.5871476304984444,9329.925264771271,1,40033,
overall:dnn_10:e59f3d7006:maxresource_fast:repeat_3:seed_20260722,overall,dnn_10,maxresource_fast,3,20260722,"{""alpha_a"": 0.5, ""alpha_l"": 0.7, ""alpha_r"": 0.8, ""beta_a"": 0.3, ""beta_l"": 0.4, ""beta_r"": 0.5, ""cloud_count"": 1, ""crossover_probability"": 0.5, ""dnn_count"": 10, ""edge_count"": 10, ""edge_link_factor"": 2.0, ""iteration_limit"": 200, ""lambda_g"": 0.7, ""lambda_h"": 0.7, ""mutation_probability"": 0.25, ""name"": ""dnn_10"", ""population_size"": 60, ""preference"": ""adaptive"", ""suite"": ""overall"", ""use_dag_aware_initialization"": true, ""use_dag_block_crossover"": true, ""use_elite_local_search"": true, ""use_skew_mutation"": true, ""user_count"": null}",555.8344382001959,0.03649575166301435,0.680595271125754,10045.211243479567,0,41,
overall:dnn_10:e59f3d7006:proposed:repeat_4:seed_20260723,overall,dnn_10,proposed,4,20260723,"{""alpha_a"": 0.5, ""alpha_l"": 0.7, ""alpha_r"": 0.8, ""beta_a"": 0.3, ""beta_l"": 0.4, ""beta_r"": 0.5, ""cloud_count"": 1, ""crossover_probability"": 0.5, ""dnn_count"": 10, ""edge_count"": 10, ""edge_link_factor"": 2.0, ""iteration_limit"": 200, ""lambda_g"": 0.7, ""lambda_h"": 0.7, ""mutation_probability"": 0.25, ""name"": ""dnn_10"", ""population_size"": 60, ""preference"": ""adaptive"", ""suite"": ""overall"", ""use_dag_aware_initialization"": true, ""use_dag_block_crossover"": true, ""use_elite_local_search"": true, ""use_skew_mutation"": true, ""user_count"": null}",847.8272298082368,0.28591128355852785,0.9350885835593173,5556.533327067016,0,30147,
overall:dnn_10:e59f3d7006:customized:repeat_4:seed_20260723,overall,dnn_10,customized,4,20260723,"{""alpha_a"": 0.5, ""alpha_l"": 0.7, ""alpha_r"": 0.8, ""beta_a"": 0.3, ""beta_l"": 0.4, ""beta_r"": 0.5, ""cloud_count"": 1, ""crossover_probability"": 0.5, ""dnn_count"": 10, ""edge_count"": 10, ""edge_link_factor"": 2.0, ""iteration_limit"": 200, ""lambda_g"": 0.7, ""lambda_h"": 0.7, ""mutation_probability"": 0.25, ""name"": ""dnn_10"", ""population_size"": 60, ""preference"": ""adaptive"", ""suite"": ""overall"", ""use_dag_aware_initialization"": true, ""use_dag_block_crossover"": true, ""use_elite_local_search"": true, ""use_skew_mutation"": true, ""user_count"": null}",551.2351414105111,0.1945098634933625,0.8362114244385566,5852.931031644368,0,26251,
overall:dnn_10:e59f3d7006:random:repeat_4:seed_20260723,overall,dnn_10,random,4,20260723,"{""alpha_a"": 0.5, ""alpha_l"": 0.7, ""alpha_r"": 0.8, ""beta_a"": 0.3, ""beta_l"": 0.4, ""beta_r"": 0.5, ""cloud_count"": 1, ""crossover_probability"": 0.5, ""dnn_count"": 10, ""edge_count"": 10, ""edge_link_factor"": 2.0, ""iteration_limit"": 200, ""lambda_g"": 0.7, ""lambda_h"": 0.7, ""mutation_probability"": 0.25, ""name"": ""dnn_10"", ""population_size"": 60, ""preference"": ""adaptive"", ""suite"": ""overall"", ""use_dag_aware_initialization"": true, ""use_dag_block_crossover"": true, ""use_elite_local_search"": true, ""use_skew_mutation"": true, ""user_count"": null}",924.6927178597264,0.0077521490602943345,0.8117591473309981,13217.457020592896,2,250,
overall:dnn_10:e59f3d7006:localfirst:repeat_4:seed_20260723,overall,dnn_10,localfirst,4,20260723,"{""alpha_a"": 0.5, ""alpha_l"": 0.7, ""alpha_r"": 0.8, ""beta_a"": 0.3, ""beta_l"": 0.4, ""beta_r"": 0.5, ""cloud_count"": 1, ""crossover_probability"": 0.5, ""dnn_count"": 10, ""edge_count"": 10, ""edge_link_factor"": 2.0, ""iteration_limit"": 200, ""lambda_g"": 0.7, ""lambda_h"": 0.7, ""mutation_probability"": 0.25, ""name"": ""dnn_10"", ""population_size"": 60, ""preference"": ""adaptive"", ""suite"": ""overall"", ""use_dag_aware_initialization"": true, ""use_dag_block_crossover"": true, ""use_elite_local_search"": true, ""use_skew_mutation"": true, ""user_count"": null}",935.0250546174723,0.16496339193426574,0.6253912378153069,8094.110522120764,0,22,
overall:dnn_10:e59f3d7006:maxresource_fast:repeat_4:seed_20260723,overall,dnn_10,maxresource_fast,4,20260723,"{""alpha_a"": 0.5, ""alpha_l"": 0.7, ""alpha_r"": 0.8, ""beta_a"": 0.3, ""beta_l"": 0.4, ""beta_r"": 0.5, ""cloud_count"": 1, ""crossover_probability"": 0.5, ""dnn_count"": 10, ""edge_count"": 10, ""edge_link_factor"": 2.0, ""iteration_limit"": 200, ""lambda_g"": 0.7, ""lambda_h"": 0.7, ""mutation_probability"": 0.25, ""name"": ""dnn_10"", ""population_size"": 60, ""preference"": ""adaptive"", ""suite"": ""overall"", ""use_dag_aware_initialization"": true, ""use_dag_block_crossover"": true, ""use_elite_local_search"": true, ""use_skew_mutation"": true, ""user_count"": null}",544.7218938765703,0.07377118532299354,0.7038917101669262,8476.240607732569,0,36,
overall:dnn_10:e59f3d7006:proposed:repeat_5:seed_20260724,overall,dnn_10,proposed,5,20260724,"{""alpha_a"": 0.5, ""alpha_l"": 0.7, ""alpha_r"": 0.8, ""beta_a"": 0.3, ""beta_l"": 0.4, ""beta_r"": 0.5, ""cloud_count"": 1, ""crossover_probability"": 0.5, ""dnn_count"": 10, ""edge_count"": 10, ""edge_link_factor"": 2.0, ""iteration_limit"": 200, ""lambda_g"": 0.7, ""lambda_h"": 0.7, ""mutation_probability"": 0.25, ""name"": ""dnn_10"", ""population_size"": 60, ""preference"": ""adaptive"", ""suite"": ""overall"", ""use_dag_aware_initialization"": true, ""use_dag_block_crossover"": true, ""use_elite_local_search"": true, ""use_skew_mutation"": true, ""user_count"": null}",833.1384317032646,0.23476829282376613,0.8958305673128268,6005.591883902046,0,28805,
overall:dnn_10:e59f3d7006:customized:repeat_5:seed_20260724,overall,dnn_10,customized,5,20260724,"{""alpha_a"": 0.5, ""alpha_l"": 0.7, ""alpha_r"": 0.8, ""beta_a"": 0.3, ""beta_l"": 0.4, ""beta_r"": 0.5, ""cloud_count"": 1, ""crossover_probability"": 0.5, ""dnn_count"": 10, ""edge_count"": 10, ""edge_link_factor"": 2.0, ""iteration_limit"": 200, ""lambda_g"": 0.7, ""lambda_h"": 0.7, ""mutation_probability"": 0.25, ""name"": ""dnn_10"", ""population_size"": 60, ""preference"": ""adaptive"", ""suite"": ""overall"", ""use_dag_aware_initialization"": true, ""use_dag_block_crossover"": true, ""use_elite_local_search"": true, ""use_skew_mutation"": true, ""user_count"": null}",536.7091999894546,0.18800698654283354,0.7784079152825859,5739.184255486902,0,25507,
overall:dnn_10:e59f3d7006:random:repeat_5:seed_20260724,overall,dnn_10,random,5,20260724,"{""alpha_a"": 0.5, ""alpha_l"": 0.7, ""alpha_r"": 0.8, ""beta_a"": 0.3, ""beta_l"": 0.4, ""beta_r"": 0.5, ""cloud_count"": 1, ""crossover_probability"": 0.5, ""dnn_count"": 10, ""edge_count"": 10, ""edge_link_factor"": 2.0, ""iteration_limit"": 200, ""lambda_g"": 0.7, ""lambda_h"": 0.7, ""mutation_probability"": 0.25, ""name"": ""dnn_10"", ""population_size"": 60, ""preference"": ""adaptive"", ""suite"": ""overall"", ""use_dag_aware_initialization"": true, ""use_dag_block_crossover"": true, ""use_elite_local_search"": true, ""use_skew_mutation"": true, ""user_count"": null}",671.392908677862,0.018805572739686027,0.7448421696320333,11387.353155416431,0,244,
overall:dnn_10:e59f3d7006:localfirst:repeat_5:seed_20260724,overall,dnn_10,localfirst,5,20260724,"{""alpha_a"": 0.5, ""alpha_l"": 0.7, ""alpha_r"": 0.8, ""beta_a"": 0.3, ""beta_l"": 0.4, ""beta_r"": 0.5, ""cloud_count"": 1, ""crossover_probability"": 0.5, ""dnn_count"": 10, ""edge_count"": 10, ""edge_link_factor"": 2.0, ""iteration_limit"": 200, ""lambda_g"": 0.7, ""lambda_h"": 0.7, ""mutation_probability"": 0.25, ""name"": ""dnn_10"", ""population_size"": 60, ""preference"": ""adaptive"", ""suite"": ""overall"", ""use_dag_aware_initialization"": true, ""use_dag_block_crossover"": true, ""use_elite_local_search"": true, ""use_skew_mutation"": true, ""user_count"": null}",876.0990833898893,0.2722797481286804,0.6224688587649602,7370.56197991747,0,20036,
overall:dnn_10:e59f3d7006:maxresource_fast:repeat_5:seed_20260724,overall,dnn_10,maxresource_fast,5,20260724,"{""alpha_a"": 0.5, ""alpha_l"": 0.7, ""alpha_r"": 0.8, ""beta_a"": 0.3, ""beta_l"": 0.4, ""beta_r"": 0.5, ""cloud_count"": 1, ""crossover_probability"": 0.5, ""dnn_count"": 10, ""edge_count"": 10, ""edge_link_factor"": 2.0, ""iteration_limit"": 200, ""lambda_g"": 0.7, ""lambda_h"": 0.7, ""mutation_probability"": 0.25, ""name"": ""dnn_10"", ""population_size"": 60, ""preference"": ""adaptive"", ""suite"": ""overall"", ""use_dag_aware_initialization"": true, ""use_dag_block_crossover"": true, ""use_elite_local_search"": true, ""use_skew_mutation"": true, ""user_count"": null}",576.7699749761405,0.06396430577302793,0.7027113107108641,8424.379140679306,0,33,
overall:dnn_10:e59f3d7006:proposed:repeat_6:seed_20260725,overall,dnn_10,proposed,6,20260725,"{""alpha_a"": 0.5, ""alpha_l"": 0.7, ""alpha_r"": 0.8, ""beta_a"": 0.3, ""beta_l"": 0.4, ""beta_r"": 0.5, ""cloud_count"": 1, ""crossover_probability"": 0.5, ""dnn_count"": 10, ""edge_count"": 10, ""edge_link_factor"": 2.0, ""iteration_limit"": 200, ""lambda_g"": 0.7, ""lambda_h"": 0.7, ""mutation_probability"": 0.25, ""name"": ""dnn_10"", ""population_size"": 60, ""preference"": ""adaptive"", ""suite"": ""overall"", ""use_dag_aware_initialization"": true, ""use_dag_block_crossover"": true, ""use_elite_local_search"": true, ""use_skew_mutation"": true, ""user_count"": null}",678.4717962828648,0.1807710869742477,0.849137377870071,7850.623841320633,0,33965,
overall:dnn_10:e59f3d7006:customized:repeat_6:seed_20260725,overall,dnn_10,customized,6,20260725,"{""alpha_a"": 0.5, ""alpha_l"": 0.7, ""alpha_r"": 0.8, ""beta_a"": 0.3, ""beta_l"": 0.4, ""beta_r"": 0.5, ""cloud_count"": 1, ""crossover_probability"": 0.5, ""dnn_count"": 10, ""edge_count"": 10, ""edge_link_factor"": 2.0, ""iteration_limit"": 200, ""lambda_g"": 0.7, ""lambda_h"": 0.7, ""mutation_probability"": 0.25, ""name"": ""dnn_10"", ""population_size"": 60, ""preference"": ""adaptive"", ""suite"": ""overall"", ""use_dag_aware_initialization"": true, ""use_dag_block_crossover"": true, ""use_elite_local_search"": true, ""use_skew_mutation"": true, ""user_count"": null}",557.3732574416066,0.1730642795479203,0.7857794857475765,7352.0783013666805,0,28097,
overall:dnn_10:e59f3d7006:random:repeat_6:seed_20260725,overall,dnn_10,random,6,20260725,"{""alpha_a"": 0.5, ""alpha_l"": 0.7, ""alpha_r"": 0.8, ""beta_a"": 0.3, ""beta_l"": 0.4, ""beta_r"": 0.5, ""cloud_count"": 1, ""crossover_probability"": 0.5, ""dnn_count"": 10, ""edge_count"": 10, ""edge_link_factor"": 2.0, ""iteration_limit"": 200, ""lambda_g"": 0.7, ""lambda_h"": 0.7, ""mutation_probability"": 0.25, ""name"": ""dnn_10"", ""population_size"": 60, ""preference"": ""adaptive"", ""suite"": ""overall"", ""use_dag_aware_initialization"": true, ""use_dag_block_crossover"": true, ""use_elite_local_search"": true, ""use_skew_mutation"": true, ""user_count"": null}",670.2471572313498,0.011578000652833055,0.717029230081709,13157.661760505713,1,287,
overall:dnn_10:e59f3d7006:localfirst:repeat_6:seed_20260725,overall,dnn_10,localfirst,6,20260725,"{""alpha_a"": 0.5, ""alpha_l"": 0.7, ""alpha_r"": 0.8, ""beta_a"": 0.3, ""beta_l"": 0.4, ""beta_r"": 0.5, ""cloud_count"": 1, ""crossover_probability"": 0.5, ""dnn_count"": 10, ""edge_count"": 10, ""edge_link_factor"": 2.0, ""iteration_limit"": 200, ""lambda_g"": 0.7, ""lambda_h"": 0.7, ""mutation_probability"": 0.25, ""name"": ""dnn_10"", ""population_size"": 60, ""preference"": ""adaptive"", ""suite"": ""overall"", ""use_dag_aware_initialization"": true, ""use_dag_block_crossover"": true, ""use_elite_local_search"": true, ""use_skew_mutation"": true, ""user_count"": null}",788.6237305387725,0.15722149316089212,0.5700669046616806,7961.0267787,0,41380,
overall:dnn_10:e59f3d7006:maxresource_fast:repeat_6:seed_20260725,overall,dnn_10,maxresource_fast,6,20260725,"{""alpha_a"": 0.5, ""alpha_l"": 0.7, ""alpha_r"": 0.8, ""beta_a"": 0.3, ""beta_l"": 0.4, ""beta_r"": 0.5, ""cloud_count"": 1, ""crossover_probability"": 0.5, ""dnn_count"": 10, ""edge_count"": 10, ""edge_link_factor"": 2.0, ""iteration_limit"": 200, ""lambda_g"": 0.7, ""lambda_h"": 0.7, ""mutation_probability"": 0.25, ""name"": ""dnn_10"", ""population_size"": 60, ""preference"": ""adaptive"", ""suite"": ""overall"", ""use_dag_aware_initialization"": true, ""use_dag_block_crossover"": true, ""use_elite_local_search"": true, ""use_skew_mutation"": true, ""user_count"": null}",642.1492000406164,0.04350058007640726,0.6893337210847028,10613.920663024059,0,47,
overall:dnn_10:e59f3d7006:proposed:repeat_7:seed_20260726,overall,dnn_10,proposed,7,20260726,"{""alpha_a"": 0.5, ""alpha_l"": 0.7, ""alpha_r"": 0.8, ""beta_a"": 0.3, ""beta_l"": 0.4, ""beta_r"": 0.5, ""cloud_count"": 1, ""crossover_probability"": 0.5, ""dnn_count"": 10, ""edge_count"": 10, ""edge_link_factor"": 2.0, ""iteration_limit"": 200, ""lambda_g"": 0.7, ""lambda_h"": 0.7, ""mutation_probability"": 0.25, ""name"": ""dnn_10"", ""population_size"": 60, ""preference"": ""adaptive"", ""suite"": ""overall"", ""use_dag_aware_initialization"": true, ""use_dag_block_crossover"": true, ""use_elite_local_search"": true, ""use_skew_mutation"": true, ""user_count"": null}",504.9225291157801,0.1139046044819797,0.7319219081032037,7269.576349425459,0,33656,
overall:dnn_10:e59f3d7006:customized:repeat_7:seed_20260726,overall,dnn_10,customized,7,20260726,"{""alpha_a"": 0.5, ""alpha_l"": 0.7, ""alpha_r"": 0.8, ""beta_a"": 0.3, ""beta_l"": 0.4, ""beta_r"": 0.5, ""cloud_count"": 1, ""crossover_probability"": 0.5, ""dnn_count"": 10, ""edge_count"": 10, ""edge_link_factor"": 2.0, ""iteration_limit"": 200, ""lambda_g"": 0.7, ""lambda_h"": 0.7, ""mutation_probability"": 0.25, ""name"": ""dnn_10"", ""population_size"": 60, ""preference"": ""adaptive"", ""suite"": ""overall"", ""use_dag_aware_initialization"": true, ""use_dag_block_crossover"": true, ""use_elite_local_search"": true, ""use_skew_mutation"": true, ""user_count"": null}",495.8211701418216,0.1869702643491849,0.7360266579402288,6105.7002991269865,1,27706,
overall:dnn_10:e59f3d7006:random:repeat_7:seed_20260726,overall,dnn_10,random,7,20260726,"{""alpha_a"": 0.5, ""alpha_l"": 0.7, ""alpha_r"": 0.8, ""beta_a"": 0.3, ""beta_l"": 0.4, ""beta_r"": 0.5, ""cloud_count"": 1, ""crossover_probability"": 0.5, ""dnn_count"": 10, ""edge_count"": 10, ""edge_link_factor"": 2.0, ""iteration_limit"": 200, ""lambda_g"": 0.7, ""lambda_h"": 0.7, ""mutation_probability"": 0.25, ""name"": ""dnn_10"", ""population_size"": 60, ""preference"": ""adaptive"", ""suite"": ""overall"", ""use_dag_aware_initialization"": true, ""use_dag_block_crossover"": true, ""use_elite_local_search"": true, ""use_skew_mutation"": true, ""user_count"": null}",697.762511402753,0.010342528046032242,0.7385370186089251,13296.614491744946,1,268,
overall:dnn_10:e59f3d7006:localfirst:repeat_7:seed_20260726,overall,dnn_10,localfirst,7,20260726,"{""alpha_a"": 0.5, ""alpha_l"": 0.7, ""alpha_r"": 0.8, ""beta_a"": 0.3, ""beta_l"": 0.4, ""beta_r"": 0.5, ""cloud_count"": 1, ""crossover_probability"": 0.5, ""dnn_count"": 10, ""edge_count"": 10, ""edge_link_factor"": 2.0, ""iteration_limit"": 200, ""lambda_g"": 0.7, ""lambda_h"": 0.7, ""mutation_probability"": 0.25, ""name"": ""dnn_10"", ""population_size"": 60, ""preference"": ""adaptive"", ""suite"": ""overall"", ""use_dag_aware_initialization"": true, ""use_dag_block_crossover"": true, ""use_elite_local_search"": true, ""use_skew_mutation"": true, ""user_count"": null}",812.3388397659322,0.1659548821260794,0.5977818783117501,7404.559294871923,0,40918,
overall:dnn_10:e59f3d7006:maxresource_fast:repeat_7:seed_20260726,overall,dnn_10,maxresource_fast,7,20260726,"{""alpha_a"": 0.5, ""alpha_l"": 0.7, ""alpha_r"": 0.8, ""beta_a"": 0.3, ""beta_l"": 0.4, ""beta_r"": 0.5, ""cloud_count"": 1, ""crossover_probability"": 0.5, ""dnn_count"": 10, ""edge_count"": 10, ""edge_link_factor"": 2.0, ""iteration_limit"": 200, ""lambda_g"": 0.7, ""lambda_h"": 0.7, ""mutation_probability"": 0.25, ""name"": ""dnn_10"", ""population_size"": 60, ""preference"": ""adaptive"", ""suite"": ""overall"", ""use_dag_aware_initialization"": true, ""use_dag_block_crossover"": true, ""use_elite_local_search"": true, ""use_skew_mutation"": true, ""user_count"": null}",493.1890281389923,0.11128212375519847,0.7012842383274447,6952.728897897861,1,3040,
overall:dnn_10:e59f3d7006:proposed:repeat_8:seed_20260727,overall,dnn_10,proposed,8,20260727,"{""alpha_a"": 0.5, ""alpha_l"": 0.7, ""alpha_r"": 0.8, ""beta_a"": 0.3, ""beta_l"": 0.4, ""beta_r"": 0.5, ""cloud_count"": 1, ""crossover_probability"": 0.5, ""dnn_count"": 10, ""edge_count"": 10, ""edge_link_factor"": 2.0, ""iteration_limit"": 200, ""lambda_g"": 0.7, ""lambda_h"": 0.7, ""mutation_probability"": 0.25, ""name"": ""dnn_10"", ""population_size"": 60, ""preference"": ""adaptive"", ""suite"": ""overall"", ""use_dag_aware_initialization"": true, ""use_dag_block_crossover"": true, ""use_elite_local_search"": true, ""use_skew_mutation"": true, ""user_count"": null}",722.5383472497846,0.19385103724900554,0.8518460507865584,6477.87998381851,0,51104,
overall:dnn_10:e59f3d7006:customized:repeat_8:seed_20260727,overall,dnn_10,customized,8,20260727,"{""alpha_a"": 0.5, ""alpha_l"": 0.7, ""alpha_r"": 0.8, ""beta_a"": 0.3, ""beta_l"": 0.4, ""beta_r"": 0.5, ""cloud_count"": 1, ""crossover_probability"": 0.5, ""dnn_count"": 10, ""edge_count"": 10, ""edge_link_factor"": 2.0, ""iteration_limit"": 200, ""lambda_g"": 0.7, ""lambda_h"": 0.7, ""mutation_probability"": 0.25, ""name"": ""dnn_10"", ""population_size"": 60, ""preference"": ""adaptive"", ""suite"": ""overall"", ""use_dag_aware_initialization"": true, ""use_dag_block_crossover"": true, ""use_elite_local_search"": true, ""use_skew_mutation"": true, ""user_count"": null}",483.3667849133826,0.14404041102237633,0.7470868721380078,6250.376560589209,0,26826,
overall:dnn_10:e59f3d7006:random:repeat_8:seed_20260727,overall,dnn_10,random,8,20260727,"{""alpha_a"": 0.5, ""alpha_l"": 0.7, ""alpha_r"": 0.8, ""beta_a"": 0.3, ""beta_l"": 0.4, ""beta_r"": 0.5, ""cloud_count"": 1, ""crossover_probability"": 0.5, ""dnn_count"": 10, ""edge_count"": 10, ""edge_link_factor"": 2.0, ""iteration_limit"": 200, ""lambda_g"": 0.7, ""lambda_h"": 0.7, ""mutation_probability"": 0.25, ""name"": ""dnn_10"", ""population_size"": 60, ""preference"": ""adaptive"", ""suite"": ""overall"", ""use_dag_aware_initialization"": true, ""use_dag_block_crossover"": true, ""use_elite_local_search"": true, ""use_skew_mutation"": true, ""user_count"": null}",861.6135755223938,0.016437805081695744,0.7875516767193621,11757.660181941426,3,261,
overall:dnn_10:e59f3d7006:localfirst:repeat_8:seed_20260727,overall,dnn_10,localfirst,8,20260727,"{""alpha_a"": 0.5, ""alpha_l"": 0.7, ""alpha_r"": 0.8, ""beta_a"": 0.3, ""beta_l"": 0.4, ""beta_r"": 0.5, ""cloud_count"": 1, ""crossover_probability"": 0.5, ""dnn_count"": 10, ""edge_count"": 10, ""edge_link_factor"": 2.0, ""iteration_limit"": 200, ""lambda_g"": 0.7, ""lambda_h"": 0.7, ""mutation_probability"": 0.25, ""name"": ""dnn_10"", ""population_size"": 60, ""preference"": ""adaptive"", ""suite"": ""overall"", ""use_dag_aware_initialization"": true, ""use_dag_block_crossover"": true, ""use_elite_local_search"": true, ""use_skew_mutation"": true, ""user_count"": null}",686.9205451775489,0.13763556774615493,0.5823337138114351,6798.672572895387,0,40028,
overall:dnn_10:e59f3d7006:maxresource_fast:repeat_8:seed_20260727,overall,dnn_10,maxresource_fast,8,20260727,"{""alpha_a"": 0.5, ""alpha_l"": 0.7, ""alpha_r"": 0.8, ""beta_a"": 0.3, ""beta_l"": 0.4, ""beta_r"": 0.5, ""cloud_count"": 1, ""crossover_probability"": 0.5, ""dnn_count"": 10, ""edge_count"": 10, ""edge_link_factor"": 2.0, ""iteration_limit"": 200, ""lambda_g"": 0.7, ""lambda_h"": 0.7, ""mutation_probability"": 0.25, ""name"": ""dnn_10"", ""population_size"": 60, ""preference"": ""adaptive"", ""suite"": ""overall"", ""use_dag_aware_initialization"": true, ""use_dag_block_crossover"": true, ""use_elite_local_search"": true, ""use_skew_mutation"": true, ""user_count"": null}",529.2884432300541,0.07555266737686789,0.7100805449773513,7900.48013808699,1,3043,
overall:dnn_10:e59f3d7006:proposed:repeat_9:seed_20260728,overall,dnn_10,proposed,9,20260728,"{""alpha_a"": 0.5, ""alpha_l"": 0.7, ""alpha_r"": 0.8, ""beta_a"": 0.3, ""beta_l"": 0.4, ""beta_r"": 0.5, ""cloud_count"": 1, ""crossover_probability"": 0.5, ""dnn_count"": 10, ""edge_count"": 10, ""edge_link_factor"": 2.0, ""iteration_limit"": 200, ""lambda_g"": 0.7, ""lambda_h"": 0.7, ""mutation_probability"": 0.25, ""name"": ""dnn_10"", ""population_size"": 60, ""preference"": ""adaptive"", ""suite"": ""overall"", ""use_dag_aware_initialization"": true, ""use_dag_block_crossover"": true, ""use_elite_local_search"": true, ""use_skew_mutation"": true, ""user_count"": null}",641.4367387687234,0.19058849203300704,0.7919972201288914,7077.829866409344,0,30620,
overall:dnn_10:e59f3d7006:customized:repeat_9:seed_20260728,overall,dnn_10,customized,9,20260728,"{""alpha_a"": 0.5, ""alpha_l"": 0.7, ""alpha_r"": 0.8, ""beta_a"": 0.3, ""beta_l"": 0.4, ""beta_r"": 0.5, ""cloud_count"": 1, ""crossover_probability"": 0.5, ""dnn_count"": 10, ""edge_count"": 10, ""edge_link_factor"": 2.0, ""iteration_limit"": 200, ""lambda_g"": 0.7, ""lambda_h"": 0.7, ""mutation_probability"": 0.25, ""name"": ""dnn_10"", ""population_size"": 60, ""preference"": ""adaptive"", ""suite"": ""overall"", ""use_dag_aware_initialization"": true, ""use_dag_block_crossover"": true, ""use_elite_local_search"": true, ""use_skew_mutation"": true, ""user_count"": null}",483.3142100128327,0.18102578202599595,0.7296363594487041,6620.621365754034,0,28304,
overall:dnn_10:e59f3d7006:random:repeat_9:seed_20260728,overall,dnn_10,random,9,20260728,"{""alpha_a"": 0.5, ""alpha_l"": 0.7, ""alpha_r"": 0.8, ""beta_a"": 0.3, ""beta_l"": 0.4, ""beta_r"": 0.5, ""cloud_count"": 1, ""crossover_probability"": 0.5, ""dnn_count"": 10, ""edge_count"": 10, ""edge_link_factor"": 2.0, ""iteration_limit"": 200, ""lambda_g"": 0.7, ""lambda_h"": 0.7, ""mutation_probability"": 0.25, ""name"": ""dnn_10"", ""population_size"": 60, ""preference"": ""adaptive"", ""suite"": ""overall"", ""use_dag_aware_initialization"": true, ""use_dag_block_crossover"": true, ""use_elite_local_search"": true, ""use_skew_mutation"": true, ""user_count"": null}",719.5779306779621,0.013951582115280603,0.7478476686089217,13342.519648238285,0,264,
overall:dnn_10:e59f3d7006:localfirst:repeat_9:seed_20260728,overall,dnn_10,localfirst,9,20260728,"{""alpha_a"": 0.5, ""alpha_l"": 0.7, ""alpha_r"": 0.8, ""beta_a"": 0.3, ""beta_l"": 0.4, ""beta_r"": 0.5, ""cloud_count"": 1, ""crossover_probability"": 0.5, ""dnn_count"": 10, ""edge_count"": 10, ""edge_link_factor"": 2.0, ""iteration_limit"": 200, ""lambda_g"": 0.7, ""lambda_h"": 0.7, ""mutation_probability"": 0.25, ""name"": ""dnn_10"", ""population_size"": 60, ""preference"": ""adaptive"", ""suite"": ""overall"", ""use_dag_aware_initialization"": true, ""use_dag_block_crossover"": true, ""use_elite_local_search"": true, ""use_skew_mutation"": true, ""user_count"": null}",809.2112102531653,0.16316176717782546,0.619250177525643,8764.548186449898,0,20025,
overall:dnn_10:e59f3d7006:maxresource_fast:repeat_9:seed_20260728,overall,dnn_10,maxresource_fast,9,20260728,"{""alpha_a"": 0.5, ""alpha_l"": 0.7, ""alpha_r"": 0.8, ""beta_a"": 0.3, ""beta_l"": 0.4, ""beta_r"": 0.5, ""cloud_count"": 1, ""crossover_probability"": 0.5, ""dnn_count"": 10, ""edge_count"": 10, ""edge_link_factor"": 2.0, ""iteration_limit"": 200, ""lambda_g"": 0.7, ""lambda_h"": 0.7, ""mutation_probability"": 0.25, ""name"": ""dnn_10"", ""population_size"": 60, ""preference"": ""adaptive"", ""suite"": ""overall"", ""use_dag_aware_initialization"": true, ""use_dag_block_crossover"": true, ""use_elite_local_search"": true, ""use_skew_mutation"": true, ""user_count"": null}",550.7540512326262,0.08323832702708603,0.6864662884804031,9313.67418071639,0,37,
overall:dnn_20:f8a08be862:proposed:repeat_0:seed_20260719,overall,dnn_20,proposed,0,20260719,"{""alpha_a"": 0.5, ""alpha_l"": 0.7, ""alpha_r"": 0.8, ""beta_a"": 0.3, ""beta_l"": 0.4, ""beta_r"": 0.5, ""cloud_count"": 1, ""crossover_probability"": 0.5, ""dnn_count"": 20, ""edge_count"": 10, ""edge_link_factor"": 2.0, ""iteration_limit"": 200, ""lambda_g"": 0.7, ""lambda_h"": 0.7, ""mutation_probability"": 0.25, ""name"": ""dnn_20"", ""population_size"": 60, ""preference"": ""adaptive"", ""suite"": ""overall"", ""use_dag_aware_initialization"": true, ""use_dag_block_crossover"": true, ""use_elite_local_search"": true, ""use_skew_mutation"": true, ""user_count"": null}",621.4070611039094,0.16983265862916863,0.8245138328573963,6387.602810785529,1,82012,
overall:dnn_20:f8a08be862:customized:repeat_0:seed_20260719,overall,dnn_20,customized,0,20260719,"{""alpha_a"": 0.5, ""alpha_l"": 0.7, ""alpha_r"": 0.8, ""beta_a"": 0.3, ""beta_l"": 0.4, ""beta_r"": 0.5, ""cloud_count"": 1, ""crossover_probability"": 0.5, ""dnn_count"": 20, ""edge_count"": 10, ""edge_link_factor"": 2.0, ""iteration_limit"": 200, ""lambda_g"": 0.7, ""lambda_h"": 0.7, ""mutation_probability"": 0.25, ""name"": ""dnn_20"", ""population_size"": 60, ""preference"": ""adaptive"", ""suite"": ""overall"", ""use_dag_aware_initialization"": true, ""use_dag_block_crossover"": true, ""use_elite_local_search"": true, ""use_skew_mutation"": true, ""user_count"": null}",596.4711710603513,0.1590661437177441,0.7892346195003782,6064.387862373887,0,55311,
overall:dnn_20:f8a08be862:random:repeat_0:seed_20260719,overall,dnn_20,random,0,20260719,"{""alpha_a"": 0.5, ""alpha_l"": 0.7, ""alpha_r"": 0.8, ""beta_a"": 0.3, ""beta_l"": 0.4, ""beta_r"": 0.5, ""cloud_count"": 1, ""crossover_probability"": 0.5, ""dnn_count"": 20, ""edge_count"": 10, ""edge_link_factor"": 2.0, ""iteration_limit"": 200, ""lambda_g"": 0.7, ""lambda_h"": 0.7, ""mutation_probability"": 0.25, ""name"": ""dnn_20"", ""population_size"": 60, ""preference"": ""adaptive"", ""suite"": ""overall"", ""use_dag_aware_initialization"": true, ""use_dag_block_crossover"": true, ""use_elite_local_search"": true, ""use_skew_mutation"": true, ""user_count"": null}",786.8066468345608,0.0032813071383996275,0.6605215742579749,12548.421291301156,1,494,
overall:dnn_20:f8a08be862:localfirst:repeat_0:seed_20260719,overall,dnn_20,localfirst,0,20260719,"{""alpha_a"": 0.5, ""alpha_l"": 0.7, ""alpha_r"": 0.8, ""beta_a"": 0.3, ""beta_l"": 0.4, ""beta_r"": 0.5, ""cloud_count"": 1, ""crossover_probability"": 0.5, ""dnn_count"": 20, ""edge_count"": 10, ""edge_link_factor"": 2.0, ""iteration_limit"": 200, ""lambda_g"": 0.7, ""lambda_h"": 0.7, ""mutation_probability"": 0.25, ""name"": ""dnn_20"", ""population_size"": 60, ""preference"": ""adaptive"", ""suite"": ""overall"", ""use_dag_aware_initialization"": true, ""use_dag_block_crossover"": true, ""use_elite_local_search"": true, ""use_skew_mutation"": true, ""user_count"": null}",892.090850323821,0.13541578200112933,0.6053940355085254,7970.775759922884,1,60205,
overall:dnn_20:f8a08be862:maxresource_fast:repeat_0:seed_20260719,overall,dnn_20,maxresource_fast,0,20260719,"{""alpha_a"": 0.5, ""alpha_l"": 0.7, ""alpha_r"": 0.8, ""beta_a"": 0.3, ""beta_l"": 0.4, ""beta_r"": 0.5, ""cloud_count"": 1, ""crossover_probability"": 0.5, ""dnn_count"": 20, ""edge_count"": 10, ""edge_link_factor"": 2.0, ""iteration_limit"": 200, ""lambda_g"": 0.7, ""lambda_h"": 0.7, ""mutation_probability"": 0.25, ""name"": ""dnn_20"", ""population_size"": 60, ""preference"": ""adaptive"", ""suite"": ""overall"", ""use_dag_aware_initialization"": true, ""use_dag_block_crossover"": true, ""use_elite_local_search"": true, ""use_skew_mutation"": true, ""user_count"": null}",566.0037442874227,0.05288345889108048,0.6435257084235733,7999.219080804015,0,73,
overall:dnn_20:f8a08be862:proposed:repeat_1:seed_20260720,overall,dnn_20,proposed,1,20260720,"{""alpha_a"": 0.5, ""alpha_l"": 0.7, ""alpha_r"": 0.8, ""beta_a"": 0.3, ""beta_l"": 0.4, ""beta_r"": 0.5, ""cloud_count"": 1, ""crossover_probability"": 0.5, ""dnn_count"": 20, ""edge_count"": 10, ""edge_link_factor"": 2.0, ""iteration_limit"": 200, ""lambda_g"": 0.7, ""lambda_h"": 0.7, ""mutation_probability"": 0.25, ""name"": ""dnn_20"", ""population_size"": 60, ""preference"": ""adaptive"", ""suite"": ""overall"", ""use_dag_aware_initialization"": true, ""use_dag_block_crossover"": true, ""use_elite_local_search"": true, ""use_skew_mutation"": true, ""user_count"": null}",612.1153171383696,0.13747907022917566,0.7859374887955733,6687.604890689596,0,64866,
overall:dnn_20:f8a08be862:customized:repeat_1:seed_20260720,overall,dnn_20,customized,1,20260720,"{""alpha_a"": 0.5, ""alpha_l"": 0.7, ""alpha_r"": 0.8, ""beta_a"": 0.3, ""beta_l"": 0.4, ""beta_r"": 0.5, ""cloud_count"": 1, ""crossover_probability"": 0.5, ""dnn_count"": 20, ""edge_count"": 10, ""edge_link_factor"": 2.0, ""iteration_limit"": 200, ""lambda_g"": 0.7, ""lambda_h"": 0.7, ""mutation_probability"": 0.25, ""name"": ""dnn_20"", ""population_size"": 60, ""preference"": ""adaptive"", ""suite"": ""overall"", ""use_dag_aware_initialization"": true, ""use_dag_block_crossover"": true, ""use_elite_local_search"": true, ""use_skew_mutation"": true, ""user_count"": null}",519.2346571413789,0.17604893122517548,0.7428566573250712,5633.252689857781,0,57215,
overall:dnn_20:f8a08be862:random:repeat_1:seed_20260720,overall,dnn_20,random,1,20260720,"{""alpha_a"": 0.5, ""alpha_l"": 0.7, ""alpha_r"": 0.8, ""beta_a"": 0.3, ""beta_l"": 0.4, ""beta_r"": 0.5, ""cloud_count"": 1, ""crossover_probability"": 0.5, ""dnn_count"": 20, ""edge_count"": 10, ""edge_link_factor"": 2.0, ""iteration_limit"": 200, ""lambda_g"": 0.7, ""lambda_h"": 0.7, ""mutation_probability"": 0.25, ""name"": ""dnn_20"", ""population_size"": 60, ""preference"": ""adaptive"", ""suite"": ""overall"", ""use_dag_aware_initialization"": true, ""use_dag_block_crossover"": true, ""use_elite_local_search"": true, ""use_skew_mutation"": true, ""user_count"": null}",680.872061137086,0.018662201042981743,0.6971973393441222,12614.500808083569,1,534,
overall:dnn_20:f8a08be862:localfirst:repeat_1:seed_20260720,overall,dnn_20,localfirst,1,20260720,"{""alpha_a"": 0.5, ""alpha_l"": 0.7, ""alpha_r"": 0.8, ""beta_a"": 0.3, ""beta_l"": 0.4, ""beta_r"": 0.5, ""cloud_count"": 1, ""crossover_probability"": 0.5, ""dnn_count"": 20, ""edge_count"": 10, ""edge_link_factor"": 2.0, ""iteration_limit"": 200, ""lambda_g"": 0.7, ""lambda_h"": 0.7, ""mutation_probability"": 0.25, ""name"": ""dnn_20"", ""population_size"": 60, ""preference"": ""adaptive"", ""suite"": ""overall"", ""use_dag_aware_initialization"": true, ""use_dag_block_crossover"": true, ""use_elite_local_search"": true, ""use_skew_mutation"": true, ""user_count"": null}",815.9399822325372,0.15284921599298532,0.6031076639929291,8128.447329761555,0,40991,
overall:dnn_20:f8a08be862:maxresource_fast:repeat_1:seed_20260720,overall,dnn_20,maxresource_fast,1,20260720,"{""alpha_a"": 0.5, ""alpha_l"": 0.7, ""alpha_r"": 0.8, ""beta_a"": 0.3, ""beta_l"": 0.4, ""beta_r"": 0.5, ""cloud_count"": 1, ""crossover_probability"": 0.5, ""dnn_count"": 20, ""edge_count"": 10, ""edge_link_factor"": 2.0, ""iteration_limit"": 200, ""lambda_g"": 0.7, ""lambda_h"": 0.7, ""mutation_probability"": 0.25, ""name"": ""dnn_20"", ""population_size"": 60, ""preference"": ""adaptive"", ""suite"": ""overall"", ""use_dag_aware_initialization"": true, ""use_dag_block_crossover"": true, ""use_elite_local_search"": true, ""use_skew_mutation"": true, ""user_count"": null}",542.4604423176245,0.0518705210090311,0.6628867724012109,8766.721173533006,0,85,
overall:dnn_20:f8a08be862:proposed:repeat_2:seed_20260721,overall,dnn_20,proposed,2,20260721,"{""alpha_a"": 0.5, ""alpha_l"": 0.7, ""alpha_r"": 0.8, ""beta_a"": 0.3, ""beta_l"": 0.4, ""beta_r"": 0.5, ""cloud_count"": 1, ""crossover_probability"": 0.5, ""dnn_count"": 20, ""edge_count"": 10, ""edge_link_factor"": 2.0, ""iteration_limit"": 200, ""lambda_g"": 0.7, ""lambda_h"": 0.7, ""mutation_probability"": 0.25, ""name"": ""dnn_20"", ""population_size"": 60, ""preference"": ""adaptive"", ""suite"": ""overall"", ""use_dag_aware_initialization"": true, ""use_dag_block_crossover"": true, ""use_elite_local_search"": true, ""use_skew_mutation"": true, ""user_count"": null}",528.8905459867674,0.12363592238843066,0.771514432412299,7052.209730079555,0,67069,
overall:dnn_20:f8a08be862:customized:repeat_2:seed_20260721,overall,dnn_20,customized,2,20260721,"{""alpha_a"": 0.5, ""alpha_l"": 0.7, ""alpha_r"": 0.8, ""beta_a"": 0.3, ""beta_l"": 0.4, ""beta_r"": 0.5, ""cloud_count"": 1, ""crossover_probability"": 0.5, ""dnn_count"": 20, ""edge_count"": 10, ""edge_link_factor"": 2.0, ""iteration_limit"": 200, ""lambda_g"": 0.7, ""lambda_h"": 0.7, ""mutation_probability"": 0.25, ""name"": ""dnn_20"", ""population_size"": 60, ""preference"": ""adaptive"", ""suite"": ""overall"", ""use_dag_aware_initialization"": true, ""use_dag_block_crossover"": true, ""use_elite_local_search"": true, ""use_skew_mutation"": true, ""user_count"": null}",433.9358783501343,0.17421261821469664,0.75583237242815,6003.256507956435,1,59465,
overall:dnn_20:f8a08be862:random:repeat_2:seed_20260721,overall,dnn_20,random,2,20260721,"{""alpha_a"": 0.5, ""alpha_l"": 0.7, ""alpha_r"": 0.8, ""beta_a"": 0.3, ""beta_l"": 0.4, ""beta_r"": 0.5, ""cloud_count"": 1, ""crossover_probability"": 0.5, ""dnn_count"": 20, ""edge_count"": 10, ""edge_link_factor"": 2.0, ""iteration_limit"": 200, ""lambda_g"": 0.7, ""lambda_h"": 0.7, ""mutation_probability"": 0.25, ""name"": ""dnn_20"", ""population_size"": 60, ""preference"": ""adaptive"", ""suite"": ""overall"", ""use_dag_aware_initialization"": true, ""use_dag_block_crossover"": true, ""use_elite_local_search"": true, ""use_skew_mutation"": true, ""user_count"": null}",826.4789774802813,0.00372302450191186,0.6941352426698729,13449.094799279716,3,570,
overall:dnn_20:f8a08be862:localfirst:repeat_2:seed_20260721,overall,dnn_20,localfirst,2,20260721,"{""alpha_a"": 0.5, ""alpha_l"": 0.7, ""alpha_r"": 0.8, ""beta_a"": 0.3, ""beta_l"": 0.4, ""beta_r"": 0.5, ""cloud_count"": 1, ""crossover_probability"": 0.5, ""dnn_count"": 20, ""edge_count"": 10, ""edge_link_factor"": 2.0, ""iteration_limit"": 200, ""lambda_g"": 0.7, ""lambda_h"": 0.7, ""mutation_probability"": 0.25, ""name"": ""dnn_20"", ""population_size"": 60, ""preference"": ""adaptive"", ""suite"": ""overall"", ""use_dag_aware_initialization"": true, ""use_dag_block_crossover"": true, ""use_elite_local_search"": true, ""use_skew_mutation"": true, ""user_count"": null}",808.935820231655,0.16302137139133,0.5920768026758171,8061.816485108803,0,40148,
overall:dnn_20:f8a08be862:maxresource_fast:repeat_2:seed_20260721,overall,dnn_20,maxresource_fast,2,20260721,"{""alpha_a"": 0.5, ""alpha_l"": 0.7, ""alpha_r"": 0.8, ""beta_a"": 0.3, ""beta_l"": 0.4, ""beta_r"": 0.5, ""cloud_count"": 1, ""crossover_probability"": 0.5, ""dnn_count"": 20, ""edge_count"": 10, ""edge_link_factor"": 2.0, ""iteration_limit"": 200, ""lambda_g"": 0.7, ""lambda_h"": 0.7, ""mutation_probability"": 0.25, ""name"": ""dnn_20"", ""population_size"": 60, ""preference"": ""adaptive"", ""suite"": ""overall"", ""use_dag_aware_initialization"": true, ""use_dag_block_crossover"": true, ""use_elite_local_search"": true, ""use_skew_mutation"": true, ""user_count"": null}",513.188662147569,0.061439243621028636,0.6539000890622274,7485.578048367126,0,78,
overall:dnn_20:f8a08be862:proposed:repeat_3:seed_20260722,overall,dnn_20,proposed,3,20260722,"{""alpha_a"": 0.5, ""alpha_l"": 0.7, ""alpha_r"": 0.8, ""beta_a"": 0.3, ""beta_l"": 0.4, ""beta_r"": 0.5, ""cloud_count"": 1, ""crossover_probability"": 0.5, ""dnn_count"": 20, ""edge_count"": 10, ""edge_link_factor"": 2.0, ""iteration_limit"": 200, ""lambda_g"": 0.7, ""lambda_h"": 0.7, ""mutation_probability"": 0.25, ""name"": ""dnn_20"", ""population_size"": 60, ""preference"": ""adaptive"", ""suite"": ""overall"", ""use_dag_aware_initialization"": true, ""use_dag_block_crossover"": true, ""use_elite_local_search"": true, ""use_skew_mutation"": true, ""user_count"": null}",602.0308486879318,0.1716570292930159,0.797689116737561,6959.986625355961,0,73035,
overall:dnn_20:f8a08be862:customized:repeat_3:seed_20260722,overall,dnn_20,customized,3,20260722,"{""alpha_a"": 0.5, ""alpha_l"": 0.7, ""alpha_r"": 0.8, ""beta_a"": 0.3, ""beta_l"": 0.4, ""beta_r"": 0.5, ""cloud_count"": 1, ""crossover_probability"": 0.5, ""dnn_count"": 20, ""edge_count"": 10, ""edge_link_factor"": 2.0, ""iteration_limit"": 200, ""lambda_g"": 0.7, ""lambda_h"": 0.7, ""mutation_probability"": 0.25, ""name"": ""dnn_20"", ""population_size"": 60, ""preference"": ""adaptive"", ""suite"": ""overall"", ""use_dag_aware_initialization"": true, ""use_dag_block_crossover"": true, ""use_elite_local_search"": true, ""use_skew_mutation"": true, ""user_count"": null}",559.6531040374864,0.16002905653013128,0.759513090662809,6694.502232559438,0,59782,
overall:dnn_20:f8a08be862:random:repeat_3:seed_20260722,overall,dnn_20,random,3,20260722,"{""alpha_a"": 0.5, ""alpha_l"": 0.7, ""alpha_r"": 0.8, ""beta_a"": 0.3, ""beta_l"": 0.4, ""beta_r"": 0.5, ""cloud_count"": 1, ""crossover_probability"": 0.5, ""dnn_count"": 20, ""edge_count"": 10, ""edge_link_factor"": 2.0, ""iteration_limit"": 200, ""lambda_g"": 0.7, ""lambda_h"": 0.7, ""mutation_probability"": 0.25, ""name"": ""dnn_20"", ""population_size"": 60, ""preference"": ""adaptive"", ""suite"": ""overall"", ""use_dag_aware_initialization"": true, ""use_dag_block_crossover"": true, ""use_elite_local_search"": true, ""use_skew_mutation"": true, ""user_count"": null}",788.3622243852705,0.0019283458757526706,0.6866830967246499,13683.577611178285,3,595,
overall:dnn_20:f8a08be862:localfirst:repeat_3:seed_20260722,overall,dnn_20,localfirst,3,20260722,"{""alpha_a"": 0.5, ""alpha_l"": 0.7, ""alpha_r"": 0.8, ""beta_a"": 0.3, ""beta_l"": 0.4, ""beta_r"": 0.5, ""cloud_count"": 1, ""crossover_probability"": 0.5, ""dnn_count"": 20, ""edge_count"": 10, ""edge_link_factor"": 2.0, ""iteration_limit"": 200, ""lambda_g"": 0.7, ""lambda_h"": 0.7, ""mutation_probability"": 0.25, ""name"": ""dnn_20"", ""population_size"": 60, ""preference"": ""adaptive"", ""suite"": ""overall"", ""use_dag_aware_initialization"": true, ""use_dag_block_crossover"": true, ""use_elite_local_search"": true, ""use_skew_mutation"": true, ""user_count"": null}",774.3496091414423,0.12574897531344334,0.5755265229117561,8766.185000071613,2,80148,
overall:dnn_20:f8a08be862:maxresource_fast:repeat_3:seed_20260722,overall,dnn_20,maxresource_fast,3,20260722,"{""alpha_a"": 0.5, ""alpha_l"": 0.7, ""alpha_r"": 0.8, ""beta_a"": 0.3, ""beta_l"": 0.4, ""beta_r"": 0.5, ""cloud_count"": 1, ""crossover_probability"": 0.5, ""dnn_count"": 20, ""edge_count"": 10, ""edge_link_factor"": 2.0, ""iteration_limit"": 200, ""lambda_g"": 0.7, ""lambda_h"": 0.7, ""mutation_probability"": 0.25, ""name"": ""dnn_20"", ""population_size"": 60, ""preference"": ""adaptive"", ""suite"": ""overall"", ""use_dag_aware_initialization"": true, ""use_dag_block_crossover"": true, ""use_elite_local_search"": true, ""use_skew_mutation"": true, ""user_count"": null}",553.475325669942,0.027118202951666143,0.6601841505281167,9148.014847851497,1,3091,
overall:dnn_20:f8a08be862:proposed:repeat_4:seed_20260723,overall,dnn_20,proposed,4,20260723,"{""alpha_a"": 0.5, ""alpha_l"": 0.7, ""alpha_r"": 0.8, ""beta_a"": 0.3, ""beta_l"": 0.4, ""beta_r"": 0.5, ""cloud_count"": 1, ""crossover_probability"": 0.5, ""dnn_count"": 20, ""edge_count"": 10, ""edge_link_factor"": 2.0, ""iteration_limit"": 200, ""lambda_g"": 0.7, ""lambda_h"": 0.7, ""mutation_probability"": 0.25, ""name"": ""dnn_20"", ""population_size"": 60, ""preference"": ""adaptive"", ""suite"": ""overall"", ""use_dag_aware_initialization"": true, ""use_dag_block_crossover"": true, ""use_elite_local_search"": true, ""use_skew_mutation"": true, ""user_count"": null}",752.0347679946474,0.20697739134639015,0.8658748538469432,6215.245695242401,0,63610,
overall:dnn_20:f8a08be862:customized:repeat_4:seed_20260723,overall,dnn_20,customized,4,20260723,"{""alpha_a"": 0.5, ""alpha_l"": 0.7, ""alpha_r"": 0.8, ""beta_a"": 0.3, ""beta_l"": 0.4, ""beta_r"": 0.5, ""cloud_count"": 1, ""crossover_probability"": 0.5, ""dnn_count"": 20, ""edge_count"": 10, ""edge_link_factor"": 2.0, ""iteration_limit"": 200, ""lambda_g"": 0.7, ""lambda_h"": 0.7, ""mutation_probability"": 0.25, ""name"": ""dnn_20"", ""population_size"": 60, ""preference"": ""adaptive"", ""suite"": ""overall"", ""use_dag_aware_initialization"": true, ""use_dag_block_crossover"": true, ""use_elite_local_search"": true, ""use_skew_mutation"": true, ""user_count"": null}",542.3118328177067,0.19221354928369278,0.7941387120226538,5973.885072544377,0,55638,
overall:dnn_20:f8a08be862:random:repeat_4:seed_20260723,overall,dnn_20,random,4,20260723,"{""alpha_a"": 0.5, ""alpha_l"": 0.7, ""alpha_r"": 0.8, ""beta_a"": 0.3, ""beta_l"": 0.4, ""beta_r"": 0.5, ""cloud_count"": 1, ""crossover_probability"": 0.5, ""dnn_count"": 20, ""edge_count"": 10, ""edge_link_factor"": 2.0, ""iteration_limit"": 200, ""lambda_g"": 0.7, ""lambda_h"": 0.7, ""mutation_probability"": 0.25, ""name"": ""dnn_20"", ""population_size"": 60, ""preference"": ""adaptive"", ""suite"": ""overall"", ""use_dag_aware_initialization"": true, ""use_dag_block_crossover"": true, ""use_elite_local_search"": true, ""use_skew_mutation"": true, ""user_count"": null}",815.4218736136527,0.00478366361558946,0.6898176941739598,12683.875440936088,1,534,
overall:dnn_20:f8a08be862:localfirst:repeat_4:seed_20260723,overall,dnn_20,localfirst,4,20260723,"{""alpha_a"": 0.5, ""alpha_l"": 0.7, ""alpha_r"": 0.8, ""beta_a"": 0.3, ""beta_l"": 0.4, ""beta_r"": 0.5, ""cloud_count"": 1, ""crossover_probability"": 0.5, ""dnn_count"": 20, ""edge_count"": 10, ""edge_link_factor"": 2.0, ""iteration_limit"": 200, ""lambda_g"": 0.7, ""lambda_h"": 0.7, ""mutation_probability"": 0.25, ""name"": ""dnn_20"", ""population_size"": 60, ""preference"": ""adaptive"", ""suite"": ""overall"", ""use_dag_aware_initialization"": true, ""use_dag_block_crossover"": true, ""use_elite_local_search"": true, ""use_skew_mutation"": true, ""user_count"": null}",827.3388747655769,0.13998009848931986,0.6084696079188029,7545.399844120009,0,73,
overall:dnn_20:f8a08be862:maxresource_fast:repeat_4:seed_20260723,overall,dnn_20,maxresource_fast,4,20260723,"{""alpha_a"": 0.5, ""alpha_l"": 0.7, ""alpha_r"": 0.8, ""beta_a"": 0.3, ""beta_l"": 0.4, ""beta_r"": 0.5, ""cloud_count"": 1, ""crossover_probability"": 0.5, ""dnn_count"": 20, ""edge_count"": 10, ""edge_link_factor"": 2.0, ""iteration_limit"": 200, ""lambda_g"": 0.7, ""lambda_h"": 0.7, ""mutation_probability"": 0.25, ""name"": ""dnn_20"", ""population_size"": 60, ""preference"": ""adaptive"", ""suite"": ""overall"", ""use_dag_aware_initialization"": true, ""use_dag_block_crossover"": true, ""use_elite_local_search"": true, ""use_skew_mutation"": true, ""user_count"": null}",598.303297200866,0.05234600627781161,0.6578891959045955,9378.385169823403,0,76,
overall:dnn_20:f8a08be862:proposed:repeat_5:seed_20260724,overall,dnn_20,proposed,5,20260724,"{""alpha_a"": 0.5, ""alpha_l"": 0.7, ""alpha_r"": 0.8, ""beta_a"": 0.3, ""beta_l"": 0.4, ""beta_r"": 0.5, ""cloud_count"": 1, ""crossover_probability"": 0.5, ""dnn_count"": 20, ""edge_count"": 10, ""edge_link_factor"": 2.0, ""iteration_limit"": 200, ""lambda_g"": 0.7, ""lambda_h"": 0.7, ""mutation_probability"": 0.25, ""name"": ""dnn_20"", ""population_size"": 60, ""preference"": ""adaptive"", ""suite"": ""overall"", ""use_dag_aware_initialization"": true, ""use_dag_block_crossover"": true, ""use_elite_local_search"": true, ""use_skew_mutation"": true, ""user_count"": null}",650.5961699813622,0.17184569162682542,0.8211874761638611,5855.892727821053,0,57955,
overall:dnn_20:f8a08be862:customized:repeat_5:seed_20260724,overall,dnn_20,customized,5,20260724,"{""alpha_a"": 0.5, ""alpha_l"": 0.7, ""alpha_r"": 0.8, ""beta_a"": 0.3, ""beta_l"": 0.4, ""beta_r"": 0.5, ""cloud_count"": 1, ""crossover_probability"": 0.5, ""dnn_count"": 20, ""edge_count"": 10, ""edge_link_factor"": 2.0, ""iteration_limit"": 200, ""lambda_g"": 0.7, ""lambda_h"": 0.7, ""mutation_probability"": 0.25, ""name"": ""dnn_20"", ""population_size"": 60, ""preference"": ""adaptive"", ""suite"": ""overall"", ""use_dag_aware_initialization"": true, ""use_dag_block_crossover"": true, ""use_elite_local_search"": true, ""use_skew_mutation"": true, ""user_count"": null}",584.1641450295043,0.2031953223114154,0.7841199022433198,5325.187253845263,1,53123,
overall:dnn_20:f8a08be862:random:repeat_5:seed_20260724,overall,dnn_20,random,5,20260724,"{""alpha_a"": 0.5, ""alpha_l"": 0.7, ""alpha_r"": 0.8, ""beta_a"": 0.3, ""beta_l"": 0.4, ""beta_r"": 0.5, ""cloud_count"": 1, ""crossover_probability"": 0.5, ""dnn_count"": 20, ""edge_count"": 10, ""edge_link_factor"": 2.0, ""iteration_limit"": 200, ""lambda_g"": 0.7, ""lambda_h"": 0.7, ""mutation_probability"": 0.25, ""name"": ""dnn_20"", ""population_size"": 60, ""preference"": ""adaptive"", ""suite"": ""overall"", ""use_dag_aware_initialization"": true, ""use_dag_block_crossover"": true, ""use_elite_local_search"": true, ""use_skew_mutation"": true, ""user_count"": null}",734.0088168277401,0.007837306267000585,0.696038751129336,11054.09583509844,0,472,
overall:dnn_20:f8a08be862:localfirst:repeat_5:seed_20260724,overall,dnn_20,localfirst,5,20260724,"{""alpha_a"": 0.5, ""alpha_l"": 0.7, ""alpha_r"": 0.8, ""beta_a"": 0.3, ""beta_l"": 0.4, ""beta_r"": 0.5, ""cloud_count"": 1, ""crossover_probability"": 0.5, ""dnn_count"": 20, ""edge_count"": 10, ""edge_link_factor"": 2.0, ""iteration_limit"": 200, ""lambda_g"": 0.7, ""lambda_h"": 0.7, ""mutation_probability"": 0.25, ""name"": ""dnn_20"", ""population_size"": 60, ""preference"": ""adaptive"", ""suite"": ""overall"", ""use_dag_aware_initialization"": true, ""use_dag_block_crossover"": true, ""use_elite_local_search"": true, ""use_skew_mutation"": true, ""user_count"": null}",782.8018222823541,0.19559420307518754,0.6088407119079393,7059.3826156999585,0,40059,
overall:dnn_20:f8a08be862:maxresource_fast:repeat_5:seed_20260724,overall,dnn_20,maxresource_fast,5,20260724,"{""alpha_a"": 0.5, ""alpha_l"": 0.7, ""alpha_r"": 0.8, ""beta_a"": 0.3, ""beta_l"": 0.4, ""beta_r"": 0.5, ""cloud_count"": 1, ""crossover_probability"": 0.5, ""dnn_count"": 20, ""edge_count"": 10, ""edge_link_factor"": 2.0, ""iteration_limit"": 200, ""lambda_g"": 0.7, ""lambda_h"": 0.7, ""mutation_probability"": 0.25, ""name"": ""dnn_20"", ""population_size"": 60, ""preference"": ""adaptive"", ""suite"": ""overall"", ""use_dag_aware_initialization"": true, ""use_dag_block_crossover"": true, ""use_elite_local_search"": true, ""use_skew_mutation"": true, ""user_count"": null}",590.1001960942574,0.03836119416013373,0.6697886851383064,8141.172457875585,0,66,
overall:dnn_20:f8a08be862:proposed:repeat_6:seed_20260725,overall,dnn_20,proposed,6,20260725,"{""alpha_a"": 0.5, ""alpha_l"": 0.7, ""alpha_r"": 0.8, ""beta_a"": 0.3, ""beta_l"": 0.4, ""beta_r"": 0.5, ""cloud_count"": 1, ""crossover_probability"": 0.5, ""dnn_count"": 20, ""edge_count"": 10, ""edge_link_factor"": 2.0, ""iteration_limit"": 200, ""lambda_g"": 0.7, ""lambda_h"": 0.7, ""mutation_probability"": 0.25, ""name"": ""dnn_20"", ""population_size"": 60, ""preference"": ""adaptive"", ""suite"": ""overall"", ""use_dag_aware_initialization"": true, ""use_dag_block_crossover"": true, ""use_elite_local_search"": true, ""use_skew_mutation"": true, ""user_count"": null}",689.7444221733738,0.1524992084938545,0.8264918695473815,7229.904847993054,0,76303,
overall:dnn_20:f8a08be862:customized:repeat_6:seed_20260725,overall,dnn_20,customized,6,20260725,"{""alpha_a"": 0.5, ""alpha_l"": 0.7, ""alpha_r"": 0.8, ""beta_a"": 0.3, ""beta_l"": 0.4, ""beta_r"": 0.5, ""cloud_count"": 1, ""crossover_probability"": 0.5, ""dnn_count"": 20, ""edge_count"": 10, ""edge_link_factor"": 2.0, ""iteration_limit"": 200, ""lambda_g"": 0.7, ""lambda_h"": 0.7, ""mutation_probability"": 0.25, ""name"": ""dnn_20"", ""population_size"": 60, ""preference"": ""adaptive"", ""suite"": ""overall"", ""use_dag_aware_initialization"": true, ""use_dag_block_crossover"": true, ""use_elite_local_search"": true, ""use_skew_mutation"": true, ""user_count"": null}",537.2559985377148,0.19856989477060194,0.7475393304670399,6103.624951119242,0,57966,
overall:dnn_20:f8a08be862:random:repeat_6:seed_20260725,overall,dnn_20,random,6,20260725,"{""alpha_a"": 0.5, ""alpha_l"": 0.7, ""alpha_r"": 0.8, ""beta_a"": 0.3, ""beta_l"": 0.4, ""beta_r"": 0.5, ""cloud_count"": 1, ""crossover_probability"": 0.5, ""dnn_count"": 20, ""edge_count"": 10, ""edge_link_factor"": 2.0, ""iteration_limit"": 200, ""lambda_g"": 0.7, ""lambda_h"": 0.7, ""mutation_probability"": 0.25, ""name"": ""dnn_20"", ""population_size"": 60, ""preference"": ""adaptive"", ""suite"": ""overall"", ""use_dag_aware_initialization"": true, ""use_dag_block_crossover"": true, ""use_elite_local_search"": true, ""use_skew_mutation"": true, ""user_count"": null}",782.3124858872114,0.003076361447115096,0.6817638334953482,12881.311399694232,1,555,
overall:dnn_20:f8a08be862:localfirst:repeat_6:seed_20260725,overall,dnn_20,localfirst,6,20260725,"{""alpha_a"": 0.5, ""alpha_l"": 0.7, ""alpha_r"": 0.8, ""beta_a"": 0.3, ""beta_l"": 0.4, ""beta_r"": 0.5, ""cloud_count"": 1, ""crossover_probability"": 0.5, ""dnn_count"": 20, ""edge_count"": 10, ""edge_link_factor"": 2.0, ""iteration_limit"": 200, ""lambda_g"": 0.7, ""lambda_h"": 0.7, ""mutation_probability"": 0.25, ""name"": ""dnn_20"", ""population_size"": 60, ""preference"": ""adaptive"", ""suite"": ""overall"", ""use_dag_aware_initialization"": true, ""use_dag_block_crossover"": true, ""use_elite_local_search"": true, ""use_skew_mutation"": true, ""user_count"": null}",881.3433921401718,0.1774972186013245,0.566433704872467,7872.224703820556,0,64876,
overall:dnn_20:f8a08be862:maxresource_fast:repeat_6:seed_20260725,overall,dnn_20,maxresource_fast,6,20260725,"{""alpha_a"": 0.5, ""alpha_l"": 0.7, ""alpha_r"": 0.8, ""beta_a"": 0.3, ""beta_l"": 0.4, ""beta_r"": 0.5, ""cloud_count"": 1, ""crossover_probability"": 0.5, ""dnn_count"": 20, ""edge_count"": 10, ""edge_link_factor"": 2.0, ""iteration_limit"": 200, ""lambda_g"": 0.7, ""lambda_h"": 0.7, ""mutation_probability"": 0.25, ""name"": ""dnn_20"", ""population_size"": 60, ""preference"": ""adaptive"", ""suite"": ""overall"", ""use_dag_aware_initialization"": true, ""use_dag_block_crossover"": true, ""use_elite_local_search"": true, ""use_skew_mutation"": true, ""user_count"": null}",592.6091690517932,0.039648037103316186,0.654677449442043,9117.448855098046,0,88,
overall:dnn_20:f8a08be862:proposed:repeat_7:seed_20260726,overall,dnn_20,proposed,7,20260726,"{""alpha_a"": 0.5, ""alpha_l"": 0.7, ""alpha_r"": 0.8, ""beta_a"": 0.3, ""beta_l"": 0.4, ""beta_r"": 0.5, ""cloud_count"": 1, ""crossover_probability"": 0.5, ""dnn_count"": 20, ""edge_count"": 10, ""edge_link_factor"": 2.0, ""iteration_limit"": 200, ""lambda_g"": 0.7, ""lambda_h"": 0.7, ""mutation_probability"": 0.25, ""name"": ""dnn_20"", ""population_size"": 60, ""preference"": ""adaptive"", ""suite"": ""overall"", ""use_dag_aware_initialization"": true, ""use_dag_block_crossover"": true, ""use_elite_local_search"": true, ""use_skew_mutation"": true, ""user_count"": null}",668.9682756371949,0.10282047970372137,0.762281922462847,7667.3150320107015,0,86439,
overall:dnn_20:f8a08be862:customized:repeat_7:seed_20260726,overall,dnn_20,customized,7,20260726,"{""alpha_a"": 0.5, ""alpha_l"": 0.7, ""alpha_r"": 0.8, ""beta_a"": 0.3, ""beta_l"": 0.4, ""beta_r"": 0.5, ""cloud_count"": 1, ""crossover_probability"": 0.5, ""dnn_count"": 20, ""edge_count"": 10, ""edge_link_factor"": 2.0, ""iteration_limit"": 200, ""lambda_g"": 0.7, ""lambda_h"": 0.7, ""mutation_probability"": 0.25, ""name"": ""dnn_20"", ""population_size"": 60, ""preference"": ""adaptive"", ""suite"": ""overall"", ""use_dag_aware_initialization"": true, ""use_dag_block_crossover"": true, ""use_elite_local_search"": true, ""use_skew_mutation"": true, ""user_count"": null}",511.91607072839224,0.13751359395273524,0.7239872906550648,6873.9432976992775,0,59110,
overall:dnn_20:f8a08be862:random:repeat_7:seed_20260726,overall,dnn_20,random,7,20260726,"{""alpha_a"": 0.5, ""alpha_l"": 0.7, ""alpha_r"": 0.8, ""beta_a"": 0.3, ""beta_l"": 0.4, ""beta_r"": 0.5, ""cloud_count"": 1, ""crossover_probability"": 0.5, ""dnn_count"": 20, ""edge_count"": 10, ""edge_link_factor"": 2.0, ""iteration_limit"": 200, ""lambda_g"": 0.7, ""lambda_h"": 0.7, ""mutation_probability"": 0.25, ""name"": ""dnn_20"", ""population_size"": 60, ""preference"": ""adaptive"", ""suite"": ""overall"", ""use_dag_aware_initialization"": true, ""use_dag_block_crossover"": true, ""use_elite_local_search"": true, ""use_skew_mutation"": true, ""user_count"": null}",793.5924463780312,0.004435667638535054,0.6629058673117247,14479.161733244935,2,662,
overall:dnn_20:f8a08be862:localfirst:repeat_7:seed_20260726,overall,dnn_20,localfirst,7,20260726,"{""alpha_a"": 0.5, ""alpha_l"": 0.7, ""alpha_r"": 0.8, ""beta_a"": 0.3, ""beta_l"": 0.4, ""beta_r"": 0.5, ""cloud_count"": 1, ""crossover_probability"": 0.5, ""dnn_count"": 20, ""edge_count"": 10, ""edge_link_factor"": 2.0, ""iteration_limit"": 200, ""lambda_g"": 0.7, ""lambda_h"": 0.7, ""mutation_probability"": 0.25, ""name"": ""dnn_20"", ""population_size"": 60, ""preference"": ""adaptive"", ""suite"": ""overall"", ""use_dag_aware_initialization"": true, ""use_dag_block_crossover"": true, ""use_elite_local_search"": true, ""use_skew_mutation"": true, ""user_count"": null}",797.8698563766009,0.16024883393158013,0.5877740178251629,8258.399398456027,0,80921,
overall:dnn_20:f8a08be862:maxresource_fast:repeat_7:seed_20260726,overall,dnn_20,maxresource_fast,7,20260726,"{""alpha_a"": 0.5, ""alpha_l"": 0.7, ""alpha_r"": 0.8, ""beta_a"": 0.3, ""beta_l"": 0.4, ""beta_r"": 0.5, ""cloud_count"": 1, ""crossover_probability"": 0.5, ""dnn_count"": 20, ""edge_count"": 10, ""edge_link_factor"": 2.0, ""iteration_limit"": 200, ""lambda_g"": 0.7, ""lambda_h"": 0.7, ""mutation_probability"": 0.25, ""name"": ""dnn_20"", ""population_size"": 60, ""preference"": ""adaptive"", ""suite"": ""overall"", ""use_dag_aware_initialization"": true, ""use_dag_block_crossover"": true, ""use_elite_local_search"": true, ""use_skew_mutation"": true, ""user_count"": null}",494.9382926948688,0.08988290813678809,0.6612913166885682,7842.37332071895,1,3083,
overall:dnn_20:f8a08be862:proposed:repeat_8:seed_20260727,overall,dnn_20,proposed,8,20260727,"{""alpha_a"": 0.5, ""alpha_l"": 0.7, ""alpha_r"": 0.8, ""beta_a"": 0.3, ""beta_l"": 0.4, ""beta_r"": 0.5, ""cloud_count"": 1, ""crossover_probability"": 0.5, ""dnn_count"": 20, ""edge_count"": 10, ""edge_link_factor"": 2.0, ""iteration_limit"": 200, ""lambda_g"": 0.7, ""lambda_h"": 0.7, ""mutation_probability"": 0.25, ""name"": ""dnn_20"", ""population_size"": 60, ""preference"": ""adaptive"", ""suite"": ""overall"", ""use_dag_aware_initialization"": true, ""use_dag_block_crossover"": true, ""use_elite_local_search"": true, ""use_skew_mutation"": true, ""user_count"": null}",762.3907318527388,0.13084941639421188,0.8382144140558317,7554.55749919292,0,87251,
overall:dnn_20:f8a08be862:customized:repeat_8:seed_20260727,overall,dnn_20,customized,8,20260727,"{""alpha_a"": 0.5, ""alpha_l"": 0.7, ""alpha_r"": 0.8, ""beta_a"": 0.3, ""beta_l"": 0.4, ""beta_r"": 0.5, ""cloud_count"": 1, ""crossover_probability"": 0.5, ""dnn_count"": 20, ""edge_count"": 10, ""edge_link_factor"": 2.0, ""iteration_limit"": 200, ""lambda_g"": 0.7, ""lambda_h"": 0.7, ""mutation_probability"": 0.25, ""name"": ""dnn_20"", ""population_size"": 60, ""preference"": ""adaptive"", ""suite"": ""overall"", ""use_dag_aware_initialization"": true, ""use_dag_block_crossover"": true, ""use_elite_local_search"": true, ""use_skew_mutation"": true, ""user_count"": null}",537.2572297533331,0.11377523709223633,0.7387796753877084,7191.917378915461,0,61552,
overall:dnn_20:f8a08be862:random:repeat_8:seed_20260727,overall,dnn_20,random,8,20260727,"{""alpha_a"": 0.5, ""alpha_l"": 0.7, ""alpha_r"": 0.8, ""beta_a"": 0.3, ""beta_l"": 0.4, ""beta_r"": 0.5, ""cloud_count"": 1, ""crossover_probability"": 0.5, ""dnn_count"": 20, ""edge_count"": 10, ""edge_link_factor"": 2.0, ""iteration_limit"": 200, ""lambda_g"": 0.7, ""lambda_h"": 0.7, ""mutation_probability"": 0.25, ""name"": ""dnn_20"", ""population_size"": 60, ""preference"": ""adaptive"", ""suite"": ""overall"", ""use_dag_aware_initialization"": true, ""use_dag_block_crossover"": true, ""use_elite_local_search"": true, ""use_skew_mutation"": true, ""user_count"": null}",925.1436340171449,0.005156197856096287,0.6753392563809716,13597.230199104077,1,713,
overall:dnn_20:f8a08be862:localfirst:repeat_8:seed_20260727,overall,dnn_20,localfirst,8,20260727,"{""alpha_a"": 0.5, ""alpha_l"": 0.7, ""alpha_r"": 0.8, ""beta_a"": 0.3, ""beta_l"": 0.4, ""beta_r"": 0.5, ""cloud_count"": 1, ""crossover_probability"": 0.5, ""dnn_count"": 20, ""edge_count"": 10, ""edge_link_factor"": 2.0, ""iteration_limit"": 200, ""lambda_g"": 0.7, ""lambda_h"": 0.7, ""mutation_probability"": 0.25, ""name"": ""dnn_20"", ""population_size"": 60, ""preference"": ""adaptive"", ""suite"": ""overall"", ""use_dag_aware_initialization"": true, ""use_dag_block_crossover"": true, ""use_elite_local_search"": true, ""use_skew_mutation"": true, ""user_count"": null}",820.2360354697355,0.10188636550177503,0.580369058510399,8404.199501204983,0,60055,
overall:dnn_20:f8a08be862:maxresource_fast:repeat_8:seed_20260727,overall,dnn_20,maxresource_fast,8,20260727,"{""alpha_a"": 0.5, ""alpha_l"": 0.7, ""alpha_r"": 0.8, ""beta_a"": 0.3, ""beta_l"": 0.4, ""beta_r"": 0.5, ""cloud_count"": 1, ""crossover_probability"": 0.5, ""dnn_count"": 20, ""edge_count"": 10, ""edge_link_factor"": 2.0, ""iteration_limit"": 200, ""lambda_g"": 0.7, ""lambda_h"": 0.7, ""mutation_probability"": 0.25, ""name"": ""dnn_20"", ""population_size"": 60, ""preference"": ""adaptive"", ""suite"": ""overall"", ""use_dag_aware_initialization"": true, ""use_dag_block_crossover"": true, ""use_elite_local_search"": true, ""use_skew_mutation"": true, ""user_count"": null}",602.4595723324112,0.04124981006360068,0.6491115269125776,8742.580696056371,1,3092,
overall:dnn_20:f8a08be862:proposed:repeat_9:seed_20260728,overall,dnn_20,proposed,9,20260728,"{""alpha_a"": 0.5, ""alpha_l"": 0.7, ""alpha_r"": 0.8, ""beta_a"": 0.3, ""beta_l"": 0.4, ""beta_r"": 0.5, ""cloud_count"": 1, ""crossover_probability"": 0.5, ""dnn_count"": 20, ""edge_count"": 10, ""edge_link_factor"": 2.0, ""iteration_limit"": 200, ""lambda_g"": 0.7, ""lambda_h"": 0.7, ""mutation_probability"": 0.25, ""name"": ""dnn_20"", ""population_size"": 60, ""preference"": ""adaptive"", ""suite"": ""overall"", ""use_dag_aware_initialization"": true, ""use_dag_block_crossover"": true, ""use_elite_local_search"": true, ""use_skew_mutation"": true, ""user_count"": null}",667.6625130869706,0.14284740407753774,0.7917049869582315,6345.730012505375,0,81431,
overall:dnn_20:f8a08be862:customized:repeat_9:seed_20260728,overall,dnn_20,customized,9,20260728,"{""alpha_a"": 0.5, ""alpha_l"": 0.7, ""alpha_r"": 0.8, ""beta_a"": 0.3, ""beta_l"": 0.4, ""beta_r"": 0.5, ""cloud_count"": 1, ""crossover_probability"": 0.5, ""dnn_count"": 20, ""edge_count"": 10, ""edge_link_factor"": 2.0, ""iteration_limit"": 200, ""lambda_g"": 0.7, ""lambda_h"": 0.7, ""mutation_probability"": 0.25, ""name"": ""dnn_20"", ""population_size"": 60, ""preference"": ""adaptive"", ""suite"": ""overall"", ""use_dag_aware_initialization"": true, ""use_dag_block_crossover"": true, ""use_elite_local_search"": true, ""use_skew_mutation"": true, ""user_count"": null}",528.56626564353,0.15709097782913603,0.7322980051979961,6324.71471854636,0,56825,
overall:dnn_20:f8a08be862:random:repeat_9:seed_20260728,overall,dnn_20,random,9,20260728,"{""alpha_a"": 0.5, ""alpha_l"": 0.7, ""alpha_r"": 0.8, ""beta_a"": 0.3, ""beta_l"": 0.4, ""beta_r"": 0.5, ""cloud_count"": 1, ""crossover_probability"": 0.5, ""dnn_count"": 20, ""edge_count"": 10, ""edge_link_factor"": 2.0, ""iteration_limit"": 200, ""lambda_g"": 0.7, ""lambda_h"": 0.7, ""mutation_probability"": 0.25, ""name"": ""dnn_20"", ""population_size"": 60, ""preference"": ""adaptive"", ""suite"": ""overall"", ""use_dag_aware_initialization"": true, ""use_dag_block_crossover"": true, ""use_elite_local_search"": true, ""use_skew_mutation"": true, ""user_count"": null}",719.1716067723205,0.012765648506572358,0.6995579231138501,11922.920663632485,2,694,
overall:dnn_20:f8a08be862:localfirst:repeat_9:seed_20260728,overall,dnn_20,localfirst,9,20260728,"{""alpha_a"": 0.5, ""alpha_l"": 0.7, ""alpha_r"": 0.8, ""beta_a"": 0.3, ""beta_l"": 0.4, ""beta_r"": 0.5, ""cloud_count"": 1, ""crossover_probability"": 0.5, ""dnn_count"": 20, ""edge_count"": 10, ""edge_link_factor"": 2.0, ""iteration_limit"": 200, ""lambda_g"": 0.7, ""lambda_h"": 0.7, ""mutation_probability"": 0.25, ""name"": ""dnn_20"", ""population_size"": 60, ""preference"": ""adaptive"", ""suite"": ""overall"", ""use_dag_aware_initialization"": true, ""use_dag_block_crossover"": true, ""use_elite_local_search"": true, ""use_skew_mutation"": true, ""user_count"": null}",740.7535265501228,0.14724280089332084,0.6052664169286527,7544.007614439304,0,40060,
overall:dnn_20:f8a08be862:maxresource_fast:repeat_9:seed_20260728,overall,dnn_20,maxresource_fast,9,20260728,"{""alpha_a"": 0.5, ""alpha_l"": 0.7, ""alpha_r"": 0.8, ""beta_a"": 0.3, ""beta_l"": 0.4, ""beta_r"": 0.5, ""cloud_count"": 1, ""crossover_probability"": 0.5, ""dnn_count"": 20, ""edge_count"": 10, ""edge_link_factor"": 2.0, ""iteration_limit"": 200, ""lambda_g"": 0.7, ""lambda_h"": 0.7, ""mutation_probability"": 0.25, ""name"": ""dnn_20"", ""population_size"": 60, ""preference"": ""adaptive"", ""suite"": ""overall"", ""use_dag_aware_initialization"": true, ""use_dag_block_crossover"": true, ""use_elite_local_search"": true, ""use_skew_mutation"": true, ""user_count"": null}",591.0265721661988,0.06212337181917449,0.6697856693085117,8806.808476446346,2,6070,
overall:dnn_30:ca74310e36:proposed:repeat_0:seed_20260719,overall,dnn_30,proposed,0,20260719,"{""alpha_a"": 0.5, ""alpha_l"": 0.7, ""alpha_r"": 0.8, ""beta_a"": 0.3, ""beta_l"": 0.4, ""beta_r"": 0.5, ""cloud_count"": 1, ""crossover_probability"": 0.5, ""dnn_count"": 30, ""edge_count"": 10, ""edge_link_factor"": 2.0, ""iteration_limit"": 200, ""lambda_g"": 0.7, ""lambda_h"": 0.7, ""mutation_probability"": 0.25, ""name"": ""dnn_30"", ""population_size"": 60, ""preference"": ""adaptive"", ""suite"": ""overall"", ""use_dag_aware_initialization"": true, ""use_dag_block_crossover"": true, ""use_elite_local_search"": true, ""use_skew_mutation"": true, ""user_count"": null}",630.6927284170397,0.1436725811811196,0.794333224797098,6712.398561951496,0,117782,
overall:dnn_30:ca74310e36:customized:repeat_0:seed_20260719,overall,dnn_30,customized,0,20260719,"{""alpha_a"": 0.5, ""alpha_l"": 0.7, ""alpha_r"": 0.8, ""beta_a"": 0.3, ""beta_l"": 0.4, ""beta_r"": 0.5, ""cloud_count"": 1, ""crossover_probability"": 0.5, ""dnn_count"": 30, ""edge_count"": 10, ""edge_link_factor"": 2.0, ""iteration_limit"": 200, ""lambda_g"": 0.7, ""lambda_h"": 0.7, ""mutation_probability"": 0.25, ""name"": ""dnn_30"", ""population_size"": 60, ""preference"": ""adaptive"", ""suite"": ""overall"", ""use_dag_aware_initialization"": true, ""use_dag_block_crossover"": true, ""use_elite_local_search"": true, ""use_skew_mutation"": true, ""user_count"": null}",585.4710452733435,0.15857681364205076,0.7878773193626643,6190.967304063439,0,89511,
overall:dnn_30:ca74310e36:random:repeat_0:seed_20260719,overall,dnn_30,random,0,20260719,"{""alpha_a"": 0.5, ""alpha_l"": 0.7, ""alpha_r"": 0.8, ""beta_a"": 0.3, ""beta_l"": 0.4, ""beta_r"": 0.5, ""cloud_count"": 1, ""crossover_probability"": 0.5, ""dnn_count"": 30, ""edge_count"": 10, ""edge_link_factor"": 2.0, ""iteration_limit"": 200, ""lambda_g"": 0.7, ""lambda_h"": 0.7, ""mutation_probability"": 0.25, ""name"": ""dnn_30"", ""population_size"": 60, ""preference"": ""adaptive"", ""suite"": ""overall"", ""use_dag_aware_initialization"": true, ""use_dag_block_crossover"": true, ""use_elite_local_search"": true, ""use_skew_mutation"": true, ""user_count"": null}",803.3121356934108,0.002492313922607478,0.6649199128123785,12274.17075439873,3,788,
overall:dnn_30:ca74310e36:localfirst:repeat_0:seed_20260719,overall,dnn_30,localfirst,0,20260719,"{""alpha_a"": 0.5, ""alpha_l"": 0.7, ""alpha_r"": 0.8, ""beta_a"": 0.3, ""beta_l"": 0.4, ""beta_r"": 0.5, ""cloud_count"": 1, ""crossover_probability"": 0.5, ""dnn_count"": 30, ""edge_count"": 10, ""edge_link_factor"": 2.0, ""iteration_limit"": 200, ""lambda_g"": 0.7, ""lambda_h"": 0.7, ""mutation_probability"": 0.25, ""name"": ""dnn_30"", ""population_size"": 60, ""preference"": ""adaptive"", ""suite"": ""overall"", ""use_dag_aware_initialization"": true, ""use_dag_block_crossover"": true, ""use_elite_local_search"": true, ""use_skew_mutation"": true, ""user_count"": null}",879.2713652173794,0.1234186117673302,0.5959067395100301,8458.664194273604,1,70222,
overall:dnn_30:ca74310e36:maxresource_fast:repeat_0:seed_20260719,overall,dnn_30,maxresource_fast,0,20260719,"{""alpha_a"": 0.5, ""alpha_l"": 0.7, ""alpha_r"": 0.8, ""beta_a"": 0.3, ""beta_l"": 0.4, ""beta_r"": 0.5, ""cloud_count"": 1, ""crossover_probability"": 0.5, ""dnn_count"": 30, ""edge_count"": 10, ""edge_link_factor"": 2.0, ""iteration_limit"": 200, ""lambda_g"": 0.7, ""lambda_h"": 0.7, ""mutation_probability"": 0.25, ""name"": ""dnn_30"", ""population_size"": 60, ""preference"": ""adaptive"", ""suite"": ""overall"", ""use_dag_aware_initialization"": true, ""use_dag_block_crossover"": true, ""use_elite_local_search"": true, ""use_skew_mutation"": true, ""user_count"": null}",560.594233940767,0.05343436697840428,0.6426735953645842,8081.335591602262,0,110,
overall:dnn_30:ca74310e36:proposed:repeat_1:seed_20260720,overall,dnn_30,proposed,1,20260720,"{""alpha_a"": 0.5, ""alpha_l"": 0.7, ""alpha_r"": 0.8, ""beta_a"": 0.3, ""beta_l"": 0.4, ""beta_r"": 0.5, ""cloud_count"": 1, ""crossover_probability"": 0.5, ""dnn_count"": 30, ""edge_count"": 10, ""edge_link_factor"": 2.0, ""iteration_limit"": 200, ""lambda_g"": 0.7, ""lambda_h"": 0.7, ""mutation_probability"": 0.25, ""name"": ""dnn_30"", ""population_size"": 60, ""preference"": ""adaptive"", ""suite"": ""overall"", ""use_dag_aware_initialization"": true, ""use_dag_block_crossover"": true, ""use_elite_local_search"": true, ""use_skew_mutation"": true, ""user_count"": null}",580.4621289374228,0.12451532367678857,0.732497048888055,6953.3206670992995,0,99259,
overall:dnn_30:ca74310e36:customized:repeat_1:seed_20260720,overall,dnn_30,customized,1,20260720,"{""alpha_a"": 0.5, ""alpha_l"": 0.7, ""alpha_r"": 0.8, ""beta_a"": 0.3, ""beta_l"": 0.4, ""beta_r"": 0.5, ""cloud_count"": 1, ""crossover_probability"": 0.5, ""dnn_count"": 30, ""edge_count"": 10, ""edge_link_factor"": 2.0, ""iteration_limit"": 200, ""lambda_g"": 0.7, ""lambda_h"": 0.7, ""mutation_probability"": 0.25, ""name"": ""dnn_30"", ""population_size"": 60, ""preference"": ""adaptive"", ""suite"": ""overall"", ""use_dag_aware_initialization"": true, ""use_dag_block_crossover"": true, ""use_elite_local_search"": true, ""use_skew_mutation"": true, ""user_count"": null}",522.7589904653419,0.16604198156803507,0.7318534940702449,6009.072345394557,0,92480,
overall:dnn_30:ca74310e36:random:repeat_1:seed_20260720,overall,dnn_30,random,1,20260720,"{""alpha_a"": 0.5, ""alpha_l"": 0.7, ""alpha_r"": 0.8, ""beta_a"": 0.3, ""beta_l"": 0.4, ""beta_r"": 0.5, ""cloud_count"": 1, ""crossover_probability"": 0.5, ""dnn_count"": 30, ""edge_count"": 10, ""edge_link_factor"": 2.0, ""iteration_limit"": 200, ""lambda_g"": 0.7, ""lambda_h"": 0.7, ""mutation_probability"": 0.25, ""name"": ""dnn_30"", ""population_size"": 60, ""preference"": ""adaptive"", ""suite"": ""overall"", ""use_dag_aware_initialization"": true, ""use_dag_block_crossover"": true, ""use_elite_local_search"": true, ""use_skew_mutation"": true, ""user_count"": null}",748.1436119222918,0.009348810108976487,0.648986698664946,12568.354406850181,1,824,
overall:dnn_30:ca74310e36:localfirst:repeat_1:seed_20260720,overall,dnn_30,localfirst,1,20260720,"{""alpha_a"": 0.5, ""alpha_l"": 0.7, ""alpha_r"": 0.8, ""beta_a"": 0.3, ""beta_l"": 0.4, ""beta_r"": 0.5, ""cloud_count"": 1, ""crossover_probability"": 0.5, ""dnn_count"": 30, ""edge_count"": 10, ""edge_link_factor"": 2.0, ""iteration_limit"": 200, ""lambda_g"": 0.7, ""lambda_h"": 0.7, ""mutation_probability"": 0.25, ""name"": ""dnn_30"", ""population_size"": 60, ""preference"": ""adaptive"", ""suite"": ""overall"", ""use_dag_aware_initialization"": true, ""use_dag_block_crossover"": true, ""use_elite_local_search"": true, ""use_skew_mutation"": true, ""user_count"": null}",838.2320596286232,0.13459502387005673,0.5915469843397398,8524.081871183045,0,87872,
overall:dnn_30:ca74310e36:maxresource_fast:repeat_1:seed_20260720,overall,dnn_30,maxresource_fast,1,20260720,"{""alpha_a"": 0.5, ""alpha_l"": 0.7, ""alpha_r"": 0.8, ""beta_a"": 0.3, ""beta_l"": 0.4, ""beta_r"": 0.5, ""cloud_count"": 1, ""crossover_probability"": 0.5, ""dnn_count"": 30, ""edge_count"": 10, ""edge_link_factor"": 2.0, ""iteration_limit"": 200, ""lambda_g"": 0.7, ""lambda_h"": 0.7, ""mutation_probability"": 0.25, ""name"": ""dnn_30"", ""population_size"": 60, ""preference"": ""adaptive"", ""suite"": ""overall"", ""use_dag_aware_initialization"": true, ""use_dag_block_crossover"": true, ""use_elite_local_search"": true, ""use_skew_mutation"": true, ""user_count"": null}",555.4285502181937,0.07367226071787697,0.6508879783749488,8247.291071398286,1,3118,
overall:dnn_30:ca74310e36:proposed:repeat_2:seed_20260721,overall,dnn_30,proposed,2,20260721,"{""alpha_a"": 0.5, ""alpha_l"": 0.7, ""alpha_r"": 0.8, ""beta_a"": 0.3, ""beta_l"": 0.4, ""beta_r"": 0.5, ""cloud_count"": 1, ""crossover_probability"": 0.5, ""dnn_count"": 30, ""edge_count"": 10, ""edge_link_factor"": 2.0, ""iteration_limit"": 200, ""lambda_g"": 0.7, ""lambda_h"": 0.7, ""mutation_probability"": 0.25, ""name"": ""dnn_30"", ""population_size"": 60, ""preference"": ""adaptive"", ""suite"": ""overall"", ""use_dag_aware_initialization"": true, ""use_dag_block_crossover"": true, ""use_elite_local_search"": true, ""use_skew_mutation"": true, ""user_count"": null}",521.5885571657176,0.14091456811806877,0.751098980092989,6459.843253238387,0,103568,
overall:dnn_30:ca74310e36:customized:repeat_2:seed_20260721,overall,dnn_30,customized,2,20260721,"{""alpha_a"": 0.5, ""alpha_l"": 0.7, ""alpha_r"": 0.8, ""beta_a"": 0.3, ""beta_l"": 0.4, ""beta_r"": 0.5, ""cloud_count"": 1, ""crossover_probability"": 0.5, ""dnn_count"": 30, ""edge_count"": 10, ""edge_link_factor"": 2.0, ""iteration_limit"": 200, ""lambda_g"": 0.7, ""lambda_h"": 0.7, ""mutation_probability"": 0.25, ""name"": ""dnn_30"", ""population_size"": 60, ""preference"": ""adaptive"", ""suite"": ""overall"", ""use_dag_aware_initialization"": true, ""use_dag_block_crossover"": true, ""use_elite_local_search"": true, ""use_skew_mutation"": true, ""user_count"": null}",445.9688944377268,0.1728194490626768,0.7234918223896156,5935.4969996490645,0,91406,
overall:dnn_30:ca74310e36:random:repeat_2:seed_20260721,overall,dnn_30,random,2,20260721,"{""alpha_a"": 0.5, ""alpha_l"": 0.7, ""alpha_r"": 0.8, ""beta_a"": 0.3, ""beta_l"": 0.4, ""beta_r"": 0.5, ""cloud_count"": 1, ""crossover_probability"": 0.5, ""dnn_count"": 30, ""edge_count"": 10, ""edge_link_factor"": 2.0, ""iteration_limit"": 200, ""lambda_g"": 0.7, ""lambda_h"": 0.7, ""mutation_probability"": 0.25, ""name"": ""dnn_30"", ""population_size"": 60, ""preference"": ""adaptive"", ""suite"": ""overall"", ""use_dag_aware_initialization"": true, ""use_dag_block_crossover"": true, ""use_elite_local_search"": true, ""use_skew_mutation"": true, ""user_count"": null}",745.5062505570148,0.002697741062453433,0.683170705960073,12339.727869350516,5,778,
overall:dnn_30:ca74310e36:localfirst:repeat_2:seed_20260721,overall,dnn_30,localfirst,2,20260721,"{""alpha_a"": 0.5, ""alpha_l"": 0.7, ""alpha_r"": 0.8, ""beta_a"": 0.3, ""beta_l"": 0.4, ""beta_r"": 0.5, ""cloud_count"": 1, ""crossover_probability"": 0.5, ""dnn_count"": 30, ""edge_count"": 10, ""edge_link_factor"": 2.0, ""iteration_limit"": 200, ""lambda_g"": 0.7, ""lambda_h"": 0.7, ""mutation_probability"": 0.25, ""name"": ""dnn_30"", ""population_size"": 60, ""preference"": ""adaptive"", ""suite"": ""overall"", ""use_dag_aware_initialization"": true, ""use_dag_block_crossover"": true, ""use_elite_local_search"": true, ""use_skew_mutation"": true, ""user_count"": null}",717.8066256235348,0.13801425200613474,0.5872081509461801,7604.4280317235325,0,80173,
overall:dnn_30:ca74310e36:maxresource_fast:repeat_2:seed_20260721,overall,dnn_30,maxresource_fast,2,20260721,"{""alpha_a"": 0.5, ""alpha_l"": 0.7, ""alpha_r"": 0.8, ""beta_a"": 0.3, ""beta_l"": 0.4, ""beta_r"": 0.5, ""cloud_count"": 1, ""crossover_probability"": 0.5, ""dnn_count"": 30, ""edge_count"": 10, ""edge_link_factor"": 2.0, ""iteration_limit"": 200, ""lambda_g"": 0.7, ""lambda_h"": 0.7, ""mutation_probability"": 0.25, ""name"": ""dnn_30"", ""population_size"": 60, ""preference"": ""adaptive"", ""suite"": ""overall"", ""use_dag_aware_initialization"": true, ""use_dag_block_crossover"": true, ""use_elite_local_search"": true, ""use_skew_mutation"": true, ""user_count"": null}",471.60522138728527,0.08352853599721372,0.6570968739496595,6895.808284688091,0,111,
overall:dnn_30:ca74310e36:proposed:repeat_3:seed_20260722,overall,dnn_30,proposed,3,20260722,"{""alpha_a"": 0.5, ""alpha_l"": 0.7, ""alpha_r"": 0.8, ""beta_a"": 0.3, ""beta_l"": 0.4, ""beta_r"": 0.5, ""cloud_count"": 1, ""crossover_probability"": 0.5, ""dnn_count"": 30, ""edge_count"": 10, ""edge_link_factor"": 2.0, ""iteration_limit"": 200, ""lambda_g"": 0.7, ""lambda_h"": 0.7, ""mutation_probability"": 0.25, ""name"": ""dnn_30"", ""population_size"": 60, ""preference"": ""adaptive"", ""suite"": ""overall"", ""use_dag_aware_initialization"": true, ""use_dag_block_crossover"": true, ""use_elite_local_search"": true, ""use_skew_mutation"": true, ""user_count"": null}",637.1146056158907,0.12286598883196918,0.7722564911104708,7203.228594389985,0,111856,
overall:dnn_30:ca74310e36:customized:repeat_3:seed_20260722,overall,dnn_30,customized,3,20260722,"{""alpha_a"": 0.5, ""alpha_l"": 0.7, ""alpha_r"": 0.8, ""beta_a"": 0.3, ""beta_l"": 0.4, ""beta_r"": 0.5, ""cloud_count"": 1, ""crossover_probability"": 0.5, ""dnn_count"": 30, ""edge_count"": 10, ""edge_link_factor"": 2.0, ""iteration_limit"": 200, ""lambda_g"": 0.7, ""lambda_h"": 0.7, ""mutation_probability"": 0.25, ""name"": ""dnn_30"", ""population_size"": 60, ""preference"": ""adaptive"", ""suite"": ""overall"", ""use_dag_aware_initialization"": true, ""use_dag_block_crossover"": true, ""use_elite_local_search"": true, ""use_skew_mutation"": true, ""user_count"": null}",536.8969773769408,0.18274193269632025,0.7628585905960675,6177.639224393977,0,93350,
overall:dnn_30:ca74310e36:random:repeat_3:seed_20260722,overall,dnn_30,random,3,20260722,"{""alpha_a"": 0.5, ""alpha_l"": 0.7, ""alpha_r"": 0.8, ""beta_a"": 0.3, ""beta_l"": 0.4, ""beta_r"": 0.5, ""cloud_count"": 1, ""crossover_probability"": 0.5, ""dnn_count"": 30, ""edge_count"": 10, ""edge_link_factor"": 2.0, ""iteration_limit"": 200, ""lambda_g"": 0.7, ""lambda_h"": 0.7, ""mutation_probability"": 0.25, ""name"": ""dnn_30"", ""population_size"": 60, ""preference"": ""adaptive"", ""suite"": ""overall"", ""use_dag_aware_initialization"": true, ""use_dag_block_crossover"": true, ""use_elite_local_search"": true, ""use_skew_mutation"": true, ""user_count"": null}",825.782209220035,0.0010501820024737677,0.6875626642136473,13399.376499813701,5,798,
overall:dnn_30:ca74310e36:localfirst:repeat_3:seed_20260722,overall,dnn_30,localfirst,3,20260722,"{""alpha_a"": 0.5, ""alpha_l"": 0.7, ""alpha_r"": 0.8, ""beta_a"": 0.3, ""beta_l"": 0.4, ""beta_r"": 0.5, ""cloud_count"": 1, ""crossover_probability"": 0.5, ""dnn_count"": 30, ""edge_count"": 10, ""edge_link_factor"": 2.0, ""iteration_limit"": 200, ""lambda_g"": 0.7, ""lambda_h"": 0.7, ""mutation_probability"": 0.25, ""name"": ""dnn_30"", ""population_size"": 60, ""preference"": ""adaptive"", ""suite"": ""overall"", ""use_dag_aware_initialization"": true, ""use_dag_block_crossover"": true, ""use_elite_local_search"": true, ""use_skew_mutation"": true, ""user_count"": null}",784.5473662089147,0.13480704925568524,0.5753305011270545,8362.658384259821,2,120172,
overall:dnn_30:ca74310e36:maxresource_fast:repeat_3:seed_20260722,overall,dnn_30,maxresource_fast,3,20260722,"{""alpha_a"": 0.5, ""alpha_l"": 0.7, ""alpha_r"": 0.8, ""beta_a"": 0.3, ""beta_l"": 0.4, ""beta_r"": 0.5, ""cloud_count"": 1, ""crossover_probability"": 0.5, ""dnn_count"": 30, ""edge_count"": 10, ""edge_link_factor"": 2.0, ""iteration_limit"": 200, ""lambda_g"": 0.7, ""lambda_h"": 0.7, ""mutation_probability"": 0.25, ""name"": ""dnn_30"", ""population_size"": 60, ""preference"": ""adaptive"", ""suite"": ""overall"", ""use_dag_aware_initialization"": true, ""use_dag_block_crossover"": true, ""use_elite_local_search"": true, ""use_skew_mutation"": true, ""user_count"": null}",562.7437609387208,0.024630040949541552,0.645218895031838,8685.034708788815,1,3122,
overall:dnn_30:ca74310e36:proposed:repeat_4:seed_20260723,overall,dnn_30,proposed,4,20260723,"{""alpha_a"": 0.5, ""alpha_l"": 0.7, ""alpha_r"": 0.8, ""beta_a"": 0.3, ""beta_l"": 0.4, ""beta_r"": 0.5, ""cloud_count"": 1, ""crossover_probability"": 0.5, ""dnn_count"": 30, ""edge_count"": 10, ""edge_link_factor"": 2.0, ""iteration_limit"": 200, ""lambda_g"": 0.7, ""lambda_h"": 0.7, ""mutation_probability"": 0.25, ""name"": ""dnn_30"", ""population_size"": 60, ""preference"": ""adaptive"", ""suite"": ""overall"", ""use_dag_aware_initialization"": true, ""use_dag_block_crossover"": true, ""use_elite_local_search"": true, ""use_skew_mutation"": true, ""user_count"": null}",716.9653237423639,0.21231820847155486,0.8408145465609836,6046.626365933374,0,121291,
overall:dnn_30:ca74310e36:customized:repeat_4:seed_20260723,overall,dnn_30,customized,4,20260723,"{""alpha_a"": 0.5, ""alpha_l"": 0.7, ""alpha_r"": 0.8, ""beta_a"": 0.3, ""beta_l"": 0.4, ""beta_r"": 0.5, ""cloud_count"": 1, ""crossover_probability"": 0.5, ""dnn_count"": 30, ""edge_count"": 10, ""edge_link_factor"": 2.0, ""iteration_limit"": 200, ""lambda_g"": 0.7, ""lambda_h"": 0.7, ""mutation_probability"": 0.25, ""name"": ""dnn_30"", ""population_size"": 60, ""preference"": ""adaptive"", ""suite"": ""overall"", ""use_dag_aware_initialization"": true, ""use_dag_block_crossover"": true, ""use_elite_local_search"": true, ""use_skew_mutation"": true, ""user_count"": null}",529.5676812470248,0.18880957562658648,0.7895080981371547,5726.371158759943,0,89492,
overall:dnn_30:ca74310e36:random:repeat_4:seed_20260723,overall,dnn_30,random,4,20260723,"{""alpha_a"": 0.5, ""alpha_l"": 0.7, ""alpha_r"": 0.8, ""beta_a"": 0.3, ""beta_l"": 0.4, ""beta_r"": 0.5, ""cloud_count"": 1, ""crossover_probability"": 0.5, ""dnn_count"": 30, ""edge_count"": 10, ""edge_link_factor"": 2.0, ""iteration_limit"": 200, ""lambda_g"": 0.7, ""lambda_h"": 0.7, ""mutation_probability"": 0.25, ""name"": ""dnn_30"", ""population_size"": 60, ""preference"": ""adaptive"", ""suite"": ""overall"", ""use_dag_aware_initialization"": true, ""use_dag_block_crossover"": true, ""use_elite_local_search"": true, ""use_skew_mutation"": true, ""user_count"": null}",846.8544695955375,0.003782100818553741,0.6665481579842513,12720.003855953502,3,844,
overall:dnn_30:ca74310e36:localfirst:repeat_4:seed_20260723,overall,dnn_30,localfirst,4,20260723,"{""alpha_a"": 0.5, ""alpha_l"": 0.7, ""alpha_r"": 0.8, ""beta_a"": 0.3, ""beta_l"": 0.4, ""beta_r"": 0.5, ""cloud_count"": 1, ""crossover_probability"": 0.5, ""dnn_count"": 30, ""edge_count"": 10, ""edge_link_factor"": 2.0, ""iteration_limit"": 200, ""lambda_g"": 0.7, ""lambda_h"": 0.7, ""mutation_probability"": 0.25, ""name"": ""dnn_30"", ""population_size"": 60, ""preference"": ""adaptive"", ""suite"": ""overall"", ""use_dag_aware_initialization"": true, ""use_dag_block_crossover"": true, ""use_elite_local_search"": true, ""use_skew_mutation"": true, ""user_count"": null}",811.6236479781436,0.14164904606892445,0.5899939025991155,7516.7874974797805,0,40097,
overall:dnn_30:ca74310e36:maxresource_fast:repeat_4:seed_20260723,overall,dnn_30,maxresource_fast,4,20260723,"{""alpha_a"": 0.5, ""alpha_l"": 0.7, ""alpha_r"": 0.8, ""beta_a"": 0.3, ""beta_l"": 0.4, ""beta_r"": 0.5, ""cloud_count"": 1, ""crossover_probability"": 0.5, ""dnn_count"": 30, ""edge_count"": 10, ""edge_link_factor"": 2.0, ""iteration_limit"": 200, ""lambda_g"": 0.7, ""lambda_h"": 0.7, ""mutation_probability"": 0.25, ""name"": ""dnn_30"", ""population_size"": 60, ""preference"": ""adaptive"", ""suite"": ""overall"", ""use_dag_aware_initialization"": true, ""use_dag_block_crossover"": true, ""use_elite_local_search"": true, ""use_skew_mutation"": true, ""user_count"": null}",595.1246712315159,0.04981233190909484,0.6498999741159504,9003.26393399391,1,3112,
overall:dnn_30:ca74310e36:proposed:repeat_5:seed_20260724,overall,dnn_30,proposed,5,20260724,"{""alpha_a"": 0.5, ""alpha_l"": 0.7, ""alpha_r"": 0.8, ""beta_a"": 0.3, ""beta_l"": 0.4, ""beta_r"": 0.5, ""cloud_count"": 1, ""crossover_probability"": 0.5, ""dnn_count"": 30, ""edge_count"": 10, ""edge_link_factor"": 2.0, ""iteration_limit"": 200, ""lambda_g"": 0.7, ""lambda_h"": 0.7, ""mutation_probability"": 0.25, ""name"": ""dnn_30"", ""population_size"": 60, ""preference"": ""adaptive"", ""suite"": ""overall"", ""use_dag_aware_initialization"": true, ""use_dag_block_crossover"": true, ""use_elite_local_search"": true, ""use_skew_mutation"": true, ""user_count"": null}",676.4498621265526,0.1524650974149546,0.7960616778195043,6266.054222522705,0,95027,
overall:dnn_30:ca74310e36:customized:repeat_5:seed_20260724,overall,dnn_30,customized,5,20260724,"{""alpha_a"": 0.5, ""alpha_l"": 0.7, ""alpha_r"": 0.8, ""beta_a"": 0.3, ""beta_l"": 0.4, ""beta_r"": 0.5, ""cloud_count"": 1, ""crossover_probability"": 0.5, ""dnn_count"": 30, ""edge_count"": 10, ""edge_link_factor"": 2.0, ""iteration_limit"": 200, ""lambda_g"": 0.7, ""lambda_h"": 0.7, ""mutation_probability"": 0.25, ""name"": ""dnn_30"", ""population_size"": 60, ""preference"": ""adaptive"", ""suite"": ""overall"", ""use_dag_aware_initialization"": true, ""use_dag_block_crossover"": true, ""use_elite_local_search"": true, ""use_skew_mutation"": true, ""user_count"": null}",582.2015475451358,0.17895077931781325,0.7706259957182205,5614.629438133489,1,88113,
overall:dnn_30:ca74310e36:random:repeat_5:seed_20260724,overall,dnn_30,random,5,20260724,"{""alpha_a"": 0.5, ""alpha_l"": 0.7, ""alpha_r"": 0.8, ""beta_a"": 0.3, ""beta_l"": 0.4, ""beta_r"": 0.5, ""cloud_count"": 1, ""crossover_probability"": 0.5, ""dnn_count"": 30, ""edge_count"": 10, ""edge_link_factor"": 2.0, ""iteration_limit"": 200, ""lambda_g"": 0.7, ""lambda_h"": 0.7, ""mutation_probability"": 0.25, ""name"": ""dnn_30"", ""population_size"": 60, ""preference"": ""adaptive"", ""suite"": ""overall"", ""use_dag_aware_initialization"": true, ""use_dag_block_crossover"": true, ""use_elite_local_search"": true, ""use_skew_mutation"": true, ""user_count"": null}",769.3671286656885,0.004896249870532055,0.6853556752216956,11649.812766285195,1,785,
overall:dnn_30:ca74310e36:localfirst:repeat_5:seed_20260724,overall,dnn_30,localfirst,5,20260724,"{""alpha_a"": 0.5, ""alpha_l"": 0.7, ""alpha_r"": 0.8, ""beta_a"": 0.3, ""beta_l"": 0.4, ""beta_r"": 0.5, ""cloud_count"": 1, ""crossover_probability"": 0.5, ""dnn_count"": 30, ""edge_count"": 10, ""edge_link_factor"": 2.0, ""iteration_limit"": 200, ""lambda_g"": 0.7, ""lambda_h"": 0.7, ""mutation_probability"": 0.25, ""name"": ""dnn_30"", ""population_size"": 60, ""preference"": ""adaptive"", ""suite"": ""overall"", ""use_dag_aware_initialization"": true, ""use_dag_block_crossover"": true, ""use_elite_local_search"": true, ""use_skew_mutation"": true, ""user_count"": null}",769.6504940465887,0.1581938861191679,0.593268588468403,7330.665367899544,0,60083,
overall:dnn_30:ca74310e36:maxresource_fast:repeat_5:seed_20260724,overall,dnn_30,maxresource_fast,5,20260724,"{""alpha_a"": 0.5, ""alpha_l"": 0.7, ""alpha_r"": 0.8, ""beta_a"": 0.3, ""beta_l"": 0.4, ""beta_r"": 0.5, ""cloud_count"": 1, ""crossover_probability"": 0.5, ""dnn_count"": 30, ""edge_count"": 10, ""edge_link_factor"": 2.0, ""iteration_limit"": 200, ""lambda_g"": 0.7, ""lambda_h"": 0.7, ""mutation_probability"": 0.25, ""name"": ""dnn_30"", ""population_size"": 60, ""preference"": ""adaptive"", ""suite"": ""overall"", ""use_dag_aware_initialization"": true, ""use_dag_block_crossover"": true, ""use_elite_local_search"": true, ""use_skew_mutation"": true, ""user_count"": null}",644.1881164661786,0.028385112518111058,0.6468219622141472,9048.637833374481,1,3105,
overall:dnn_30:ca74310e36:proposed:repeat_6:seed_20260725,overall,dnn_30,proposed,6,20260725,"{""alpha_a"": 0.5, ""alpha_l"": 0.7, ""alpha_r"": 0.8, ""beta_a"": 0.3, ""beta_l"": 0.4, ""beta_r"": 0.5, ""cloud_count"": 1, ""crossover_probability"": 0.5, ""dnn_count"": 30, ""edge_count"": 10, ""edge_link_factor"": 2.0, ""iteration_limit"": 200, ""lambda_g"": 0.7, ""lambda_h"": 0.7, ""mutation_probability"": 0.25, ""name"": ""dnn_30"", ""population_size"": 60, ""preference"": ""adaptive"", ""suite"": ""overall"", ""use_dag_aware_initialization"": true, ""use_dag_block_crossover"": true, ""use_elite_local_search"": true, ""use_skew_mutation"": true, ""user_count"": null}",661.0226063716044,0.18119288580690532,0.8195175644979406,6345.250525602618,0,144620,
overall:dnn_30:ca74310e36:customized:repeat_6:seed_20260725,overall,dnn_30,customized,6,20260725,"{""alpha_a"": 0.5, ""alpha_l"": 0.7, ""alpha_r"": 0.8, ""beta_a"": 0.3, ""beta_l"": 0.4, ""beta_r"": 0.5, ""cloud_count"": 1, ""crossover_probability"": 0.5, ""dnn_count"": 30, ""edge_count"": 10, ""edge_link_factor"": 2.0, ""iteration_limit"": 200, ""lambda_g"": 0.7, ""lambda_h"": 0.7, ""mutation_probability"": 0.25, ""name"": ""dnn_30"", ""population_size"": 60, ""preference"": ""adaptive"", ""suite"": ""overall"", ""use_dag_aware_initialization"": true, ""use_dag_block_crossover"": true, ""use_elite_local_search"": true, ""use_skew_mutation"": true, ""user_count"": null}",552.3098214932498,0.16022686552417773,0.7702801621992276,6472.67318092196,0,93391,
overall:dnn_30:ca74310e36:random:repeat_6:seed_20260725,overall,dnn_30,random,6,20260725,"{""alpha_a"": 0.5, ""alpha_l"": 0.7, ""alpha_r"": 0.8, ""beta_a"": 0.3, ""beta_l"": 0.4, ""beta_r"": 0.5, ""cloud_count"": 1, ""crossover_probability"": 0.5, ""dnn_count"": 30, ""edge_count"": 10, ""edge_link_factor"": 2.0, ""iteration_limit"": 200, ""lambda_g"": 0.7, ""lambda_h"": 0.7, ""mutation_probability"": 0.25, ""name"": ""dnn_30"", ""population_size"": 60, ""preference"": ""adaptive"", ""suite"": ""overall"", ""use_dag_aware_initialization"": true, ""use_dag_block_crossover"": true, ""use_elite_local_search"": true, ""use_skew_mutation"": true, ""user_count"": null}",783.9660122413104,0.0030013921941194235,0.6647333245992159,12439.745124375759,2,859,
overall:dnn_30:ca74310e36:localfirst:repeat_6:seed_20260725,overall,dnn_30,localfirst,6,20260725,"{""alpha_a"": 0.5, ""alpha_l"": 0.7, ""alpha_r"": 0.8, ""beta_a"": 0.3, ""beta_l"": 0.4, ""beta_r"": 0.5, ""cloud_count"": 1, ""crossover_probability"": 0.5, ""dnn_count"": 30, ""edge_count"": 10, ""edge_link_factor"": 2.0, ""iteration_limit"": 200, ""lambda_g"": 0.7, ""lambda_h"": 0.7, ""mutation_probability"": 0.25, ""name"": ""dnn_30"", ""population_size"": 60, ""preference"": ""adaptive"", ""suite"": ""overall"", ""use_dag_aware_initialization"": true, ""use_dag_block_crossover"": true, ""use_elite_local_search"": true, ""use_skew_mutation"": true, ""user_count"": null}",879.4231960570819,0.17703387633284431,0.5649665334888401,7805.1771304241565,0,64906,
overall:dnn_30:ca74310e36:maxresource_fast:repeat_6:seed_20260725,overall,dnn_30,maxresource_fast,6,20260725,"{""alpha_a"": 0.5, ""alpha_l"": 0.7, ""alpha_r"": 0.8, ""beta_a"": 0.3, ""beta_l"": 0.4, ""beta_r"": 0.5, ""cloud_count"": 1, ""crossover_probability"": 0.5, ""dnn_count"": 30, ""edge_count"": 10, ""edge_link_factor"": 2.0, ""iteration_limit"": 200, ""lambda_g"": 0.7, ""lambda_h"": 0.7, ""mutation_probability"": 0.25, ""name"": ""dnn_30"", ""population_size"": 60, ""preference"": ""adaptive"", ""suite"": ""overall"", ""use_dag_aware_initialization"": true, ""use_dag_block_crossover"": true, ""use_elite_local_search"": true, ""use_skew_mutation"": true, ""user_count"": null}",564.5485666849986,0.04496979590688951,0.6477496828447941,8543.1021215856,0,129,
overall:dnn_30:ca74310e36:proposed:repeat_7:seed_20260726,overall,dnn_30,proposed,7,20260726,"{""alpha_a"": 0.5, ""alpha_l"": 0.7, ""alpha_r"": 0.8, ""beta_a"": 0.3, ""beta_l"": 0.4, ""beta_r"": 0.5, ""cloud_count"": 1, ""crossover_probability"": 0.5, ""dnn_count"": 30, ""edge_count"": 10, ""edge_link_factor"": 2.0, ""iteration_limit"": 200, ""lambda_g"": 0.7, ""lambda_h"": 0.7, ""mutation_probability"": 0.25, ""name"": ""dnn_30"", ""population_size"": 60, ""preference"": ""adaptive"", ""suite"": ""overall"", ""use_dag_aware_initialization"": true, ""use_dag_block_crossover"": true, ""use_elite_local_search"": true, ""use_skew_mutation"": true, ""user_count"": null}",569.0512144380702,0.11220367524278184,0.7458007468891394,6960.398511863751,1,147160,
overall:dnn_30:ca74310e36:customized:repeat_7:seed_20260726,overall,dnn_30,customized,7,20260726,"{""alpha_a"": 0.5, ""alpha_l"": 0.7, ""alpha_r"": 0.8, ""beta_a"": 0.3, ""beta_l"": 0.4, ""beta_r"": 0.5, ""cloud_count"": 1, ""crossover_probability"": 0.5, ""dnn_count"": 30, ""edge_count"": 10, ""edge_link_factor"": 2.0, ""iteration_limit"": 200, ""lambda_g"": 0.7, ""lambda_h"": 0.7, ""mutation_probability"": 0.25, ""name"": ""dnn_30"", ""population_size"": 60, ""preference"": ""adaptive"", ""suite"": ""overall"", ""use_dag_aware_initialization"": true, ""use_dag_block_crossover"": true, ""use_elite_local_search"": true, ""use_skew_mutation"": true, ""user_count"": null}",506.03273578912007,0.1465138494634397,0.7162725759419708,6549.8736257273395,1,94149,
overall:dnn_30:ca74310e36:random:repeat_7:seed_20260726,overall,dnn_30,random,7,20260726,"{""alpha_a"": 0.5, ""alpha_l"": 0.7, ""alpha_r"": 0.8, ""beta_a"": 0.3, ""beta_l"": 0.4, ""beta_r"": 0.5, ""cloud_count"": 1, ""crossover_probability"": 0.5, ""dnn_count"": 30, ""edge_count"": 10, ""edge_link_factor"": 2.0, ""iteration_limit"": 200, ""lambda_g"": 0.7, ""lambda_h"": 0.7, ""mutation_probability"": 0.25, ""name"": ""dnn_30"", ""population_size"": 60, ""preference"": ""adaptive"", ""suite"": ""overall"", ""use_dag_aware_initialization"": true, ""use_dag_block_crossover"": true, ""use_elite_local_search"": true, ""use_skew_mutation"": true, ""user_count"": null}",702.2680505484415,0.0021701287804051558,0.6610780185292858,13416.712635997004,4,809,
overall:dnn_30:ca74310e36:localfirst:repeat_7:seed_20260726,overall,dnn_30,localfirst,7,20260726,"{""alpha_a"": 0.5, ""alpha_l"": 0.7, ""alpha_r"": 0.8, ""beta_a"": 0.3, ""beta_l"": 0.4, ""beta_r"": 0.5, ""cloud_count"": 1, ""crossover_probability"": 0.5, ""dnn_count"": 30, ""edge_count"": 10, ""edge_link_factor"": 2.0, ""iteration_limit"": 200, ""lambda_g"": 0.7, ""lambda_h"": 0.7, ""mutation_probability"": 0.25, ""name"": ""dnn_30"", ""population_size"": 60, ""preference"": ""adaptive"", ""suite"": ""overall"", ""use_dag_aware_initialization"": true, ""use_dag_block_crossover"": true, ""use_elite_local_search"": true, ""use_skew_mutation"": true, ""user_count"": null}",801.6532577692417,0.15847533137311898,0.5858889778171337,8119.798108616491,1,120948,
overall:dnn_30:ca74310e36:maxresource_fast:repeat_7:seed_20260726,overall,dnn_30,maxresource_fast,7,20260726,"{""alpha_a"": 0.5, ""alpha_l"": 0.7, ""alpha_r"": 0.8, ""beta_a"": 0.3, ""beta_l"": 0.4, ""beta_r"": 0.5, ""cloud_count"": 1, ""crossover_probability"": 0.5, ""dnn_count"": 30, ""edge_count"": 10, ""edge_link_factor"": 2.0, ""iteration_limit"": 200, ""lambda_g"": 0.7, ""lambda_h"": 0.7, ""mutation_probability"": 0.25, ""name"": ""dnn_30"", ""population_size"": 60, ""preference"": ""adaptive"", ""suite"": ""overall"", ""use_dag_aware_initialization"": true, ""use_dag_block_crossover"": true, ""use_elite_local_search"": true, ""use_skew_mutation"": true, ""user_count"": null}",477.53801334445495,0.10661611407777148,0.6641394057790757,7437.318383728139,2,6120,
overall:dnn_30:ca74310e36:proposed:repeat_8:seed_20260727,overall,dnn_30,proposed,8,20260727,"{""alpha_a"": 0.5, ""alpha_l"": 0.7, ""alpha_r"": 0.8, ""beta_a"": 0.3, ""beta_l"": 0.4, ""beta_r"": 0.5, ""cloud_count"": 1, ""crossover_probability"": 0.5, ""dnn_count"": 30, ""edge_count"": 10, ""edge_link_factor"": 2.0, ""iteration_limit"": 200, ""lambda_g"": 0.7, ""lambda_h"": 0.7, ""mutation_probability"": 0.25, ""name"": ""dnn_30"", ""population_size"": 60, ""preference"": ""adaptive"", ""suite"": ""overall"", ""use_dag_aware_initialization"": true, ""use_dag_block_crossover"": true, ""use_elite_local_search"": true, ""use_skew_mutation"": true, ""user_count"": null}",656.6037327799818,0.1185697819911012,0.7585562732715037,7396.844155731102,0,126979,
overall:dnn_30:ca74310e36:customized:repeat_8:seed_20260727,overall,dnn_30,customized,8,20260727,"{""alpha_a"": 0.5, ""alpha_l"": 0.7, ""alpha_r"": 0.8, ""beta_a"": 0.3, ""beta_l"": 0.4, ""beta_r"": 0.5, ""cloud_count"": 1, ""crossover_probability"": 0.5, ""dnn_count"": 30, ""edge_count"": 10, ""edge_link_factor"": 2.0, ""iteration_limit"": 200, ""lambda_g"": 0.7, ""lambda_h"": 0.7, ""mutation_probability"": 0.25, ""name"": ""dnn_30"", ""population_size"": 60, ""preference"": ""adaptive"", ""suite"": ""overall"", ""use_dag_aware_initialization"": true, ""use_dag_block_crossover"": true, ""use_elite_local_search"": true, ""use_skew_mutation"": true, ""user_count"": null}",561.8693985559441,0.15580418594092563,0.71490059983055,6578.604376487279,0,98744,
overall:dnn_30:ca74310e36:random:repeat_8:seed_20260727,overall,dnn_30,random,8,20260727,"{""alpha_a"": 0.5, ""alpha_l"": 0.7, ""alpha_r"": 0.8, ""beta_a"": 0.3, ""beta_l"": 0.4, ""beta_r"": 0.5, ""cloud_count"": 1, ""crossover_probability"": 0.5, ""dnn_count"": 30, ""edge_count"": 10, ""edge_link_factor"": 2.0, ""iteration_limit"": 200, ""lambda_g"": 0.7, ""lambda_h"": 0.7, ""mutation_probability"": 0.25, ""name"": ""dnn_30"", ""population_size"": 60, ""preference"": ""adaptive"", ""suite"": ""overall"", ""use_dag_aware_initialization"": true, ""use_dag_block_crossover"": true, ""use_elite_local_search"": true, ""use_skew_mutation"": true, ""user_count"": null}",838.6374015554093,0.0031654861782688926,0.6617971703693555,13715.26024751445,3,934,
overall:dnn_30:ca74310e36:localfirst:repeat_8:seed_20260727,overall,dnn_30,localfirst,8,20260727,"{""alpha_a"": 0.5, ""alpha_l"": 0.7, ""alpha_r"": 0.8, ""beta_a"": 0.3, ""beta_l"": 0.4, ""beta_r"": 0.5, ""cloud_count"": 1, ""crossover_probability"": 0.5, ""dnn_count"": 30, ""edge_count"": 10, ""edge_link_factor"": 2.0, ""iteration_limit"": 200, ""lambda_g"": 0.7, ""lambda_h"": 0.7, ""mutation_probability"": 0.25, ""name"": ""dnn_30"", ""population_size"": 60, ""preference"": ""adaptive"", ""suite"": ""overall"", ""use_dag_aware_initialization"": true, ""use_dag_block_crossover"": true, ""use_elite_local_search"": true, ""use_skew_mutation"": true, ""user_count"": null}",874.3596302746395,0.08234315934863032,0.5709394639490775,9022.592176107508,0,80298,
overall:dnn_30:ca74310e36:maxresource_fast:repeat_8:seed_20260727,overall,dnn_30,maxresource_fast,8,20260727,"{""alpha_a"": 0.5, ""alpha_l"": 0.7, ""alpha_r"": 0.8, ""beta_a"": 0.3, ""beta_l"": 0.4, ""beta_r"": 0.5, ""cloud_count"": 1, ""crossover_probability"": 0.5, ""dnn_count"": 30, ""edge_count"": 10, ""edge_link_factor"": 2.0, ""iteration_limit"": 200, ""lambda_g"": 0.7, ""lambda_h"": 0.7, ""mutation_probability"": 0.25, ""name"": ""dnn_30"", ""population_size"": 60, ""preference"": ""adaptive"", ""suite"": ""overall"", ""use_dag_aware_initialization"": true, ""use_dag_block_crossover"": true, ""use_elite_local_search"": true, ""use_skew_mutation"": true, ""user_count"": null}",578.8075390153966,0.03481527263813795,0.6272734169846522,8475.671726418881,2,6136,
overall:dnn_30:ca74310e36:proposed:repeat_9:seed_20260728,overall,dnn_30,proposed,9,20260728,"{""alpha_a"": 0.5, ""alpha_l"": 0.7, ""alpha_r"": 0.8, ""beta_a"": 0.3, ""beta_l"": 0.4, ""beta_r"": 0.5, ""cloud_count"": 1, ""crossover_probability"": 0.5, ""dnn_count"": 30, ""edge_count"": 10, ""edge_link_factor"": 2.0, ""iteration_limit"": 200, ""lambda_g"": 0.7, ""lambda_h"": 0.7, ""mutation_probability"": 0.25, ""name"": ""dnn_30"", ""population_size"": 60, ""preference"": ""adaptive"", ""suite"": ""overall"", ""use_dag_aware_initialization"": true, ""use_dag_block_crossover"": true, ""use_elite_local_search"": true, ""use_skew_mutation"": true, ""user_count"": null}",546.9349403637596,0.1315751170126891,0.7487643245928308,6428.568318207842,0,121038,
overall:dnn_30:ca74310e36:customized:repeat_9:seed_20260728,overall,dnn_30,customized,9,20260728,"{""alpha_a"": 0.5, ""alpha_l"": 0.7, ""alpha_r"": 0.8, ""beta_a"": 0.3, ""beta_l"": 0.4, ""beta_r"": 0.5, ""cloud_count"": 1, ""crossover_probability"": 0.5, ""dnn_count"": 30, ""edge_count"": 10, ""edge_link_factor"": 2.0, ""iteration_limit"": 200, ""lambda_g"": 0.7, ""lambda_h"": 0.7, ""mutation_probability"": 0.25, ""name"": ""dnn_30"", ""population_size"": 60, ""preference"": ""adaptive"", ""suite"": ""overall"", ""use_dag_aware_initialization"": true, ""use_dag_block_crossover"": true, ""use_elite_local_search"": true, ""use_skew_mutation"": true, ""user_count"": null}",503.07981325961407,0.19553281595538388,0.7237170091572269,5494.112301217771,1,89100,
overall:dnn_30:ca74310e36:random:repeat_9:seed_20260728,overall,dnn_30,random,9,20260728,"{""alpha_a"": 0.5, ""alpha_l"": 0.7, ""alpha_r"": 0.8, ""beta_a"": 0.3, ""beta_l"": 0.4, ""beta_r"": 0.5, ""cloud_count"": 1, ""crossover_probability"": 0.5, ""dnn_count"": 30, ""edge_count"": 10, ""edge_link_factor"": 2.0, ""iteration_limit"": 200, ""lambda_g"": 0.7, ""lambda_h"": 0.7, ""mutation_probability"": 0.25, ""name"": ""dnn_30"", ""population_size"": 60, ""preference"": ""adaptive"", ""suite"": ""overall"", ""use_dag_aware_initialization"": true, ""use_dag_block_crossover"": true, ""use_elite_local_search"": true, ""use_skew_mutation"": true, ""user_count"": null}",753.5215894494402,0.0053636911793584555,0.6735836564165307,12243.01474096603,2,834,
overall:dnn_30:ca74310e36:localfirst:repeat_9:seed_20260728,overall,dnn_30,localfirst,9,20260728,"{""alpha_a"": 0.5, ""alpha_l"": 0.7, ""alpha_r"": 0.8, ""beta_a"": 0.3, ""beta_l"": 0.4, ""beta_r"": 0.5, ""cloud_count"": 1, ""crossover_probability"": 0.5, ""dnn_count"": 30, ""edge_count"": 10, ""edge_link_factor"": 2.0, ""iteration_limit"": 200, ""lambda_g"": 0.7, ""lambda_h"": 0.7, ""mutation_probability"": 0.25, ""name"": ""dnn_30"", ""population_size"": 60, ""preference"": ""adaptive"", ""suite"": ""overall"", ""use_dag_aware_initialization"": true, ""use_dag_block_crossover"": true, ""use_elite_local_search"": true, ""use_skew_mutation"": true, ""user_count"": null}",766.823889421814,0.14360158810151905,0.6044041515705006,7705.870109200962,0,40075,
overall:dnn_30:ca74310e36:maxresource_fast:repeat_9:seed_20260728,overall,dnn_30,maxresource_fast,9,20260728,"{""alpha_a"": 0.5, ""alpha_l"": 0.7, ""alpha_r"": 0.8, ""beta_a"": 0.3, ""beta_l"": 0.4, ""beta_r"": 0.5, ""cloud_count"": 1, ""crossover_probability"": 0.5, ""dnn_count"": 30, ""edge_count"": 10, ""edge_link_factor"": 2.0, ""iteration_limit"": 200, ""lambda_g"": 0.7, ""lambda_h"": 0.7, ""mutation_probability"": 0.25, ""name"": ""dnn_30"", ""population_size"": 60, ""preference"": ""adaptive"", ""suite"": ""overall"", ""use_dag_aware_initialization"": true, ""use_dag_block_crossover"": true, ""use_elite_local_search"": true, ""use_skew_mutation"": true, ""user_count"": null}",605.2087779319983,0.04890689104818467,0.651307571840208,8878.735021425287,2,6107,
overall:dnn_40:8cef11f07d:proposed:repeat_0:seed_20260719,overall,dnn_40,proposed,0,20260719,"{""alpha_a"": 0.5, ""alpha_l"": 0.7, ""alpha_r"": 0.8, ""beta_a"": 0.3, ""beta_l"": 0.4, ""beta_r"": 0.5, ""cloud_count"": 1, ""crossover_probability"": 0.5, ""dnn_count"": 40, ""edge_count"": 10, ""edge_link_factor"": 2.0, ""iteration_limit"": 200, ""lambda_g"": 0.7, ""lambda_h"": 0.7, ""mutation_probability"": 0.25, ""name"": ""dnn_40"", ""population_size"": 60, ""preference"": ""adaptive"", ""suite"": ""overall"", ""use_dag_aware_initialization"": true, ""use_dag_block_crossover"": true, ""use_elite_local_search"": true, ""use_skew_mutation"": true, ""user_count"": null}",636.7668219933096,0.147229215795041,0.7956651875672587,6469.343107089799,0,191862,
overall:dnn_40:8cef11f07d:customized:repeat_0:seed_20260719,overall,dnn_40,customized,0,20260719,"{""alpha_a"": 0.5, ""alpha_l"": 0.7, ""alpha_r"": 0.8, ""beta_a"": 0.3, ""beta_l"": 0.4, ""beta_r"": 0.5, ""cloud_count"": 1, ""crossover_probability"": 0.5, ""dnn_count"": 40, ""edge_count"": 10, ""edge_link_factor"": 2.0, ""iteration_limit"": 200, ""lambda_g"": 0.7, ""lambda_h"": 0.7, ""mutation_probability"": 0.25, ""name"": ""dnn_40"", ""population_size"": 60, ""preference"": ""adaptive"", ""suite"": ""overall"", ""use_dag_aware_initialization"": true, ""use_dag_block_crossover"": true, ""use_elite_local_search"": true, ""use_skew_mutation"": true, ""user_count"": null}",586.91644614232,0.15499116806919908,0.7752045691719236,6419.122731630174,0,147532,
overall:dnn_40:8cef11f07d:random:repeat_0:seed_20260719,overall,dnn_40,random,0,20260719,"{""alpha_a"": 0.5, ""alpha_l"": 0.7, ""alpha_r"": 0.8, ""beta_a"": 0.3, ""beta_l"": 0.4, ""beta_r"": 0.5, ""cloud_count"": 1, ""crossover_probability"": 0.5, ""dnn_count"": 40, ""edge_count"": 10, ""edge_link_factor"": 2.0, ""iteration_limit"": 200, ""lambda_g"": 0.7, ""lambda_h"": 0.7, ""mutation_probability"": 0.25, ""name"": ""dnn_40"", ""population_size"": 60, ""preference"": ""adaptive"", ""suite"": ""overall"", ""use_dag_aware_initialization"": true, ""use_dag_block_crossover"": true, ""use_elite_local_search"": true, ""use_skew_mutation"": true, ""user_count"": null}",823.31934487543,0.0020430980558276686,0.646422381815219,12794.450042974478,4,1171,
overall:dnn_40:8cef11f07d:localfirst:repeat_0:seed_20260719,overall,dnn_40,localfirst,0,20260719,"{""alpha_a"": 0.5, ""alpha_l"": 0.7, ""alpha_r"": 0.8, ""beta_a"": 0.3, ""beta_l"": 0.4, ""beta_r"": 0.5, ""cloud_count"": 1, ""crossover_probability"": 0.5, ""dnn_count"": 40, ""edge_count"": 10, ""edge_link_factor"": 2.0, ""iteration_limit"": 200, ""lambda_g"": 0.7, ""lambda_h"": 0.7, ""mutation_probability"": 0.25, ""name"": ""dnn_40"", ""population_size"": 60, ""preference"": ""adaptive"", ""suite"": ""overall"", ""use_dag_aware_initialization"": true, ""use_dag_block_crossover"": true, ""use_elite_local_search"": true, ""use_skew_mutation"": true, ""user_count"": null}",871.9685093315342,0.10922973262573772,0.584953416613419,8952.836110407306,1,119087,
overall:dnn_40:8cef11f07d:maxresource_fast:repeat_0:seed_20260719,overall,dnn_40,maxresource_fast,0,20260719,"{""alpha_a"": 0.5, ""alpha_l"": 0.7, ""alpha_r"": 0.8, ""beta_a"": 0.3, ""beta_l"": 0.4, ""beta_r"": 0.5, ""cloud_count"": 1, ""crossover_probability"": 0.5, ""dnn_count"": 40, ""edge_count"": 10, ""edge_link_factor"": 2.0, ""iteration_limit"": 200, ""lambda_g"": 0.7, ""lambda_h"": 0.7, ""mutation_probability"": 0.25, ""name"": ""dnn_40"", ""population_size"": 60, ""preference"": ""adaptive"", ""suite"": ""overall"", ""use_dag_aware_initialization"": true, ""use_dag_block_crossover"": true, ""use_elite_local_search"": true, ""use_skew_mutation"": true, ""user_count"": null}",572.8742371335021,0.05059479509041628,0.6280163104647563,8235.056278621814,0,151,
overall:dnn_40:8cef11f07d:proposed:repeat_1:seed_20260720,overall,dnn_40,proposed,1,20260720,"{""alpha_a"": 0.5, ""alpha_l"": 0.7, ""alpha_r"": 0.8, ""beta_a"": 0.3, ""beta_l"": 0.4, ""beta_r"": 0.5, ""cloud_count"": 1, ""crossover_probability"": 0.5, ""dnn_count"": 40, ""edge_count"": 10, ""edge_link_factor"": 2.0, ""iteration_limit"": 200, ""lambda_g"": 0.7, ""lambda_h"": 0.7, ""mutation_probability"": 0.25, ""name"": ""dnn_40"", ""population_size"": 60, ""preference"": ""adaptive"", ""suite"": ""overall"", ""use_dag_aware_initialization"": true, ""use_dag_block_crossover"": true, ""use_elite_local_search"": true, ""use_skew_mutation"": true, ""user_count"": null}",622.6182177430109,0.10191483948207869,0.7703191783746778,7095.443836312091,0,143748,
overall:dnn_40:8cef11f07d:customized:repeat_1:seed_20260720,overall,dnn_40,customized,1,20260720,"{""alpha_a"": 0.5, ""alpha_l"": 0.7, ""alpha_r"": 0.8, ""beta_a"": 0.3, ""beta_l"": 0.4, ""beta_r"": 0.5, ""cloud_count"": 1, ""crossover_probability"": 0.5, ""dnn_count"": 40, ""edge_count"": 10, ""edge_link_factor"": 2.0, ""iteration_limit"": 200, ""lambda_g"": 0.7, ""lambda_h"": 0.7, ""mutation_probability"": 0.25, ""name"": ""dnn_40"", ""population_size"": 60, ""preference"": ""adaptive"", ""suite"": ""overall"", ""use_dag_aware_initialization"": true, ""use_dag_block_crossover"": true, ""use_elite_local_search"": true, ""use_skew_mutation"": true, ""user_count"": null}",538.7414219406558,0.17179164112434153,0.7282411327529109,5979.279187625962,0,132995,
overall:dnn_40:8cef11f07d:random:repeat_1:seed_20260720,overall,dnn_40,random,1,20260720,"{""alpha_a"": 0.5, ""alpha_l"": 0.7, ""alpha_r"": 0.8, ""beta_a"": 0.3, ""beta_l"": 0.4, ""beta_r"": 0.5, ""cloud_count"": 1, ""crossover_probability"": 0.5, ""dnn_count"": 40, ""edge_count"": 10, ""edge_link_factor"": 2.0, ""iteration_limit"": 200, ""lambda_g"": 0.7, ""lambda_h"": 0.7, ""mutation_probability"": 0.25, ""name"": ""dnn_40"", ""population_size"": 60, ""preference"": ""adaptive"", ""suite"": ""overall"", ""use_dag_aware_initialization"": true, ""use_dag_block_crossover"": true, ""use_elite_local_search"": true, ""use_skew_mutation"": true, ""user_count"": null}",819.4548592505873,0.008771563594171555,0.640906663447306,13110.037785211742,1,1428,
overall:dnn_40:8cef11f07d:localfirst:repeat_1:seed_20260720,overall,dnn_40,localfirst,1,20260720,"{""alpha_a"": 0.5, ""alpha_l"": 0.7, ""alpha_r"": 0.8, ""beta_a"": 0.3, ""beta_l"": 0.4, ""beta_r"": 0.5, ""cloud_count"": 1, ""crossover_probability"": 0.5, ""dnn_count"": 40, ""edge_count"": 10, ""edge_link_factor"": 2.0, ""iteration_limit"": 200, ""lambda_g"": 0.7, ""lambda_h"": 0.7, ""mutation_probability"": 0.25, ""name"": ""dnn_40"", ""population_size"": 60, ""preference"": ""adaptive"", ""suite"": ""overall"", ""use_dag_aware_initialization"": true, ""use_dag_block_crossover"": true, ""use_elite_local_search"": true, ""use_skew_mutation"": true, ""user_count"": null}",881.4221564012754,0.13270525259163657,0.5820503561744994,8883.796322362043,0,107943,
overall:dnn_40:8cef11f07d:maxresource_fast:repeat_1:seed_20260720,overall,dnn_40,maxresource_fast,1,20260720,"{""alpha_a"": 0.5, ""alpha_l"": 0.7, ""alpha_r"": 0.8, ""beta_a"": 0.3, ""beta_l"": 0.4, ""beta_r"": 0.5, ""cloud_count"": 1, ""crossover_probability"": 0.5, ""dnn_count"": 40, ""edge_count"": 10, ""edge_link_factor"": 2.0, ""iteration_limit"": 200, ""lambda_g"": 0.7, ""lambda_h"": 0.7, ""mutation_probability"": 0.25, ""name"": ""dnn_40"", ""population_size"": 60, ""preference"": ""adaptive"", ""suite"": ""overall"", ""use_dag_aware_initialization"": true, ""use_dag_block_crossover"": true, ""use_elite_local_search"": true, ""use_skew_mutation"": true, ""user_count"": null}",540.7643373682623,0.07403955175513949,0.6452835554620017,8099.963804813256,1,3169,
overall:dnn_40:8cef11f07d:proposed:repeat_2:seed_20260721,overall,dnn_40,proposed,2,20260721,"{""alpha_a"": 0.5, ""alpha_l"": 0.7, ""alpha_r"": 0.8, ""beta_a"": 0.3, ""beta_l"": 0.4, ""beta_r"": 0.5, ""cloud_count"": 1, ""crossover_probability"": 0.5, ""dnn_count"": 40, ""edge_count"": 10, ""edge_link_factor"": 2.0, ""iteration_limit"": 200, ""lambda_g"": 0.7, ""lambda_h"": 0.7, ""mutation_probability"": 0.25, ""name"": ""dnn_40"", ""population_size"": 60, ""preference"": ""adaptive"", ""suite"": ""overall"", ""use_dag_aware_initialization"": true, ""use_dag_block_crossover"": true, ""use_elite_local_search"": true, ""use_skew_mutation"": true, ""user_count"": null}",534.4710148894894,0.11259911507114628,0.7638012199177358,6399.697101891227,0,146392,
overall:dnn_40:8cef11f07d:customized:repeat_2:seed_20260721,overall,dnn_40,customized,2,20260721,"{""alpha_a"": 0.5, ""alpha_l"": 0.7, ""alpha_r"": 0.8, ""beta_a"": 0.3, ""beta_l"": 0.4, ""beta_r"": 0.5, ""cloud_count"": 1, ""crossover_probability"": 0.5, ""dnn_count"": 40, ""edge_count"": 10, ""edge_link_factor"": 2.0, ""iteration_limit"": 200, ""lambda_g"": 0.7, ""lambda_h"": 0.7, ""mutation_probability"": 0.25, ""name"": ""dnn_40"", ""population_size"": 60, ""preference"": ""adaptive"", ""suite"": ""overall"", ""use_dag_aware_initialization"": true, ""use_dag_block_crossover"": true, ""use_elite_local_search"": true, ""use_skew_mutation"": true, ""user_count"": null}",457.7829226162304,0.1456581207365944,0.7271511424648014,5834.997749042584,0,129197,
overall:dnn_40:8cef11f07d:random:repeat_2:seed_20260721,overall,dnn_40,random,2,20260721,"{""alpha_a"": 0.5, ""alpha_l"": 0.7, ""alpha_r"": 0.8, ""beta_a"": 0.3, ""beta_l"": 0.4, ""beta_r"": 0.5, ""cloud_count"": 1, ""crossover_probability"": 0.5, ""dnn_count"": 40, ""edge_count"": 10, ""edge_link_factor"": 2.0, ""iteration_limit"": 200, ""lambda_g"": 0.7, ""lambda_h"": 0.7, ""mutation_probability"": 0.25, ""name"": ""dnn_40"", ""population_size"": 60, ""preference"": ""adaptive"", ""suite"": ""overall"", ""use_dag_aware_initialization"": true, ""use_dag_block_crossover"": true, ""use_elite_local_search"": true, ""use_skew_mutation"": true, ""user_count"": null}",720.955697759003,0.002081103242799443,0.6947102216291023,11702.273409731897,6,1018,
overall:dnn_40:8cef11f07d:localfirst:repeat_2:seed_20260721,overall,dnn_40,localfirst,2,20260721,"{""alpha_a"": 0.5, ""alpha_l"": 0.7, ""alpha_r"": 0.8, ""beta_a"": 0.3, ""beta_l"": 0.4, ""beta_r"": 0.5, ""cloud_count"": 1, ""crossover_probability"": 0.5, ""dnn_count"": 40, ""edge_count"": 10, ""edge_link_factor"": 2.0, ""iteration_limit"": 200, ""lambda_g"": 0.7, ""lambda_h"": 0.7, ""mutation_probability"": 0.25, ""name"": ""dnn_40"", ""population_size"": 60, ""preference"": ""adaptive"", ""suite"": ""overall"", ""use_dag_aware_initialization"": true, ""use_dag_block_crossover"": true, ""use_elite_local_search"": true, ""use_skew_mutation"": true, ""user_count"": null}",711.1532583429914,0.13802800227185624,0.5934036150679863,7199.6908196975855,0,80191,
overall:dnn_40:8cef11f07d:maxresource_fast:repeat_2:seed_20260721,overall,dnn_40,maxresource_fast,2,20260721,"{""alpha_a"": 0.5, ""alpha_l"": 0.7, ""alpha_r"": 0.8, ""beta_a"": 0.3, ""beta_l"": 0.4, ""beta_r"": 0.5, ""cloud_count"": 1, ""crossover_probability"": 0.5, ""dnn_count"": 40, ""edge_count"": 10, ""edge_link_factor"": 2.0, ""iteration_limit"": 200, ""lambda_g"": 0.7, ""lambda_h"": 0.7, ""mutation_probability"": 0.25, ""name"": ""dnn_40"", ""population_size"": 60, ""preference"": ""adaptive"", ""suite"": ""overall"", ""use_dag_aware_initialization"": true, ""use_dag_block_crossover"": true, ""use_elite_local_search"": true, ""use_skew_mutation"": true, ""user_count"": null}",474.3044059949677,0.08148704905009292,0.6595563658974657,6633.941465865457,0,141,
overall:dnn_40:8cef11f07d:proposed:repeat_3:seed_20260722,overall,dnn_40,proposed,3,20260722,"{""alpha_a"": 0.5, ""alpha_l"": 0.7, ""alpha_r"": 0.8, ""beta_a"": 0.3, ""beta_l"": 0.4, ""beta_r"": 0.5, ""cloud_count"": 1, ""crossover_probability"": 0.5, ""dnn_count"": 40, ""edge_count"": 10, ""edge_link_factor"": 2.0, ""iteration_limit"": 200, ""lambda_g"": 0.7, ""lambda_h"": 0.7, ""mutation_probability"": 0.25, ""name"": ""dnn_40"", ""population_size"": 60, ""preference"": ""adaptive"", ""suite"": ""overall"", ""use_dag_aware_initialization"": true, ""use_dag_block_crossover"": true, ""use_elite_local_search"": true, ""use_skew_mutation"": true, ""user_count"": null}",702.3127876312653,0.13869457905961705,0.8034739632542041,6893.115562737608,0,147476,
overall:dnn_40:8cef11f07d:customized:repeat_3:seed_20260722,overall,dnn_40,customized,3,20260722,"{""alpha_a"": 0.5, ""alpha_l"": 0.7, ""alpha_r"": 0.8, ""beta_a"": 0.3, ""beta_l"": 0.4, ""beta_r"": 0.5, ""cloud_count"": 1, ""crossover_probability"": 0.5, ""dnn_count"": 40, ""edge_count"": 10, ""edge_link_factor"": 2.0, ""iteration_limit"": 200, ""lambda_g"": 0.7, ""lambda_h"": 0.7, ""mutation_probability"": 0.25, ""name"": ""dnn_40"", ""population_size"": 60, ""preference"": ""adaptive"", ""suite"": ""overall"", ""use_dag_aware_initialization"": true, ""use_dag_block_crossover"": true, ""use_elite_local_search"": true, ""use_skew_mutation"": true, ""user_count"": null}",531.6637043982636,0.16276496298608314,0.7403120389139247,6098.261152481295,1,134051,
overall:dnn_40:8cef11f07d:random:repeat_3:seed_20260722,overall,dnn_40,random,3,20260722,"{""alpha_a"": 0.5, ""alpha_l"": 0.7, ""alpha_r"": 0.8, ""beta_a"": 0.3, ""beta_l"": 0.4, ""beta_r"": 0.5, ""cloud_count"": 1, ""crossover_probability"": 0.5, ""dnn_count"": 40, ""edge_count"": 10, ""edge_link_factor"": 2.0, ""iteration_limit"": 200, ""lambda_g"": 0.7, ""lambda_h"": 0.7, ""mutation_probability"": 0.25, ""name"": ""dnn_40"", ""population_size"": 60, ""preference"": ""adaptive"", ""suite"": ""overall"", ""use_dag_aware_initialization"": true, ""use_dag_block_crossover"": true, ""use_elite_local_search"": true, ""use_skew_mutation"": true, ""user_count"": null}",880.1419640795509,0.0048474169313267555,0.669693833276338,12866.689023182715,5,1352,
overall:dnn_40:8cef11f07d:localfirst:repeat_3:seed_20260722,overall,dnn_40,localfirst,3,20260722,"{""alpha_a"": 0.5, ""alpha_l"": 0.7, ""alpha_r"": 0.8, ""beta_a"": 0.3, ""beta_l"": 0.4, ""beta_r"": 0.5, ""cloud_count"": 1, ""crossover_probability"": 0.5, ""dnn_count"": 40, ""edge_count"": 10, ""edge_link_factor"": 2.0, ""iteration_limit"": 200, ""lambda_g"": 0.7, ""lambda_h"": 0.7, ""mutation_probability"": 0.25, ""name"": ""dnn_40"", ""population_size"": 60, ""preference"": ""adaptive"", ""suite"": ""overall"", ""use_dag_aware_initialization"": true, ""use_dag_block_crossover"": true, ""use_elite_local_search"": true, ""use_skew_mutation"": true, ""user_count"": null}",774.4833449604276,0.12340140668288703,0.5697613839098876,8111.366225638975,2,120185,
overall:dnn_40:8cef11f07d:maxresource_fast:repeat_3:seed_20260722,overall,dnn_40,maxresource_fast,3,20260722,"{""alpha_a"": 0.5, ""alpha_l"": 0.7, ""alpha_r"": 0.8, ""beta_a"": 0.3, ""beta_l"": 0.4, ""beta_r"": 0.5, ""cloud_count"": 1, ""crossover_probability"": 0.5, ""dnn_count"": 40, ""edge_count"": 10, ""edge_link_factor"": 2.0, ""iteration_limit"": 200, ""lambda_g"": 0.7, ""lambda_h"": 0.7, ""mutation_probability"": 0.25, ""name"": ""dnn_40"", ""population_size"": 60, ""preference"": ""adaptive"", ""suite"": ""overall"", ""use_dag_aware_initialization"": true, ""use_dag_block_crossover"": true, ""use_elite_local_search"": true, ""use_skew_mutation"": true, ""user_count"": null}",551.9248659100423,0.03484907556901196,0.6331754894244267,7930.998716236818,1,3170,
overall:dnn_40:8cef11f07d:proposed:repeat_4:seed_20260723,overall,dnn_40,proposed,4,20260723,"{""alpha_a"": 0.5, ""alpha_l"": 0.7, ""alpha_r"": 0.8, ""beta_a"": 0.3, ""beta_l"": 0.4, ""beta_r"": 0.5, ""cloud_count"": 1, ""crossover_probability"": 0.5, ""dnn_count"": 40, ""edge_count"": 10, ""edge_link_factor"": 2.0, ""iteration_limit"": 200, ""lambda_g"": 0.7, ""lambda_h"": 0.7, ""mutation_probability"": 0.25, ""name"": ""dnn_40"", ""population_size"": 60, ""preference"": ""adaptive"", ""suite"": ""overall"", ""use_dag_aware_initialization"": true, ""use_dag_block_crossover"": true, ""use_elite_local_search"": true, ""use_skew_mutation"": true, ""user_count"": null}",740.203180115114,0.16166771657120477,0.8190921865672284,6656.164602188391,0,179947,
overall:dnn_40:8cef11f07d:customized:repeat_4:seed_20260723,overall,dnn_40,customized,4,20260723,"{""alpha_a"": 0.5, ""alpha_l"": 0.7, ""alpha_r"": 0.8, ""beta_a"": 0.3, ""beta_l"": 0.4, ""beta_r"": 0.5, ""cloud_count"": 1, ""crossover_probability"": 0.5, ""dnn_count"": 40, ""edge_count"": 10, ""edge_link_factor"": 2.0, ""iteration_limit"": 200, ""lambda_g"": 0.7, ""lambda_h"": 0.7, ""mutation_probability"": 0.25, ""name"": ""dnn_40"", ""population_size"": 60, ""preference"": ""adaptive"", ""suite"": ""overall"", ""use_dag_aware_initialization"": true, ""use_dag_block_crossover"": true, ""use_elite_local_search"": true, ""use_skew_mutation"": true, ""user_count"": null}",551.7007168660771,0.15823901384876626,0.7820855870146474,6395.128765483759,1,131039,
overall:dnn_40:8cef11f07d:random:repeat_4:seed_20260723,overall,dnn_40,random,4,20260723,"{""alpha_a"": 0.5, ""alpha_l"": 0.7, ""alpha_r"": 0.8, ""beta_a"": 0.3, ""beta_l"": 0.4, ""beta_r"": 0.5, ""cloud_count"": 1, ""crossover_probability"": 0.5, ""dnn_count"": 40, ""edge_count"": 10, ""edge_link_factor"": 2.0, ""iteration_limit"": 200, ""lambda_g"": 0.7, ""lambda_h"": 0.7, ""mutation_probability"": 0.25, ""name"": ""dnn_40"", ""population_size"": 60, ""preference"": ""adaptive"", ""suite"": ""overall"", ""use_dag_aware_initialization"": true, ""use_dag_block_crossover"": true, ""use_elite_local_search"": true, ""use_skew_mutation"": true, ""user_count"": null}",881.8479865405444,0.006328322100978541,0.6728988970322123,12498.062832598473,5,1210,
overall:dnn_40:8cef11f07d:localfirst:repeat_4:seed_20260723,overall,dnn_40,localfirst,4,20260723,"{""alpha_a"": 0.5, ""alpha_l"": 0.7, ""alpha_r"": 0.8, ""beta_a"": 0.3, ""beta_l"": 0.4, ""beta_r"": 0.5, ""cloud_count"": 1, ""crossover_probability"": 0.5, ""dnn_count"": 40, ""edge_count"": 10, ""edge_link_factor"": 2.0, ""iteration_limit"": 200, ""lambda_g"": 0.7, ""lambda_h"": 0.7, ""mutation_probability"": 0.25, ""name"": ""dnn_40"", ""population_size"": 60, ""preference"": ""adaptive"", ""suite"": ""overall"", ""use_dag_aware_initialization"": true, ""use_dag_block_crossover"": true, ""use_elite_local_search"": true, ""use_skew_mutation"": true, ""user_count"": null}",823.4696164672876,0.13075090010979848,0.5866425922739428,7886.411794817827,0,52550,
overall:dnn_40:8cef11f07d:maxresource_fast:repeat_4:seed_20260723,overall,dnn_40,maxresource_fast,4,20260723,"{""alpha_a"": 0.5, ""alpha_l"": 0.7, ""alpha_r"": 0.8, ""beta_a"": 0.3, ""beta_l"": 0.4, ""beta_r"": 0.5, ""cloud_count"": 1, ""crossover_probability"": 0.5, ""dnn_count"": 40, ""edge_count"": 10, ""edge_link_factor"": 2.0, ""iteration_limit"": 200, ""lambda_g"": 0.7, ""lambda_h"": 0.7, ""mutation_probability"": 0.25, ""name"": ""dnn_40"", ""population_size"": 60, ""preference"": ""adaptive"", ""suite"": ""overall"", ""use_dag_aware_initialization"": true, ""use_dag_block_crossover"": true, ""use_elite_local_search"": true, ""use_skew_mutation"": true, ""user_count"": null}",619.2437272922376,0.04670586350951954,0.6419099969476892,9007.37359839032,2,6159,
overall:dnn_40:8cef11f07d:proposed:repeat_5:seed_20260724,overall,dnn_40,proposed,5,20260724,"{""alpha_a"": 0.5, ""alpha_l"": 0.7, ""alpha_r"": 0.8, ""beta_a"": 0.3, ""beta_l"": 0.4, ""beta_r"": 0.5, ""cloud_count"": 1, ""crossover_probability"": 0.5, ""dnn_count"": 40, ""edge_count"": 10, ""edge_link_factor"": 2.0, ""iteration_limit"": 200, ""lambda_g"": 0.7, ""lambda_h"": 0.7, ""mutation_probability"": 0.25, ""name"": ""dnn_40"", ""population_size"": 60, ""preference"": ""adaptive"", ""suite"": ""overall"", ""use_dag_aware_initialization"": true, ""use_dag_block_crossover"": true, ""use_elite_local_search"": true, ""use_skew_mutation"": true, ""user_count"": null}",627.3455103875468,0.13524528486068935,0.7525748220834501,6402.918318110056,0,163010,
overall:dnn_40:8cef11f07d:customized:repeat_5:seed_20260724,overall,dnn_40,customized,5,20260724,"{""alpha_a"": 0.5, ""alpha_l"": 0.7, ""alpha_r"": 0.8, ""beta_a"": 0.3, ""beta_l"": 0.4, ""beta_r"": 0.5, ""cloud_count"": 1, ""crossover_probability"": 0.5, ""dnn_count"": 40, ""edge_count"": 10, ""edge_link_factor"": 2.0, ""iteration_limit"": 200, ""lambda_g"": 0.7, ""lambda_h"": 0.7, ""mutation_probability"": 0.25, ""name"": ""dnn_40"", ""population_size"": 60, ""preference"": ""adaptive"", ""suite"": ""overall"", ""use_dag_aware_initialization"": true, ""use_dag_block_crossover"": true, ""use_elite_local_search"": true, ""use_skew_mutation"": true, ""user_count"": null}",564.068716306782,0.134294529524592,0.7388534223262018,6329.098436202382,1,132463,
overall:dnn_40:8cef11f07d:random:repeat_5:seed_20260724,overall,dnn_40,random,5,20260724,"{""alpha_a"": 0.5, ""alpha_l"": 0.7, ""alpha_r"": 0.8, ""beta_a"": 0.3, ""beta_l"": 0.4, ""beta_r"": 0.5, ""cloud_count"": 1, ""crossover_probability"": 0.5, ""dnn_count"": 40, ""edge_count"": 10, ""edge_link_factor"": 2.0, ""iteration_limit"": 200, ""lambda_g"": 0.7, ""lambda_h"": 0.7, ""mutation_probability"": 0.25, ""name"": ""dnn_40"", ""population_size"": 60, ""preference"": ""adaptive"", ""suite"": ""overall"", ""use_dag_aware_initialization"": true, ""use_dag_block_crossover"": true, ""use_elite_local_search"": true, ""use_skew_mutation"": true, ""user_count"": null}",771.3246610142296,0.005743338974055833,0.6638022824540162,11595.456475544475,5,1115,
overall:dnn_40:8cef11f07d:localfirst:repeat_5:seed_20260724,overall,dnn_40,localfirst,5,20260724,"{""alpha_a"": 0.5, ""alpha_l"": 0.7, ""alpha_r"": 0.8, ""beta_a"": 0.3, ""beta_l"": 0.4, ""beta_r"": 0.5, ""cloud_count"": 1, ""crossover_probability"": 0.5, ""dnn_count"": 40, ""edge_count"": 10, ""edge_link_factor"": 2.0, ""iteration_limit"": 200, ""lambda_g"": 0.7, ""lambda_h"": 0.7, ""mutation_probability"": 0.25, ""name"": ""dnn_40"", ""population_size"": 60, ""preference"": ""adaptive"", ""suite"": ""overall"", ""use_dag_aware_initialization"": true, ""use_dag_block_crossover"": true, ""use_elite_local_search"": true, ""use_skew_mutation"": true, ""user_count"": null}",737.6898769783718,0.13517070578650464,0.5806559154281522,7288.75052301385,0,140290,
overall:dnn_40:8cef11f07d:maxresource_fast:repeat_5:seed_20260724,overall,dnn_40,maxresource_fast,5,20260724,"{""alpha_a"": 0.5, ""alpha_l"": 0.7, ""alpha_r"": 0.8, ""beta_a"": 0.3, ""beta_l"": 0.4, ""beta_r"": 0.5, ""cloud_count"": 1, ""crossover_probability"": 0.5, ""dnn_count"": 40, ""edge_count"": 10, ""edge_link_factor"": 2.0, ""iteration_limit"": 200, ""lambda_g"": 0.7, ""lambda_h"": 0.7, ""mutation_probability"": 0.25, ""name"": ""dnn_40"", ""population_size"": 60, ""preference"": ""adaptive"", ""suite"": ""overall"", ""use_dag_aware_initialization"": true, ""use_dag_block_crossover"": true, ""use_elite_local_search"": true, ""use_skew_mutation"": true, ""user_count"": null}",635.4091798968864,0.03186904287608884,0.6353516265703963,8643.779524410334,3,9141,
overall:dnn_40:8cef11f07d:proposed:repeat_6:seed_20260725,overall,dnn_40,proposed,6,20260725,"{""alpha_a"": 0.5, ""alpha_l"": 0.7, ""alpha_r"": 0.8, ""beta_a"": 0.3, ""beta_l"": 0.4, ""beta_r"": 0.5, ""cloud_count"": 1, ""crossover_probability"": 0.5, ""dnn_count"": 40, ""edge_count"": 10, ""edge_link_factor"": 2.0, ""iteration_limit"": 200, ""lambda_g"": 0.7, ""lambda_h"": 0.7, ""mutation_probability"": 0.25, ""name"": ""dnn_40"", ""population_size"": 60, ""preference"": ""adaptive"", ""suite"": ""overall"", ""use_dag_aware_initialization"": true, ""use_dag_block_crossover"": true, ""use_elite_local_search"": true, ""use_skew_mutation"": true, ""user_count"": null}",675.0127671136917,0.13125769308994678,0.8002872880959169,7090.87915348981,0,164833,
overall:dnn_40:8cef11f07d:customized:repeat_6:seed_20260725,overall,dnn_40,customized,6,20260725,"{""alpha_a"": 0.5, ""alpha_l"": 0.7, ""alpha_r"": 0.8, ""beta_a"": 0.3, ""beta_l"": 0.4, ""beta_r"": 0.5, ""cloud_count"": 1, ""crossover_probability"": 0.5, ""dnn_count"": 40, ""edge_count"": 10, ""edge_link_factor"": 2.0, ""iteration_limit"": 200, ""lambda_g"": 0.7, ""lambda_h"": 0.7, ""mutation_probability"": 0.25, ""name"": ""dnn_40"", ""population_size"": 60, ""preference"": ""adaptive"", ""suite"": ""overall"", ""use_dag_aware_initialization"": true, ""use_dag_block_crossover"": true, ""use_elite_local_search"": true, ""use_skew_mutation"": true, ""user_count"": null}",552.0235037490033,0.16433633671222325,0.7674987371921091,6452.430470581385,1,137009,
overall:dnn_40:8cef11f07d:random:repeat_6:seed_20260725,overall,dnn_40,random,6,20260725,"{""alpha_a"": 0.5, ""alpha_l"": 0.7, ""alpha_r"": 0.8, ""beta_a"": 0.3, ""beta_l"": 0.4, ""beta_r"": 0.5, ""cloud_count"": 1, ""crossover_probability"": 0.5, ""dnn_count"": 40, ""edge_count"": 10, ""edge_link_factor"": 2.0, ""iteration_limit"": 200, ""lambda_g"": 0.7, ""lambda_h"": 0.7, ""mutation_probability"": 0.25, ""name"": ""dnn_40"", ""population_size"": 60, ""preference"": ""adaptive"", ""suite"": ""overall"", ""use_dag_aware_initialization"": true, ""use_dag_block_crossover"": true, ""use_elite_local_search"": true, ""use_skew_mutation"": true, ""user_count"": null}",831.4422654942389,0.0015659804781126743,0.6743764905200741,13045.476958798343,3,1364,
overall:dnn_40:8cef11f07d:localfirst:repeat_6:seed_20260725,overall,dnn_40,localfirst,6,20260725,"{""alpha_a"": 0.5, ""alpha_l"": 0.7, ""alpha_r"": 0.8, ""beta_a"": 0.3, ""beta_l"": 0.4, ""beta_r"": 0.5, ""cloud_count"": 1, ""crossover_probability"": 0.5, ""dnn_count"": 40, ""edge_count"": 10, ""edge_link_factor"": 2.0, ""iteration_limit"": 200, ""lambda_g"": 0.7, ""lambda_h"": 0.7, ""mutation_probability"": 0.25, ""name"": ""dnn_40"", ""population_size"": 60, ""preference"": ""adaptive"", ""suite"": ""overall"", ""use_dag_aware_initialization"": true, ""use_dag_block_crossover"": true, ""use_elite_local_search"": true, ""use_skew_mutation"": true, ""user_count"": null}",898.4939930976543,0.14756412742859717,0.5652189437867241,8524.424408042887,0,64915,
overall:dnn_40:8cef11f07d:maxresource_fast:repeat_6:seed_20260725,overall,dnn_40,maxresource_fast,6,20260725,"{""alpha_a"": 0.5, ""alpha_l"": 0.7, ""alpha_r"": 0.8, ""beta_a"": 0.3, ""beta_l"": 0.4, ""beta_r"": 0.5, ""cloud_count"": 1, ""crossover_probability"": 0.5, ""dnn_count"": 40, ""edge_count"": 10, ""edge_link_factor"": 2.0, ""iteration_limit"": 200, ""lambda_g"": 0.7, ""lambda_h"": 0.7, ""mutation_probability"": 0.25, ""name"": ""dnn_40"", ""population_size"": 60, ""preference"": ""adaptive"", ""suite"": ""overall"", ""use_dag_aware_initialization"": true, ""use_dag_block_crossover"": true, ""use_elite_local_search"": true, ""use_skew_mutation"": true, ""user_count"": null}",560.557652708135,0.039437539283081566,0.6395219935362814,8495.822345204862,0,178,
overall:dnn_40:8cef11f07d:proposed:repeat_7:seed_20260726,overall,dnn_40,proposed,7,20260726,"{""alpha_a"": 0.5, ""alpha_l"": 0.7, ""alpha_r"": 0.8, ""beta_a"": 0.3, ""beta_l"": 0.4, ""beta_r"": 0.5, ""cloud_count"": 1, ""crossover_probability"": 0.5, ""dnn_count"": 40, ""edge_count"": 10, ""edge_link_factor"": 2.0, ""iteration_limit"": 200, ""lambda_g"": 0.7, ""lambda_h"": 0.7, ""mutation_probability"": 0.25, ""name"": ""dnn_40"", ""population_size"": 60, ""preference"": ""adaptive"", ""suite"": ""overall"", ""use_dag_aware_initialization"": true, ""use_dag_block_crossover"": true, ""use_elite_local_search"": true, ""use_skew_mutation"": true, ""user_count"": null}",531.6454462272345,0.10711731099663716,0.7512835909267324,6943.384729285114,1,185531,
overall:dnn_40:8cef11f07d:customized:repeat_7:seed_20260726,overall,dnn_40,customized,7,20260726,"{""alpha_a"": 0.5, ""alpha_l"": 0.7, ""alpha_r"": 0.8, ""beta_a"": 0.3, ""beta_l"": 0.4, ""beta_r"": 0.5, ""cloud_count"": 1, ""crossover_probability"": 0.5, ""dnn_count"": 40, ""edge_count"": 10, ""edge_link_factor"": 2.0, ""iteration_limit"": 200, ""lambda_g"": 0.7, ""lambda_h"": 0.7, ""mutation_probability"": 0.25, ""name"": ""dnn_40"", ""population_size"": 60, ""preference"": ""adaptive"", ""suite"": ""overall"", ""use_dag_aware_initialization"": true, ""use_dag_block_crossover"": true, ""use_elite_local_search"": true, ""use_skew_mutation"": true, ""user_count"": null}",485.5523398168167,0.17561865529829696,0.6951011179002832,6217.007630249592,1,131890,
overall:dnn_40:8cef11f07d:random:repeat_7:seed_20260726,overall,dnn_40,random,7,20260726,"{""alpha_a"": 0.5, ""alpha_l"": 0.7, ""alpha_r"": 0.8, ""beta_a"": 0.3, ""beta_l"": 0.4, ""beta_r"": 0.5, ""cloud_count"": 1, ""crossover_probability"": 0.5, ""dnn_count"": 40, ""edge_count"": 10, ""edge_link_factor"": 2.0, ""iteration_limit"": 200, ""lambda_g"": 0.7, ""lambda_h"": 0.7, ""mutation_probability"": 0.25, ""name"": ""dnn_40"", ""population_size"": 60, ""preference"": ""adaptive"", ""suite"": ""overall"", ""use_dag_aware_initialization"": true, ""use_dag_block_crossover"": true, ""use_elite_local_search"": true, ""use_skew_mutation"": true, ""user_count"": null}",719.7166529224037,0.0015801673777580706,0.6650262475265559,12420.539044065416,6,1069,
overall:dnn_40:8cef11f07d:localfirst:repeat_7:seed_20260726,overall,dnn_40,localfirst,7,20260726,"{""alpha_a"": 0.5, ""alpha_l"": 0.7, ""alpha_r"": 0.8, ""beta_a"": 0.3, ""beta_l"": 0.4, ""beta_r"": 0.5, ""cloud_count"": 1, ""crossover_probability"": 0.5, ""dnn_count"": 40, ""edge_count"": 10, ""edge_link_factor"": 2.0, ""iteration_limit"": 200, ""lambda_g"": 0.7, ""lambda_h"": 0.7, ""mutation_probability"": 0.25, ""name"": ""dnn_40"", ""population_size"": 60, ""preference"": ""adaptive"", ""suite"": ""overall"", ""use_dag_aware_initialization"": true, ""use_dag_block_crossover"": true, ""use_elite_local_search"": true, ""use_skew_mutation"": true, ""user_count"": null}",813.1041097446223,0.1734812735810911,0.5850049343788815,7982.386904820311,1,141996,
overall:dnn_40:8cef11f07d:maxresource_fast:repeat_7:seed_20260726,overall,dnn_40,maxresource_fast,7,20260726,"{""alpha_a"": 0.5, ""alpha_l"": 0.7, ""alpha_r"": 0.8, ""beta_a"": 0.3, ""beta_l"": 0.4, ""beta_r"": 0.5, ""cloud_count"": 1, ""crossover_probability"": 0.5, ""dnn_count"": 40, ""edge_count"": 10, ""edge_link_factor"": 2.0, ""iteration_limit"": 200, ""lambda_g"": 0.7, ""lambda_h"": 0.7, ""mutation_probability"": 0.25, ""name"": ""dnn_40"", ""population_size"": 60, ""preference"": ""adaptive"", ""suite"": ""overall"", ""use_dag_aware_initialization"": true, ""use_dag_block_crossover"": true, ""use_elite_local_search"": true, ""use_skew_mutation"": true, ""user_count"": null}",509.1233481203746,0.08660789901074391,0.6633519936529847,7649.501653397548,2,6148,
overall:dnn_40:8cef11f07d:proposed:repeat_8:seed_20260727,overall,dnn_40,proposed,8,20260727,"{""alpha_a"": 0.5, ""alpha_l"": 0.7, ""alpha_r"": 0.8, ""beta_a"": 0.3, ""beta_l"": 0.4, ""beta_r"": 0.5, ""cloud_count"": 1, ""crossover_probability"": 0.5, ""dnn_count"": 40, ""edge_count"": 10, ""edge_link_factor"": 2.0, ""iteration_limit"": 200, ""lambda_g"": 0.7, ""lambda_h"": 0.7, ""mutation_probability"": 0.25, ""name"": ""dnn_40"", ""population_size"": 60, ""preference"": ""adaptive"", ""suite"": ""overall"", ""use_dag_aware_initialization"": true, ""use_dag_block_crossover"": true, ""use_elite_local_search"": true, ""use_skew_mutation"": true, ""user_count"": null}",635.226538268326,0.15196965543982036,0.7805995367409401,6415.550873073656,0,180368,
overall:dnn_40:8cef11f07d:customized:repeat_8:seed_20260727,overall,dnn_40,customized,8,20260727,"{""alpha_a"": 0.5, ""alpha_l"": 0.7, ""alpha_r"": 0.8, ""beta_a"": 0.3, ""beta_l"": 0.4, ""beta_r"": 0.5, ""cloud_count"": 1, ""crossover_probability"": 0.5, ""dnn_count"": 40, ""edge_count"": 10, ""edge_link_factor"": 2.0, ""iteration_limit"": 200, ""lambda_g"": 0.7, ""lambda_h"": 0.7, ""mutation_probability"": 0.25, ""name"": ""dnn_40"", ""population_size"": 60, ""preference"": ""adaptive"", ""suite"": ""overall"", ""use_dag_aware_initialization"": true, ""use_dag_block_crossover"": true, ""use_elite_local_search"": true, ""use_skew_mutation"": true, ""user_count"": null}",530.9096992505708,0.1525001223378302,0.7296350689772322,6342.335218072911,0,132493,
overall:dnn_40:8cef11f07d:random:repeat_8:seed_20260727,overall,dnn_40,random,8,20260727,"{""alpha_a"": 0.5, ""alpha_l"": 0.7, ""alpha_r"": 0.8, ""beta_a"": 0.3, ""beta_l"": 0.4, ""beta_r"": 0.5, ""cloud_count"": 1, ""crossover_probability"": 0.5, ""dnn_count"": 40, ""edge_count"": 10, ""edge_link_factor"": 2.0, ""iteration_limit"": 200, ""lambda_g"": 0.7, ""lambda_h"": 0.7, ""mutation_probability"": 0.25, ""name"": ""dnn_40"", ""population_size"": 60, ""preference"": ""adaptive"", ""suite"": ""overall"", ""use_dag_aware_initialization"": true, ""use_dag_block_crossover"": true, ""use_elite_local_search"": true, ""use_skew_mutation"": true, ""user_count"": null}",795.6882584444278,0.0033403897905909326,0.6564653080261384,12377.505310098286,5,1327,
overall:dnn_40:8cef11f07d:localfirst:repeat_8:seed_20260727,overall,dnn_40,localfirst,8,20260727,"{""alpha_a"": 0.5, ""alpha_l"": 0.7, ""alpha_r"": 0.8, ""beta_a"": 0.3, ""beta_l"": 0.4, ""beta_r"": 0.5, ""cloud_count"": 1, ""crossover_probability"": 0.5, ""dnn_count"": 40, ""edge_count"": 10, ""edge_link_factor"": 2.0, ""iteration_limit"": 200, ""lambda_g"": 0.7, ""lambda_h"": 0.7, ""mutation_probability"": 0.25, ""name"": ""dnn_40"", ""population_size"": 60, ""preference"": ""adaptive"", ""suite"": ""overall"", ""use_dag_aware_initialization"": true, ""use_dag_block_crossover"": true, ""use_elite_local_search"": true, ""use_skew_mutation"": true, ""user_count"": null}",842.4654674338996,0.0957193356147633,0.5707653801845773,8448.039354605153,0,100322,
overall:dnn_40:8cef11f07d:maxresource_fast:repeat_8:seed_20260727,overall,dnn_40,maxresource_fast,8,20260727,"{""alpha_a"": 0.5, ""alpha_l"": 0.7, ""alpha_r"": 0.8, ""beta_a"": 0.3, ""beta_l"": 0.4, ""beta_r"": 0.5, ""cloud_count"": 1, ""crossover_probability"": 0.5, ""dnn_count"": 40, ""edge_count"": 10, ""edge_link_factor"": 2.0, ""iteration_limit"": 200, ""lambda_g"": 0.7, ""lambda_h"": 0.7, ""mutation_probability"": 0.25, ""name"": ""dnn_40"", ""population_size"": 60, ""preference"": ""adaptive"", ""suite"": ""overall"", ""use_dag_aware_initialization"": true, ""use_dag_block_crossover"": true, ""use_elite_local_search"": true, ""use_skew_mutation"": true, ""user_count"": null}",529.7513869161754,0.06866107943769122,0.6298398630042751,7384.556189187867,2,6160,
overall:dnn_40:8cef11f07d:proposed:repeat_9:seed_20260728,overall,dnn_40,proposed,9,20260728,"{""alpha_a"": 0.5, ""alpha_l"": 0.7, ""alpha_r"": 0.8, ""beta_a"": 0.3, ""beta_l"": 0.4, ""beta_r"": 0.5, ""cloud_count"": 1, ""crossover_probability"": 0.5, ""dnn_count"": 40, ""edge_count"": 10, ""edge_link_factor"": 2.0, ""iteration_limit"": 200, ""lambda_g"": 0.7, ""lambda_h"": 0.7, ""mutation_probability"": 0.25, ""name"": ""dnn_40"", ""population_size"": 60, ""preference"": ""adaptive"", ""suite"": ""overall"", ""use_dag_aware_initialization"": true, ""use_dag_block_crossover"": true, ""use_elite_local_search"": true, ""use_skew_mutation"": true, ""user_count"": null}",573.8004554372487,0.11556863617438758,0.7193817112610988,6479.7418008858895,0,157317,
overall:dnn_40:8cef11f07d:customized:repeat_9:seed_20260728,overall,dnn_40,customized,9,20260728,"{""alpha_a"": 0.5, ""alpha_l"": 0.7, ""alpha_r"": 0.8, ""beta_a"": 0.3, ""beta_l"": 0.4, ""beta_r"": 0.5, ""cloud_count"": 1, ""crossover_probability"": 0.5, ""dnn_count"": 40, ""edge_count"": 10, ""edge_link_factor"": 2.0, ""iteration_limit"": 200, ""lambda_g"": 0.7, ""lambda_h"": 0.7, ""mutation_probability"": 0.25, ""name"": ""dnn_40"", ""population_size"": 60, ""preference"": ""adaptive"", ""suite"": ""overall"", ""use_dag_aware_initialization"": true, ""use_dag_block_crossover"": true, ""use_elite_local_search"": true, ""use_skew_mutation"": true, ""user_count"": null}",516.2110369939548,0.14454726438354273,0.7184862905858032,6164.839097749335,0,130000,
overall:dnn_40:8cef11f07d:random:repeat_9:seed_20260728,overall,dnn_40,random,9,20260728,"{""alpha_a"": 0.5, ""alpha_l"": 0.7, ""alpha_r"": 0.8, ""beta_a"": 0.3, ""beta_l"": 0.4, ""beta_r"": 0.5, ""cloud_count"": 1, ""crossover_probability"": 0.5, ""dnn_count"": 40, ""edge_count"": 10, ""edge_link_factor"": 2.0, ""iteration_limit"": 200, ""lambda_g"": 0.7, ""lambda_h"": 0.7, ""mutation_probability"": 0.25, ""name"": ""dnn_40"", ""population_size"": 60, ""preference"": ""adaptive"", ""suite"": ""overall"", ""use_dag_aware_initialization"": true, ""use_dag_block_crossover"": true, ""use_elite_local_search"": true, ""use_skew_mutation"": true, ""user_count"": null}",744.1594815541852,0.006058115070645699,0.6573936250992338,11895.580099445995,3,1033,
overall:dnn_40:8cef11f07d:localfirst:repeat_9:seed_20260728,overall,dnn_40,localfirst,9,20260728,"{""alpha_a"": 0.5, ""alpha_l"": 0.7, ""alpha_r"": 0.8, ""beta_a"": 0.3, ""beta_l"": 0.4, ""beta_r"": 0.5, ""cloud_count"": 1, ""crossover_probability"": 0.5, ""dnn_count"": 40, ""edge_count"": 10, ""edge_link_factor"": 2.0, ""iteration_limit"": 200, ""lambda_g"": 0.7, ""lambda_h"": 0.7, ""mutation_probability"": 0.25, ""name"": ""dnn_40"", ""population_size"": 60, ""preference"": ""adaptive"", ""suite"": ""overall"", ""use_dag_aware_initialization"": true, ""use_dag_block_crossover"": true, ""use_elite_local_search"": true, ""use_skew_mutation"": true, ""user_count"": null}",789.7114540588238,0.14424821433223006,0.5946495151673848,7877.94816658041,0,80097,
overall:dnn_40:8cef11f07d:maxresource_fast:repeat_9:seed_20260728,overall,dnn_40,maxresource_fast,9,20260728,"{""alpha_a"": 0.5, ""alpha_l"": 0.7, ""alpha_r"": 0.8, ""beta_a"": 0.3, ""beta_l"": 0.4, ""beta_r"": 0.5, ""cloud_count"": 1, ""crossover_probability"": 0.5, ""dnn_count"": 40, ""edge_count"": 10, ""edge_link_factor"": 2.0, ""iteration_limit"": 200, ""lambda_g"": 0.7, ""lambda_h"": 0.7, ""mutation_probability"": 0.25, ""name"": ""dnn_40"", ""population_size"": 60, ""preference"": ""adaptive"", ""suite"": ""overall"", ""use_dag_aware_initialization"": true, ""use_dag_block_crossover"": true, ""use_elite_local_search"": true, ""use_skew_mutation"": true, ""user_count"": null}",612.1367040352812,0.04643564075268139,0.637148035781821,8803.863513368835,2,6143,
overall:dnn_5:461c16234b:rtbl:repeat_0:seed_20260719,overall,dnn_5,rtbl,0,20260719,"{""alpha_a"": 0.5, ""alpha_l"": 0.7, ""alpha_r"": 0.8, ""beta_a"": 0.3, ""beta_l"": 0.4, ""beta_r"": 0.5, ""cloud_count"": 1, ""crossover_probability"": 0.5, ""dnn_count"": 5, ""edge_count"": 10, ""edge_link_factor"": 2.0, ""iteration_limit"": 200, ""lambda_g"": 0.7, ""lambda_h"": 0.7, ""mutation_probability"": 0.25, ""name"": ""dnn_5"", ""population_size"": 60, ""preference"": ""adaptive"", ""suite"": ""overall"", ""use_dag_aware_initialization"": true, ""use_dag_block_crossover"": true, ""use_elite_local_search"": true, ""use_skew_mutation"": true, ""user_count"": null}",695.5763029792886,0.19470691221788206,0.723610098962211,6205.701163488965,1,22,post_admission_v1
overall:dnn_5:461c16234b:rtbl:repeat_1:seed_20260720,overall,dnn_5,rtbl,1,20260720,"{""alpha_a"": 0.5, ""alpha_l"": 0.7, ""alpha_r"": 0.8, ""beta_a"": 0.3, ""beta_l"": 0.4, ""beta_r"": 0.5, ""cloud_count"": 1, ""crossover_probability"": 0.5, ""dnn_count"": 5, ""edge_count"": 10, ""edge_link_factor"": 2.0, ""iteration_limit"": 200, ""lambda_g"": 0.7, ""lambda_h"": 0.7, ""mutation_probability"": 0.25, ""name"": ""dnn_5"", ""population_size"": 60, ""preference"": ""adaptive"", ""suite"": ""overall"", ""use_dag_aware_initialization"": true, ""use_dag_block_crossover"": true, ""use_elite_local_search"": true, ""use_skew_mutation"": true, ""user_count"": null}",505.93705471414313,0.24240805725047196,0.7078787412100238,4604.567360016724,0,20,post_admission_v1
overall:dnn_5:461c16234b:rtbl:repeat_2:seed_20260721,overall,dnn_5,rtbl,2,20260721,"{""alpha_a"": 0.5, ""alpha_l"": 0.7, ""alpha_r"": 0.8, ""beta_a"": 0.3, ""beta_l"": 0.4, ""beta_r"": 0.5, ""cloud_count"": 1, ""crossover_probability"": 0.5, ""dnn_count"": 5, ""edge_count"": 10, ""edge_link_factor"": 2.0, ""iteration_limit"": 200, ""lambda_g"": 0.7, ""lambda_h"": 0.7, ""mutation_probability"": 0.25, ""name"": ""dnn_5"", ""population_size"": 60, ""preference"": ""adaptive"", ""suite"": ""overall"", ""use_dag_aware_initialization"": true, ""use_dag_block_crossover"": true, ""use_elite_local_search"": true, ""use_skew_mutation"": true, ""user_count"": null}",638.7774714223193,0.3133709711498906,0.7906547769989896,6302.440176401208,1,21,post_admission_v1
overall:dnn_5:461c16234b:rtbl:repeat_3:seed_20260722,overall,dnn_5,rtbl,3,20260722,"{""alpha_a"": 0.5, ""alpha_l"": 0.7, ""alpha_r"": 0.8, ""beta_a"": 0.3, ""beta_l"": 0.4, ""beta_r"": 0.5, ""cloud_count"": 1, ""crossover_probability"": 0.5, ""dnn_count"": 5, ""edge_count"": 10, ""edge_link_factor"": 2.0, ""iteration_limit"": 200, ""lambda_g"": 0.7, ""lambda_h"": 0.7, ""mutation_probability"": 0.25, ""name"": ""dnn_5"", ""population_size"": 60, ""preference"": ""adaptive"", ""suite"": ""overall"", ""use_dag_aware_initialization"": true, ""use_dag_block_crossover"": true, ""use_elite_local_search"": true, ""use_skew_mutation"": true, ""user_count"": null}",698.2662105112843,0.08521125419019288,0.5822528120766068,8499.058024280443,3,15,post_admission_v1
overall:dnn_5:461c16234b:rtbl:repeat_4:seed_20260723,overall,dnn_5,rtbl,4,20260723,"{""alpha_a"": 0.5, ""alpha_l"": 0.7, ""alpha_r"": 0.8, ""beta_a"": 0.3, ""beta_l"": 0.4, ""beta_r"": 0.5, ""cloud_count"": 1, ""crossover_probability"": 0.5, ""dnn_count"": 5, ""edge_count"": 10, ""edge_link_factor"": 2.0, ""iteration_limit"": 200, ""lambda_g"": 0.7, ""lambda_h"": 0.7, ""mutation_probability"": 0.25, ""name"": ""dnn_5"", ""population_size"": 60, ""preference"": ""adaptive"", ""suite"": ""overall"", ""use_dag_aware_initialization"": true, ""use_dag_block_crossover"": true, ""use_elite_local_search"": true, ""use_skew_mutation"": true, ""user_count"": null}",962.1529843815817,0.2847337444378883,0.8153161873348913,4360.512426911374,1,17,post_admission_v1
overall:dnn_5:461c16234b:rtbl:repeat_5:seed_20260724,overall,dnn_5,rtbl,5,20260724,"{""alpha_a"": 0.5, ""alpha_l"": 0.7, ""alpha_r"": 0.8, ""beta_a"": 0.3, ""beta_l"": 0.4, ""beta_r"": 0.5, ""cloud_count"": 1, ""crossover_probability"": 0.5, ""dnn_count"": 5, ""edge_count"": 10, ""edge_link_factor"": 2.0, ""iteration_limit"": 200, ""lambda_g"": 0.7, ""lambda_h"": 0.7, ""mutation_probability"": 0.25, ""name"": ""dnn_5"", ""population_size"": 60, ""preference"": ""adaptive"", ""suite"": ""overall"", ""use_dag_aware_initialization"": true, ""use_dag_block_crossover"": true, ""use_elite_local_search"": true, ""use_skew_mutation"": true, ""user_count"": null}",475.6530047730334,0.37291806181447534,0.760375934090534,4065.916574222181,2,15,post_admission_v1
overall:dnn_5:461c16234b:rtbl:repeat_6:seed_20260725,overall,dnn_5,rtbl,6,20260725,"{""alpha_a"": 0.5, ""alpha_l"": 0.7, ""alpha_r"": 0.8, ""beta_a"": 0.3, ""beta_l"": 0.4, ""beta_r"": 0.5, ""cloud_count"": 1, ""crossover_probability"": 0.5, ""dnn_count"": 5, ""edge_count"": 10, ""edge_link_factor"": 2.0, ""iteration_limit"": 200, ""lambda_g"": 0.7, ""lambda_h"": 0.7, ""mutation_probability"": 0.25, ""name"": ""dnn_5"", ""population_size"": 60, ""preference"": ""adaptive"", ""suite"": ""overall"", ""use_dag_aware_initialization"": true, ""use_dag_block_crossover"": true, ""use_elite_local_search"": true, ""use_skew_mutation"": true, ""user_count"": null}",700.0344864482327,0.23910984588461182,0.7722109967159299,6150.893795633101,1,25,post_admission_v1
overall:dnn_5:461c16234b:rtbl:repeat_7:seed_20260726,overall,dnn_5,rtbl,7,20260726,"{""alpha_a"": 0.5, ""alpha_l"": 0.7, ""alpha_r"": 0.8, ""beta_a"": 0.3, ""beta_l"": 0.4, ""beta_r"": 0.5, ""cloud_count"": 1, ""crossover_probability"": 0.5, ""dnn_count"": 5, ""edge_count"": 10, ""edge_link_factor"": 2.0, ""iteration_limit"": 200, ""lambda_g"": 0.7, ""lambda_h"": 0.7, ""mutation_probability"": 0.25, ""name"": ""dnn_5"", ""population_size"": 60, ""preference"": ""adaptive"", ""suite"": ""overall"", ""use_dag_aware_initialization"": true, ""use_dag_block_crossover"": true, ""use_elite_local_search"": true, ""use_skew_mutation"": true, ""user_count"": null}",409.871134376105,0.2057524094232657,0.5806500422843893,7322.050048975148,2,20,post_admission_v1
overall:dnn_5:461c16234b:rtbl:repeat_8:seed_20260727,overall,dnn_5,rtbl,8,20260727,"{""alpha_a"": 0.5, ""alpha_l"": 0.7, ""alpha_r"": 0.8, ""beta_a"": 0.3, ""beta_l"": 0.4, ""beta_r"": 0.5, ""cloud_count"": 1, ""crossover_probability"": 0.5, ""dnn_count"": 5, ""edge_count"": 10, ""edge_link_factor"": 2.0, ""iteration_limit"": 200, ""lambda_g"": 0.7, ""lambda_h"": 0.7, ""mutation_probability"": 0.25, ""name"": ""dnn_5"", ""population_size"": 60, ""preference"": ""adaptive"", ""suite"": ""overall"", ""use_dag_aware_initialization"": true, ""use_dag_block_crossover"": true, ""use_elite_local_search"": true, ""use_skew_mutation"": true, ""user_count"": null}",776.4604690238696,0.2584865293097483,0.7443227573807809,5534.90674506082,0,25,post_admission_v1
overall:dnn_5:461c16234b:rtbl:repeat_9:seed_20260728,overall,dnn_5,rtbl,9,20260728,"{""alpha_a"": 0.5, ""alpha_l"": 0.7, ""alpha_r"": 0.8, ""beta_a"": 0.3, ""beta_l"": 0.4, ""beta_r"": 0.5, ""cloud_count"": 1, ""crossover_probability"": 0.5, ""dnn_count"": 5, ""edge_count"": 10, ""edge_link_factor"": 2.0, ""iteration_limit"": 200, ""lambda_g"": 0.7, ""lambda_h"": 0.7, ""mutation_probability"": 0.25, ""name"": ""dnn_5"", ""population_size"": 60, ""preference"": ""adaptive"", ""suite"": ""overall"", ""use_dag_aware_initialization"": true, ""use_dag_block_crossover"": true, ""use_elite_local_search"": true, ""use_skew_mutation"": true, ""user_count"": null}",869.2720054282304,0.2623008148656518,0.8649212529313157,6531.393446699407,3,9,post_admission_v1
overall:dnn_10:e59f3d7006:rtbl:repeat_0:seed_20260719,overall,dnn_10,rtbl,0,20260719,"{""alpha_a"": 0.5, ""alpha_l"": 0.7, ""alpha_r"": 0.8, ""beta_a"": 0.3, ""beta_l"": 0.4, ""beta_r"": 0.5, ""cloud_count"": 1, ""crossover_probability"": 0.5, ""dnn_count"": 10, ""edge_count"": 10, ""edge_link_factor"": 2.0, ""iteration_limit"": 200, ""lambda_g"": 0.7, ""lambda_h"": 0.7, ""mutation_probability"": 0.25, ""name"": ""dnn_10"", ""population_size"": 60, ""preference"": ""adaptive"", ""suite"": ""overall"", ""use_dag_aware_initialization"": true, ""use_dag_block_crossover"": true, ""use_elite_local_search"": true, ""use_skew_mutation"": true, ""user_count"": null}",652.0875401296948,0.11882139652543516,0.6843172461525766,7295.717042294059,1,38,post_admission_v1
overall:dnn_10:e59f3d7006:rtbl:repeat_1:seed_20260720,overall,dnn_10,rtbl,1,20260720,"{""alpha_a"": 0.5, ""alpha_l"": 0.7, ""alpha_r"": 0.8, ""beta_a"": 0.3, ""beta_l"": 0.4, ""beta_r"": 0.5, ""cloud_count"": 1, ""crossover_probability"": 0.5, ""dnn_count"": 10, ""edge_count"": 10, ""edge_link_factor"": 2.0, ""iteration_limit"": 200, ""lambda_g"": 0.7, ""lambda_h"": 0.7, ""mutation_probability"": 0.25, ""name"": ""dnn_10"", ""population_size"": 60, ""preference"": ""adaptive"", ""suite"": ""overall"", ""use_dag_aware_initialization"": true, ""use_dag_block_crossover"": true, ""use_elite_local_search"": true, ""use_skew_mutation"": true, ""user_count"": null}",673.4226703748113,0.2870176113714554,0.7349663701183333,4715.3966695906265,4,27,post_admission_v1
overall:dnn_10:e59f3d7006:rtbl:repeat_2:seed_20260721,overall,dnn_10,rtbl,2,20260721,"{""alpha_a"": 0.5, ""alpha_l"": 0.7, ""alpha_r"": 0.8, ""beta_a"": 0.3, ""beta_l"": 0.4, ""beta_r"": 0.5, ""cloud_count"": 1, ""crossover_probability"": 0.5, ""dnn_count"": 10, ""edge_count"": 10, ""edge_link_factor"": 2.0, ""iteration_limit"": 200, ""lambda_g"": 0.7, ""lambda_h"": 0.7, ""mutation_probability"": 0.25, ""name"": ""dnn_10"", ""population_size"": 60, ""preference"": ""adaptive"", ""suite"": ""overall"", ""use_dag_aware_initialization"": true, ""use_dag_block_crossover"": true, ""use_elite_local_search"": true, ""use_skew_mutation"": true, ""user_count"": null}",516.3645339704727,0.18277520759775145,0.7006560808968109,7312.329481990069,2,36,post_admission_v1
overall:dnn_10:e59f3d7006:rtbl:repeat_3:seed_20260722,overall,dnn_10,rtbl,3,20260722,"{""alpha_a"": 0.5, ""alpha_l"": 0.7, ""alpha_r"": 0.8, ""beta_a"": 0.3, ""beta_l"": 0.4, ""beta_r"": 0.5, ""cloud_count"": 1, ""crossover_probability"": 0.5, ""dnn_count"": 10, ""edge_count"": 10, ""edge_link_factor"": 2.0, ""iteration_limit"": 200, ""lambda_g"": 0.7, ""lambda_h"": 0.7, ""mutation_probability"": 0.25, ""name"": ""dnn_10"", ""population_size"": 60, ""preference"": ""adaptive"", ""suite"": ""overall"", ""use_dag_aware_initialization"": true, ""use_dag_block_crossover"": true, ""use_elite_local_search"": true, ""use_skew_mutation"": true, ""user_count"": null}",565.2172183628685,0.0934610042863639,0.622989190919581,6815.465476899219,3,35,post_admission_v1
overall:dnn_10:e59f3d7006:rtbl:repeat_4:seed_20260723,overall,dnn_10,rtbl,4,20260723,"{""alpha_a"": 0.5, ""alpha_l"": 0.7, ""alpha_r"": 0.8, ""beta_a"": 0.3, ""beta_l"": 0.4, ""beta_r"": 0.5, ""cloud_count"": 1, ""crossover_probability"": 0.5, ""dnn_count"": 10, ""edge_count"": 10, ""edge_link_factor"": 2.0, ""iteration_limit"": 200, ""lambda_g"": 0.7, ""lambda_h"": 0.7, ""mutation_probability"": 0.25, ""name"": ""dnn_10"", ""population_size"": 60, ""preference"": ""adaptive"", ""suite"": ""overall"", ""use_dag_aware_initialization"": true, ""use_dag_block_crossover"": true, ""use_elite_local_search"": true, ""use_skew_mutation"": true, ""user_count"": null}",607.4595381184466,0.20671971733840364,0.7010587866010882,6278.792258419383,3,32,post_admission_v1
overall:dnn_10:e59f3d7006:rtbl:repeat_5:seed_20260724,overall,dnn_10,rtbl,5,20260724,"{""alpha_a"": 0.5, ""alpha_l"": 0.7, ""alpha_r"": 0.8, ""beta_a"": 0.3, ""beta_l"": 0.4, ""beta_r"": 0.5, ""cloud_count"": 1, ""crossover_probability"": 0.5, ""dnn_count"": 10, ""edge_count"": 10, ""edge_link_factor"": 2.0, ""iteration_limit"": 200, ""lambda_g"": 0.7, ""lambda_h"": 0.7, ""mutation_probability"": 0.25, ""name"": ""dnn_10"", ""population_size"": 60, ""preference"": ""adaptive"", ""suite"": ""overall"", ""use_dag_aware_initialization"": true, ""use_dag_block_crossover"": true, ""use_elite_local_search"": true, ""use_skew_mutation"": true, ""user_count"": null}",622.4637245383256,0.2577371881344634,0.7084229993326305,5621.532578628162,4,30,post_admission_v1
overall:dnn_10:e59f3d7006:rtbl:repeat_6:seed_20260725,overall,dnn_10,rtbl,6,20260725,"{""alpha_a"": 0.5, ""alpha_l"": 0.7, ""alpha_r"": 0.8, ""beta_a"": 0.3, ""beta_l"": 0.4, ""beta_r"": 0.5, ""cloud_count"": 1, ""crossover_probability"": 0.5, ""dnn_count"": 10, ""edge_count"": 10, ""edge_link_factor"": 2.0, ""iteration_limit"": 200, ""lambda_g"": 0.7, ""lambda_h"": 0.7, ""mutation_probability"": 0.25, ""name"": ""dnn_10"", ""population_size"": 60, ""preference"": ""adaptive"", ""suite"": ""overall"", ""use_dag_aware_initialization"": true, ""use_dag_block_crossover"": true, ""use_elite_local_search"": true, ""use_skew_mutation"": true, ""user_count"": null}",542.685911832363,0.14810795461407925,0.6445808045699067,8330.756153699009,0,48,post_admission_v1
overall:dnn_10:e59f3d7006:rtbl:repeat_7:seed_20260726,overall,dnn_10,rtbl,7,20260726,"{""alpha_a"": 0.5, ""alpha_l"": 0.7, ""alpha_r"": 0.8, ""beta_a"": 0.3, ""beta_l"": 0.4, ""beta_r"": 0.5, ""cloud_count"": 1, ""crossover_probability"": 0.5, ""dnn_count"": 10, ""edge_count"": 10, ""edge_link_factor"": 2.0, ""iteration_limit"": 200, ""lambda_g"": 0.7, ""lambda_h"": 0.7, ""mutation_probability"": 0.25, ""name"": ""dnn_10"", ""population_size"": 60, ""preference"": ""adaptive"", ""suite"": ""overall"", ""use_dag_aware_initialization"": true, ""use_dag_block_crossover"": true, ""use_elite_local_search"": true, ""use_skew_mutation"": true, ""user_count"": null}",539.8251385667784,0.2237506524842281,0.6666036460116456,6255.778157234015,5,35,post_admission_v1
overall:dnn_10:e59f3d7006:rtbl:repeat_8:seed_20260727,overall,dnn_10,rtbl,8,20260727,"{""alpha_a"": 0.5, ""alpha_l"": 0.7, ""alpha_r"": 0.8, ""beta_a"": 0.3, ""beta_l"": 0.4, ""beta_r"": 0.5, ""cloud_count"": 1, ""crossover_probability"": 0.5, ""dnn_count"": 10, ""edge_count"": 10, ""edge_link_factor"": 2.0, ""iteration_limit"": 200, ""lambda_g"": 0.7, ""lambda_h"": 0.7, ""mutation_probability"": 0.25, ""name"": ""dnn_10"", ""population_size"": 60, ""preference"": ""adaptive"", ""suite"": ""overall"", ""use_dag_aware_initialization"": true, ""use_dag_block_crossover"": true, ""use_elite_local_search"": true, ""use_skew_mutation"": true, ""user_count"": null}",513.5079549336009,0.20990187925713644,0.6783411999379239,6438.743220121158,2,33,post_admission_v1
overall:dnn_10:e59f3d7006:rtbl:repeat_9:seed_20260728,overall,dnn_10,rtbl,9,20260728,"{""alpha_a"": 0.5, ""alpha_l"": 0.7, ""alpha_r"": 0.8, ""beta_a"": 0.3, ""beta_l"": 0.4, ""beta_r"": 0.5, ""cloud_count"": 1, ""crossover_probability"": 0.5, ""dnn_count"": 10, ""edge_count"": 10, ""edge_link_factor"": 2.0, ""iteration_limit"": 200, ""lambda_g"": 0.7, ""lambda_h"": 0.7, ""mutation_probability"": 0.25, ""name"": ""dnn_10"", ""population_size"": 60, ""preference"": ""adaptive"", ""suite"": ""overall"", ""use_dag_aware_initialization"": true, ""use_dag_block_crossover"": true, ""use_elite_local_search"": true, ""use_skew_mutation"": true, ""user_count"": null}",504.84207126249123,0.10540009018227699,0.6359578375939223,7916.380237784479,0,39,post_admission_v1
overall:dnn_20:f8a08be862:rtbl:repeat_0:seed_20260719,overall,dnn_20,rtbl,0,20260719,"{""alpha_a"": 0.5, ""alpha_l"": 0.7, ""alpha_r"": 0.8, ""beta_a"": 0.3, ""beta_l"": 0.4, ""beta_r"": 0.5, ""cloud_count"": 1, ""crossover_probability"": 0.5, ""dnn_count"": 20, ""edge_count"": 10, ""edge_link_factor"": 2.0, ""iteration_limit"": 200, ""lambda_g"": 0.7, ""lambda_h"": 0.7, ""mutation_probability"": 0.25, ""name"": ""dnn_20"", ""population_size"": 60, ""preference"": ""adaptive"", ""suite"": ""overall"", ""use_dag_aware_initialization"": true, ""use_dag_block_crossover"": true, ""use_elite_local_search"": true, ""use_skew_mutation"": true, ""user_count"": null}",517.4261245027665,0.1375988362234263,0.5962348577599986,6286.646755037254,6,53,post_admission_v1
overall:dnn_20:f8a08be862:rtbl:repeat_1:seed_20260720,overall,dnn_20,rtbl,1,20260720,"{""alpha_a"": 0.5, ""alpha_l"": 0.7, ""alpha_r"": 0.8, ""beta_a"": 0.3, ""beta_l"": 0.4, ""beta_r"": 0.5, ""cloud_count"": 1, ""crossover_probability"": 0.5, ""dnn_count"": 20, ""edge_count"": 10, ""edge_link_factor"": 2.0, ""iteration_limit"": 200, ""lambda_g"": 0.7, ""lambda_h"": 0.7, ""mutation_probability"": 0.25, ""name"": ""dnn_20"", ""population_size"": 60, ""preference"": ""adaptive"", ""suite"": ""overall"", ""use_dag_aware_initialization"": true, ""use_dag_block_crossover"": true, ""use_elite_local_search"": true, ""use_skew_mutation"": true, ""user_count"": null}",469.74802540365846,0.12987644950525395,0.5983418495014252,7252.120063735352,4,65,post_admission_v1
overall:dnn_20:f8a08be862:rtbl:repeat_2:seed_20260721,overall,dnn_20,rtbl,2,20260721,"{""alpha_a"": 0.5, ""alpha_l"": 0.7, ""alpha_r"": 0.8, ""beta_a"": 0.3, ""beta_l"": 0.4, ""beta_r"": 0.5, ""cloud_count"": 1, ""crossover_probability"": 0.5, ""dnn_count"": 20, ""edge_count"": 10, ""edge_link_factor"": 2.0, ""iteration_limit"": 200, ""lambda_g"": 0.7, ""lambda_h"": 0.7, ""mutation_probability"": 0.25, ""name"": ""dnn_20"", ""population_size"": 60, ""preference"": ""adaptive"", ""suite"": ""overall"", ""use_dag_aware_initialization"": true, ""use_dag_block_crossover"": true, ""use_elite_local_search"": true, ""use_skew_mutation"": true, ""user_count"": null}",567.2362201529185,0.22308598795617243,0.6716191137446066,6857.2302294212905,7,55,post_admission_v1
overall:dnn_20:f8a08be862:rtbl:repeat_3:seed_20260722,overall,dnn_20,rtbl,3,20260722,"{""alpha_a"": 0.5, ""alpha_l"": 0.7, ""alpha_r"": 0.8, ""beta_a"": 0.3, ""beta_l"": 0.4, ""beta_r"": 0.5, ""cloud_count"": 1, ""crossover_probability"": 0.5, ""dnn_count"": 20, ""edge_count"": 10, ""edge_link_factor"": 2.0, ""iteration_limit"": 200, ""lambda_g"": 0.7, ""lambda_h"": 0.7, ""mutation_probability"": 0.25, ""name"": ""dnn_20"", ""population_size"": 60, ""preference"": ""adaptive"", ""suite"": ""overall"", ""use_dag_aware_initialization"": true, ""use_dag_block_crossover"": true, ""use_elite_local_search"": true, ""use_skew_mutation"": true, ""user_count"": null}",574.2383420900206,0.08378979429765507,0.5950211876335507,6950.635282508379,10,45,post_admission_v1
overall:dnn_20:f8a08be862:rtbl:repeat_4:seed_20260723,overall,dnn_20,rtbl,4,20260723,"{""alpha_a"": 0.5, ""alpha_l"": 0.7, ""alpha_r"": 0.8, ""beta_a"": 0.3, ""beta_l"": 0.4, ""beta_r"": 0.5, ""cloud_count"": 1, ""crossover_probability"": 0.5, ""dnn_count"": 20, ""edge_count"": 10, ""edge_link_factor"": 2.0, ""iteration_limit"": 200, ""lambda_g"": 0.7, ""lambda_h"": 0.7, ""mutation_probability"": 0.25, ""name"": ""dnn_20"", ""population_size"": 60, ""preference"": ""adaptive"", ""suite"": ""overall"", ""use_dag_aware_initialization"": true, ""use_dag_block_crossover"": true, ""use_elite_local_search"": true, ""use_skew_mutation"": true, ""user_count"": null}",550.8015016522907,0.11602365382480972,0.6081358981793175,7301.55783524416,1,68,post_admission_v1
overall:dnn_20:f8a08be862:rtbl:repeat_5:seed_20260724,overall,dnn_20,rtbl,5,20260724,"{""alpha_a"": 0.5, ""alpha_l"": 0.7, ""alpha_r"": 0.8, ""beta_a"": 0.3, ""beta_l"": 0.4, ""beta_r"": 0.5, ""cloud_count"": 1, ""crossover_probability"": 0.5, ""dnn_count"": 20, ""edge_count"": 10, ""edge_link_factor"": 2.0, ""iteration_limit"": 200, ""lambda_g"": 0.7, ""lambda_h"": 0.7, ""mutation_probability"": 0.25, ""name"": ""dnn_20"", ""population_size"": 60, ""preference"": ""adaptive"", ""suite"": ""overall"", ""use_dag_aware_initialization"": true, ""use_dag_block_crossover"": true, ""use_elite_local_search"": true, ""use_skew_mutation"": true, ""user_count"": null}",702.3614249808429,0.28818738117061404,0.7844749711077433,5036.290488945655,12,39,post_admission_v1
overall:dnn_20:f8a08be862:rtbl:repeat_6:seed_20260725,overall,dnn_20,rtbl,6,20260725,"{""alpha_a"": 0.5, ""alpha_l"": 0.7, ""alpha_r"": 0.8, ""beta_a"": 0.3, ""beta_l"": 0.4, ""beta_r"": 0.5, ""cloud_count"": 1, ""crossover_probability"": 0.5, ""dnn_count"": 20, ""edge_count"": 10, ""edge_link_factor"": 2.0, ""iteration_limit"": 200, ""lambda_g"": 0.7, ""lambda_h"": 0.7, ""mutation_probability"": 0.25, ""name"": ""dnn_20"", ""population_size"": 60, ""preference"": ""adaptive"", ""suite"": ""overall"", ""use_dag_aware_initialization"": true, ""use_dag_block_crossover"": true, ""use_elite_local_search"": true, ""use_skew_mutation"": true, ""user_count"": null}",625.2631169714971,0.18673589646496777,0.6774305207058308,5807.234975621652,5,83,post_admission_v1
overall:dnn_20:f8a08be862:rtbl:repeat_7:seed_20260726,overall,dnn_20,rtbl,7,20260726,"{""alpha_a"": 0.5, ""alpha_l"": 0.7, ""alpha_r"": 0.8, ""beta_a"": 0.3, ""beta_l"": 0.4, ""beta_r"": 0.5, ""cloud_count"": 1, ""crossover_probability"": 0.5, ""dnn_count"": 20, ""edge_count"": 10, ""edge_link_factor"": 2.0, ""iteration_limit"": 200, ""lambda_g"": 0.7, ""lambda_h"": 0.7, ""mutation_probability"": 0.25, ""name"": ""dnn_20"", ""population_size"": 60, ""preference"": ""adaptive"", ""suite"": ""overall"", ""use_dag_aware_initialization"": true, ""use_dag_block_crossover"": true, ""use_elite_local_search"": true, ""use_skew_mutation"": true, ""user_count"": null}",507.0009820315454,0.08700423113441229,0.6128862656535368,8261.406382514993,4,86,post_admission_v1
overall:dnn_20:f8a08be862:rtbl:repeat_8:seed_20260727,overall,dnn_20,rtbl,8,20260727,"{""alpha_a"": 0.5, ""alpha_l"": 0.7, ""alpha_r"": 0.8, ""beta_a"": 0.3, ""beta_l"": 0.4, ""beta_r"": 0.5, ""cloud_count"": 1, ""crossover_probability"": 0.5, ""dnn_count"": 20, ""edge_count"": 10, ""edge_link_factor"": 2.0, ""iteration_limit"": 200, ""lambda_g"": 0.7, ""lambda_h"": 0.7, ""mutation_probability"": 0.25, ""name"": ""dnn_20"", ""population_size"": 60, ""preference"": ""adaptive"", ""suite"": ""overall"", ""use_dag_aware_initialization"": true, ""use_dag_block_crossover"": true, ""use_elite_local_search"": true, ""use_skew_mutation"": true, ""user_count"": null}",706.3897788712186,0.21058139566771975,0.7184709003132423,6635.327672998004,10,62,post_admission_v1
overall:dnn_20:f8a08be862:rtbl:repeat_9:seed_20260728,overall,dnn_20,rtbl,9,20260728,"{""alpha_a"": 0.5, ""alpha_l"": 0.7, ""alpha_r"": 0.8, ""beta_a"": 0.3, ""beta_l"": 0.4, ""beta_r"": 0.5, ""cloud_count"": 1, ""crossover_probability"": 0.5, ""dnn_count"": 20, ""edge_count"": 10, ""edge_link_factor"": 2.0, ""iteration_limit"": 200, ""lambda_g"": 0.7, ""lambda_h"": 0.7, ""mutation_probability"": 0.25, ""name"": ""dnn_20"", ""population_size"": 60, ""preference"": ""adaptive"", ""suite"": ""overall"", ""use_dag_aware_initialization"": true, ""use_dag_block_crossover"": true, ""use_elite_local_search"": true, ""use_skew_mutation"": true, ""user_count"": null}",665.9756785501316,0.30142410243590306,0.8057963218147576,5808.753944891053,17,21,post_admission_v1
overall:dnn_30:ca74310e36:rtbl:repeat_0:seed_20260719,overall,dnn_30,rtbl,0,20260719,"{""alpha_a"": 0.5, ""alpha_l"": 0.7, ""alpha_r"": 0.8, ""beta_a"": 0.3, ""beta_l"": 0.4, ""beta_r"": 0.5, ""cloud_count"": 1, ""crossover_probability"": 0.5, ""dnn_count"": 30, ""edge_count"": 10, ""edge_link_factor"": 2.0, ""iteration_limit"": 200, ""lambda_g"": 0.7, ""lambda_h"": 0.7, ""mutation_probability"": 0.25, ""name"": ""dnn_30"", ""population_size"": 60, ""preference"": ""adaptive"", ""suite"": ""overall"", ""use_dag_aware_initialization"": true, ""use_dag_block_crossover"": true, ""use_elite_local_search"": true, ""use_skew_mutation"": true, ""user_count"": null}",567.9023623095453,0.14931795211597967,0.6499552553717441,5885.389133430806,11,106,post_admission_v1
overall:dnn_30:ca74310e36:rtbl:repeat_1:seed_20260720,overall,dnn_30,rtbl,1,20260720,"{""alpha_a"": 0.5, ""alpha_l"": 0.7, ""alpha_r"": 0.8, ""beta_a"": 0.3, ""beta_l"": 0.4, ""beta_r"": 0.5, ""cloud_count"": 1, ""crossover_probability"": 0.5, ""dnn_count"": 30, ""edge_count"": 10, ""edge_link_factor"": 2.0, ""iteration_limit"": 200, ""lambda_g"": 0.7, ""lambda_h"": 0.7, ""mutation_probability"": 0.25, ""name"": ""dnn_30"", ""population_size"": 60, ""preference"": ""adaptive"", ""suite"": ""overall"", ""use_dag_aware_initialization"": true, ""use_dag_block_crossover"": true, ""use_elite_local_search"": true, ""use_skew_mutation"": true, ""user_count"": null}",584.2215587924345,0.14840023295512236,0.6234001507549136,6736.899149772463,13,94,post_admission_v1
overall:dnn_30:ca74310e36:rtbl:repeat_2:seed_20260721,overall,dnn_30,rtbl,2,20260721,"{""alpha_a"": 0.5, ""alpha_l"": 0.7, ""alpha_r"": 0.8, ""beta_a"": 0.3, ""beta_l"": 0.4, ""beta_r"": 0.5, ""cloud_count"": 1, ""crossover_probability"": 0.5, ""dnn_count"": 30, ""edge_count"": 10, ""edge_link_factor"": 2.0, ""iteration_limit"": 200, ""lambda_g"": 0.7, ""lambda_h"": 0.7, ""mutation_probability"": 0.25, ""name"": ""dnn_30"", ""population_size"": 60, ""preference"": ""adaptive"", ""suite"": ""overall"", ""use_dag_aware_initialization"": true, ""use_dag_block_crossover"": true, ""use_elite_local_search"": true, ""use_skew_mutation"": true, ""user_count"": null}",430.222938755276,0.11572925704140678,0.5773406346135276,6875.159334291086,3,126,post_admission_v1
overall:dnn_30:ca74310e36:rtbl:repeat_3:seed_20260722,overall,dnn_30,rtbl,3,20260722,"{""alpha_a"": 0.5, ""alpha_l"": 0.7, ""alpha_r"": 0.8, ""beta_a"": 0.3, ""beta_l"": 0.4, ""beta_r"": 0.5, ""cloud_count"": 1, ""crossover_probability"": 0.5, ""dnn_count"": 30, ""edge_count"": 10, ""edge_link_factor"": 2.0, ""iteration_limit"": 200, ""lambda_g"": 0.7, ""lambda_h"": 0.7, ""mutation_probability"": 0.25, ""name"": ""dnn_30"", ""population_size"": 60, ""preference"": ""adaptive"", ""suite"": ""overall"", ""use_dag_aware_initialization"": true, ""use_dag_block_crossover"": true, ""use_elite_local_search"": true, ""use_skew_mutation"": true, ""user_count"": null}",483.43489667305545,0.07160072756885426,0.5568627942723073,7765.792768118124,7,132,post_admission_v1
overall:dnn_30:ca74310e36:rtbl:repeat_4:seed_20260723,overall,dnn_30,rtbl,4,20260723,"{""alpha_a"": 0.5, ""alpha_l"": 0.7, ""alpha_r"": 0.8, ""beta_a"": 0.3, ""beta_l"": 0.4, ""beta_r"": 0.5, ""cloud_count"": 1, ""crossover_probability"": 0.5, ""dnn_count"": 30, ""edge_count"": 10, ""edge_link_factor"": 2.0, ""iteration_limit"": 200, ""lambda_g"": 0.7, ""lambda_h"": 0.7, ""mutation_probability"": 0.25, ""name"": ""dnn_30"", ""population_size"": 60, ""preference"": ""adaptive"", ""suite"": ""overall"", ""use_dag_aware_initialization"": true, ""use_dag_block_crossover"": true, ""use_elite_local_search"": true, ""use_skew_mutation"": true, ""user_count"": null}",569.9732066359837,0.17965185128985217,0.6462518624652086,6641.978062787662,15,111,post_admission_v1
overall:dnn_30:ca74310e36:rtbl:repeat_5:seed_20260724,overall,dnn_30,rtbl,5,20260724,"{""alpha_a"": 0.5, ""alpha_l"": 0.7, ""alpha_r"": 0.8, ""beta_a"": 0.3, ""beta_l"": 0.4, ""beta_r"": 0.5, ""cloud_count"": 1, ""crossover_probability"": 0.5, ""dnn_count"": 30, ""edge_count"": 10, ""edge_link_factor"": 2.0, ""iteration_limit"": 200, ""lambda_g"": 0.7, ""lambda_h"": 0.7, ""mutation_probability"": 0.25, ""name"": ""dnn_30"", ""population_size"": 60, ""preference"": ""adaptive"", ""suite"": ""overall"", ""use_dag_aware_initialization"": true, ""use_dag_block_crossover"": true, ""use_elite_local_search"": true, ""use_skew_mutation"": true, ""user_count"": null}",700.8186070005103,0.2957642226896127,0.7952857002714281,5028.231207991219,22,51,post_admission_v1
overall:dnn_30:ca74310e36:rtbl:repeat_6:seed_20260725,overall,dnn_30,rtbl,6,20260725,"{""alpha_a"": 0.5, ""alpha_l"": 0.7, ""alpha_r"": 0.8, ""beta_a"": 0.3, ""beta_l"": 0.4, ""beta_r"": 0.5, ""cloud_count"": 1, ""crossover_probability"": 0.5, ""dnn_count"": 30, ""edge_count"": 10, ""edge_link_factor"": 2.0, ""iteration_limit"": 200, ""lambda_g"": 0.7, ""lambda_h"": 0.7, ""mutation_probability"": 0.25, ""name"": ""dnn_30"", ""population_size"": 60, ""preference"": ""adaptive"", ""suite"": ""overall"", ""use_dag_aware_initialization"": true, ""use_dag_block_crossover"": true, ""use_elite_local_search"": true, ""use_skew_mutation"": true, ""user_count"": null}",504.6985881886512,0.2577329606608944,0.6675405325414044,5072.857255029902,23,50,post_admission_v1
overall:dnn_30:ca74310e36:rtbl:repeat_7:seed_20260726,overall,dnn_30,rtbl,7,20260726,"{""alpha_a"": 0.5, ""alpha_l"": 0.7, ""alpha_r"": 0.8, ""beta_a"": 0.3, ""beta_l"": 0.4, ""beta_r"": 0.5, ""cloud_count"": 1, ""crossover_probability"": 0.5, ""dnn_count"": 30, ""edge_count"": 10, ""edge_link_factor"": 2.0, ""iteration_limit"": 200, ""lambda_g"": 0.7, ""lambda_h"": 0.7, ""mutation_probability"": 0.25, ""name"": ""dnn_30"", ""population_size"": 60, ""preference"": ""adaptive"", ""suite"": ""overall"", ""use_dag_aware_initialization"": true, ""use_dag_block_crossover"": true, ""use_elite_local_search"": true, ""use_skew_mutation"": true, ""user_count"": null}",425.32625610353494,0.10243502315558416,0.5905587014186516,6776.534145733202,6,121,post_admission_v1
overall:dnn_30:ca74310e36:rtbl:repeat_8:seed_20260727,overall,dnn_30,rtbl,8,20260727,"{""alpha_a"": 0.5, ""alpha_l"": 0.7, ""alpha_r"": 0.8, ""beta_a"": 0.3, ""beta_l"": 0.4, ""beta_r"": 0.5, ""cloud_count"": 1, ""crossover_probability"": 0.5, ""dnn_count"": 30, ""edge_count"": 10, ""edge_link_factor"": 2.0, ""iteration_limit"": 200, ""lambda_g"": 0.7, ""lambda_h"": 0.7, ""mutation_probability"": 0.25, ""name"": ""dnn_30"", ""population_size"": 60, ""preference"": ""adaptive"", ""suite"": ""overall"", ""use_dag_aware_initialization"": true, ""use_dag_block_crossover"": true, ""use_elite_local_search"": true, ""use_skew_mutation"": true, ""user_count"": null}",629.4831429778366,0.2309880554832525,0.6876325436828159,5980.790309680329,21,63,post_admission_v1
overall:dnn_30:ca74310e36:rtbl:repeat_9:seed_20260728,overall,dnn_30,rtbl,9,20260728,"{""alpha_a"": 0.5, ""alpha_l"": 0.7, ""alpha_r"": 0.8, ""beta_a"": 0.3, ""beta_l"": 0.4, ""beta_r"": 0.5, ""cloud_count"": 1, ""crossover_probability"": 0.5, ""dnn_count"": 30, ""edge_count"": 10, ""edge_link_factor"": 2.0, ""iteration_limit"": 200, ""lambda_g"": 0.7, ""lambda_h"": 0.7, ""mutation_probability"": 0.25, ""name"": ""dnn_30"", ""population_size"": 60, ""preference"": ""adaptive"", ""suite"": ""overall"", ""use_dag_aware_initialization"": true, ""use_dag_block_crossover"": true, ""use_elite_local_search"": true, ""use_skew_mutation"": true, ""user_count"": null}",477.7519252476911,0.09803013775900234,0.575747870051444,6706.188114625168,1,132,post_admission_v1
overall:dnn_40:8cef11f07d:rtbl:repeat_0:seed_20260719,overall,dnn_40,rtbl,0,20260719,"{""alpha_a"": 0.5, ""alpha_l"": 0.7, ""alpha_r"": 0.8, ""beta_a"": 0.3, ""beta_l"": 0.4, ""beta_r"": 0.5, ""cloud_count"": 1, ""crossover_probability"": 0.5, ""dnn_count"": 40, ""edge_count"": 10, ""edge_link_factor"": 2.0, ""iteration_limit"": 200, ""lambda_g"": 0.7, ""lambda_h"": 0.7, ""mutation_probability"": 0.25, ""name"": ""dnn_40"", ""population_size"": 60, ""preference"": ""adaptive"", ""suite"": ""overall"", ""use_dag_aware_initialization"": true, ""use_dag_block_crossover"": true, ""use_elite_local_search"": true, ""use_skew_mutation"": true, ""user_count"": null}",529.050881261026,0.18433273585966792,0.653339130015362,6320.168034965696,24,113,post_admission_v1
overall:dnn_40:8cef11f07d:rtbl:repeat_1:seed_20260720,overall,dnn_40,rtbl,1,20260720,"{""alpha_a"": 0.5, ""alpha_l"": 0.7, ""alpha_r"": 0.8, ""beta_a"": 0.3, ""beta_l"": 0.4, ""beta_r"": 0.5, ""cloud_count"": 1, ""crossover_probability"": 0.5, ""dnn_count"": 40, ""edge_count"": 10, ""edge_link_factor"": 2.0, ""iteration_limit"": 200, ""lambda_g"": 0.7, ""lambda_h"": 0.7, ""mutation_probability"": 0.25, ""name"": ""dnn_40"", ""population_size"": 60, ""preference"": ""adaptive"", ""suite"": ""overall"", ""use_dag_aware_initialization"": true, ""use_dag_block_crossover"": true, ""use_elite_local_search"": true, ""use_skew_mutation"": true, ""user_count"": null}",525.6439138337587,0.17406577134694717,0.6158927920004413,5672.345133786628,18,162,post_admission_v1
overall:dnn_40:8cef11f07d:rtbl:repeat_2:seed_20260721,overall,dnn_40,rtbl,2,20260721,"{""alpha_a"": 0.5, ""alpha_l"": 0.7, ""alpha_r"": 0.8, ""beta_a"": 0.3, ""beta_l"": 0.4, ""beta_r"": 0.5, ""cloud_count"": 1, ""crossover_probability"": 0.5, ""dnn_count"": 40, ""edge_count"": 10, ""edge_link_factor"": 2.0, ""iteration_limit"": 200, ""lambda_g"": 0.7, ""lambda_h"": 0.7, ""mutation_probability"": 0.25, ""name"": ""dnn_40"", ""population_size"": 60, ""preference"": ""adaptive"", ""suite"": ""overall"", ""use_dag_aware_initialization"": true, ""use_dag_block_crossover"": true, ""use_elite_local_search"": true, ""use_skew_mutation"": true, ""user_count"": null}",453.5203113977024,0.10797743496177954,0.57056076505726,6775.994818893136,2,181,post_admission_v1
overall:dnn_40:8cef11f07d:rtbl:repeat_3:seed_20260722,overall,dnn_40,rtbl,3,20260722,"{""alpha_a"": 0.5, ""alpha_l"": 0.7, ""alpha_r"": 0.8, ""beta_a"": 0.3, ""beta_l"": 0.4, ""beta_r"": 0.5, ""cloud_count"": 1, ""crossover_probability"": 0.5, ""dnn_count"": 40, ""edge_count"": 10, ""edge_link_factor"": 2.0, ""iteration_limit"": 200, ""lambda_g"": 0.7, ""lambda_h"": 0.7, ""mutation_probability"": 0.25, ""name"": ""dnn_40"", ""population_size"": 60, ""preference"": ""adaptive"", ""suite"": ""overall"", ""use_dag_aware_initialization"": true, ""use_dag_block_crossover"": true, ""use_elite_local_search"": true, ""use_skew_mutation"": true, ""user_count"": null}",565.7648421809832,0.19681391707165327,0.6499783903149357,5696.041193399351,20,135,post_admission_v1
overall:dnn_40:8cef11f07d:rtbl:repeat_4:seed_20260723,overall,dnn_40,rtbl,4,20260723,"{""alpha_a"": 0.5, ""alpha_l"": 0.7, ""alpha_r"": 0.8, ""beta_a"": 0.3, ""beta_l"": 0.4, ""beta_r"": 0.5, ""cloud_count"": 1, ""crossover_probability"": 0.5, ""dnn_count"": 40, ""edge_count"": 10, ""edge_link_factor"": 2.0, ""iteration_limit"": 200, ""lambda_g"": 0.7, ""lambda_h"": 0.7, ""mutation_probability"": 0.25, ""name"": ""dnn_40"", ""population_size"": 60, ""preference"": ""adaptive"", ""suite"": ""overall"", ""use_dag_aware_initialization"": true, ""use_dag_block_crossover"": true, ""use_elite_local_search"": true, ""use_skew_mutation"": true, ""user_count"": null}",597.441391189419,0.13779360730377763,0.6176677290824742,6269.818419592286,18,121,post_admission_v1
overall:dnn_40:8cef11f07d:rtbl:repeat_5:seed_20260724,overall,dnn_40,rtbl,5,20260724,"{""alpha_a"": 0.5, ""alpha_l"": 0.7, ""alpha_r"": 0.8, ""beta_a"": 0.3, ""beta_l"": 0.4, ""beta_r"": 0.5, ""cloud_count"": 1, ""crossover_probability"": 0.5, ""dnn_count"": 40, ""edge_count"": 10, ""edge_link_factor"": 2.0, ""iteration_limit"": 200, ""lambda_g"": 0.7, ""lambda_h"": 0.7, ""mutation_probability"": 0.25, ""name"": ""dnn_40"", ""population_size"": 60, ""preference"": ""adaptive"", ""suite"": ""overall"", ""use_dag_aware_initialization"": true, ""use_dag_block_crossover"": true, ""use_elite_local_search"": true, ""use_skew_mutation"": true, ""user_count"": null}",492.5296837986813,0.13999283940189597,0.6135583793148424,6751.1558421322015,12,144,post_admission_v1
overall:dnn_40:8cef11f07d:rtbl:repeat_6:seed_20260725,overall,dnn_40,rtbl,6,20260725,"{""alpha_a"": 0.5, ""alpha_l"": 0.7, ""alpha_r"": 0.8, ""beta_a"": 0.3, ""beta_l"": 0.4, ""beta_r"": 0.5, ""cloud_count"": 1, ""crossover_probability"": 0.5, ""dnn_count"": 40, ""edge_count"": 10, ""edge_link_factor"": 2.0, ""iteration_limit"": 200, ""lambda_g"": 0.7, ""lambda_h"": 0.7, ""mutation_probability"": 0.25, ""name"": ""dnn_40"", ""population_size"": 60, ""preference"": ""adaptive"", ""suite"": ""overall"", ""use_dag_aware_initialization"": true, ""use_dag_block_crossover"": true, ""use_elite_local_search"": true, ""use_skew_mutation"": true, ""user_count"": null}",605.9362212283214,0.11432170637602548,0.6188949754284746,7301.23478607005,10,203,post_admission_v1
overall:dnn_40:8cef11f07d:rtbl:repeat_7:seed_20260726,overall,dnn_40,rtbl,7,20260726,"{""alpha_a"": 0.5, ""alpha_l"": 0.7, ""alpha_r"": 0.8, ""beta_a"": 0.3, ""beta_l"": 0.4, ""beta_r"": 0.5, ""cloud_count"": 1, ""crossover_probability"": 0.5, ""dnn_count"": 40, ""edge_count"": 10, ""edge_link_factor"": 2.0, ""iteration_limit"": 200, ""lambda_g"": 0.7, ""lambda_h"": 0.7, ""mutation_probability"": 0.25, ""name"": ""dnn_40"", ""population_size"": 60, ""preference"": ""adaptive"", ""suite"": ""overall"", ""use_dag_aware_initialization"": true, ""use_dag_block_crossover"": true, ""use_elite_local_search"": true, ""use_skew_mutation"": true, ""user_count"": null}",460.1700662428293,0.0946493396903414,0.5676700844294315,7538.328789092004,7,184,post_admission_v1
overall:dnn_40:8cef11f07d:rtbl:repeat_8:seed_20260727,overall,dnn_40,rtbl,8,20260727,"{""alpha_a"": 0.5, ""alpha_l"": 0.7, ""alpha_r"": 0.8, ""beta_a"": 0.3, ""beta_l"": 0.4, ""beta_r"": 0.5, ""cloud_count"": 1, ""crossover_probability"": 0.5, ""dnn_count"": 40, ""edge_count"": 10, ""edge_link_factor"": 2.0, ""iteration_limit"": 200, ""lambda_g"": 0.7, ""lambda_h"": 0.7, ""mutation_probability"": 0.25, ""name"": ""dnn_40"", ""population_size"": 60, ""preference"": ""adaptive"", ""suite"": ""overall"", ""use_dag_aware_initialization"": true, ""use_dag_block_crossover"": true, ""use_elite_local_search"": true, ""use_skew_mutation"": true, ""user_count"": null}",478.7070833466389,0.11779440780004687,0.5888086383355133,7288.395242243284,4,212,post_admission_v1
overall:dnn_40:8cef11f07d:rtbl:repeat_9:seed_20260728,overall,dnn_40,rtbl,9,20260728,"{""alpha_a"": 0.5, ""alpha_l"": 0.7, ""alpha_r"": 0.8, ""beta_a"": 0.3, ""beta_l"": 0.4, ""beta_r"": 0.5, ""cloud_count"": 1, ""crossover_probability"": 0.5, ""dnn_count"": 40, ""edge_count"": 10, ""edge_link_factor"": 2.0, ""iteration_limit"": 200, ""lambda_g"": 0.7, ""lambda_h"": 0.7, ""mutation_probability"": 0.25, ""name"": ""dnn_40"", ""population_size"": 60, ""preference"": ""adaptive"", ""suite"": ""overall"", ""use_dag_aware_initialization"": true, ""use_dag_block_crossover"": true, ""use_elite_local_search"": true, ""use_skew_mutation"": true, ""user_count"": null}",665.9756785501316,0.30142410243590306,0.8057963218147576,5808.753944891053,37,36,post_admission_v1
