task_id,scenario_id,suite,scenario,comparison_group,comparison_method,repeat,seed,experiment_layer,protocol_version,workload_mode,algorithm,candidate_generator_mode,search_budget_id,bootstrap_mode_config,online_timing_mode,planning_timing_mode,control_mode,pool_budget_mode,lambda_per_slot,topology_hash,profile_catalog_hash,workload_trace_hash,environment_trace_hash,scenario_parameters,arrival_slots,elapsed_slots,arrived_requests,accepted_requests,rejected_requests,completed_requests,runtime_failed_requests,deadline_missed_requests,unfinished_requests,request_conservation_valid,goodput_utility,avg_estimated_delay_ms,avg_operational_stability_score,avg_total_energy,plan_direct_count,plan_repaired_count,fast_fallback_count,per_request_customized_count,online_baseline_count,planning_jobs_started,planning_jobs_published,planning_jobs_retained,total_planning_runtime_ms,total_online_runtime_ms,avg_online_runtime_ms,p95_online_runtime_ms,control_decision_count,control_outcome_count,control_fallback_count,search_assignments_generated,search_constraint_rejected_candidates,search_nonconverged_candidates,search_feasible_candidates,search_pareto_candidates,search_selected_candidates,publication_valid_candidates,publication_rejected_candidates,trace_seed,bootstrap_mode,objective_semantics_version,candidate_prediction_version,observation_semantics_version,workload_semantics_version,planning_semantics_version,candidate_generator_version,availability_estimator_version,availability_model_version,runtime_progress_mode,routing_mode,duplex_mode,energy_model_version,result_schema_version,joint_budget_control_version,joint_action_space_version,pool_allocation_version,online_anytime_revalidation_version,action_predictor_version,control_objective_version,acceptance_rate,rejection_rate,completion_rate,runtime_failure_rate,deadline_miss_rate,completion_throughput_rps,plan_direct_rate,plan_repaired_rate,fast_fallback_rate,per_request_customized_rate,online_baseline_rate
system_poisson:poisson_lifecycle_v1:algorithm_baseline:5625996207a6fbb7:periodic_customized:r0:s20260719,5625996207a6fbb7,algorithm_baseline,periodic_customized,reference,periodic_customized,0,20260719,system_poisson,poisson_lifecycle_v1,poisson_profile_catalog,periodic_customized,customized,p12_g4_a64,prewarm,measured,measured,fixed,fixed_total,1.0,6d295842eb0296d0,fca0df0e76e8aea8,68e477ed3df2fad8,c3ade63673949cb4,"{""algorithm"":""periodic_customized"",""alpha_l"":0.7,""alpha_r"":0.8,""availability_fraction"":0.5,""beta_l"":0.4,""beta_r"":0.5,""bootstrap_mode"":""prewarm"",""candidate_fixed_point_damping"":0.5,""candidate_fixed_point_max_iterations"":20,""candidate_fixed_point_relative_tolerance"":0.0001,""cloud_count"":1,""comparison_group"":""reference"",""comparison_method"":"""",""control_mode"":""fixed"",""downtime_log_mean"":2.5,""downtime_log_sigma"":0.8,""edge_count"":5,""edge_link_factor"":2.0,""experiment_layer"":""system_poisson"",""fixed_online_budget_ms"":10.0,""fixed_planning_interval_slots"":5,""fixed_total_pool_budget"":20,""lambda_g"":0.7,""lambda_h"":0.7,""lambda_per_slot"":1.0,""max_deadline_ms"":1999.0,""min_deadline_ms"":500.0,""minimum_control_window_slots"":5,""minimum_replanning_interval_slots"":2,""name"":""periodic_customized"",""online_budgets_ms"":[5.0,10.0,20.0],""online_timing_mode"":""measured"",""origin_group_count"":2,""plan_ttl_slots"":20,""planning_candidate_generator_mode"":""customized"",""planning_customized_archive_capacity"":64,""planning_customized_generations"":4,""planning_customized_population_size"":12,""planning_deadline_ms"":2000.0,""planning_intervals"":[5,10,20],""planning_runtime_ms"":100.0,""planning_sample_count"":20,""planning_timing_mode"":""measured"",""pool_budget_mode"":""fixed_total"",""profile_count"":2,""slot_count"":200,""slot_length_ms"":100.0,""suite"":""algorithm_baseline"",""total_pool_budgets"":[8,20,40],""uptime_scale"":100.0,""uptime_shape"":1.5,""user_count"":10,""workload_mode"":""poisson_profile_catalog""}",200,203,191,53,138,45,8,1,0,1,1.615889242791165,694.5217306494252,0.8737257910116396,4795.87623490673,30,12,11,0,0,49,25,23,9249.071543104947,402.9368800111115,2.1096171728330444,3.885249956510961,34,33,0,3359,3073,0,286,145,120,78,78,22260722,prewarm,stability_delay_energy_v4,unified_fixed_point_v3,explicit_snapshot_v1,poisson_profile_catalog_v1,periodic_repository_v1,customized_periodic_pool_v1,empirical_window_beta_v1,slot_up_down_v1,fixed_service_time_v1,fixed_path_v1,full_duplex_shared_heat_v1,deployment_return_energy_v1,periodic_three_objective_v3,discrete_mpc_v1,grid_tkb_v1,arrival_risk_diversity_v1,budgeted_fixed_point_v1,regularized_surrogate_v1,goodput_cost_v1,0.2774869109947644,0.7225130890052356,0.2356020942408377,0.1509433962264151,0.018867924528301886,2.216748768472906,0.15706806282722513,0.06282722513089005,0.05759162303664921,0.0,0.0
system_poisson:poisson_lifecycle_v1:algorithm_baseline:5625996207a6fbb7:periodic_customized:r1:s20260720,5625996207a6fbb7,algorithm_baseline,periodic_customized,reference,periodic_customized,1,20260720,system_poisson,poisson_lifecycle_v1,poisson_profile_catalog,periodic_customized,customized,p12_g4_a64,prewarm,measured,measured,fixed,fixed_total,1.0,a4f53f5438a025fd,a0ac5e6d1accb3ff,b090fbef89e23494,4948b9b559ca3dae,"{""algorithm"":""periodic_customized"",""alpha_l"":0.7,""alpha_r"":0.8,""availability_fraction"":0.5,""beta_l"":0.4,""beta_r"":0.5,""bootstrap_mode"":""prewarm"",""candidate_fixed_point_damping"":0.5,""candidate_fixed_point_max_iterations"":20,""candidate_fixed_point_relative_tolerance"":0.0001,""cloud_count"":1,""comparison_group"":""reference"",""comparison_method"":"""",""control_mode"":""fixed"",""downtime_log_mean"":2.5,""downtime_log_sigma"":0.8,""edge_count"":5,""edge_link_factor"":2.0,""experiment_layer"":""system_poisson"",""fixed_online_budget_ms"":10.0,""fixed_planning_interval_slots"":5,""fixed_total_pool_budget"":20,""lambda_g"":0.7,""lambda_h"":0.7,""lambda_per_slot"":1.0,""max_deadline_ms"":1999.0,""min_deadline_ms"":500.0,""minimum_control_window_slots"":5,""minimum_replanning_interval_slots"":2,""name"":""periodic_customized"",""online_budgets_ms"":[5.0,10.0,20.0],""online_timing_mode"":""measured"",""origin_group_count"":2,""plan_ttl_slots"":20,""planning_candidate_generator_mode"":""customized"",""planning_customized_archive_capacity"":64,""planning_customized_generations"":4,""planning_customized_population_size"":12,""planning_deadline_ms"":2000.0,""planning_intervals"":[5,10,20],""planning_runtime_ms"":100.0,""planning_sample_count"":20,""planning_timing_mode"":""measured"",""pool_budget_mode"":""fixed_total"",""profile_count"":2,""slot_count"":200,""slot_length_ms"":100.0,""suite"":""algorithm_baseline"",""total_pool_budgets"":[8,20,40],""uptime_scale"":100.0,""uptime_shape"":1.5,""user_count"":10,""workload_mode"":""poisson_profile_catalog""}",200,202,209,60,149,52,8,0,0,1,1.8441785892984583,695.0489197254863,0.8280707072536567,6881.72057343153,26,16,18,0,0,44,23,20,11490.540627972223,528.4005468711257,2.5282322816800273,4.6501250471919775,35,34,0,2940,2479,0,461,144,100,53,60,22260723,prewarm,stability_delay_energy_v4,unified_fixed_point_v3,explicit_snapshot_v1,poisson_profile_catalog_v1,periodic_repository_v1,customized_periodic_pool_v1,empirical_window_beta_v1,slot_up_down_v1,fixed_service_time_v1,fixed_path_v1,full_duplex_shared_heat_v1,deployment_return_energy_v1,periodic_three_objective_v3,discrete_mpc_v1,grid_tkb_v1,arrival_risk_diversity_v1,budgeted_fixed_point_v1,regularized_surrogate_v1,goodput_cost_v1,0.28708133971291866,0.7129186602870813,0.24880382775119617,0.13333333333333333,0.0,2.5742574257425743,0.12440191387559808,0.07655502392344497,0.0861244019138756,0.0,0.0
system_poisson:poisson_lifecycle_v1:algorithm_baseline:5625996207a6fbb7:periodic_customized:r2:s20260721,5625996207a6fbb7,algorithm_baseline,periodic_customized,reference,periodic_customized,2,20260721,system_poisson,poisson_lifecycle_v1,poisson_profile_catalog,periodic_customized,customized,p12_g4_a64,prewarm,measured,measured,fixed,fixed_total,1.0,e1936cba343be935,938f95453f2442e2,b1b7f5bba0248714,b3c97759fa661993,"{""algorithm"":""periodic_customized"",""alpha_l"":0.7,""alpha_r"":0.8,""availability_fraction"":0.5,""beta_l"":0.4,""beta_r"":0.5,""bootstrap_mode"":""prewarm"",""candidate_fixed_point_damping"":0.5,""candidate_fixed_point_max_iterations"":20,""candidate_fixed_point_relative_tolerance"":0.0001,""cloud_count"":1,""comparison_group"":""reference"",""comparison_method"":"""",""control_mode"":""fixed"",""downtime_log_mean"":2.5,""downtime_log_sigma"":0.8,""edge_count"":5,""edge_link_factor"":2.0,""experiment_layer"":""system_poisson"",""fixed_online_budget_ms"":10.0,""fixed_planning_interval_slots"":5,""fixed_total_pool_budget"":20,""lambda_g"":0.7,""lambda_h"":0.7,""lambda_per_slot"":1.0,""max_deadline_ms"":1999.0,""min_deadline_ms"":500.0,""minimum_control_window_slots"":5,""minimum_replanning_interval_slots"":2,""name"":""periodic_customized"",""online_budgets_ms"":[5.0,10.0,20.0],""online_timing_mode"":""measured"",""origin_group_count"":2,""plan_ttl_slots"":20,""planning_candidate_generator_mode"":""customized"",""planning_customized_archive_capacity"":64,""planning_customized_generations"":4,""planning_customized_population_size"":12,""planning_deadline_ms"":2000.0,""planning_intervals"":[5,10,20],""planning_runtime_ms"":100.0,""planning_sample_count"":20,""planning_timing_mode"":""measured"",""pool_budget_mode"":""fixed_total"",""profile_count"":2,""slot_count"":200,""slot_length_ms"":100.0,""suite"":""algorithm_baseline"",""total_pool_budgets"":[8,20,40],""uptime_scale"":100.0,""uptime_shape"":1.5,""user_count"":10,""workload_mode"":""poisson_profile_catalog""}",200,205,211,80,131,73,7,1,0,1,2.694278789879374,550.0299898103997,0.8268545051321677,5737.026427949979,30,35,15,0,0,44,16,27,14217.835790826939,675.6729515036568,3.202241476320648,5.93487499281764,28,27,0,3528,2978,0,550,280,194,95,177,22260724,prewarm,stability_delay_energy_v4,unified_fixed_point_v3,explicit_snapshot_v1,poisson_profile_catalog_v1,periodic_repository_v1,customized_periodic_pool_v1,empirical_window_beta_v1,slot_up_down_v1,fixed_service_time_v1,fixed_path_v1,full_duplex_shared_heat_v1,deployment_return_energy_v1,periodic_three_objective_v3,discrete_mpc_v1,grid_tkb_v1,arrival_risk_diversity_v1,budgeted_fixed_point_v1,regularized_surrogate_v1,goodput_cost_v1,0.3791469194312796,0.6208530805687204,0.3459715639810427,0.0875,0.0125,3.5609756097560976,0.14218009478672985,0.16587677725118483,0.07109004739336493,0.0,0.0
system_poisson:poisson_lifecycle_v1:algorithm_baseline:5625996207a6fbb7:periodic_customized:r3:s20260722,5625996207a6fbb7,algorithm_baseline,periodic_customized,reference,periodic_customized,3,20260722,system_poisson,poisson_lifecycle_v1,poisson_profile_catalog,periodic_customized,customized,p12_g4_a64,prewarm,measured,measured,fixed,fixed_total,1.0,cad518de228dec43,e2c448830ab998d5,5b89c04953d23a62,a8d64a668c29fff0,"{""algorithm"":""periodic_customized"",""alpha_l"":0.7,""alpha_r"":0.8,""availability_fraction"":0.5,""beta_l"":0.4,""beta_r"":0.5,""bootstrap_mode"":""prewarm"",""candidate_fixed_point_damping"":0.5,""candidate_fixed_point_max_iterations"":20,""candidate_fixed_point_relative_tolerance"":0.0001,""cloud_count"":1,""comparison_group"":""reference"",""comparison_method"":"""",""control_mode"":""fixed"",""downtime_log_mean"":2.5,""downtime_log_sigma"":0.8,""edge_count"":5,""edge_link_factor"":2.0,""experiment_layer"":""system_poisson"",""fixed_online_budget_ms"":10.0,""fixed_planning_interval_slots"":5,""fixed_total_pool_budget"":20,""lambda_g"":0.7,""lambda_h"":0.7,""lambda_per_slot"":1.0,""max_deadline_ms"":1999.0,""min_deadline_ms"":500.0,""minimum_control_window_slots"":5,""minimum_replanning_interval_slots"":2,""name"":""periodic_customized"",""online_budgets_ms"":[5.0,10.0,20.0],""online_timing_mode"":""measured"",""origin_group_count"":2,""plan_ttl_slots"":20,""planning_candidate_generator_mode"":""customized"",""planning_customized_archive_capacity"":64,""planning_customized_generations"":4,""planning_customized_population_size"":12,""planning_deadline_ms"":2000.0,""planning_intervals"":[5,10,20],""planning_runtime_ms"":100.0,""planning_sample_count"":20,""planning_timing_mode"":""measured"",""pool_budget_mode"":""fixed_total"",""profile_count"":2,""slot_count"":200,""slot_length_ms"":100.0,""suite"":""algorithm_baseline"",""total_pool_budgets"":[8,20,40],""uptime_scale"":100.0,""uptime_shape"":1.5,""user_count"":10,""workload_mode"":""poisson_profile_catalog""}",200,210,210,75,135,64,11,0,0,1,2.2411296223862127,626.3522309298941,0.8506522403109206,6256.03371800531,41,9,25,0,0,44,27,16,12865.374210756272,626.3245465233922,2.9824978405875817,6.0859579825773835,30,29,0,3301,2822,0,479,226,145,72,113,22260725,prewarm,stability_delay_energy_v4,unified_fixed_point_v3,explicit_snapshot_v1,poisson_profile_catalog_v1,periodic_repository_v1,customized_periodic_pool_v1,empirical_window_beta_v1,slot_up_down_v1,fixed_service_time_v1,fixed_path_v1,full_duplex_shared_heat_v1,deployment_return_energy_v1,periodic_three_objective_v3,discrete_mpc_v1,grid_tkb_v1,arrival_risk_diversity_v1,budgeted_fixed_point_v1,regularized_surrogate_v1,goodput_cost_v1,0.35714285714285715,0.6428571428571429,0.3047619047619048,0.14666666666666667,0.0,3.0476190476190474,0.19523809523809524,0.04285714285714286,0.11904761904761904,0.0,0.0
system_poisson:poisson_lifecycle_v1:algorithm_baseline:5625996207a6fbb7:periodic_customized:r4:s20260723,5625996207a6fbb7,algorithm_baseline,periodic_customized,reference,periodic_customized,4,20260723,system_poisson,poisson_lifecycle_v1,poisson_profile_catalog,periodic_customized,customized,p12_g4_a64,prewarm,measured,measured,fixed,fixed_total,1.0,85e4775618fc9271,04cc006508118ace,6d76626369b7dc47,7df8c4f9894fbd11,"{""algorithm"":""periodic_customized"",""alpha_l"":0.7,""alpha_r"":0.8,""availability_fraction"":0.5,""beta_l"":0.4,""beta_r"":0.5,""bootstrap_mode"":""prewarm"",""candidate_fixed_point_damping"":0.5,""candidate_fixed_point_max_iterations"":20,""candidate_fixed_point_relative_tolerance"":0.0001,""cloud_count"":1,""comparison_group"":""reference"",""comparison_method"":"""",""control_mode"":""fixed"",""downtime_log_mean"":2.5,""downtime_log_sigma"":0.8,""edge_count"":5,""edge_link_factor"":2.0,""experiment_layer"":""system_poisson"",""fixed_online_budget_ms"":10.0,""fixed_planning_interval_slots"":5,""fixed_total_pool_budget"":20,""lambda_g"":0.7,""lambda_h"":0.7,""lambda_per_slot"":1.0,""max_deadline_ms"":1999.0,""min_deadline_ms"":500.0,""minimum_control_window_slots"":5,""minimum_replanning_interval_slots"":2,""name"":""periodic_customized"",""online_budgets_ms"":[5.0,10.0,20.0],""online_timing_mode"":""measured"",""origin_group_count"":2,""plan_ttl_slots"":20,""planning_candidate_generator_mode"":""customized"",""planning_customized_archive_capacity"":64,""planning_customized_generations"":4,""planning_customized_population_size"":12,""planning_deadline_ms"":2000.0,""planning_intervals"":[5,10,20],""planning_runtime_ms"":100.0,""planning_sample_count"":20,""planning_timing_mode"":""measured"",""pool_budget_mode"":""fixed_total"",""profile_count"":2,""slot_count"":200,""slot_length_ms"":100.0,""suite"":""algorithm_baseline"",""total_pool_budgets"":[8,20,40],""uptime_scale"":100.0,""uptime_shape"":1.5,""user_count"":10,""workload_mode"":""poisson_profile_catalog""}",200,201,206,64,142,57,7,0,0,1,2.1618054972519065,612.7345617842027,0.8424494769470161,6775.568726820198,26,22,16,0,0,44,18,25,14203.581124194898,724.5488247135654,3.5172273044347837,6.936125108040869,28,27,0,3343,3133,0,210,116,92,69,73,22260726,prewarm,stability_delay_energy_v4,unified_fixed_point_v3,explicit_snapshot_v1,poisson_profile_catalog_v1,periodic_repository_v1,customized_periodic_pool_v1,empirical_window_beta_v1,slot_up_down_v1,fixed_service_time_v1,fixed_path_v1,full_duplex_shared_heat_v1,deployment_return_energy_v1,periodic_three_objective_v3,discrete_mpc_v1,grid_tkb_v1,arrival_risk_diversity_v1,budgeted_fixed_point_v1,regularized_surrogate_v1,goodput_cost_v1,0.3106796116504854,0.6893203883495146,0.2766990291262136,0.109375,0.0,2.835820895522388,0.1262135922330097,0.10679611650485436,0.07766990291262135,0.0,0.0
system_poisson:poisson_lifecycle_v1:algorithm_baseline:5625996207a6fbb7:periodic_customized:r5:s20260724,5625996207a6fbb7,algorithm_baseline,periodic_customized,reference,periodic_customized,5,20260724,system_poisson,poisson_lifecycle_v1,poisson_profile_catalog,periodic_customized,customized,p12_g4_a64,prewarm,measured,measured,fixed,fixed_total,1.0,d24fe9836276a23a,5f88dfc591596c91,8236ef19df927245,c61766e5adeaf7a9,"{""algorithm"":""periodic_customized"",""alpha_l"":0.7,""alpha_r"":0.8,""availability_fraction"":0.5,""beta_l"":0.4,""beta_r"":0.5,""bootstrap_mode"":""prewarm"",""candidate_fixed_point_damping"":0.5,""candidate_fixed_point_max_iterations"":20,""candidate_fixed_point_relative_tolerance"":0.0001,""cloud_count"":1,""comparison_group"":""reference"",""comparison_method"":"""",""control_mode"":""fixed"",""downtime_log_mean"":2.5,""downtime_log_sigma"":0.8,""edge_count"":5,""edge_link_factor"":2.0,""experiment_layer"":""system_poisson"",""fixed_online_budget_ms"":10.0,""fixed_planning_interval_slots"":5,""fixed_total_pool_budget"":20,""lambda_g"":0.7,""lambda_h"":0.7,""lambda_per_slot"":1.0,""max_deadline_ms"":1999.0,""min_deadline_ms"":500.0,""minimum_control_window_slots"":5,""minimum_replanning_interval_slots"":2,""name"":""periodic_customized"",""online_budgets_ms"":[5.0,10.0,20.0],""online_timing_mode"":""measured"",""origin_group_count"":2,""plan_ttl_slots"":20,""planning_candidate_generator_mode"":""customized"",""planning_customized_archive_capacity"":64,""planning_customized_generations"":4,""planning_customized_population_size"":12,""planning_deadline_ms"":2000.0,""planning_intervals"":[5,10,20],""planning_runtime_ms"":100.0,""planning_sample_count"":20,""planning_timing_mode"":""measured"",""pool_budget_mode"":""fixed_total"",""profile_count"":2,""slot_count"":200,""slot_length_ms"":100.0,""suite"":""algorithm_baseline"",""total_pool_budgets"":[8,20,40],""uptime_scale"":100.0,""uptime_shape"":1.5,""user_count"":10,""workload_mode"":""poisson_profile_catalog""}",200,203,196,69,127,60,9,2,0,1,2.1166547294437765,508.39656634624515,0.8399425056224594,4245.880985812707,43,14,12,0,0,47,31,15,11934.480459429324,608.6379123153165,3.105295470996513,5.570083972997963,33,32,0,3376,3136,0,240,148,133,99,87,22260727,prewarm,stability_delay_energy_v4,unified_fixed_point_v3,explicit_snapshot_v1,poisson_profile_catalog_v1,periodic_repository_v1,customized_periodic_pool_v1,empirical_window_beta_v1,slot_up_down_v1,fixed_service_time_v1,fixed_path_v1,full_duplex_shared_heat_v1,deployment_return_energy_v1,periodic_three_objective_v3,discrete_mpc_v1,grid_tkb_v1,arrival_risk_diversity_v1,budgeted_fixed_point_v1,regularized_surrogate_v1,goodput_cost_v1,0.3520408163265306,0.6479591836734694,0.30612244897959184,0.13043478260869565,0.028985507246376812,2.955665024630542,0.2193877551020408,0.07142857142857142,0.061224489795918366,0.0,0.0
system_poisson:poisson_lifecycle_v1:algorithm_baseline:5625996207a6fbb7:periodic_customized:r6:s20260725,5625996207a6fbb7,algorithm_baseline,periodic_customized,reference,periodic_customized,6,20260725,system_poisson,poisson_lifecycle_v1,poisson_profile_catalog,periodic_customized,customized,p12_g4_a64,prewarm,measured,measured,fixed,fixed_total,1.0,26abbdd9b75bc615,fc04fea1c464df4f,315f55f80c124787,b0aa21bae96916c6,"{""algorithm"":""periodic_customized"",""alpha_l"":0.7,""alpha_r"":0.8,""availability_fraction"":0.5,""beta_l"":0.4,""beta_r"":0.5,""bootstrap_mode"":""prewarm"",""candidate_fixed_point_damping"":0.5,""candidate_fixed_point_max_iterations"":20,""candidate_fixed_point_relative_tolerance"":0.0001,""cloud_count"":1,""comparison_group"":""reference"",""comparison_method"":"""",""control_mode"":""fixed"",""downtime_log_mean"":2.5,""downtime_log_sigma"":0.8,""edge_count"":5,""edge_link_factor"":2.0,""experiment_layer"":""system_poisson"",""fixed_online_budget_ms"":10.0,""fixed_planning_interval_slots"":5,""fixed_total_pool_budget"":20,""lambda_g"":0.7,""lambda_h"":0.7,""lambda_per_slot"":1.0,""max_deadline_ms"":1999.0,""min_deadline_ms"":500.0,""minimum_control_window_slots"":5,""minimum_replanning_interval_slots"":2,""name"":""periodic_customized"",""online_budgets_ms"":[5.0,10.0,20.0],""online_timing_mode"":""measured"",""origin_group_count"":2,""plan_ttl_slots"":20,""planning_candidate_generator_mode"":""customized"",""planning_customized_archive_capacity"":64,""planning_customized_generations"":4,""planning_customized_population_size"":12,""planning_deadline_ms"":2000.0,""planning_intervals"":[5,10,20],""planning_runtime_ms"":100.0,""planning_sample_count"":20,""planning_timing_mode"":""measured"",""pool_budget_mode"":""fixed_total"",""profile_count"":2,""slot_count"":200,""slot_length_ms"":100.0,""suite"":""algorithm_baseline"",""total_pool_budgets"":[8,20,40],""uptime_scale"":100.0,""uptime_shape"":1.5,""user_count"":10,""workload_mode"":""poisson_profile_catalog""}",200,209,183,61,122,48,13,1,0,1,1.6842496280847707,619.9008529203525,0.8518406873060089,5689.564506456049,27,21,13,0,0,45,21,23,13278.904793201946,545.9856719244272,2.9835282618821157,5.71287504862994,31,30,0,3299,2832,0,467,172,120,70,70,22260728,prewarm,stability_delay_energy_v4,unified_fixed_point_v3,explicit_snapshot_v1,poisson_profile_catalog_v1,periodic_repository_v1,customized_periodic_pool_v1,empirical_window_beta_v1,slot_up_down_v1,fixed_service_time_v1,fixed_path_v1,full_duplex_shared_heat_v1,deployment_return_energy_v1,periodic_three_objective_v3,discrete_mpc_v1,grid_tkb_v1,arrival_risk_diversity_v1,budgeted_fixed_point_v1,regularized_surrogate_v1,goodput_cost_v1,0.3333333333333333,0.6666666666666666,0.26229508196721313,0.21311475409836064,0.01639344262295082,2.2966507177033493,0.14754098360655737,0.11475409836065574,0.07103825136612021,0.0,0.0
system_poisson:poisson_lifecycle_v1:algorithm_baseline:5625996207a6fbb7:periodic_customized:r7:s20260726,5625996207a6fbb7,algorithm_baseline,periodic_customized,reference,periodic_customized,7,20260726,system_poisson,poisson_lifecycle_v1,poisson_profile_catalog,periodic_customized,customized,p12_g4_a64,prewarm,measured,measured,fixed,fixed_total,1.0,cfb348bc73ed6b08,6c2f0ddd78fdc176,45d9b67b7d7e2742,5d8d75c05ac19d95,"{""algorithm"":""periodic_customized"",""alpha_l"":0.7,""alpha_r"":0.8,""availability_fraction"":0.5,""beta_l"":0.4,""beta_r"":0.5,""bootstrap_mode"":""prewarm"",""candidate_fixed_point_damping"":0.5,""candidate_fixed_point_max_iterations"":20,""candidate_fixed_point_relative_tolerance"":0.0001,""cloud_count"":1,""comparison_group"":""reference"",""comparison_method"":"""",""control_mode"":""fixed"",""downtime_log_mean"":2.5,""downtime_log_sigma"":0.8,""edge_count"":5,""edge_link_factor"":2.0,""experiment_layer"":""system_poisson"",""fixed_online_budget_ms"":10.0,""fixed_planning_interval_slots"":5,""fixed_total_pool_budget"":20,""lambda_g"":0.7,""lambda_h"":0.7,""lambda_per_slot"":1.0,""max_deadline_ms"":1999.0,""min_deadline_ms"":500.0,""minimum_control_window_slots"":5,""minimum_replanning_interval_slots"":2,""name"":""periodic_customized"",""online_budgets_ms"":[5.0,10.0,20.0],""online_timing_mode"":""measured"",""origin_group_count"":2,""plan_ttl_slots"":20,""planning_candidate_generator_mode"":""customized"",""planning_customized_archive_capacity"":64,""planning_customized_generations"":4,""planning_customized_population_size"":12,""planning_deadline_ms"":2000.0,""planning_intervals"":[5,10,20],""planning_runtime_ms"":100.0,""planning_sample_count"":20,""planning_timing_mode"":""measured"",""pool_budget_mode"":""fixed_total"",""profile_count"":2,""slot_count"":200,""slot_length_ms"":100.0,""suite"":""algorithm_baseline"",""total_pool_budgets"":[8,20,40],""uptime_scale"":100.0,""uptime_shape"":1.5,""user_count"":10,""workload_mode"":""poisson_profile_catalog""}",200,209,190,54,136,49,5,0,0,1,1.670677067048855,746.0728074056409,0.8183027416178291,7366.0896855145265,21,15,18,0,0,41,17,23,15487.004085909575,685.9031216008589,3.6100164294782044,7.051666965708137,23,22,0,2966,2781,0,185,121,111,60,66,22260729,prewarm,stability_delay_energy_v4,unified_fixed_point_v3,explicit_snapshot_v1,poisson_profile_catalog_v1,periodic_repository_v1,customized_periodic_pool_v1,empirical_window_beta_v1,slot_up_down_v1,fixed_service_time_v1,fixed_path_v1,full_duplex_shared_heat_v1,deployment_return_energy_v1,periodic_three_objective_v3,discrete_mpc_v1,grid_tkb_v1,arrival_risk_diversity_v1,budgeted_fixed_point_v1,regularized_surrogate_v1,goodput_cost_v1,0.28421052631578947,0.7157894736842105,0.2578947368421053,0.09259259259259259,0.0,2.3444976076555024,0.11052631578947368,0.07894736842105263,0.09473684210526316,0.0,0.0
system_poisson:poisson_lifecycle_v1:algorithm_baseline:5625996207a6fbb7:periodic_customized:r8:s20260727,5625996207a6fbb7,algorithm_baseline,periodic_customized,reference,periodic_customized,8,20260727,system_poisson,poisson_lifecycle_v1,poisson_profile_catalog,periodic_customized,customized,p12_g4_a64,prewarm,measured,measured,fixed,fixed_total,1.0,77262aef7c650c15,adddb8a44db4224c,5ef7f7f709b227ab,5f427e7b1456da70,"{""algorithm"":""periodic_customized"",""alpha_l"":0.7,""alpha_r"":0.8,""availability_fraction"":0.5,""beta_l"":0.4,""beta_r"":0.5,""bootstrap_mode"":""prewarm"",""candidate_fixed_point_damping"":0.5,""candidate_fixed_point_max_iterations"":20,""candidate_fixed_point_relative_tolerance"":0.0001,""cloud_count"":1,""comparison_group"":""reference"",""comparison_method"":"""",""control_mode"":""fixed"",""downtime_log_mean"":2.5,""downtime_log_sigma"":0.8,""edge_count"":5,""edge_link_factor"":2.0,""experiment_layer"":""system_poisson"",""fixed_online_budget_ms"":10.0,""fixed_planning_interval_slots"":5,""fixed_total_pool_budget"":20,""lambda_g"":0.7,""lambda_h"":0.7,""lambda_per_slot"":1.0,""max_deadline_ms"":1999.0,""min_deadline_ms"":500.0,""minimum_control_window_slots"":5,""minimum_replanning_interval_slots"":2,""name"":""periodic_customized"",""online_budgets_ms"":[5.0,10.0,20.0],""online_timing_mode"":""measured"",""origin_group_count"":2,""plan_ttl_slots"":20,""planning_candidate_generator_mode"":""customized"",""planning_customized_archive_capacity"":64,""planning_customized_generations"":4,""planning_customized_population_size"":12,""planning_deadline_ms"":2000.0,""planning_intervals"":[5,10,20],""planning_runtime_ms"":100.0,""planning_sample_count"":20,""planning_timing_mode"":""measured"",""pool_budget_mode"":""fixed_total"",""profile_count"":2,""slot_count"":200,""slot_length_ms"":100.0,""suite"":""algorithm_baseline"",""total_pool_budgets"":[8,20,40],""uptime_scale"":100.0,""uptime_shape"":1.5,""user_count"":10,""workload_mode"":""poisson_profile_catalog""}",200,206,181,65,116,57,8,1,0,1,1.9856113125634312,646.1445620958301,0.8433220003198734,7494.554442563843,27,13,25,0,0,38,15,22,16440.722121158615,705.0743359141052,3.895438319967432,8.013125043362379,19,18,0,3014,2232,0,782,228,130,68,125,22260730,prewarm,stability_delay_energy_v4,unified_fixed_point_v3,explicit_snapshot_v1,poisson_profile_catalog_v1,periodic_repository_v1,customized_periodic_pool_v1,empirical_window_beta_v1,slot_up_down_v1,fixed_service_time_v1,fixed_path_v1,full_duplex_shared_heat_v1,deployment_return_energy_v1,periodic_three_objective_v3,discrete_mpc_v1,grid_tkb_v1,arrival_risk_diversity_v1,budgeted_fixed_point_v1,regularized_surrogate_v1,goodput_cost_v1,0.35911602209944754,0.6408839779005525,0.3149171270718232,0.12307692307692308,0.015384615384615385,2.7669902912621356,0.14917127071823205,0.0718232044198895,0.13812154696132597,0.0,0.0
system_poisson:poisson_lifecycle_v1:algorithm_baseline:5625996207a6fbb7:periodic_customized:r9:s20260728,5625996207a6fbb7,algorithm_baseline,periodic_customized,reference,periodic_customized,9,20260728,system_poisson,poisson_lifecycle_v1,poisson_profile_catalog,periodic_customized,customized,p12_g4_a64,prewarm,measured,measured,fixed,fixed_total,1.0,51994d7f38a9b2d2,94c502adeeb85260,9f5ed373a6bd9324,58651f60c37cc329,"{""algorithm"":""periodic_customized"",""alpha_l"":0.7,""alpha_r"":0.8,""availability_fraction"":0.5,""beta_l"":0.4,""beta_r"":0.5,""bootstrap_mode"":""prewarm"",""candidate_fixed_point_damping"":0.5,""candidate_fixed_point_max_iterations"":20,""candidate_fixed_point_relative_tolerance"":0.0001,""cloud_count"":1,""comparison_group"":""reference"",""comparison_method"":"""",""control_mode"":""fixed"",""downtime_log_mean"":2.5,""downtime_log_sigma"":0.8,""edge_count"":5,""edge_link_factor"":2.0,""experiment_layer"":""system_poisson"",""fixed_online_budget_ms"":10.0,""fixed_planning_interval_slots"":5,""fixed_total_pool_budget"":20,""lambda_g"":0.7,""lambda_h"":0.7,""lambda_per_slot"":1.0,""max_deadline_ms"":1999.0,""min_deadline_ms"":500.0,""minimum_control_window_slots"":5,""minimum_replanning_interval_slots"":2,""name"":""periodic_customized"",""online_budgets_ms"":[5.0,10.0,20.0],""online_timing_mode"":""measured"",""origin_group_count"":2,""plan_ttl_slots"":20,""planning_candidate_generator_mode"":""customized"",""planning_customized_archive_capacity"":64,""planning_customized_generations"":4,""planning_customized_population_size"":12,""planning_deadline_ms"":2000.0,""planning_intervals"":[5,10,20],""planning_runtime_ms"":100.0,""planning_sample_count"":20,""planning_timing_mode"":""measured"",""pool_budget_mode"":""fixed_total"",""profile_count"":2,""slot_count"":200,""slot_length_ms"":100.0,""suite"":""algorithm_baseline"",""total_pool_budgets"":[8,20,40],""uptime_scale"":100.0,""uptime_shape"":1.5,""user_count"":10,""workload_mode"":""poisson_profile_catalog""}",200,208,211,77,134,66,11,1,0,1,2.2781234541931012,611.9893250800438,0.838726899903663,6200.611708889296,35,6,36,0,0,43,23,19,14282.537833903916,803.0547423986718,3.8059466464392027,7.326791062951088,27,26,0,3746,2123,0,1623,508,337,108,242,22260731,prewarm,stability_delay_energy_v4,unified_fixed_point_v3,explicit_snapshot_v1,poisson_profile_catalog_v1,periodic_repository_v1,customized_periodic_pool_v1,empirical_window_beta_v1,slot_up_down_v1,fixed_service_time_v1,fixed_path_v1,full_duplex_shared_heat_v1,deployment_return_energy_v1,periodic_three_objective_v3,discrete_mpc_v1,grid_tkb_v1,arrival_risk_diversity_v1,budgeted_fixed_point_v1,regularized_surrogate_v1,goodput_cost_v1,0.36492890995260663,0.6350710900473934,0.3127962085308057,0.14285714285714285,0.012987012987012988,3.173076923076923,0.16587677725118483,0.02843601895734597,0.17061611374407584,0.0,0.0
system_poisson:poisson_lifecycle_v1:algorithm_baseline:5625996207a6fbb7:periodic_customized:r10:s20260729,5625996207a6fbb7,algorithm_baseline,periodic_customized,reference,periodic_customized,10,20260729,system_poisson,poisson_lifecycle_v1,poisson_profile_catalog,periodic_customized,customized,p12_g4_a64,prewarm,measured,measured,fixed,fixed_total,1.0,5b8d17f0ef7f4099,329b4f7d21be54ff,897cead0737f85bf,5bfdd62f4d90fc6a,"{""algorithm"":""periodic_customized"",""alpha_l"":0.7,""alpha_r"":0.8,""availability_fraction"":0.5,""beta_l"":0.4,""beta_r"":0.5,""bootstrap_mode"":""prewarm"",""candidate_fixed_point_damping"":0.5,""candidate_fixed_point_max_iterations"":20,""candidate_fixed_point_relative_tolerance"":0.0001,""cloud_count"":1,""comparison_group"":""reference"",""comparison_method"":"""",""control_mode"":""fixed"",""downtime_log_mean"":2.5,""downtime_log_sigma"":0.8,""edge_count"":5,""edge_link_factor"":2.0,""experiment_layer"":""system_poisson"",""fixed_online_budget_ms"":10.0,""fixed_planning_interval_slots"":5,""fixed_total_pool_budget"":20,""lambda_g"":0.7,""lambda_h"":0.7,""lambda_per_slot"":1.0,""max_deadline_ms"":1999.0,""min_deadline_ms"":500.0,""minimum_control_window_slots"":5,""minimum_replanning_interval_slots"":2,""name"":""periodic_customized"",""online_budgets_ms"":[5.0,10.0,20.0],""online_timing_mode"":""measured"",""origin_group_count"":2,""plan_ttl_slots"":20,""planning_candidate_generator_mode"":""customized"",""planning_customized_archive_capacity"":64,""planning_customized_generations"":4,""planning_customized_population_size"":12,""planning_deadline_ms"":2000.0,""planning_intervals"":[5,10,20],""planning_runtime_ms"":100.0,""planning_sample_count"":20,""planning_timing_mode"":""measured"",""pool_budget_mode"":""fixed_total"",""profile_count"":2,""slot_count"":200,""slot_length_ms"":100.0,""suite"":""algorithm_baseline"",""total_pool_budgets"":[8,20,40],""uptime_scale"":100.0,""uptime_shape"":1.5,""user_count"":10,""workload_mode"":""poisson_profile_catalog""}",200,203,209,83,126,70,13,1,0,1,2.555632394146264,541.4225410761115,0.8114277323351391,6166.344898218156,31,21,31,0,0,42,22,19,15363.250416936353,855.2824144717306,4.092260356324069,7.619583047926426,24,23,0,3741,2410,0,1331,539,305,126,214,22260732,prewarm,stability_delay_energy_v4,unified_fixed_point_v3,explicit_snapshot_v1,poisson_profile_catalog_v1,periodic_repository_v1,customized_periodic_pool_v1,empirical_window_beta_v1,slot_up_down_v1,fixed_service_time_v1,fixed_path_v1,full_duplex_shared_heat_v1,deployment_return_energy_v1,periodic_three_objective_v3,discrete_mpc_v1,grid_tkb_v1,arrival_risk_diversity_v1,budgeted_fixed_point_v1,regularized_surrogate_v1,goodput_cost_v1,0.39712918660287083,0.6028708133971292,0.3349282296650718,0.1566265060240964,0.012048192771084338,3.4482758620689653,0.14832535885167464,0.10047846889952153,0.14832535885167464,0.0,0.0
system_poisson:poisson_lifecycle_v1:algorithm_baseline:5625996207a6fbb7:periodic_customized:r11:s20260730,5625996207a6fbb7,algorithm_baseline,periodic_customized,reference,periodic_customized,11,20260730,system_poisson,poisson_lifecycle_v1,poisson_profile_catalog,periodic_customized,customized,p12_g4_a64,prewarm,measured,measured,fixed,fixed_total,1.0,30f077b6e956d2e4,a9f113d17c0a9b50,f4bafd7cbf888eae,2fbd8cdb625c9aae,"{""algorithm"":""periodic_customized"",""alpha_l"":0.7,""alpha_r"":0.8,""availability_fraction"":0.5,""beta_l"":0.4,""beta_r"":0.5,""bootstrap_mode"":""prewarm"",""candidate_fixed_point_damping"":0.5,""candidate_fixed_point_max_iterations"":20,""candidate_fixed_point_relative_tolerance"":0.0001,""cloud_count"":1,""comparison_group"":""reference"",""comparison_method"":"""",""control_mode"":""fixed"",""downtime_log_mean"":2.5,""downtime_log_sigma"":0.8,""edge_count"":5,""edge_link_factor"":2.0,""experiment_layer"":""system_poisson"",""fixed_online_budget_ms"":10.0,""fixed_planning_interval_slots"":5,""fixed_total_pool_budget"":20,""lambda_g"":0.7,""lambda_h"":0.7,""lambda_per_slot"":1.0,""max_deadline_ms"":1999.0,""min_deadline_ms"":500.0,""minimum_control_window_slots"":5,""minimum_replanning_interval_slots"":2,""name"":""periodic_customized"",""online_budgets_ms"":[5.0,10.0,20.0],""online_timing_mode"":""measured"",""origin_group_count"":2,""plan_ttl_slots"":20,""planning_candidate_generator_mode"":""customized"",""planning_customized_archive_capacity"":64,""planning_customized_generations"":4,""planning_customized_population_size"":12,""planning_deadline_ms"":2000.0,""planning_intervals"":[5,10,20],""planning_runtime_ms"":100.0,""planning_sample_count"":20,""planning_timing_mode"":""measured"",""pool_budget_mode"":""fixed_total"",""profile_count"":2,""slot_count"":200,""slot_length_ms"":100.0,""suite"":""algorithm_baseline"",""total_pool_budgets"":[8,20,40],""uptime_scale"":100.0,""uptime_shape"":1.5,""user_count"":10,""workload_mode"":""poisson_profile_catalog""}",200,202,179,57,122,54,3,1,0,1,2.073857673798594,539.0653716185866,0.8215011521802478,5215.053218343965,28,24,5,0,0,37,17,19,16603.80558203906,801.1484930757433,4.47568990545108,8.168500033207238,13,12,0,3087,2616,0,471,250,183,133,111,22260733,prewarm,stability_delay_energy_v4,unified_fixed_point_v3,explicit_snapshot_v1,poisson_profile_catalog_v1,periodic_repository_v1,customized_periodic_pool_v1,empirical_window_beta_v1,slot_up_down_v1,fixed_service_time_v1,fixed_path_v1,full_duplex_shared_heat_v1,deployment_return_energy_v1,periodic_three_objective_v3,discrete_mpc_v1,grid_tkb_v1,arrival_risk_diversity_v1,budgeted_fixed_point_v1,regularized_surrogate_v1,goodput_cost_v1,0.31843575418994413,0.6815642458100558,0.3016759776536313,0.05263157894736842,0.017543859649122806,2.6732673267326734,0.1564245810055866,0.1340782122905028,0.027932960893854747,0.0,0.0
system_poisson:poisson_lifecycle_v1:algorithm_baseline:5625996207a6fbb7:periodic_customized:r12:s20260731,5625996207a6fbb7,algorithm_baseline,periodic_customized,reference,periodic_customized,12,20260731,system_poisson,poisson_lifecycle_v1,poisson_profile_catalog,periodic_customized,customized,p12_g4_a64,prewarm,measured,measured,fixed,fixed_total,1.0,c8a1c19b9973aa96,c57247db4e0508db,72a5571d4331dbf4,5615e2a246665bbb,"{""algorithm"":""periodic_customized"",""alpha_l"":0.7,""alpha_r"":0.8,""availability_fraction"":0.5,""beta_l"":0.4,""beta_r"":0.5,""bootstrap_mode"":""prewarm"",""candidate_fixed_point_damping"":0.5,""candidate_fixed_point_max_iterations"":20,""candidate_fixed_point_relative_tolerance"":0.0001,""cloud_count"":1,""comparison_group"":""reference"",""comparison_method"":"""",""control_mode"":""fixed"",""downtime_log_mean"":2.5,""downtime_log_sigma"":0.8,""edge_count"":5,""edge_link_factor"":2.0,""experiment_layer"":""system_poisson"",""fixed_online_budget_ms"":10.0,""fixed_planning_interval_slots"":5,""fixed_total_pool_budget"":20,""lambda_g"":0.7,""lambda_h"":0.7,""lambda_per_slot"":1.0,""max_deadline_ms"":1999.0,""min_deadline_ms"":500.0,""minimum_control_window_slots"":5,""minimum_replanning_interval_slots"":2,""name"":""periodic_customized"",""online_budgets_ms"":[5.0,10.0,20.0],""online_timing_mode"":""measured"",""origin_group_count"":2,""plan_ttl_slots"":20,""planning_candidate_generator_mode"":""customized"",""planning_customized_archive_capacity"":64,""planning_customized_generations"":4,""planning_customized_population_size"":12,""planning_deadline_ms"":2000.0,""planning_intervals"":[5,10,20],""planning_runtime_ms"":100.0,""planning_sample_count"":20,""planning_timing_mode"":""measured"",""pool_budget_mode"":""fixed_total"",""profile_count"":2,""slot_count"":200,""slot_length_ms"":100.0,""suite"":""algorithm_baseline"",""total_pool_budgets"":[8,20,40],""uptime_scale"":100.0,""uptime_shape"":1.5,""user_count"":10,""workload_mode"":""poisson_profile_catalog""}",200,205,184,64,120,58,6,2,0,1,2.0674234478554134,620.0240162152758,0.8346893356129415,6937.334790861465,24,22,18,0,0,41,15,26,15378.732288256288,667.0309186447412,3.625168036112724,5.958665977232158,23,22,0,3250,2737,0,513,227,152,50,146,22260734,prewarm,stability_delay_energy_v4,unified_fixed_point_v3,explicit_snapshot_v1,poisson_profile_catalog_v1,periodic_repository_v1,customized_periodic_pool_v1,empirical_window_beta_v1,slot_up_down_v1,fixed_service_time_v1,fixed_path_v1,full_duplex_shared_heat_v1,deployment_return_energy_v1,periodic_three_objective_v3,discrete_mpc_v1,grid_tkb_v1,arrival_risk_diversity_v1,budgeted_fixed_point_v1,regularized_surrogate_v1,goodput_cost_v1,0.34782608695652173,0.6521739130434783,0.31521739130434784,0.09375,0.03125,2.8292682926829267,0.13043478260869565,0.11956521739130435,0.09782608695652174,0.0,0.0
system_poisson:poisson_lifecycle_v1:algorithm_baseline:5625996207a6fbb7:periodic_customized:r13:s20260732,5625996207a6fbb7,algorithm_baseline,periodic_customized,reference,periodic_customized,13,20260732,system_poisson,poisson_lifecycle_v1,poisson_profile_catalog,periodic_customized,customized,p12_g4_a64,prewarm,measured,measured,fixed,fixed_total,1.0,2570004416ece14a,3e0c88c5a91c29b4,5e6617b3e9dde363,a897565254a74026,"{""algorithm"":""periodic_customized"",""alpha_l"":0.7,""alpha_r"":0.8,""availability_fraction"":0.5,""beta_l"":0.4,""beta_r"":0.5,""bootstrap_mode"":""prewarm"",""candidate_fixed_point_damping"":0.5,""candidate_fixed_point_max_iterations"":20,""candidate_fixed_point_relative_tolerance"":0.0001,""cloud_count"":1,""comparison_group"":""reference"",""comparison_method"":"""",""control_mode"":""fixed"",""downtime_log_mean"":2.5,""downtime_log_sigma"":0.8,""edge_count"":5,""edge_link_factor"":2.0,""experiment_layer"":""system_poisson"",""fixed_online_budget_ms"":10.0,""fixed_planning_interval_slots"":5,""fixed_total_pool_budget"":20,""lambda_g"":0.7,""lambda_h"":0.7,""lambda_per_slot"":1.0,""max_deadline_ms"":1999.0,""min_deadline_ms"":500.0,""minimum_control_window_slots"":5,""minimum_replanning_interval_slots"":2,""name"":""periodic_customized"",""online_budgets_ms"":[5.0,10.0,20.0],""online_timing_mode"":""measured"",""origin_group_count"":2,""plan_ttl_slots"":20,""planning_candidate_generator_mode"":""customized"",""planning_customized_archive_capacity"":64,""planning_customized_generations"":4,""planning_customized_population_size"":12,""planning_deadline_ms"":2000.0,""planning_intervals"":[5,10,20],""planning_runtime_ms"":100.0,""planning_sample_count"":20,""planning_timing_mode"":""measured"",""pool_budget_mode"":""fixed_total"",""profile_count"":2,""slot_count"":200,""slot_length_ms"":100.0,""suite"":""algorithm_baseline"",""total_pool_budgets"":[8,20,40],""uptime_scale"":100.0,""uptime_shape"":1.5,""user_count"":10,""workload_mode"":""poisson_profile_catalog""}",200,205,208,76,132,67,9,3,0,1,2.334468183864992,607.7423289173272,0.8343542778814976,7972.598612995895,28,22,26,0,0,40,17,22,16550.773462862708,881.9824083475396,4.240300040132402,8.014207938686013,19,18,0,3314,2425,0,889,360,243,118,156,22260735,prewarm,stability_delay_energy_v4,unified_fixed_point_v3,explicit_snapshot_v1,poisson_profile_catalog_v1,periodic_repository_v1,customized_periodic_pool_v1,empirical_window_beta_v1,slot_up_down_v1,fixed_service_time_v1,fixed_path_v1,full_duplex_shared_heat_v1,deployment_return_energy_v1,periodic_three_objective_v3,discrete_mpc_v1,grid_tkb_v1,arrival_risk_diversity_v1,budgeted_fixed_point_v1,regularized_surrogate_v1,goodput_cost_v1,0.36538461538461536,0.6346153846153846,0.32211538461538464,0.11842105263157894,0.039473684210526314,3.268292682926829,0.1346153846153846,0.10576923076923077,0.125,0.0,0.0
system_poisson:poisson_lifecycle_v1:algorithm_baseline:5625996207a6fbb7:periodic_customized:r14:s20260733,5625996207a6fbb7,algorithm_baseline,periodic_customized,reference,periodic_customized,14,20260733,system_poisson,poisson_lifecycle_v1,poisson_profile_catalog,periodic_customized,customized,p12_g4_a64,prewarm,measured,measured,fixed,fixed_total,1.0,e549ef942191509c,82b0c7769f30bf5e,5fa9f2d6b0764417,9238a84d7f53868e,"{""algorithm"":""periodic_customized"",""alpha_l"":0.7,""alpha_r"":0.8,""availability_fraction"":0.5,""beta_l"":0.4,""beta_r"":0.5,""bootstrap_mode"":""prewarm"",""candidate_fixed_point_damping"":0.5,""candidate_fixed_point_max_iterations"":20,""candidate_fixed_point_relative_tolerance"":0.0001,""cloud_count"":1,""comparison_group"":""reference"",""comparison_method"":"""",""control_mode"":""fixed"",""downtime_log_mean"":2.5,""downtime_log_sigma"":0.8,""edge_count"":5,""edge_link_factor"":2.0,""experiment_layer"":""system_poisson"",""fixed_online_budget_ms"":10.0,""fixed_planning_interval_slots"":5,""fixed_total_pool_budget"":20,""lambda_g"":0.7,""lambda_h"":0.7,""lambda_per_slot"":1.0,""max_deadline_ms"":1999.0,""min_deadline_ms"":500.0,""minimum_control_window_slots"":5,""minimum_replanning_interval_slots"":2,""name"":""periodic_customized"",""online_budgets_ms"":[5.0,10.0,20.0],""online_timing_mode"":""measured"",""origin_group_count"":2,""plan_ttl_slots"":20,""planning_candidate_generator_mode"":""customized"",""planning_customized_archive_capacity"":64,""planning_customized_generations"":4,""planning_customized_population_size"":12,""planning_deadline_ms"":2000.0,""planning_intervals"":[5,10,20],""planning_runtime_ms"":100.0,""planning_sample_count"":20,""planning_timing_mode"":""measured"",""pool_budget_mode"":""fixed_total"",""profile_count"":2,""slot_count"":200,""slot_length_ms"":100.0,""suite"":""algorithm_baseline"",""total_pool_budgets"":[8,20,40],""uptime_scale"":100.0,""uptime_shape"":1.5,""user_count"":10,""workload_mode"":""poisson_profile_catalog""}",200,207,202,67,135,62,5,1,0,1,2.2143173286765676,595.3607035089117,0.8311162483824984,5655.145210095497,30,21,16,0,0,43,23,19,13457.538665272295,645.526789361611,3.1956771750574804,5.507165915332735,32,31,0,3186,2716,0,470,224,169,121,113,22260736,prewarm,stability_delay_energy_v4,unified_fixed_point_v3,explicit_snapshot_v1,poisson_profile_catalog_v1,periodic_repository_v1,customized_periodic_pool_v1,empirical_window_beta_v1,slot_up_down_v1,fixed_service_time_v1,fixed_path_v1,full_duplex_shared_heat_v1,deployment_return_energy_v1,periodic_three_objective_v3,discrete_mpc_v1,grid_tkb_v1,arrival_risk_diversity_v1,budgeted_fixed_point_v1,regularized_surrogate_v1,goodput_cost_v1,0.3316831683168317,0.6683168316831684,0.3069306930693069,0.07462686567164178,0.014925373134328358,2.995169082125604,0.1485148514851485,0.10396039603960396,0.07920792079207921,0.0,0.0
system_poisson:poisson_lifecycle_v1:algorithm_baseline:5625996207a6fbb7:periodic_customized:r15:s20260734,5625996207a6fbb7,algorithm_baseline,periodic_customized,reference,periodic_customized,15,20260734,system_poisson,poisson_lifecycle_v1,poisson_profile_catalog,periodic_customized,customized,p12_g4_a64,prewarm,measured,measured,fixed,fixed_total,1.0,9d81372cc2973096,868f2658ddad8015,1f9cdc4dfc70bd76,554a01216359253d,"{""algorithm"":""periodic_customized"",""alpha_l"":0.7,""alpha_r"":0.8,""availability_fraction"":0.5,""beta_l"":0.4,""beta_r"":0.5,""bootstrap_mode"":""prewarm"",""candidate_fixed_point_damping"":0.5,""candidate_fixed_point_max_iterations"":20,""candidate_fixed_point_relative_tolerance"":0.0001,""cloud_count"":1,""comparison_group"":""reference"",""comparison_method"":"""",""control_mode"":""fixed"",""downtime_log_mean"":2.5,""downtime_log_sigma"":0.8,""edge_count"":5,""edge_link_factor"":2.0,""experiment_layer"":""system_poisson"",""fixed_online_budget_ms"":10.0,""fixed_planning_interval_slots"":5,""fixed_total_pool_budget"":20,""lambda_g"":0.7,""lambda_h"":0.7,""lambda_per_slot"":1.0,""max_deadline_ms"":1999.0,""min_deadline_ms"":500.0,""minimum_control_window_slots"":5,""minimum_replanning_interval_slots"":2,""name"":""periodic_customized"",""online_budgets_ms"":[5.0,10.0,20.0],""online_timing_mode"":""measured"",""origin_group_count"":2,""plan_ttl_slots"":20,""planning_candidate_generator_mode"":""customized"",""planning_customized_archive_capacity"":64,""planning_customized_generations"":4,""planning_customized_population_size"":12,""planning_deadline_ms"":2000.0,""planning_intervals"":[5,10,20],""planning_runtime_ms"":100.0,""planning_sample_count"":20,""planning_timing_mode"":""measured"",""pool_budget_mode"":""fixed_total"",""profile_count"":2,""slot_count"":200,""slot_length_ms"":100.0,""suite"":""algorithm_baseline"",""total_pool_budgets"":[8,20,40],""uptime_scale"":100.0,""uptime_shape"":1.5,""user_count"":10,""workload_mode"":""poisson_profile_catalog""}",200,205,203,56,147,48,8,1,0,1,1.6404660704260956,722.7434600701027,0.8389601932810155,5587.294243659794,29,9,18,0,0,43,19,23,12612.750373897143,683.8612538995221,3.3687746497513404,6.95991690736264,34,33,0,3320,2901,0,419,181,128,65,113,22260737,prewarm,stability_delay_energy_v4,unified_fixed_point_v3,explicit_snapshot_v1,poisson_profile_catalog_v1,periodic_repository_v1,customized_periodic_pool_v1,empirical_window_beta_v1,slot_up_down_v1,fixed_service_time_v1,fixed_path_v1,full_duplex_shared_heat_v1,deployment_return_energy_v1,periodic_three_objective_v3,discrete_mpc_v1,grid_tkb_v1,arrival_risk_diversity_v1,budgeted_fixed_point_v1,regularized_surrogate_v1,goodput_cost_v1,0.27586206896551724,0.7241379310344828,0.23645320197044334,0.14285714285714285,0.017857142857142856,2.341463414634146,0.14285714285714285,0.04433497536945813,0.08866995073891626,0.0,0.0
system_poisson:poisson_lifecycle_v1:algorithm_baseline:5625996207a6fbb7:periodic_customized:r16:s20260735,5625996207a6fbb7,algorithm_baseline,periodic_customized,reference,periodic_customized,16,20260735,system_poisson,poisson_lifecycle_v1,poisson_profile_catalog,periodic_customized,customized,p12_g4_a64,prewarm,measured,measured,fixed,fixed_total,1.0,c61c842e17f225e3,3da65bab6008a478,33b568baf37f075d,615e85118266de25,"{""algorithm"":""periodic_customized"",""alpha_l"":0.7,""alpha_r"":0.8,""availability_fraction"":0.5,""beta_l"":0.4,""beta_r"":0.5,""bootstrap_mode"":""prewarm"",""candidate_fixed_point_damping"":0.5,""candidate_fixed_point_max_iterations"":20,""candidate_fixed_point_relative_tolerance"":0.0001,""cloud_count"":1,""comparison_group"":""reference"",""comparison_method"":"""",""control_mode"":""fixed"",""downtime_log_mean"":2.5,""downtime_log_sigma"":0.8,""edge_count"":5,""edge_link_factor"":2.0,""experiment_layer"":""system_poisson"",""fixed_online_budget_ms"":10.0,""fixed_planning_interval_slots"":5,""fixed_total_pool_budget"":20,""lambda_g"":0.7,""lambda_h"":0.7,""lambda_per_slot"":1.0,""max_deadline_ms"":1999.0,""min_deadline_ms"":500.0,""minimum_control_window_slots"":5,""minimum_replanning_interval_slots"":2,""name"":""periodic_customized"",""online_budgets_ms"":[5.0,10.0,20.0],""online_timing_mode"":""measured"",""origin_group_count"":2,""plan_ttl_slots"":20,""planning_candidate_generator_mode"":""customized"",""planning_customized_archive_capacity"":64,""planning_customized_generations"":4,""planning_customized_population_size"":12,""planning_deadline_ms"":2000.0,""planning_intervals"":[5,10,20],""planning_runtime_ms"":100.0,""planning_sample_count"":20,""planning_timing_mode"":""measured"",""pool_budget_mode"":""fixed_total"",""profile_count"":2,""slot_count"":200,""slot_length_ms"":100.0,""suite"":""algorithm_baseline"",""total_pool_budgets"":[8,20,40],""uptime_scale"":100.0,""uptime_shape"":1.5,""user_count"":10,""workload_mode"":""poisson_profile_catalog""}",200,205,215,59,156,49,10,3,0,1,1.6196981057406803,780.1524076482094,0.8562740198391028,8209.763052511398,19,7,33,0,0,42,17,24,14660.768328001723,641.4437068160623,2.9834591014700576,5.118167027831078,24,23,0,3232,2572,0,660,187,107,46,76,22260738,prewarm,stability_delay_energy_v4,unified_fixed_point_v3,explicit_snapshot_v1,poisson_profile_catalog_v1,periodic_repository_v1,customized_periodic_pool_v1,empirical_window_beta_v1,slot_up_down_v1,fixed_service_time_v1,fixed_path_v1,full_duplex_shared_heat_v1,deployment_return_energy_v1,periodic_three_objective_v3,discrete_mpc_v1,grid_tkb_v1,arrival_risk_diversity_v1,budgeted_fixed_point_v1,regularized_surrogate_v1,goodput_cost_v1,0.2744186046511628,0.7255813953488373,0.22790697674418606,0.1694915254237288,0.05084745762711865,2.3902439024390243,0.08837209302325581,0.03255813953488372,0.15348837209302327,0.0,0.0
system_poisson:poisson_lifecycle_v1:algorithm_baseline:5625996207a6fbb7:periodic_customized:r17:s20260736,5625996207a6fbb7,algorithm_baseline,periodic_customized,reference,periodic_customized,17,20260736,system_poisson,poisson_lifecycle_v1,poisson_profile_catalog,periodic_customized,customized,p12_g4_a64,prewarm,measured,measured,fixed,fixed_total,1.0,a1e1594e7589a223,d9b518a32809412d,f1078707bd950772,6d1494c76aa00136,"{""algorithm"":""periodic_customized"",""alpha_l"":0.7,""alpha_r"":0.8,""availability_fraction"":0.5,""beta_l"":0.4,""beta_r"":0.5,""bootstrap_mode"":""prewarm"",""candidate_fixed_point_damping"":0.5,""candidate_fixed_point_max_iterations"":20,""candidate_fixed_point_relative_tolerance"":0.0001,""cloud_count"":1,""comparison_group"":""reference"",""comparison_method"":"""",""control_mode"":""fixed"",""downtime_log_mean"":2.5,""downtime_log_sigma"":0.8,""edge_count"":5,""edge_link_factor"":2.0,""experiment_layer"":""system_poisson"",""fixed_online_budget_ms"":10.0,""fixed_planning_interval_slots"":5,""fixed_total_pool_budget"":20,""lambda_g"":0.7,""lambda_h"":0.7,""lambda_per_slot"":1.0,""max_deadline_ms"":1999.0,""min_deadline_ms"":500.0,""minimum_control_window_slots"":5,""minimum_replanning_interval_slots"":2,""name"":""periodic_customized"",""online_budgets_ms"":[5.0,10.0,20.0],""online_timing_mode"":""measured"",""origin_group_count"":2,""plan_ttl_slots"":20,""planning_candidate_generator_mode"":""customized"",""planning_customized_archive_capacity"":64,""planning_customized_generations"":4,""planning_customized_population_size"":12,""planning_deadline_ms"":2000.0,""planning_intervals"":[5,10,20],""planning_runtime_ms"":100.0,""planning_sample_count"":20,""planning_timing_mode"":""measured"",""pool_budget_mode"":""fixed_total"",""profile_count"":2,""slot_count"":200,""slot_length_ms"":100.0,""suite"":""algorithm_baseline"",""total_pool_budgets"":[8,20,40],""uptime_scale"":100.0,""uptime_shape"":1.5,""user_count"":10,""workload_mode"":""poisson_profile_catalog""}",200,209,191,62,129,56,6,3,0,1,1.8827706739947363,673.33156328396,0.8443718486613069,6372.745925050868,30,12,20,0,0,45,20,24,13438.59716609586,631.2112574232742,3.304770981273687,5.289374967105687,30,29,0,3379,2900,0,479,183,127,60,106,22260739,prewarm,stability_delay_energy_v4,unified_fixed_point_v3,explicit_snapshot_v1,poisson_profile_catalog_v1,periodic_repository_v1,customized_periodic_pool_v1,empirical_window_beta_v1,slot_up_down_v1,fixed_service_time_v1,fixed_path_v1,full_duplex_shared_heat_v1,deployment_return_energy_v1,periodic_three_objective_v3,discrete_mpc_v1,grid_tkb_v1,arrival_risk_diversity_v1,budgeted_fixed_point_v1,regularized_surrogate_v1,goodput_cost_v1,0.32460732984293195,0.675392670157068,0.2931937172774869,0.0967741935483871,0.04838709677419355,2.6794258373205744,0.15706806282722513,0.06282722513089005,0.10471204188481675,0.0,0.0
system_poisson:poisson_lifecycle_v1:algorithm_baseline:5625996207a6fbb7:periodic_customized:r18:s20260737,5625996207a6fbb7,algorithm_baseline,periodic_customized,reference,periodic_customized,18,20260737,system_poisson,poisson_lifecycle_v1,poisson_profile_catalog,periodic_customized,customized,p12_g4_a64,prewarm,measured,measured,fixed,fixed_total,1.0,2340d35db3923e87,6c6665153475ebe0,e91a6f9277c728f1,fb1a538d3c9d367a,"{""algorithm"":""periodic_customized"",""alpha_l"":0.7,""alpha_r"":0.8,""availability_fraction"":0.5,""beta_l"":0.4,""beta_r"":0.5,""bootstrap_mode"":""prewarm"",""candidate_fixed_point_damping"":0.5,""candidate_fixed_point_max_iterations"":20,""candidate_fixed_point_relative_tolerance"":0.0001,""cloud_count"":1,""comparison_group"":""reference"",""comparison_method"":"""",""control_mode"":""fixed"",""downtime_log_mean"":2.5,""downtime_log_sigma"":0.8,""edge_count"":5,""edge_link_factor"":2.0,""experiment_layer"":""system_poisson"",""fixed_online_budget_ms"":10.0,""fixed_planning_interval_slots"":5,""fixed_total_pool_budget"":20,""lambda_g"":0.7,""lambda_h"":0.7,""lambda_per_slot"":1.0,""max_deadline_ms"":1999.0,""min_deadline_ms"":500.0,""minimum_control_window_slots"":5,""minimum_replanning_interval_slots"":2,""name"":""periodic_customized"",""online_budgets_ms"":[5.0,10.0,20.0],""online_timing_mode"":""measured"",""origin_group_count"":2,""plan_ttl_slots"":20,""planning_candidate_generator_mode"":""customized"",""planning_customized_archive_capacity"":64,""planning_customized_generations"":4,""planning_customized_population_size"":12,""planning_deadline_ms"":2000.0,""planning_intervals"":[5,10,20],""planning_runtime_ms"":100.0,""planning_sample_count"":20,""planning_timing_mode"":""measured"",""pool_budget_mode"":""fixed_total"",""profile_count"":2,""slot_count"":200,""slot_length_ms"":100.0,""suite"":""algorithm_baseline"",""total_pool_budgets"":[8,20,40],""uptime_scale"":100.0,""uptime_shape"":1.5,""user_count"":10,""workload_mode"":""poisson_profile_catalog""}",200,203,177,84,93,73,11,0,0,1,2.8020139826722428,490.1073751548358,0.8264337965457468,5134.607414809305,39,28,17,0,0,44,25,18,14777.052792953327,705.0529576372355,3.9833500431482234,6.911207921802998,26,25,0,3653,2840,0,813,395,277,151,189,22260740,prewarm,stability_delay_energy_v4,unified_fixed_point_v3,explicit_snapshot_v1,poisson_profile_catalog_v1,periodic_repository_v1,customized_periodic_pool_v1,empirical_window_beta_v1,slot_up_down_v1,fixed_service_time_v1,fixed_path_v1,full_duplex_shared_heat_v1,deployment_return_energy_v1,periodic_three_objective_v3,discrete_mpc_v1,grid_tkb_v1,arrival_risk_diversity_v1,budgeted_fixed_point_v1,regularized_surrogate_v1,goodput_cost_v1,0.4745762711864407,0.5254237288135594,0.4124293785310734,0.13095238095238096,0.0,3.5960591133004924,0.22033898305084745,0.15819209039548024,0.096045197740113,0.0,0.0
system_poisson:poisson_lifecycle_v1:algorithm_baseline:5625996207a6fbb7:periodic_customized:r19:s20260738,5625996207a6fbb7,algorithm_baseline,periodic_customized,reference,periodic_customized,19,20260738,system_poisson,poisson_lifecycle_v1,poisson_profile_catalog,periodic_customized,customized,p12_g4_a64,prewarm,measured,measured,fixed,fixed_total,1.0,2f8cac81e28c6822,342fe7b24aabf9c9,bca0f53820c0230d,a5b68c6f808e683d,"{""algorithm"":""periodic_customized"",""alpha_l"":0.7,""alpha_r"":0.8,""availability_fraction"":0.5,""beta_l"":0.4,""beta_r"":0.5,""bootstrap_mode"":""prewarm"",""candidate_fixed_point_damping"":0.5,""candidate_fixed_point_max_iterations"":20,""candidate_fixed_point_relative_tolerance"":0.0001,""cloud_count"":1,""comparison_group"":""reference"",""comparison_method"":"""",""control_mode"":""fixed"",""downtime_log_mean"":2.5,""downtime_log_sigma"":0.8,""edge_count"":5,""edge_link_factor"":2.0,""experiment_layer"":""system_poisson"",""fixed_online_budget_ms"":10.0,""fixed_planning_interval_slots"":5,""fixed_total_pool_budget"":20,""lambda_g"":0.7,""lambda_h"":0.7,""lambda_per_slot"":1.0,""max_deadline_ms"":1999.0,""min_deadline_ms"":500.0,""minimum_control_window_slots"":5,""minimum_replanning_interval_slots"":2,""name"":""periodic_customized"",""online_budgets_ms"":[5.0,10.0,20.0],""online_timing_mode"":""measured"",""origin_group_count"":2,""plan_ttl_slots"":20,""planning_candidate_generator_mode"":""customized"",""planning_customized_archive_capacity"":64,""planning_customized_generations"":4,""planning_customized_population_size"":12,""planning_deadline_ms"":2000.0,""planning_intervals"":[5,10,20],""planning_runtime_ms"":100.0,""planning_sample_count"":20,""planning_timing_mode"":""measured"",""pool_budget_mode"":""fixed_total"",""profile_count"":2,""slot_count"":200,""slot_length_ms"":100.0,""suite"":""algorithm_baseline"",""total_pool_budgets"":[8,20,40],""uptime_scale"":100.0,""uptime_shape"":1.5,""user_count"":10,""workload_mode"":""poisson_profile_catalog""}",200,205,180,37,143,31,6,3,0,1,0.9740644683035828,759.0306664545103,0.8404661665362515,6801.157525752369,17,5,15,0,0,47,12,34,14087.196707376279,545.2321693301201,3.029067607389556,4.868249990977347,28,27,0,3423,3235,0,188,80,64,21,61,22260741,prewarm,stability_delay_energy_v4,unified_fixed_point_v3,explicit_snapshot_v1,poisson_profile_catalog_v1,periodic_repository_v1,customized_periodic_pool_v1,empirical_window_beta_v1,slot_up_down_v1,fixed_service_time_v1,fixed_path_v1,full_duplex_shared_heat_v1,deployment_return_energy_v1,periodic_three_objective_v3,discrete_mpc_v1,grid_tkb_v1,arrival_risk_diversity_v1,budgeted_fixed_point_v1,regularized_surrogate_v1,goodput_cost_v1,0.20555555555555555,0.7944444444444444,0.17222222222222222,0.16216216216216217,0.08108108108108109,1.5121951219512195,0.09444444444444444,0.027777777777777776,0.08333333333333333,0.0,0.0
system_poisson:poisson_lifecycle_v1:algorithm_baseline:8f6b2d6768df6f1c:periodic_lightweight:r0:s20260719,8f6b2d6768df6f1c,algorithm_baseline,periodic_lightweight,reference,periodic_lightweight,0,20260719,system_poisson,poisson_lifecycle_v1,poisson_profile_catalog,periodic_lightweight,lightweight,not_applicable,prewarm,measured,measured,fixed,fixed_total,1.0,6d295842eb0296d0,fca0df0e76e8aea8,68e477ed3df2fad8,c3ade63673949cb4,"{""algorithm"":""periodic_lightweight"",""alpha_l"":0.7,""alpha_r"":0.8,""availability_fraction"":0.5,""beta_l"":0.4,""beta_r"":0.5,""bootstrap_mode"":""prewarm"",""candidate_fixed_point_damping"":0.5,""candidate_fixed_point_max_iterations"":20,""candidate_fixed_point_relative_tolerance"":0.0001,""cloud_count"":1,""comparison_group"":""reference"",""comparison_method"":"""",""control_mode"":""fixed"",""downtime_log_mean"":2.5,""downtime_log_sigma"":0.8,""edge_count"":5,""edge_link_factor"":2.0,""experiment_layer"":""system_poisson"",""fixed_online_budget_ms"":10.0,""fixed_planning_interval_slots"":5,""fixed_total_pool_budget"":20,""lambda_g"":0.7,""lambda_h"":0.7,""lambda_per_slot"":1.0,""max_deadline_ms"":1999.0,""min_deadline_ms"":500.0,""minimum_control_window_slots"":5,""minimum_replanning_interval_slots"":2,""name"":""periodic_lightweight"",""online_budgets_ms"":[5.0,10.0,20.0],""online_timing_mode"":""measured"",""origin_group_count"":2,""plan_ttl_slots"":20,""planning_candidate_generator_mode"":""lightweight"",""planning_customized_archive_capacity"":64,""planning_customized_generations"":4,""planning_customized_population_size"":12,""planning_deadline_ms"":2000.0,""planning_intervals"":[5,10,20],""planning_runtime_ms"":100.0,""planning_sample_count"":20,""planning_timing_mode"":""measured"",""pool_budget_mode"":""fixed_total"",""profile_count"":2,""slot_count"":200,""slot_length_ms"":100.0,""suite"":""algorithm_baseline"",""total_pool_budgets"":[8,20,40],""uptime_scale"":100.0,""uptime_shape"":1.5,""user_count"":10,""workload_mode"":""poisson_profile_catalog""}",200,211,191,55,136,50,5,1,0,1,1.6955515708605524,682.6111670738956,0.8303706475386979,3771.344138644965,37,4,14,0,0,42,34,7,14865.63291575294,526.9994613481686,2.7591594834982645,5.297083989717066,26,25,0,5130,4399,0,731,572,484,270,222,22260722,prewarm,stability_delay_energy_v4,unified_fixed_point_v3,explicit_snapshot_v1,poisson_profile_catalog_v1,periodic_repository_v1,customized_periodic_pool_v1,empirical_window_beta_v1,slot_up_down_v1,fixed_service_time_v1,fixed_path_v1,full_duplex_shared_heat_v1,deployment_return_energy_v1,periodic_three_objective_v3,discrete_mpc_v1,grid_tkb_v1,arrival_risk_diversity_v1,budgeted_fixed_point_v1,regularized_surrogate_v1,goodput_cost_v1,0.2879581151832461,0.7120418848167539,0.2617801047120419,0.09090909090909091,0.01818181818181818,2.3696682464454977,0.193717277486911,0.020942408376963352,0.07329842931937172,0.0,0.0
system_poisson:poisson_lifecycle_v1:algorithm_baseline:8f6b2d6768df6f1c:periodic_lightweight:r1:s20260720,8f6b2d6768df6f1c,algorithm_baseline,periodic_lightweight,reference,periodic_lightweight,1,20260720,system_poisson,poisson_lifecycle_v1,poisson_profile_catalog,periodic_lightweight,lightweight,not_applicable,prewarm,measured,measured,fixed,fixed_total,1.0,a4f53f5438a025fd,a0ac5e6d1accb3ff,b090fbef89e23494,4948b9b559ca3dae,"{""algorithm"":""periodic_lightweight"",""alpha_l"":0.7,""alpha_r"":0.8,""availability_fraction"":0.5,""beta_l"":0.4,""beta_r"":0.5,""bootstrap_mode"":""prewarm"",""candidate_fixed_point_damping"":0.5,""candidate_fixed_point_max_iterations"":20,""candidate_fixed_point_relative_tolerance"":0.0001,""cloud_count"":1,""comparison_group"":""reference"",""comparison_method"":"""",""control_mode"":""fixed"",""downtime_log_mean"":2.5,""downtime_log_sigma"":0.8,""edge_count"":5,""edge_link_factor"":2.0,""experiment_layer"":""system_poisson"",""fixed_online_budget_ms"":10.0,""fixed_planning_interval_slots"":5,""fixed_total_pool_budget"":20,""lambda_g"":0.7,""lambda_h"":0.7,""lambda_per_slot"":1.0,""max_deadline_ms"":1999.0,""min_deadline_ms"":500.0,""minimum_control_window_slots"":5,""minimum_replanning_interval_slots"":2,""name"":""periodic_lightweight"",""online_budgets_ms"":[5.0,10.0,20.0],""online_timing_mode"":""measured"",""origin_group_count"":2,""plan_ttl_slots"":20,""planning_candidate_generator_mode"":""lightweight"",""planning_customized_archive_capacity"":64,""planning_customized_generations"":4,""planning_customized_population_size"":12,""planning_deadline_ms"":2000.0,""planning_intervals"":[5,10,20],""planning_runtime_ms"":100.0,""planning_sample_count"":20,""planning_timing_mode"":""measured"",""pool_budget_mode"":""fixed_total"",""profile_count"":2,""slot_count"":200,""slot_length_ms"":100.0,""suite"":""algorithm_baseline"",""total_pool_budgets"":[8,20,40],""uptime_scale"":100.0,""uptime_shape"":1.5,""user_count"":10,""workload_mode"":""poisson_profile_catalog""}",200,206,209,54,155,51,3,2,0,1,1.6915735453227811,710.1421652996121,0.8146893601589359,6751.021121018737,21,10,23,0,0,44,13,30,15617.947040009312,572.2515098750591,2.738045501794541,4.55091695766896,18,17,0,5086,4629,0,457,145,78,28,52,22260723,prewarm,stability_delay_energy_v4,unified_fixed_point_v3,explicit_snapshot_v1,poisson_profile_catalog_v1,periodic_repository_v1,customized_periodic_pool_v1,empirical_window_beta_v1,slot_up_down_v1,fixed_service_time_v1,fixed_path_v1,full_duplex_shared_heat_v1,deployment_return_energy_v1,periodic_three_objective_v3,discrete_mpc_v1,grid_tkb_v1,arrival_risk_diversity_v1,budgeted_fixed_point_v1,regularized_surrogate_v1,goodput_cost_v1,0.2583732057416268,0.7416267942583732,0.24401913875598086,0.05555555555555555,0.037037037037037035,2.4757281553398056,0.10047846889952153,0.04784688995215311,0.11004784688995216,0.0,0.0
system_poisson:poisson_lifecycle_v1:algorithm_baseline:8f6b2d6768df6f1c:periodic_lightweight:r2:s20260721,8f6b2d6768df6f1c,algorithm_baseline,periodic_lightweight,reference,periodic_lightweight,2,20260721,system_poisson,poisson_lifecycle_v1,poisson_profile_catalog,periodic_lightweight,lightweight,not_applicable,prewarm,measured,measured,fixed,fixed_total,1.0,e1936cba343be935,938f95453f2442e2,b1b7f5bba0248714,b3c97759fa661993,"{""algorithm"":""periodic_lightweight"",""alpha_l"":0.7,""alpha_r"":0.8,""availability_fraction"":0.5,""beta_l"":0.4,""beta_r"":0.5,""bootstrap_mode"":""prewarm"",""candidate_fixed_point_damping"":0.5,""candidate_fixed_point_max_iterations"":20,""candidate_fixed_point_relative_tolerance"":0.0001,""cloud_count"":1,""comparison_group"":""reference"",""comparison_method"":"""",""control_mode"":""fixed"",""downtime_log_mean"":2.5,""downtime_log_sigma"":0.8,""edge_count"":5,""edge_link_factor"":2.0,""experiment_layer"":""system_poisson"",""fixed_online_budget_ms"":10.0,""fixed_planning_interval_slots"":5,""fixed_total_pool_budget"":20,""lambda_g"":0.7,""lambda_h"":0.7,""lambda_per_slot"":1.0,""max_deadline_ms"":1999.0,""min_deadline_ms"":500.0,""minimum_control_window_slots"":5,""minimum_replanning_interval_slots"":2,""name"":""periodic_lightweight"",""online_budgets_ms"":[5.0,10.0,20.0],""online_timing_mode"":""measured"",""origin_group_count"":2,""plan_ttl_slots"":20,""planning_candidate_generator_mode"":""lightweight"",""planning_customized_archive_capacity"":64,""planning_customized_generations"":4,""planning_customized_population_size"":12,""planning_deadline_ms"":2000.0,""planning_intervals"":[5,10,20],""planning_runtime_ms"":100.0,""planning_sample_count"":20,""planning_timing_mode"":""measured"",""pool_budget_mode"":""fixed_total"",""profile_count"":2,""slot_count"":200,""slot_length_ms"":100.0,""suite"":""algorithm_baseline"",""total_pool_budgets"":[8,20,40],""uptime_scale"":100.0,""uptime_shape"":1.5,""user_count"":10,""workload_mode"":""poisson_profile_catalog""}",200,205,211,65,146,62,3,1,0,1,2.2889998517716372,575.1939811748712,0.8086282277141104,5253.97412360876,36,14,15,0,0,37,26,10,17406.94045671262,748.3138768002391,3.546511264456109,5.619917064905167,13,12,0,4616,4369,0,247,209,207,115,107,22260724,prewarm,stability_delay_energy_v4,unified_fixed_point_v3,explicit_snapshot_v1,poisson_profile_catalog_v1,periodic_repository_v1,customized_periodic_pool_v1,empirical_window_beta_v1,slot_up_down_v1,fixed_service_time_v1,fixed_path_v1,full_duplex_shared_heat_v1,deployment_return_energy_v1,periodic_three_objective_v3,discrete_mpc_v1,grid_tkb_v1,arrival_risk_diversity_v1,budgeted_fixed_point_v1,regularized_surrogate_v1,goodput_cost_v1,0.3080568720379147,0.6919431279620853,0.2938388625592417,0.046153846153846156,0.015384615384615385,3.024390243902439,0.17061611374407584,0.06635071090047394,0.07109004739336493,0.0,0.0
system_poisson:poisson_lifecycle_v1:algorithm_baseline:8f6b2d6768df6f1c:periodic_lightweight:r3:s20260722,8f6b2d6768df6f1c,algorithm_baseline,periodic_lightweight,reference,periodic_lightweight,3,20260722,system_poisson,poisson_lifecycle_v1,poisson_profile_catalog,periodic_lightweight,lightweight,not_applicable,prewarm,measured,measured,fixed,fixed_total,1.0,cad518de228dec43,e2c448830ab998d5,5b89c04953d23a62,a8d64a668c29fff0,"{""algorithm"":""periodic_lightweight"",""alpha_l"":0.7,""alpha_r"":0.8,""availability_fraction"":0.5,""beta_l"":0.4,""beta_r"":0.5,""bootstrap_mode"":""prewarm"",""candidate_fixed_point_damping"":0.5,""candidate_fixed_point_max_iterations"":20,""candidate_fixed_point_relative_tolerance"":0.0001,""cloud_count"":1,""comparison_group"":""reference"",""comparison_method"":"""",""control_mode"":""fixed"",""downtime_log_mean"":2.5,""downtime_log_sigma"":0.8,""edge_count"":5,""edge_link_factor"":2.0,""experiment_layer"":""system_poisson"",""fixed_online_budget_ms"":10.0,""fixed_planning_interval_slots"":5,""fixed_total_pool_budget"":20,""lambda_g"":0.7,""lambda_h"":0.7,""lambda_per_slot"":1.0,""max_deadline_ms"":1999.0,""min_deadline_ms"":500.0,""minimum_control_window_slots"":5,""minimum_replanning_interval_slots"":2,""name"":""periodic_lightweight"",""online_budgets_ms"":[5.0,10.0,20.0],""online_timing_mode"":""measured"",""origin_group_count"":2,""plan_ttl_slots"":20,""planning_candidate_generator_mode"":""lightweight"",""planning_customized_archive_capacity"":64,""planning_customized_generations"":4,""planning_customized_population_size"":12,""planning_deadline_ms"":2000.0,""planning_intervals"":[5,10,20],""planning_runtime_ms"":100.0,""planning_sample_count"":20,""planning_timing_mode"":""measured"",""pool_budget_mode"":""fixed_total"",""profile_count"":2,""slot_count"":200,""slot_length_ms"":100.0,""suite"":""algorithm_baseline"",""total_pool_budgets"":[8,20,40],""uptime_scale"":100.0,""uptime_shape"":1.5,""user_count"":10,""workload_mode"":""poisson_profile_catalog""}",200,210,210,74,136,70,4,1,0,1,2.432005352110098,639.7861155477901,0.8305599559767486,5714.57501028668,42,4,28,0,0,44,33,10,15319.512000656687,600.0374960713089,2.8573214098633755,5.259833997115493,20,19,0,5307,4810,0,497,300,246,134,113,22260725,prewarm,stability_delay_energy_v4,unified_fixed_point_v3,explicit_snapshot_v1,poisson_profile_catalog_v1,periodic_repository_v1,customized_periodic_pool_v1,empirical_window_beta_v1,slot_up_down_v1,fixed_service_time_v1,fixed_path_v1,full_duplex_shared_heat_v1,deployment_return_energy_v1,periodic_three_objective_v3,discrete_mpc_v1,grid_tkb_v1,arrival_risk_diversity_v1,budgeted_fixed_point_v1,regularized_surrogate_v1,goodput_cost_v1,0.3523809523809524,0.6476190476190476,0.3333333333333333,0.05405405405405406,0.013513513513513514,3.3333333333333335,0.2,0.01904761904761905,0.13333333333333333,0.0,0.0
system_poisson:poisson_lifecycle_v1:algorithm_baseline:8f6b2d6768df6f1c:periodic_lightweight:r4:s20260723,8f6b2d6768df6f1c,algorithm_baseline,periodic_lightweight,reference,periodic_lightweight,4,20260723,system_poisson,poisson_lifecycle_v1,poisson_profile_catalog,periodic_lightweight,lightweight,not_applicable,prewarm,measured,measured,fixed,fixed_total,1.0,85e4775618fc9271,04cc006508118ace,6d76626369b7dc47,7df8c4f9894fbd11,"{""algorithm"":""periodic_lightweight"",""alpha_l"":0.7,""alpha_r"":0.8,""availability_fraction"":0.5,""beta_l"":0.4,""beta_r"":0.5,""bootstrap_mode"":""prewarm"",""candidate_fixed_point_damping"":0.5,""candidate_fixed_point_max_iterations"":20,""candidate_fixed_point_relative_tolerance"":0.0001,""cloud_count"":1,""comparison_group"":""reference"",""comparison_method"":"""",""control_mode"":""fixed"",""downtime_log_mean"":2.5,""downtime_log_sigma"":0.8,""edge_count"":5,""edge_link_factor"":2.0,""experiment_layer"":""system_poisson"",""fixed_online_budget_ms"":10.0,""fixed_planning_interval_slots"":5,""fixed_total_pool_budget"":20,""lambda_g"":0.7,""lambda_h"":0.7,""lambda_per_slot"":1.0,""max_deadline_ms"":1999.0,""min_deadline_ms"":500.0,""minimum_control_window_slots"":5,""minimum_replanning_interval_slots"":2,""name"":""periodic_lightweight"",""online_budgets_ms"":[5.0,10.0,20.0],""online_timing_mode"":""measured"",""origin_group_count"":2,""plan_ttl_slots"":20,""planning_candidate_generator_mode"":""lightweight"",""planning_customized_archive_capacity"":64,""planning_customized_generations"":4,""planning_customized_population_size"":12,""planning_deadline_ms"":2000.0,""planning_intervals"":[5,10,20],""planning_runtime_ms"":100.0,""planning_sample_count"":20,""planning_timing_mode"":""measured"",""pool_budget_mode"":""fixed_total"",""profile_count"":2,""slot_count"":200,""slot_length_ms"":100.0,""suite"":""algorithm_baseline"",""total_pool_budgets"":[8,20,40],""uptime_scale"":100.0,""uptime_shape"":1.5,""user_count"":10,""workload_mode"":""poisson_profile_catalog""}",200,203,206,71,135,66,5,0,0,1,2.48258761793661,554.2117823642877,0.817700919179539,5918.52814789315,42,13,16,0,0,40,18,21,16071.737412945367,819.6359516587108,3.9788152993141304,7.418374996632338,21,20,0,4892,4487,0,405,262,242,104,153,22260726,prewarm,stability_delay_energy_v4,unified_fixed_point_v3,explicit_snapshot_v1,poisson_profile_catalog_v1,periodic_repository_v1,customized_periodic_pool_v1,empirical_window_beta_v1,slot_up_down_v1,fixed_service_time_v1,fixed_path_v1,full_duplex_shared_heat_v1,deployment_return_energy_v1,periodic_three_objective_v3,discrete_mpc_v1,grid_tkb_v1,arrival_risk_diversity_v1,budgeted_fixed_point_v1,regularized_surrogate_v1,goodput_cost_v1,0.3446601941747573,0.6553398058252428,0.32038834951456313,0.07042253521126761,0.0,3.251231527093596,0.20388349514563106,0.06310679611650485,0.07766990291262135,0.0,0.0
system_poisson:poisson_lifecycle_v1:algorithm_baseline:8f6b2d6768df6f1c:periodic_lightweight:r5:s20260724,8f6b2d6768df6f1c,algorithm_baseline,periodic_lightweight,reference,periodic_lightweight,5,20260724,system_poisson,poisson_lifecycle_v1,poisson_profile_catalog,periodic_lightweight,lightweight,not_applicable,prewarm,measured,measured,fixed,fixed_total,1.0,d24fe9836276a23a,5f88dfc591596c91,8236ef19df927245,c61766e5adeaf7a9,"{""algorithm"":""periodic_lightweight"",""alpha_l"":0.7,""alpha_r"":0.8,""availability_fraction"":0.5,""beta_l"":0.4,""beta_r"":0.5,""bootstrap_mode"":""prewarm"",""candidate_fixed_point_damping"":0.5,""candidate_fixed_point_max_iterations"":20,""candidate_fixed_point_relative_tolerance"":0.0001,""cloud_count"":1,""comparison_group"":""reference"",""comparison_method"":"""",""control_mode"":""fixed"",""downtime_log_mean"":2.5,""downtime_log_sigma"":0.8,""edge_count"":5,""edge_link_factor"":2.0,""experiment_layer"":""system_poisson"",""fixed_online_budget_ms"":10.0,""fixed_planning_interval_slots"":5,""fixed_total_pool_budget"":20,""lambda_g"":0.7,""lambda_h"":0.7,""lambda_per_slot"":1.0,""max_deadline_ms"":1999.0,""min_deadline_ms"":500.0,""minimum_control_window_slots"":5,""minimum_replanning_interval_slots"":2,""name"":""periodic_lightweight"",""online_budgets_ms"":[5.0,10.0,20.0],""online_timing_mode"":""measured"",""origin_group_count"":2,""plan_ttl_slots"":20,""planning_candidate_generator_mode"":""lightweight"",""planning_customized_archive_capacity"":64,""planning_customized_generations"":4,""planning_customized_population_size"":12,""planning_deadline_ms"":2000.0,""planning_intervals"":[5,10,20],""planning_runtime_ms"":100.0,""planning_sample_count"":20,""planning_timing_mode"":""measured"",""pool_budget_mode"":""fixed_total"",""profile_count"":2,""slot_count"":200,""slot_length_ms"":100.0,""suite"":""algorithm_baseline"",""total_pool_budgets"":[8,20,40],""uptime_scale"":100.0,""uptime_shape"":1.5,""user_count"":10,""workload_mode"":""poisson_profile_catalog""}",200,200,196,80,116,78,2,1,0,1,3.0237528775679126,452.9940142988059,0.8062434804039885,3286.4885672321275,56,9,15,0,0,43,31,11,14850.983915734105,623.0607556644827,3.1788814064514423,5.251875030808151,23,22,0,5303,4853,0,450,292,269,156,128,22260727,prewarm,stability_delay_energy_v4,unified_fixed_point_v3,explicit_snapshot_v1,poisson_profile_catalog_v1,periodic_repository_v1,customized_periodic_pool_v1,empirical_window_beta_v1,slot_up_down_v1,fixed_service_time_v1,fixed_path_v1,full_duplex_shared_heat_v1,deployment_return_energy_v1,periodic_three_objective_v3,discrete_mpc_v1,grid_tkb_v1,arrival_risk_diversity_v1,budgeted_fixed_point_v1,regularized_surrogate_v1,goodput_cost_v1,0.40816326530612246,0.5918367346938775,0.3979591836734694,0.025,0.0125,3.9,0.2857142857142857,0.04591836734693878,0.07653061224489796,0.0,0.0
system_poisson:poisson_lifecycle_v1:algorithm_baseline:8f6b2d6768df6f1c:periodic_lightweight:r6:s20260725,8f6b2d6768df6f1c,algorithm_baseline,periodic_lightweight,reference,periodic_lightweight,6,20260725,system_poisson,poisson_lifecycle_v1,poisson_profile_catalog,periodic_lightweight,lightweight,not_applicable,prewarm,measured,measured,fixed,fixed_total,1.0,26abbdd9b75bc615,fc04fea1c464df4f,315f55f80c124787,b0aa21bae96916c6,"{""algorithm"":""periodic_lightweight"",""alpha_l"":0.7,""alpha_r"":0.8,""availability_fraction"":0.5,""beta_l"":0.4,""beta_r"":0.5,""bootstrap_mode"":""prewarm"",""candidate_fixed_point_damping"":0.5,""candidate_fixed_point_max_iterations"":20,""candidate_fixed_point_relative_tolerance"":0.0001,""cloud_count"":1,""comparison_group"":""reference"",""comparison_method"":"""",""control_mode"":""fixed"",""downtime_log_mean"":2.5,""downtime_log_sigma"":0.8,""edge_count"":5,""edge_link_factor"":2.0,""experiment_layer"":""system_poisson"",""fixed_online_budget_ms"":10.0,""fixed_planning_interval_slots"":5,""fixed_total_pool_budget"":20,""lambda_g"":0.7,""lambda_h"":0.7,""lambda_per_slot"":1.0,""max_deadline_ms"":1999.0,""min_deadline_ms"":500.0,""minimum_control_window_slots"":5,""minimum_replanning_interval_slots"":2,""name"":""periodic_lightweight"",""online_budgets_ms"":[5.0,10.0,20.0],""online_timing_mode"":""measured"",""origin_group_count"":2,""plan_ttl_slots"":20,""planning_candidate_generator_mode"":""lightweight"",""planning_customized_archive_capacity"":64,""planning_customized_generations"":4,""planning_customized_population_size"":12,""planning_deadline_ms"":2000.0,""planning_intervals"":[5,10,20],""planning_runtime_ms"":100.0,""planning_sample_count"":20,""planning_timing_mode"":""measured"",""pool_budget_mode"":""fixed_total"",""profile_count"":2,""slot_count"":200,""slot_length_ms"":100.0,""suite"":""algorithm_baseline"",""total_pool_budgets"":[8,20,40],""uptime_scale"":100.0,""uptime_shape"":1.5,""user_count"":10,""workload_mode"":""poisson_profile_catalog""}",200,202,183,69,114,61,8,1,0,1,2.2872620127748386,544.327275151236,0.825321263697515,4507.806716514263,38,19,12,0,0,40,23,16,16050.546797225252,531.5871383063495,2.904847750307921,5.07829210255295,16,15,0,4921,4586,0,335,227,222,108,120,22260728,prewarm,stability_delay_energy_v4,unified_fixed_point_v3,explicit_snapshot_v1,poisson_profile_catalog_v1,periodic_repository_v1,customized_periodic_pool_v1,empirical_window_beta_v1,slot_up_down_v1,fixed_service_time_v1,fixed_path_v1,full_duplex_shared_heat_v1,deployment_return_energy_v1,periodic_three_objective_v3,discrete_mpc_v1,grid_tkb_v1,arrival_risk_diversity_v1,budgeted_fixed_point_v1,regularized_surrogate_v1,goodput_cost_v1,0.3770491803278688,0.6229508196721312,0.3333333333333333,0.11594202898550725,0.014492753623188406,3.01980198019802,0.20765027322404372,0.10382513661202186,0.06557377049180328,0.0,0.0
system_poisson:poisson_lifecycle_v1:algorithm_baseline:8f6b2d6768df6f1c:periodic_lightweight:r7:s20260726,8f6b2d6768df6f1c,algorithm_baseline,periodic_lightweight,reference,periodic_lightweight,7,20260726,system_poisson,poisson_lifecycle_v1,poisson_profile_catalog,periodic_lightweight,lightweight,not_applicable,prewarm,measured,measured,fixed,fixed_total,1.0,cfb348bc73ed6b08,6c2f0ddd78fdc176,45d9b67b7d7e2742,5d8d75c05ac19d95,"{""algorithm"":""periodic_lightweight"",""alpha_l"":0.7,""alpha_r"":0.8,""availability_fraction"":0.5,""beta_l"":0.4,""beta_r"":0.5,""bootstrap_mode"":""prewarm"",""candidate_fixed_point_damping"":0.5,""candidate_fixed_point_max_iterations"":20,""candidate_fixed_point_relative_tolerance"":0.0001,""cloud_count"":1,""comparison_group"":""reference"",""comparison_method"":"""",""control_mode"":""fixed"",""downtime_log_mean"":2.5,""downtime_log_sigma"":0.8,""edge_count"":5,""edge_link_factor"":2.0,""experiment_layer"":""system_poisson"",""fixed_online_budget_ms"":10.0,""fixed_planning_interval_slots"":5,""fixed_total_pool_budget"":20,""lambda_g"":0.7,""lambda_h"":0.7,""lambda_per_slot"":1.0,""max_deadline_ms"":1999.0,""min_deadline_ms"":500.0,""minimum_control_window_slots"":5,""minimum_replanning_interval_slots"":2,""name"":""periodic_lightweight"",""online_budgets_ms"":[5.0,10.0,20.0],""online_timing_mode"":""measured"",""origin_group_count"":2,""plan_ttl_slots"":20,""planning_candidate_generator_mode"":""lightweight"",""planning_customized_archive_capacity"":64,""planning_customized_generations"":4,""planning_customized_population_size"":12,""planning_deadline_ms"":2000.0,""planning_intervals"":[5,10,20],""planning_runtime_ms"":100.0,""planning_sample_count"":20,""planning_timing_mode"":""measured"",""pool_budget_mode"":""fixed_total"",""profile_count"":2,""slot_count"":200,""slot_length_ms"":100.0,""suite"":""algorithm_baseline"",""total_pool_budgets"":[8,20,40],""uptime_scale"":100.0,""uptime_shape"":1.5,""user_count"":10,""workload_mode"":""poisson_profile_catalog""}",200,209,190,64,126,61,3,0,0,1,2.1406754470599623,703.8634287523053,0.7998351254619469,5903.562164629361,34,5,25,0,0,39,18,20,17162.217500968836,612.6028768485412,3.224225667623901,5.612791981548071,15,14,0,4775,4592,0,183,141,140,56,89,22260729,prewarm,stability_delay_energy_v4,unified_fixed_point_v3,explicit_snapshot_v1,poisson_profile_catalog_v1,periodic_repository_v1,customized_periodic_pool_v1,empirical_window_beta_v1,slot_up_down_v1,fixed_service_time_v1,fixed_path_v1,full_duplex_shared_heat_v1,deployment_return_energy_v1,periodic_three_objective_v3,discrete_mpc_v1,grid_tkb_v1,arrival_risk_diversity_v1,budgeted_fixed_point_v1,regularized_surrogate_v1,goodput_cost_v1,0.3368421052631579,0.6631578947368421,0.32105263157894737,0.046875,0.0,2.91866028708134,0.17894736842105263,0.02631578947368421,0.13157894736842105,0.0,0.0
system_poisson:poisson_lifecycle_v1:algorithm_baseline:8f6b2d6768df6f1c:periodic_lightweight:r8:s20260727,8f6b2d6768df6f1c,algorithm_baseline,periodic_lightweight,reference,periodic_lightweight,8,20260727,system_poisson,poisson_lifecycle_v1,poisson_profile_catalog,periodic_lightweight,lightweight,not_applicable,prewarm,measured,measured,fixed,fixed_total,1.0,77262aef7c650c15,adddb8a44db4224c,5ef7f7f709b227ab,5f427e7b1456da70,"{""algorithm"":""periodic_lightweight"",""alpha_l"":0.7,""alpha_r"":0.8,""availability_fraction"":0.5,""beta_l"":0.4,""beta_r"":0.5,""bootstrap_mode"":""prewarm"",""candidate_fixed_point_damping"":0.5,""candidate_fixed_point_max_iterations"":20,""candidate_fixed_point_relative_tolerance"":0.0001,""cloud_count"":1,""comparison_group"":""reference"",""comparison_method"":"""",""control_mode"":""fixed"",""downtime_log_mean"":2.5,""downtime_log_sigma"":0.8,""edge_count"":5,""edge_link_factor"":2.0,""experiment_layer"":""system_poisson"",""fixed_online_budget_ms"":10.0,""fixed_planning_interval_slots"":5,""fixed_total_pool_budget"":20,""lambda_g"":0.7,""lambda_h"":0.7,""lambda_per_slot"":1.0,""max_deadline_ms"":1999.0,""min_deadline_ms"":500.0,""minimum_control_window_slots"":5,""minimum_replanning_interval_slots"":2,""name"":""periodic_lightweight"",""online_budgets_ms"":[5.0,10.0,20.0],""online_timing_mode"":""measured"",""origin_group_count"":2,""plan_ttl_slots"":20,""planning_candidate_generator_mode"":""lightweight"",""planning_customized_archive_capacity"":64,""planning_customized_generations"":4,""planning_customized_population_size"":12,""planning_deadline_ms"":2000.0,""planning_intervals"":[5,10,20],""planning_runtime_ms"":100.0,""planning_sample_count"":20,""planning_timing_mode"":""measured"",""pool_budget_mode"":""fixed_total"",""profile_count"":2,""slot_count"":200,""slot_length_ms"":100.0,""suite"":""algorithm_baseline"",""total_pool_budgets"":[8,20,40],""uptime_scale"":100.0,""uptime_shape"":1.5,""user_count"":10,""workload_mode"":""poisson_profile_catalog""}",200,205,181,73,108,65,8,1,0,1,2.289031874746511,634.8045356256958,0.8183553501115737,7290.7898653174625,28,16,29,0,0,42,19,22,16205.742337624542,576.1232484364882,3.1830013725772828,6.070874980650842,18,17,0,5032,4690,0,342,157,114,56,69,22260730,prewarm,stability_delay_energy_v4,unified_fixed_point_v3,explicit_snapshot_v1,poisson_profile_catalog_v1,periodic_repository_v1,customized_periodic_pool_v1,empirical_window_beta_v1,slot_up_down_v1,fixed_service_time_v1,fixed_path_v1,full_duplex_shared_heat_v1,deployment_return_energy_v1,periodic_three_objective_v3,discrete_mpc_v1,grid_tkb_v1,arrival_risk_diversity_v1,budgeted_fixed_point_v1,regularized_surrogate_v1,goodput_cost_v1,0.40331491712707185,0.5966850828729282,0.35911602209944754,0.1095890410958904,0.0136986301369863,3.1707317073170733,0.15469613259668508,0.08839779005524862,0.16022099447513813,0.0,0.0
system_poisson:poisson_lifecycle_v1:algorithm_baseline:8f6b2d6768df6f1c:periodic_lightweight:r9:s20260728,8f6b2d6768df6f1c,algorithm_baseline,periodic_lightweight,reference,periodic_lightweight,9,20260728,system_poisson,poisson_lifecycle_v1,poisson_profile_catalog,periodic_lightweight,lightweight,not_applicable,prewarm,measured,measured,fixed,fixed_total,1.0,51994d7f38a9b2d2,94c502adeeb85260,9f5ed373a6bd9324,58651f60c37cc329,"{""algorithm"":""periodic_lightweight"",""alpha_l"":0.7,""alpha_r"":0.8,""availability_fraction"":0.5,""beta_l"":0.4,""beta_r"":0.5,""bootstrap_mode"":""prewarm"",""candidate_fixed_point_damping"":0.5,""candidate_fixed_point_max_iterations"":20,""candidate_fixed_point_relative_tolerance"":0.0001,""cloud_count"":1,""comparison_group"":""reference"",""comparison_method"":"""",""control_mode"":""fixed"",""downtime_log_mean"":2.5,""downtime_log_sigma"":0.8,""edge_count"":5,""edge_link_factor"":2.0,""experiment_layer"":""system_poisson"",""fixed_online_budget_ms"":10.0,""fixed_planning_interval_slots"":5,""fixed_total_pool_budget"":20,""lambda_g"":0.7,""lambda_h"":0.7,""lambda_per_slot"":1.0,""max_deadline_ms"":1999.0,""min_deadline_ms"":500.0,""minimum_control_window_slots"":5,""minimum_replanning_interval_slots"":2,""name"":""periodic_lightweight"",""online_budgets_ms"":[5.0,10.0,20.0],""online_timing_mode"":""measured"",""origin_group_count"":2,""plan_ttl_slots"":20,""planning_candidate_generator_mode"":""lightweight"",""planning_customized_archive_capacity"":64,""planning_customized_generations"":4,""planning_customized_population_size"":12,""planning_deadline_ms"":2000.0,""planning_intervals"":[5,10,20],""planning_runtime_ms"":100.0,""planning_sample_count"":20,""planning_timing_mode"":""measured"",""pool_budget_mode"":""fixed_total"",""profile_count"":2,""slot_count"":200,""slot_length_ms"":100.0,""suite"":""algorithm_baseline"",""total_pool_budgets"":[8,20,40],""uptime_scale"":100.0,""uptime_shape"":1.5,""user_count"":10,""workload_mode"":""poisson_profile_catalog""}",200,208,211,74,137,67,7,2,0,1,2.3270766619262058,582.2148979781551,0.825865173991857,5804.123165075673,41,11,22,0,0,45,19,25,14133.904743939638,695.3670816728845,3.295578586127415,5.456082988530397,19,18,0,5386,4859,0,527,299,257,108,161,22260731,prewarm,stability_delay_energy_v4,unified_fixed_point_v3,explicit_snapshot_v1,poisson_profile_catalog_v1,periodic_repository_v1,customized_periodic_pool_v1,empirical_window_beta_v1,slot_up_down_v1,fixed_service_time_v1,fixed_path_v1,full_duplex_shared_heat_v1,deployment_return_energy_v1,periodic_three_objective_v3,discrete_mpc_v1,grid_tkb_v1,arrival_risk_diversity_v1,budgeted_fixed_point_v1,regularized_surrogate_v1,goodput_cost_v1,0.35071090047393366,0.6492890995260664,0.3175355450236967,0.0945945945945946,0.02702702702702703,3.2211538461538463,0.1943127962085308,0.052132701421800945,0.10426540284360189,0.0,0.0
system_poisson:poisson_lifecycle_v1:algorithm_baseline:8f6b2d6768df6f1c:periodic_lightweight:r10:s20260729,8f6b2d6768df6f1c,algorithm_baseline,periodic_lightweight,reference,periodic_lightweight,10,20260729,system_poisson,poisson_lifecycle_v1,poisson_profile_catalog,periodic_lightweight,lightweight,not_applicable,prewarm,measured,measured,fixed,fixed_total,1.0,5b8d17f0ef7f4099,329b4f7d21be54ff,897cead0737f85bf,5bfdd62f4d90fc6a,"{""algorithm"":""periodic_lightweight"",""alpha_l"":0.7,""alpha_r"":0.8,""availability_fraction"":0.5,""beta_l"":0.4,""beta_r"":0.5,""bootstrap_mode"":""prewarm"",""candidate_fixed_point_damping"":0.5,""candidate_fixed_point_max_iterations"":20,""candidate_fixed_point_relative_tolerance"":0.0001,""cloud_count"":1,""comparison_group"":""reference"",""comparison_method"":"""",""control_mode"":""fixed"",""downtime_log_mean"":2.5,""downtime_log_sigma"":0.8,""edge_count"":5,""edge_link_factor"":2.0,""experiment_layer"":""system_poisson"",""fixed_online_budget_ms"":10.0,""fixed_planning_interval_slots"":5,""fixed_total_pool_budget"":20,""lambda_g"":0.7,""lambda_h"":0.7,""lambda_per_slot"":1.0,""max_deadline_ms"":1999.0,""min_deadline_ms"":500.0,""minimum_control_window_slots"":5,""minimum_replanning_interval_slots"":2,""name"":""periodic_lightweight"",""online_budgets_ms"":[5.0,10.0,20.0],""online_timing_mode"":""measured"",""origin_group_count"":2,""plan_ttl_slots"":20,""planning_candidate_generator_mode"":""lightweight"",""planning_customized_archive_capacity"":64,""planning_customized_generations"":4,""planning_customized_population_size"":12,""planning_deadline_ms"":2000.0,""planning_intervals"":[5,10,20],""planning_runtime_ms"":100.0,""planning_sample_count"":20,""planning_timing_mode"":""measured"",""pool_budget_mode"":""fixed_total"",""profile_count"":2,""slot_count"":200,""slot_length_ms"":100.0,""suite"":""algorithm_baseline"",""total_pool_budgets"":[8,20,40],""uptime_scale"":100.0,""uptime_shape"":1.5,""user_count"":10,""workload_mode"":""poisson_profile_catalog""}",200,204,209,74,135,66,8,0,0,1,2.4931416725312645,513.6744608991078,0.8003729065698579,5377.304464013702,42,6,26,0,0,44,24,19,14486.273667775095,852.7267224853858,4.080032165001846,7.218749960884452,21,20,0,5348,4735,0,613,386,312,142,180,22260732,prewarm,stability_delay_energy_v4,unified_fixed_point_v3,explicit_snapshot_v1,poisson_profile_catalog_v1,periodic_repository_v1,customized_periodic_pool_v1,empirical_window_beta_v1,slot_up_down_v1,fixed_service_time_v1,fixed_path_v1,full_duplex_shared_heat_v1,deployment_return_energy_v1,periodic_three_objective_v3,discrete_mpc_v1,grid_tkb_v1,arrival_risk_diversity_v1,budgeted_fixed_point_v1,regularized_surrogate_v1,goodput_cost_v1,0.35406698564593303,0.645933014354067,0.3157894736842105,0.10810810810810811,0.0,3.235294117647059,0.20095693779904306,0.028708133971291867,0.12440191387559808,0.0,0.0
system_poisson:poisson_lifecycle_v1:algorithm_baseline:8f6b2d6768df6f1c:periodic_lightweight:r11:s20260730,8f6b2d6768df6f1c,algorithm_baseline,periodic_lightweight,reference,periodic_lightweight,11,20260730,system_poisson,poisson_lifecycle_v1,poisson_profile_catalog,periodic_lightweight,lightweight,not_applicable,prewarm,measured,measured,fixed,fixed_total,1.0,30f077b6e956d2e4,a9f113d17c0a9b50,f4bafd7cbf888eae,2fbd8cdb625c9aae,"{""algorithm"":""periodic_lightweight"",""alpha_l"":0.7,""alpha_r"":0.8,""availability_fraction"":0.5,""beta_l"":0.4,""beta_r"":0.5,""bootstrap_mode"":""prewarm"",""candidate_fixed_point_damping"":0.5,""candidate_fixed_point_max_iterations"":20,""candidate_fixed_point_relative_tolerance"":0.0001,""cloud_count"":1,""comparison_group"":""reference"",""comparison_method"":"""",""control_mode"":""fixed"",""downtime_log_mean"":2.5,""downtime_log_sigma"":0.8,""edge_count"":5,""edge_link_factor"":2.0,""experiment_layer"":""system_poisson"",""fixed_online_budget_ms"":10.0,""fixed_planning_interval_slots"":5,""fixed_total_pool_budget"":20,""lambda_g"":0.7,""lambda_h"":0.7,""lambda_per_slot"":1.0,""max_deadline_ms"":1999.0,""min_deadline_ms"":500.0,""minimum_control_window_slots"":5,""minimum_replanning_interval_slots"":2,""name"":""periodic_lightweight"",""online_budgets_ms"":[5.0,10.0,20.0],""online_timing_mode"":""measured"",""origin_group_count"":2,""plan_ttl_slots"":20,""planning_candidate_generator_mode"":""lightweight"",""planning_customized_archive_capacity"":64,""planning_customized_generations"":4,""planning_customized_population_size"":12,""planning_deadline_ms"":2000.0,""planning_intervals"":[5,10,20],""planning_runtime_ms"":100.0,""planning_sample_count"":20,""planning_timing_mode"":""measured"",""pool_budget_mode"":""fixed_total"",""profile_count"":2,""slot_count"":200,""slot_length_ms"":100.0,""suite"":""algorithm_baseline"",""total_pool_budgets"":[8,20,40],""uptime_scale"":100.0,""uptime_shape"":1.5,""user_count"":10,""workload_mode"":""poisson_profile_catalog""}",200,203,179,61,118,55,6,2,0,1,2.029438447258537,561.4000549725948,0.8154082012781129,5298.9173610409525,40,15,6,0,0,32,16,15,18057.343372609466,715.9017449012026,3.9994510888335344,6.691375048831105,6,5,0,3958,3621,0,337,247,224,122,124,22260733,prewarm,stability_delay_energy_v4,unified_fixed_point_v3,explicit_snapshot_v1,poisson_profile_catalog_v1,periodic_repository_v1,customized_periodic_pool_v1,empirical_window_beta_v1,slot_up_down_v1,fixed_service_time_v1,fixed_path_v1,full_duplex_shared_heat_v1,deployment_return_energy_v1,periodic_three_objective_v3,discrete_mpc_v1,grid_tkb_v1,arrival_risk_diversity_v1,budgeted_fixed_point_v1,regularized_surrogate_v1,goodput_cost_v1,0.3407821229050279,0.659217877094972,0.30726256983240224,0.09836065573770492,0.03278688524590164,2.70935960591133,0.22346368715083798,0.08379888268156424,0.0335195530726257,0.0,0.0
system_poisson:poisson_lifecycle_v1:algorithm_baseline:8f6b2d6768df6f1c:periodic_lightweight:r12:s20260731,8f6b2d6768df6f1c,algorithm_baseline,periodic_lightweight,reference,periodic_lightweight,12,20260731,system_poisson,poisson_lifecycle_v1,poisson_profile_catalog,periodic_lightweight,lightweight,not_applicable,prewarm,measured,measured,fixed,fixed_total,1.0,c8a1c19b9973aa96,c57247db4e0508db,72a5571d4331dbf4,5615e2a246665bbb,"{""algorithm"":""periodic_lightweight"",""alpha_l"":0.7,""alpha_r"":0.8,""availability_fraction"":0.5,""beta_l"":0.4,""beta_r"":0.5,""bootstrap_mode"":""prewarm"",""candidate_fixed_point_damping"":0.5,""candidate_fixed_point_max_iterations"":20,""candidate_fixed_point_relative_tolerance"":0.0001,""cloud_count"":1,""comparison_group"":""reference"",""comparison_method"":"""",""control_mode"":""fixed"",""downtime_log_mean"":2.5,""downtime_log_sigma"":0.8,""edge_count"":5,""edge_link_factor"":2.0,""experiment_layer"":""system_poisson"",""fixed_online_budget_ms"":10.0,""fixed_planning_interval_slots"":5,""fixed_total_pool_budget"":20,""lambda_g"":0.7,""lambda_h"":0.7,""lambda_per_slot"":1.0,""max_deadline_ms"":1999.0,""min_deadline_ms"":500.0,""minimum_control_window_slots"":5,""minimum_replanning_interval_slots"":2,""name"":""periodic_lightweight"",""online_budgets_ms"":[5.0,10.0,20.0],""online_timing_mode"":""measured"",""origin_group_count"":2,""plan_ttl_slots"":20,""planning_candidate_generator_mode"":""lightweight"",""planning_customized_archive_capacity"":64,""planning_customized_generations"":4,""planning_customized_population_size"":12,""planning_deadline_ms"":2000.0,""planning_intervals"":[5,10,20],""planning_runtime_ms"":100.0,""planning_sample_count"":20,""planning_timing_mode"":""measured"",""pool_budget_mode"":""fixed_total"",""profile_count"":2,""slot_count"":200,""slot_length_ms"":100.0,""suite"":""algorithm_baseline"",""total_pool_budgets"":[8,20,40],""uptime_scale"":100.0,""uptime_shape"":1.5,""user_count"":10,""workload_mode"":""poisson_profile_catalog""}",200,205,184,69,115,64,5,1,0,1,2.310771294626963,603.2655838015136,0.814198052212498,6159.953862711319,37,13,19,0,0,38,30,7,17035.727125010453,528.0032473383471,2.869582865969278,4.840375040657818,13,12,0,4737,4459,0,278,175,162,72,89,22260734,prewarm,stability_delay_energy_v4,unified_fixed_point_v3,explicit_snapshot_v1,poisson_profile_catalog_v1,periodic_repository_v1,customized_periodic_pool_v1,empirical_window_beta_v1,slot_up_down_v1,fixed_service_time_v1,fixed_path_v1,full_duplex_shared_heat_v1,deployment_return_energy_v1,periodic_three_objective_v3,discrete_mpc_v1,grid_tkb_v1,arrival_risk_diversity_v1,budgeted_fixed_point_v1,regularized_surrogate_v1,goodput_cost_v1,0.375,0.625,0.34782608695652173,0.07246376811594203,0.014492753623188406,3.1219512195121952,0.20108695652173914,0.07065217391304347,0.10326086956521739,0.0,0.0
system_poisson:poisson_lifecycle_v1:algorithm_baseline:8f6b2d6768df6f1c:periodic_lightweight:r13:s20260732,8f6b2d6768df6f1c,algorithm_baseline,periodic_lightweight,reference,periodic_lightweight,13,20260732,system_poisson,poisson_lifecycle_v1,poisson_profile_catalog,periodic_lightweight,lightweight,not_applicable,prewarm,measured,measured,fixed,fixed_total,1.0,2570004416ece14a,3e0c88c5a91c29b4,5e6617b3e9dde363,a897565254a74026,"{""algorithm"":""periodic_lightweight"",""alpha_l"":0.7,""alpha_r"":0.8,""availability_fraction"":0.5,""beta_l"":0.4,""beta_r"":0.5,""bootstrap_mode"":""prewarm"",""candidate_fixed_point_damping"":0.5,""candidate_fixed_point_max_iterations"":20,""candidate_fixed_point_relative_tolerance"":0.0001,""cloud_count"":1,""comparison_group"":""reference"",""comparison_method"":"""",""control_mode"":""fixed"",""downtime_log_mean"":2.5,""downtime_log_sigma"":0.8,""edge_count"":5,""edge_link_factor"":2.0,""experiment_layer"":""system_poisson"",""fixed_online_budget_ms"":10.0,""fixed_planning_interval_slots"":5,""fixed_total_pool_budget"":20,""lambda_g"":0.7,""lambda_h"":0.7,""lambda_per_slot"":1.0,""max_deadline_ms"":1999.0,""min_deadline_ms"":500.0,""minimum_control_window_slots"":5,""minimum_replanning_interval_slots"":2,""name"":""periodic_lightweight"",""online_budgets_ms"":[5.0,10.0,20.0],""online_timing_mode"":""measured"",""origin_group_count"":2,""plan_ttl_slots"":20,""planning_candidate_generator_mode"":""lightweight"",""planning_customized_archive_capacity"":64,""planning_customized_generations"":4,""planning_customized_population_size"":12,""planning_deadline_ms"":2000.0,""planning_intervals"":[5,10,20],""planning_runtime_ms"":100.0,""planning_sample_count"":20,""planning_timing_mode"":""measured"",""pool_budget_mode"":""fixed_total"",""profile_count"":2,""slot_count"":200,""slot_length_ms"":100.0,""suite"":""algorithm_baseline"",""total_pool_budgets"":[8,20,40],""uptime_scale"":100.0,""uptime_shape"":1.5,""user_count"":10,""workload_mode"":""poisson_profile_catalog""}",200,205,208,85,123,75,10,3,0,1,2.7032498222255206,588.2595384827075,0.8201704606051051,7300.422444277232,36,19,30,0,0,37,17,19,17054.166628047824,692.2085357364267,3.3279256525789744,5.710707977414131,13,12,0,4496,4295,0,201,145,145,62,88,22260735,prewarm,stability_delay_energy_v4,unified_fixed_point_v3,explicit_snapshot_v1,poisson_profile_catalog_v1,periodic_repository_v1,customized_periodic_pool_v1,empirical_window_beta_v1,slot_up_down_v1,fixed_service_time_v1,fixed_path_v1,full_duplex_shared_heat_v1,deployment_return_energy_v1,periodic_three_objective_v3,discrete_mpc_v1,grid_tkb_v1,arrival_risk_diversity_v1,budgeted_fixed_point_v1,regularized_surrogate_v1,goodput_cost_v1,0.40865384615384615,0.5913461538461539,0.3605769230769231,0.11764705882352941,0.03529411764705882,3.658536585365854,0.17307692307692307,0.09134615384615384,0.14423076923076922,0.0,0.0
system_poisson:poisson_lifecycle_v1:algorithm_baseline:8f6b2d6768df6f1c:periodic_lightweight:r14:s20260733,8f6b2d6768df6f1c,algorithm_baseline,periodic_lightweight,reference,periodic_lightweight,14,20260733,system_poisson,poisson_lifecycle_v1,poisson_profile_catalog,periodic_lightweight,lightweight,not_applicable,prewarm,measured,measured,fixed,fixed_total,1.0,e549ef942191509c,82b0c7769f30bf5e,5fa9f2d6b0764417,9238a84d7f53868e,"{""algorithm"":""periodic_lightweight"",""alpha_l"":0.7,""alpha_r"":0.8,""availability_fraction"":0.5,""beta_l"":0.4,""beta_r"":0.5,""bootstrap_mode"":""prewarm"",""candidate_fixed_point_damping"":0.5,""candidate_fixed_point_max_iterations"":20,""candidate_fixed_point_relative_tolerance"":0.0001,""cloud_count"":1,""comparison_group"":""reference"",""comparison_method"":"""",""control_mode"":""fixed"",""downtime_log_mean"":2.5,""downtime_log_sigma"":0.8,""edge_count"":5,""edge_link_factor"":2.0,""experiment_layer"":""system_poisson"",""fixed_online_budget_ms"":10.0,""fixed_planning_interval_slots"":5,""fixed_total_pool_budget"":20,""lambda_g"":0.7,""lambda_h"":0.7,""lambda_per_slot"":1.0,""max_deadline_ms"":1999.0,""min_deadline_ms"":500.0,""minimum_control_window_slots"":5,""minimum_replanning_interval_slots"":2,""name"":""periodic_lightweight"",""online_budgets_ms"":[5.0,10.0,20.0],""online_timing_mode"":""measured"",""origin_group_count"":2,""plan_ttl_slots"":20,""planning_candidate_generator_mode"":""lightweight"",""planning_customized_archive_capacity"":64,""planning_customized_generations"":4,""planning_customized_population_size"":12,""planning_deadline_ms"":2000.0,""planning_intervals"":[5,10,20],""planning_runtime_ms"":100.0,""planning_sample_count"":20,""planning_timing_mode"":""measured"",""pool_budget_mode"":""fixed_total"",""profile_count"":2,""slot_count"":200,""slot_length_ms"":100.0,""suite"":""algorithm_baseline"",""total_pool_budgets"":[8,20,40],""uptime_scale"":100.0,""uptime_shape"":1.5,""user_count"":10,""workload_mode"":""poisson_profile_catalog""}",200,205,202,92,110,86,6,1,0,1,3.176243103396534,549.2392524067452,0.8114127179909536,5253.799022969012,37,39,16,0,0,39,23,15,17066.366376937367,561.389070819132,2.779153815936297,4.332583048380911,14,13,0,4696,4405,0,291,195,185,99,84,22260736,prewarm,stability_delay_energy_v4,unified_fixed_point_v3,explicit_snapshot_v1,poisson_profile_catalog_v1,periodic_repository_v1,customized_periodic_pool_v1,empirical_window_beta_v1,slot_up_down_v1,fixed_service_time_v1,fixed_path_v1,full_duplex_shared_heat_v1,deployment_return_energy_v1,periodic_three_objective_v3,discrete_mpc_v1,grid_tkb_v1,arrival_risk_diversity_v1,budgeted_fixed_point_v1,regularized_surrogate_v1,goodput_cost_v1,0.45544554455445546,0.5445544554455446,0.42574257425742573,0.06521739130434782,0.010869565217391304,4.195121951219512,0.18316831683168316,0.19306930693069307,0.07920792079207921,0.0,0.0
system_poisson:poisson_lifecycle_v1:algorithm_baseline:8f6b2d6768df6f1c:periodic_lightweight:r15:s20260734,8f6b2d6768df6f1c,algorithm_baseline,periodic_lightweight,reference,periodic_lightweight,15,20260734,system_poisson,poisson_lifecycle_v1,poisson_profile_catalog,periodic_lightweight,lightweight,not_applicable,prewarm,measured,measured,fixed,fixed_total,1.0,9d81372cc2973096,868f2658ddad8015,1f9cdc4dfc70bd76,554a01216359253d,"{""algorithm"":""periodic_lightweight"",""alpha_l"":0.7,""alpha_r"":0.8,""availability_fraction"":0.5,""beta_l"":0.4,""beta_r"":0.5,""bootstrap_mode"":""prewarm"",""candidate_fixed_point_damping"":0.5,""candidate_fixed_point_max_iterations"":20,""candidate_fixed_point_relative_tolerance"":0.0001,""cloud_count"":1,""comparison_group"":""reference"",""comparison_method"":"""",""control_mode"":""fixed"",""downtime_log_mean"":2.5,""downtime_log_sigma"":0.8,""edge_count"":5,""edge_link_factor"":2.0,""experiment_layer"":""system_poisson"",""fixed_online_budget_ms"":10.0,""fixed_planning_interval_slots"":5,""fixed_total_pool_budget"":20,""lambda_g"":0.7,""lambda_h"":0.7,""lambda_per_slot"":1.0,""max_deadline_ms"":1999.0,""min_deadline_ms"":500.0,""minimum_control_window_slots"":5,""minimum_replanning_interval_slots"":2,""name"":""periodic_lightweight"",""online_budgets_ms"":[5.0,10.0,20.0],""online_timing_mode"":""measured"",""origin_group_count"":2,""plan_ttl_slots"":20,""planning_candidate_generator_mode"":""lightweight"",""planning_customized_archive_capacity"":64,""planning_customized_generations"":4,""planning_customized_population_size"":12,""planning_deadline_ms"":2000.0,""planning_intervals"":[5,10,20],""planning_runtime_ms"":100.0,""planning_sample_count"":20,""planning_timing_mode"":""measured"",""pool_budget_mode"":""fixed_total"",""profile_count"":2,""slot_count"":200,""slot_length_ms"":100.0,""suite"":""algorithm_baseline"",""total_pool_budgets"":[8,20,40],""uptime_scale"":100.0,""uptime_shape"":1.5,""user_count"":10,""workload_mode"":""poisson_profile_catalog""}",200,205,203,62,141,58,4,0,0,1,2.104555759984773,673.2445820440416,0.8053444378139456,4836.213113246932,31,11,20,0,0,40,16,23,16028.849709196948,854.3081332463771,4.208414449489543,7.196958991698921,17,16,0,4881,4467,0,414,316,298,135,169,22260737,prewarm,stability_delay_energy_v4,unified_fixed_point_v3,explicit_snapshot_v1,poisson_profile_catalog_v1,periodic_repository_v1,customized_periodic_pool_v1,empirical_window_beta_v1,slot_up_down_v1,fixed_service_time_v1,fixed_path_v1,full_duplex_shared_heat_v1,deployment_return_energy_v1,periodic_three_objective_v3,discrete_mpc_v1,grid_tkb_v1,arrival_risk_diversity_v1,budgeted_fixed_point_v1,regularized_surrogate_v1,goodput_cost_v1,0.3054187192118227,0.6945812807881774,0.2857142857142857,0.06451612903225806,0.0,2.8292682926829267,0.15270935960591134,0.054187192118226604,0.09852216748768473,0.0,0.0
system_poisson:poisson_lifecycle_v1:algorithm_baseline:8f6b2d6768df6f1c:periodic_lightweight:r16:s20260735,8f6b2d6768df6f1c,algorithm_baseline,periodic_lightweight,reference,periodic_lightweight,16,20260735,system_poisson,poisson_lifecycle_v1,poisson_profile_catalog,periodic_lightweight,lightweight,not_applicable,prewarm,measured,measured,fixed,fixed_total,1.0,c61c842e17f225e3,3da65bab6008a478,33b568baf37f075d,615e85118266de25,"{""algorithm"":""periodic_lightweight"",""alpha_l"":0.7,""alpha_r"":0.8,""availability_fraction"":0.5,""beta_l"":0.4,""beta_r"":0.5,""bootstrap_mode"":""prewarm"",""candidate_fixed_point_damping"":0.5,""candidate_fixed_point_max_iterations"":20,""candidate_fixed_point_relative_tolerance"":0.0001,""cloud_count"":1,""comparison_group"":""reference"",""comparison_method"":"""",""control_mode"":""fixed"",""downtime_log_mean"":2.5,""downtime_log_sigma"":0.8,""edge_count"":5,""edge_link_factor"":2.0,""experiment_layer"":""system_poisson"",""fixed_online_budget_ms"":10.0,""fixed_planning_interval_slots"":5,""fixed_total_pool_budget"":20,""lambda_g"":0.7,""lambda_h"":0.7,""lambda_per_slot"":1.0,""max_deadline_ms"":1999.0,""min_deadline_ms"":500.0,""minimum_control_window_slots"":5,""minimum_replanning_interval_slots"":2,""name"":""periodic_lightweight"",""online_budgets_ms"":[5.0,10.0,20.0],""online_timing_mode"":""measured"",""origin_group_count"":2,""plan_ttl_slots"":20,""planning_candidate_generator_mode"":""lightweight"",""planning_customized_archive_capacity"":64,""planning_customized_generations"":4,""planning_customized_population_size"":12,""planning_deadline_ms"":2000.0,""planning_intervals"":[5,10,20],""planning_runtime_ms"":100.0,""planning_sample_count"":20,""planning_timing_mode"":""measured"",""pool_budget_mode"":""fixed_total"",""profile_count"":2,""slot_count"":200,""slot_length_ms"":100.0,""suite"":""algorithm_baseline"",""total_pool_budgets"":[8,20,40],""uptime_scale"":100.0,""uptime_shape"":1.5,""user_count"":10,""workload_mode"":""poisson_profile_catalog""}",200,205,215,63,152,55,8,2,0,1,1.9121816443696555,725.499629060858,0.8462748094509644,7267.9145242474515,23,3,37,0,0,40,14,25,16619.941040407866,613.9737538760528,2.855691878493269,4.9761669943109155,10,9,0,4893,4726,0,167,109,92,34,60,22260738,prewarm,stability_delay_energy_v4,unified_fixed_point_v3,explicit_snapshot_v1,poisson_profile_catalog_v1,periodic_repository_v1,customized_periodic_pool_v1,empirical_window_beta_v1,slot_up_down_v1,fixed_service_time_v1,fixed_path_v1,full_duplex_shared_heat_v1,deployment_return_energy_v1,periodic_three_objective_v3,discrete_mpc_v1,grid_tkb_v1,arrival_risk_diversity_v1,budgeted_fixed_point_v1,regularized_surrogate_v1,goodput_cost_v1,0.2930232558139535,0.7069767441860465,0.2558139534883721,0.12698412698412698,0.031746031746031744,2.682926829268293,0.10697674418604651,0.013953488372093023,0.17209302325581396,0.0,0.0
system_poisson:poisson_lifecycle_v1:algorithm_baseline:8f6b2d6768df6f1c:periodic_lightweight:r17:s20260736,8f6b2d6768df6f1c,algorithm_baseline,periodic_lightweight,reference,periodic_lightweight,17,20260736,system_poisson,poisson_lifecycle_v1,poisson_profile_catalog,periodic_lightweight,lightweight,not_applicable,prewarm,measured,measured,fixed,fixed_total,1.0,a1e1594e7589a223,d9b518a32809412d,f1078707bd950772,6d1494c76aa00136,"{""algorithm"":""periodic_lightweight"",""alpha_l"":0.7,""alpha_r"":0.8,""availability_fraction"":0.5,""beta_l"":0.4,""beta_r"":0.5,""bootstrap_mode"":""prewarm"",""candidate_fixed_point_damping"":0.5,""candidate_fixed_point_max_iterations"":20,""candidate_fixed_point_relative_tolerance"":0.0001,""cloud_count"":1,""comparison_group"":""reference"",""comparison_method"":"""",""control_mode"":""fixed"",""downtime_log_mean"":2.5,""downtime_log_sigma"":0.8,""edge_count"":5,""edge_link_factor"":2.0,""experiment_layer"":""system_poisson"",""fixed_online_budget_ms"":10.0,""fixed_planning_interval_slots"":5,""fixed_total_pool_budget"":20,""lambda_g"":0.7,""lambda_h"":0.7,""lambda_per_slot"":1.0,""max_deadline_ms"":1999.0,""min_deadline_ms"":500.0,""minimum_control_window_slots"":5,""minimum_replanning_interval_slots"":2,""name"":""periodic_lightweight"",""online_budgets_ms"":[5.0,10.0,20.0],""online_timing_mode"":""measured"",""origin_group_count"":2,""plan_ttl_slots"":20,""planning_candidate_generator_mode"":""lightweight"",""planning_customized_archive_capacity"":64,""planning_customized_generations"":4,""planning_customized_population_size"":12,""planning_deadline_ms"":2000.0,""planning_intervals"":[5,10,20],""planning_runtime_ms"":100.0,""planning_sample_count"":20,""planning_timing_mode"":""measured"",""pool_budget_mode"":""fixed_total"",""profile_count"":2,""slot_count"":200,""slot_length_ms"":100.0,""suite"":""algorithm_baseline"",""total_pool_budgets"":[8,20,40],""uptime_scale"":100.0,""uptime_shape"":1.5,""user_count"":10,""workload_mode"":""poisson_profile_catalog""}",200,208,191,56,135,49,7,0,0,1,1.7708640705697718,665.8350429205959,0.8217493289363166,5475.406698486586,29,8,19,0,0,37,23,13,17332.200751523487,737.0247503276914,3.8587683263229917,7.182959001511335,14,13,0,4539,4338,0,201,172,158,99,70,22260739,prewarm,stability_delay_energy_v4,unified_fixed_point_v3,explicit_snapshot_v1,poisson_profile_catalog_v1,periodic_repository_v1,customized_periodic_pool_v1,empirical_window_beta_v1,slot_up_down_v1,fixed_service_time_v1,fixed_path_v1,full_duplex_shared_heat_v1,deployment_return_energy_v1,periodic_three_objective_v3,discrete_mpc_v1,grid_tkb_v1,arrival_risk_diversity_v1,budgeted_fixed_point_v1,regularized_surrogate_v1,goodput_cost_v1,0.2931937172774869,0.7068062827225131,0.25654450261780104,0.125,0.0,2.355769230769231,0.1518324607329843,0.041884816753926704,0.09947643979057591,0.0,0.0
system_poisson:poisson_lifecycle_v1:algorithm_baseline:8f6b2d6768df6f1c:periodic_lightweight:r18:s20260737,8f6b2d6768df6f1c,algorithm_baseline,periodic_lightweight,reference,periodic_lightweight,18,20260737,system_poisson,poisson_lifecycle_v1,poisson_profile_catalog,periodic_lightweight,lightweight,not_applicable,prewarm,measured,measured,fixed,fixed_total,1.0,2340d35db3923e87,6c6665153475ebe0,e91a6f9277c728f1,fb1a538d3c9d367a,"{""algorithm"":""periodic_lightweight"",""alpha_l"":0.7,""alpha_r"":0.8,""availability_fraction"":0.5,""beta_l"":0.4,""beta_r"":0.5,""bootstrap_mode"":""prewarm"",""candidate_fixed_point_damping"":0.5,""candidate_fixed_point_max_iterations"":20,""candidate_fixed_point_relative_tolerance"":0.0001,""cloud_count"":1,""comparison_group"":""reference"",""comparison_method"":"""",""control_mode"":""fixed"",""downtime_log_mean"":2.5,""downtime_log_sigma"":0.8,""edge_count"":5,""edge_link_factor"":2.0,""experiment_layer"":""system_poisson"",""fixed_online_budget_ms"":10.0,""fixed_planning_interval_slots"":5,""fixed_total_pool_budget"":20,""lambda_g"":0.7,""lambda_h"":0.7,""lambda_per_slot"":1.0,""max_deadline_ms"":1999.0,""min_deadline_ms"":500.0,""minimum_control_window_slots"":5,""minimum_replanning_interval_slots"":2,""name"":""periodic_lightweight"",""online_budgets_ms"":[5.0,10.0,20.0],""online_timing_mode"":""measured"",""origin_group_count"":2,""plan_ttl_slots"":20,""planning_candidate_generator_mode"":""lightweight"",""planning_customized_archive_capacity"":64,""planning_customized_generations"":4,""planning_customized_population_size"":12,""planning_deadline_ms"":2000.0,""planning_intervals"":[5,10,20],""planning_runtime_ms"":100.0,""planning_sample_count"":20,""planning_timing_mode"":""measured"",""pool_budget_mode"":""fixed_total"",""profile_count"":2,""slot_count"":200,""slot_length_ms"":100.0,""suite"":""algorithm_baseline"",""total_pool_budgets"":[8,20,40],""uptime_scale"":100.0,""uptime_shape"":1.5,""user_count"":10,""workload_mode"":""poisson_profile_catalog""}",200,201,177,86,91,81,5,1,0,1,3.1127296707899124,469.06560160829866,0.807232840141855,4393.482100264188,55,16,15,0,0,38,27,10,17143.40333000291,836.0405435087159,4.723392901179186,7.9793339828029275,15,14,0,4718,4152,0,566,405,349,183,160,22260740,prewarm,stability_delay_energy_v4,unified_fixed_point_v3,explicit_snapshot_v1,poisson_profile_catalog_v1,periodic_repository_v1,customized_periodic_pool_v1,empirical_window_beta_v1,slot_up_down_v1,fixed_service_time_v1,fixed_path_v1,full_duplex_shared_heat_v1,deployment_return_energy_v1,periodic_three_objective_v3,discrete_mpc_v1,grid_tkb_v1,arrival_risk_diversity_v1,budgeted_fixed_point_v1,regularized_surrogate_v1,goodput_cost_v1,0.4858757062146893,0.5141242937853108,0.4576271186440678,0.05813953488372093,0.011627906976744186,4.029850746268656,0.3107344632768362,0.0903954802259887,0.0847457627118644,0.0,0.0
system_poisson:poisson_lifecycle_v1:algorithm_baseline:8f6b2d6768df6f1c:periodic_lightweight:r19:s20260738,8f6b2d6768df6f1c,algorithm_baseline,periodic_lightweight,reference,periodic_lightweight,19,20260738,system_poisson,poisson_lifecycle_v1,poisson_profile_catalog,periodic_lightweight,lightweight,not_applicable,prewarm,measured,measured,fixed,fixed_total,1.0,2f8cac81e28c6822,342fe7b24aabf9c9,bca0f53820c0230d,a5b68c6f808e683d,"{""algorithm"":""periodic_lightweight"",""alpha_l"":0.7,""alpha_r"":0.8,""availability_fraction"":0.5,""beta_l"":0.4,""beta_r"":0.5,""bootstrap_mode"":""prewarm"",""candidate_fixed_point_damping"":0.5,""candidate_fixed_point_max_iterations"":20,""candidate_fixed_point_relative_tolerance"":0.0001,""cloud_count"":1,""comparison_group"":""reference"",""comparison_method"":"""",""control_mode"":""fixed"",""downtime_log_mean"":2.5,""downtime_log_sigma"":0.8,""edge_count"":5,""edge_link_factor"":2.0,""experiment_layer"":""system_poisson"",""fixed_online_budget_ms"":10.0,""fixed_planning_interval_slots"":5,""fixed_total_pool_budget"":20,""lambda_g"":0.7,""lambda_h"":0.7,""lambda_per_slot"":1.0,""max_deadline_ms"":1999.0,""min_deadline_ms"":500.0,""minimum_control_window_slots"":5,""minimum_replanning_interval_slots"":2,""name"":""periodic_lightweight"",""online_budgets_ms"":[5.0,10.0,20.0],""online_timing_mode"":""measured"",""origin_group_count"":2,""plan_ttl_slots"":20,""planning_candidate_generator_mode"":""lightweight"",""planning_customized_archive_capacity"":64,""planning_customized_generations"":4,""planning_customized_population_size"":12,""planning_deadline_ms"":2000.0,""planning_intervals"":[5,10,20],""planning_runtime_ms"":100.0,""planning_sample_count"":20,""planning_timing_mode"":""measured"",""pool_budget_mode"":""fixed_total"",""profile_count"":2,""slot_count"":200,""slot_length_ms"":100.0,""suite"":""algorithm_baseline"",""total_pool_budgets"":[8,20,40],""uptime_scale"":100.0,""uptime_shape"":1.5,""user_count"":10,""workload_mode"":""poisson_profile_catalog""}",200,205,180,48,132,43,5,3,0,1,1.4337417389295581,684.04273184566,0.8144671333991855,5720.181553805622,29,2,17,0,0,40,16,23,16757.720003370196,569.2585028009489,3.1625472377830497,4.970667068846524,12,11,0,4967,4732,0,235,152,127,69,71,22260741,prewarm,stability_delay_energy_v4,unified_fixed_point_v3,explicit_snapshot_v1,poisson_profile_catalog_v1,periodic_repository_v1,customized_periodic_pool_v1,empirical_window_beta_v1,slot_up_down_v1,fixed_service_time_v1,fixed_path_v1,full_duplex_shared_heat_v1,deployment_return_energy_v1,periodic_three_objective_v3,discrete_mpc_v1,grid_tkb_v1,arrival_risk_diversity_v1,budgeted_fixed_point_v1,regularized_surrogate_v1,goodput_cost_v1,0.26666666666666666,0.7333333333333333,0.2388888888888889,0.10416666666666667,0.0625,2.097560975609756,0.16111111111111112,0.011111111111111112,0.09444444444444444,0.0,0.0
system_poisson:poisson_lifecycle_v1:algorithm_baseline:a2b3c259164e56ae:per_request_customized:r0:s20260719,a2b3c259164e56ae,algorithm_baseline,per_request_customized,reference,per_request_customized,0,20260719,system_poisson,poisson_lifecycle_v1,poisson_profile_catalog,per_request_customized,not_applicable,p12_g4_a64,cold_start,measured,measured,fixed,fixed_total,1.0,6d295842eb0296d0,fca0df0e76e8aea8,68e477ed3df2fad8,c3ade63673949cb4,"{""algorithm"":""per_request_customized"",""alpha_l"":0.7,""alpha_r"":0.8,""availability_fraction"":0.5,""beta_l"":0.4,""beta_r"":0.5,""bootstrap_mode"":""cold_start"",""candidate_fixed_point_damping"":0.5,""candidate_fixed_point_max_iterations"":20,""candidate_fixed_point_relative_tolerance"":0.0001,""cloud_count"":1,""comparison_group"":""reference"",""comparison_method"":"""",""control_mode"":""fixed"",""downtime_log_mean"":2.5,""downtime_log_sigma"":0.8,""edge_count"":5,""edge_link_factor"":2.0,""experiment_layer"":""system_poisson"",""fixed_online_budget_ms"":10.0,""fixed_planning_interval_slots"":5,""fixed_total_pool_budget"":20,""lambda_g"":0.7,""lambda_h"":0.7,""lambda_per_slot"":1.0,""max_deadline_ms"":1999.0,""min_deadline_ms"":500.0,""minimum_control_window_slots"":5,""minimum_replanning_interval_slots"":2,""name"":""per_request_customized"",""online_budgets_ms"":[5.0,10.0,20.0],""online_timing_mode"":""measured"",""origin_group_count"":2,""plan_ttl_slots"":20,""planning_candidate_generator_mode"":""customized"",""planning_customized_archive_capacity"":64,""planning_customized_generations"":4,""planning_customized_population_size"":12,""planning_deadline_ms"":2000.0,""planning_intervals"":[5,10,20],""planning_runtime_ms"":100.0,""planning_sample_count"":20,""planning_timing_mode"":""measured"",""pool_budget_mode"":""fixed_total"",""profile_count"":2,""slot_count"":200,""slot_length_ms"":100.0,""suite"":""algorithm_baseline"",""total_pool_budgets"":[8,20,40],""uptime_scale"":100.0,""uptime_shape"":1.5,""user_count"":10,""workload_mode"":""poisson_profile_catalog""}",200,200,191,56,135,45,11,1,0,1,1.5706815876967462,716.6982276300818,0.8794371932590399,4698.275362991592,0,0,0,56,0,0,0,0,0.0,11774.61487497203,61.64719829828288,103.61612495034933,0,0,0,3270,3067,0,203,0,56,0,0,22260722,cold_start,stability_delay_energy_v4,unified_fixed_point_v3,explicit_snapshot_v1,poisson_profile_catalog_v1,periodic_repository_v1,customized_periodic_pool_v1,empirical_window_beta_v1,slot_up_down_v1,fixed_service_time_v1,fixed_path_v1,full_duplex_shared_heat_v1,deployment_return_energy_v1,periodic_three_objective_v3,discrete_mpc_v1,grid_tkb_v1,arrival_risk_diversity_v1,budgeted_fixed_point_v1,regularized_surrogate_v1,goodput_cost_v1,0.2931937172774869,0.7068062827225131,0.2356020942408377,0.19642857142857142,0.017857142857142856,2.25,0.0,0.0,0.0,0.2931937172774869,0.0
system_poisson:poisson_lifecycle_v1:algorithm_baseline:a2b3c259164e56ae:per_request_customized:r1:s20260720,a2b3c259164e56ae,algorithm_baseline,per_request_customized,reference,per_request_customized,1,20260720,system_poisson,poisson_lifecycle_v1,poisson_profile_catalog,per_request_customized,not_applicable,p12_g4_a64,cold_start,measured,measured,fixed,fixed_total,1.0,a4f53f5438a025fd,a0ac5e6d1accb3ff,b090fbef89e23494,4948b9b559ca3dae,"{""algorithm"":""per_request_customized"",""alpha_l"":0.7,""alpha_r"":0.8,""availability_fraction"":0.5,""beta_l"":0.4,""beta_r"":0.5,""bootstrap_mode"":""cold_start"",""candidate_fixed_point_damping"":0.5,""candidate_fixed_point_max_iterations"":20,""candidate_fixed_point_relative_tolerance"":0.0001,""cloud_count"":1,""comparison_group"":""reference"",""comparison_method"":"""",""control_mode"":""fixed"",""downtime_log_mean"":2.5,""downtime_log_sigma"":0.8,""edge_count"":5,""edge_link_factor"":2.0,""experiment_layer"":""system_poisson"",""fixed_online_budget_ms"":10.0,""fixed_planning_interval_slots"":5,""fixed_total_pool_budget"":20,""lambda_g"":0.7,""lambda_h"":0.7,""lambda_per_slot"":1.0,""max_deadline_ms"":1999.0,""min_deadline_ms"":500.0,""minimum_control_window_slots"":5,""minimum_replanning_interval_slots"":2,""name"":""per_request_customized"",""online_budgets_ms"":[5.0,10.0,20.0],""online_timing_mode"":""measured"",""origin_group_count"":2,""plan_ttl_slots"":20,""planning_candidate_generator_mode"":""customized"",""planning_customized_archive_capacity"":64,""planning_customized_generations"":4,""planning_customized_population_size"":12,""planning_deadline_ms"":2000.0,""planning_intervals"":[5,10,20],""planning_runtime_ms"":100.0,""planning_sample_count"":20,""planning_timing_mode"":""measured"",""pool_budget_mode"":""fixed_total"",""profile_count"":2,""slot_count"":200,""slot_length_ms"":100.0,""suite"":""algorithm_baseline"",""total_pool_budgets"":[8,20,40],""uptime_scale"":100.0,""uptime_shape"":1.5,""user_count"":10,""workload_mode"":""poisson_profile_catalog""}",200,204,209,63,146,56,7,1,0,1,1.9878168096968971,681.5964103578413,0.8384435947329676,6877.95420443884,0,0,0,63,0,0,0,0,0.0,15731.19116271846,75.26885723788737,126.62500003352761,0,0,0,3650,3227,0,423,0,63,0,0,22260723,cold_start,stability_delay_energy_v4,unified_fixed_point_v3,explicit_snapshot_v1,poisson_profile_catalog_v1,periodic_repository_v1,customized_periodic_pool_v1,empirical_window_beta_v1,slot_up_down_v1,fixed_service_time_v1,fixed_path_v1,full_duplex_shared_heat_v1,deployment_return_energy_v1,periodic_three_objective_v3,discrete_mpc_v1,grid_tkb_v1,arrival_risk_diversity_v1,budgeted_fixed_point_v1,regularized_surrogate_v1,goodput_cost_v1,0.3014354066985646,0.6985645933014354,0.2679425837320574,0.1111111111111111,0.015873015873015872,2.7450980392156863,0.0,0.0,0.0,0.3014354066985646,0.0
system_poisson:poisson_lifecycle_v1:algorithm_baseline:a2b3c259164e56ae:per_request_customized:r2:s20260721,a2b3c259164e56ae,algorithm_baseline,per_request_customized,reference,per_request_customized,2,20260721,system_poisson,poisson_lifecycle_v1,poisson_profile_catalog,per_request_customized,not_applicable,p12_g4_a64,cold_start,measured,measured,fixed,fixed_total,1.0,e1936cba343be935,938f95453f2442e2,b1b7f5bba0248714,b3c97759fa661993,"{""algorithm"":""per_request_customized"",""alpha_l"":0.7,""alpha_r"":0.8,""availability_fraction"":0.5,""beta_l"":0.4,""beta_r"":0.5,""bootstrap_mode"":""cold_start"",""candidate_fixed_point_damping"":0.5,""candidate_fixed_point_max_iterations"":20,""candidate_fixed_point_relative_tolerance"":0.0001,""cloud_count"":1,""comparison_group"":""reference"",""comparison_method"":"""",""control_mode"":""fixed"",""downtime_log_mean"":2.5,""downtime_log_sigma"":0.8,""edge_count"":5,""edge_link_factor"":2.0,""experiment_layer"":""system_poisson"",""fixed_online_budget_ms"":10.0,""fixed_planning_interval_slots"":5,""fixed_total_pool_budget"":20,""lambda_g"":0.7,""lambda_h"":0.7,""lambda_per_slot"":1.0,""max_deadline_ms"":1999.0,""min_deadline_ms"":500.0,""minimum_control_window_slots"":5,""minimum_replanning_interval_slots"":2,""name"":""per_request_customized"",""online_budgets_ms"":[5.0,10.0,20.0],""online_timing_mode"":""measured"",""origin_group_count"":2,""plan_ttl_slots"":20,""planning_candidate_generator_mode"":""customized"",""planning_customized_archive_capacity"":64,""planning_customized_generations"":4,""planning_customized_population_size"":12,""planning_deadline_ms"":2000.0,""planning_intervals"":[5,10,20],""planning_runtime_ms"":100.0,""planning_sample_count"":20,""planning_timing_mode"":""measured"",""pool_budget_mode"":""fixed_total"",""profile_count"":2,""slot_count"":200,""slot_length_ms"":100.0,""suite"":""algorithm_baseline"",""total_pool_budgets"":[8,20,40],""uptime_scale"":100.0,""uptime_shape"":1.5,""user_count"":10,""workload_mode"":""poisson_profile_catalog""}",200,207,211,66,145,59,7,0,0,1,2.21140572044279,562.9584914721872,0.8348274923055694,5866.430182358607,0,0,0,66,0,0,0,0,0.0,19092.97342528589,90.4880257122554,127.79854203108698,0,0,0,4038,3649,0,389,0,66,0,0,22260724,cold_start,stability_delay_energy_v4,unified_fixed_point_v3,explicit_snapshot_v1,poisson_profile_catalog_v1,periodic_repository_v1,customized_periodic_pool_v1,empirical_window_beta_v1,slot_up_down_v1,fixed_service_time_v1,fixed_path_v1,full_duplex_shared_heat_v1,deployment_return_energy_v1,periodic_three_objective_v3,discrete_mpc_v1,grid_tkb_v1,arrival_risk_diversity_v1,budgeted_fixed_point_v1,regularized_surrogate_v1,goodput_cost_v1,0.3127962085308057,0.6872037914691943,0.2796208530805687,0.10606060606060606,0.0,2.85024154589372,0.0,0.0,0.0,0.3127962085308057,0.0
system_poisson:poisson_lifecycle_v1:algorithm_baseline:a2b3c259164e56ae:per_request_customized:r3:s20260722,a2b3c259164e56ae,algorithm_baseline,per_request_customized,reference,per_request_customized,3,20260722,system_poisson,poisson_lifecycle_v1,poisson_profile_catalog,per_request_customized,not_applicable,p12_g4_a64,cold_start,measured,measured,fixed,fixed_total,1.0,cad518de228dec43,e2c448830ab998d5,5b89c04953d23a62,a8d64a668c29fff0,"{""algorithm"":""per_request_customized"",""alpha_l"":0.7,""alpha_r"":0.8,""availability_fraction"":0.5,""beta_l"":0.4,""beta_r"":0.5,""bootstrap_mode"":""cold_start"",""candidate_fixed_point_damping"":0.5,""candidate_fixed_point_max_iterations"":20,""candidate_fixed_point_relative_tolerance"":0.0001,""cloud_count"":1,""comparison_group"":""reference"",""comparison_method"":"""",""control_mode"":""fixed"",""downtime_log_mean"":2.5,""downtime_log_sigma"":0.8,""edge_count"":5,""edge_link_factor"":2.0,""experiment_layer"":""system_poisson"",""fixed_online_budget_ms"":10.0,""fixed_planning_interval_slots"":5,""fixed_total_pool_budget"":20,""lambda_g"":0.7,""lambda_h"":0.7,""lambda_per_slot"":1.0,""max_deadline_ms"":1999.0,""min_deadline_ms"":500.0,""minimum_control_window_slots"":5,""minimum_replanning_interval_slots"":2,""name"":""per_request_customized"",""online_budgets_ms"":[5.0,10.0,20.0],""online_timing_mode"":""measured"",""origin_group_count"":2,""plan_ttl_slots"":20,""planning_candidate_generator_mode"":""customized"",""planning_customized_archive_capacity"":64,""planning_customized_generations"":4,""planning_customized_population_size"":12,""planning_deadline_ms"":2000.0,""planning_intervals"":[5,10,20],""planning_runtime_ms"":100.0,""planning_sample_count"":20,""planning_timing_mode"":""measured"",""pool_budget_mode"":""fixed_total"",""profile_count"":2,""slot_count"":200,""slot_length_ms"":100.0,""suite"":""algorithm_baseline"",""total_pool_budgets"":[8,20,40],""uptime_scale"":100.0,""uptime_shape"":1.5,""user_count"":10,""workload_mode"":""poisson_profile_catalog""}",200,211,210,74,136,64,10,1,0,1,2.2350824564642027,595.4157230492319,0.858476611446337,5521.688888421834,0,0,0,74,0,0,0,0,0.0,15604.16153515689,74.30553111979472,114.49162499047816,0,0,0,3882,3213,0,669,0,74,0,0,22260725,cold_start,stability_delay_energy_v4,unified_fixed_point_v3,explicit_snapshot_v1,poisson_profile_catalog_v1,periodic_repository_v1,customized_periodic_pool_v1,empirical_window_beta_v1,slot_up_down_v1,fixed_service_time_v1,fixed_path_v1,full_duplex_shared_heat_v1,deployment_return_energy_v1,periodic_three_objective_v3,discrete_mpc_v1,grid_tkb_v1,arrival_risk_diversity_v1,budgeted_fixed_point_v1,regularized_surrogate_v1,goodput_cost_v1,0.3523809523809524,0.6476190476190476,0.3047619047619048,0.13513513513513514,0.013513513513513514,3.0331753554502368,0.0,0.0,0.0,0.3523809523809524,0.0
system_poisson:poisson_lifecycle_v1:algorithm_baseline:a2b3c259164e56ae:per_request_customized:r4:s20260723,a2b3c259164e56ae,algorithm_baseline,per_request_customized,reference,per_request_customized,4,20260723,system_poisson,poisson_lifecycle_v1,poisson_profile_catalog,per_request_customized,not_applicable,p12_g4_a64,cold_start,measured,measured,fixed,fixed_total,1.0,85e4775618fc9271,04cc006508118ace,6d76626369b7dc47,7df8c4f9894fbd11,"{""algorithm"":""per_request_customized"",""alpha_l"":0.7,""alpha_r"":0.8,""availability_fraction"":0.5,""beta_l"":0.4,""beta_r"":0.5,""bootstrap_mode"":""cold_start"",""candidate_fixed_point_damping"":0.5,""candidate_fixed_point_max_iterations"":20,""candidate_fixed_point_relative_tolerance"":0.0001,""cloud_count"":1,""comparison_group"":""reference"",""comparison_method"":"""",""control_mode"":""fixed"",""downtime_log_mean"":2.5,""downtime_log_sigma"":0.8,""edge_count"":5,""edge_link_factor"":2.0,""experiment_layer"":""system_poisson"",""fixed_online_budget_ms"":10.0,""fixed_planning_interval_slots"":5,""fixed_total_pool_budget"":20,""lambda_g"":0.7,""lambda_h"":0.7,""lambda_per_slot"":1.0,""max_deadline_ms"":1999.0,""min_deadline_ms"":500.0,""minimum_control_window_slots"":5,""minimum_replanning_interval_slots"":2,""name"":""per_request_customized"",""online_budgets_ms"":[5.0,10.0,20.0],""online_timing_mode"":""measured"",""origin_group_count"":2,""plan_ttl_slots"":20,""planning_candidate_generator_mode"":""customized"",""planning_customized_archive_capacity"":64,""planning_customized_generations"":4,""planning_customized_population_size"":12,""planning_deadline_ms"":2000.0,""planning_intervals"":[5,10,20],""planning_runtime_ms"":100.0,""planning_sample_count"":20,""planning_timing_mode"":""measured"",""pool_budget_mode"":""fixed_total"",""profile_count"":2,""slot_count"":200,""slot_length_ms"":100.0,""suite"":""algorithm_baseline"",""total_pool_budgets"":[8,20,40],""uptime_scale"":100.0,""uptime_shape"":1.5,""user_count"":10,""workload_mode"":""poisson_profile_catalog""}",200,206,206,50,156,46,4,0,0,1,1.699609032630006,645.3193819338466,0.8500858901346798,6586.098569331934,0,0,0,50,0,0,0,0,0.0,16406.7776275333,79.64455158996748,122.67187505494803,0,0,0,3787,3532,0,255,0,50,0,0,22260726,cold_start,stability_delay_energy_v4,unified_fixed_point_v3,explicit_snapshot_v1,poisson_profile_catalog_v1,periodic_repository_v1,customized_periodic_pool_v1,empirical_window_beta_v1,slot_up_down_v1,fixed_service_time_v1,fixed_path_v1,full_duplex_shared_heat_v1,deployment_return_energy_v1,periodic_three_objective_v3,discrete_mpc_v1,grid_tkb_v1,arrival_risk_diversity_v1,budgeted_fixed_point_v1,regularized_surrogate_v1,goodput_cost_v1,0.24271844660194175,0.7572815533980582,0.22330097087378642,0.08,0.0,2.233009708737864,0.0,0.0,0.0,0.24271844660194175,0.0
system_poisson:poisson_lifecycle_v1:algorithm_baseline:a2b3c259164e56ae:per_request_customized:r5:s20260724,a2b3c259164e56ae,algorithm_baseline,per_request_customized,reference,per_request_customized,5,20260724,system_poisson,poisson_lifecycle_v1,poisson_profile_catalog,per_request_customized,not_applicable,p12_g4_a64,cold_start,measured,measured,fixed,fixed_total,1.0,d24fe9836276a23a,5f88dfc591596c91,8236ef19df927245,c61766e5adeaf7a9,"{""algorithm"":""per_request_customized"",""alpha_l"":0.7,""alpha_r"":0.8,""availability_fraction"":0.5,""beta_l"":0.4,""beta_r"":0.5,""bootstrap_mode"":""cold_start"",""candidate_fixed_point_damping"":0.5,""candidate_fixed_point_max_iterations"":20,""candidate_fixed_point_relative_tolerance"":0.0001,""cloud_count"":1,""comparison_group"":""reference"",""comparison_method"":"""",""control_mode"":""fixed"",""downtime_log_mean"":2.5,""downtime_log_sigma"":0.8,""edge_count"":5,""edge_link_factor"":2.0,""experiment_layer"":""system_poisson"",""fixed_online_budget_ms"":10.0,""fixed_planning_interval_slots"":5,""fixed_total_pool_budget"":20,""lambda_g"":0.7,""lambda_h"":0.7,""lambda_per_slot"":1.0,""max_deadline_ms"":1999.0,""min_deadline_ms"":500.0,""minimum_control_window_slots"":5,""minimum_replanning_interval_slots"":2,""name"":""per_request_customized"",""online_budgets_ms"":[5.0,10.0,20.0],""online_timing_mode"":""measured"",""origin_group_count"":2,""plan_ttl_slots"":20,""planning_candidate_generator_mode"":""customized"",""planning_customized_archive_capacity"":64,""planning_customized_generations"":4,""planning_customized_population_size"":12,""planning_deadline_ms"":2000.0,""planning_intervals"":[5,10,20],""planning_runtime_ms"":100.0,""planning_sample_count"":20,""planning_timing_mode"":""measured"",""pool_budget_mode"":""fixed_total"",""profile_count"":2,""slot_count"":200,""slot_length_ms"":100.0,""suite"":""algorithm_baseline"",""total_pool_budgets"":[8,20,40],""uptime_scale"":100.0,""uptime_shape"":1.5,""user_count"":10,""workload_mode"":""poisson_profile_catalog""}",200,203,196,60,136,47,13,0,0,1,1.6964696542849695,539.4435920648045,0.84899528975321,4455.621596642582,0,0,0,60,0,0,0,0,0.0,12517.578006605618,63.86519391125315,97.67129202373326,0,0,0,3574,3381,0,193,0,60,0,0,22260727,cold_start,stability_delay_energy_v4,unified_fixed_point_v3,explicit_snapshot_v1,poisson_profile_catalog_v1,periodic_repository_v1,customized_periodic_pool_v1,empirical_window_beta_v1,slot_up_down_v1,fixed_service_time_v1,fixed_path_v1,full_duplex_shared_heat_v1,deployment_return_energy_v1,periodic_three_objective_v3,discrete_mpc_v1,grid_tkb_v1,arrival_risk_diversity_v1,budgeted_fixed_point_v1,regularized_surrogate_v1,goodput_cost_v1,0.30612244897959184,0.6938775510204082,0.23979591836734693,0.21666666666666667,0.0,2.315270935960591,0.0,0.0,0.0,0.30612244897959184,0.0
system_poisson:poisson_lifecycle_v1:algorithm_baseline:a2b3c259164e56ae:per_request_customized:r6:s20260725,a2b3c259164e56ae,algorithm_baseline,per_request_customized,reference,per_request_customized,6,20260725,system_poisson,poisson_lifecycle_v1,poisson_profile_catalog,per_request_customized,not_applicable,p12_g4_a64,cold_start,measured,measured,fixed,fixed_total,1.0,26abbdd9b75bc615,fc04fea1c464df4f,315f55f80c124787,b0aa21bae96916c6,"{""algorithm"":""per_request_customized"",""alpha_l"":0.7,""alpha_r"":0.8,""availability_fraction"":0.5,""beta_l"":0.4,""beta_r"":0.5,""bootstrap_mode"":""cold_start"",""candidate_fixed_point_damping"":0.5,""candidate_fixed_point_max_iterations"":20,""candidate_fixed_point_relative_tolerance"":0.0001,""cloud_count"":1,""comparison_group"":""reference"",""comparison_method"":"""",""control_mode"":""fixed"",""downtime_log_mean"":2.5,""downtime_log_sigma"":0.8,""edge_count"":5,""edge_link_factor"":2.0,""experiment_layer"":""system_poisson"",""fixed_online_budget_ms"":10.0,""fixed_planning_interval_slots"":5,""fixed_total_pool_budget"":20,""lambda_g"":0.7,""lambda_h"":0.7,""lambda_per_slot"":1.0,""max_deadline_ms"":1999.0,""min_deadline_ms"":500.0,""minimum_control_window_slots"":5,""minimum_replanning_interval_slots"":2,""name"":""per_request_customized"",""online_budgets_ms"":[5.0,10.0,20.0],""online_timing_mode"":""measured"",""origin_group_count"":2,""plan_ttl_slots"":20,""planning_candidate_generator_mode"":""customized"",""planning_customized_archive_capacity"":64,""planning_customized_generations"":4,""planning_customized_population_size"":12,""planning_deadline_ms"":2000.0,""planning_intervals"":[5,10,20],""planning_runtime_ms"":100.0,""planning_sample_count"":20,""planning_timing_mode"":""measured"",""pool_budget_mode"":""fixed_total"",""profile_count"":2,""slot_count"":200,""slot_length_ms"":100.0,""suite"":""algorithm_baseline"",""total_pool_budgets"":[8,20,40],""uptime_scale"":100.0,""uptime_shape"":1.5,""user_count"":10,""workload_mode"":""poisson_profile_catalog""}",200,202,183,43,140,35,8,0,0,1,1.2918906626269382,680.2170882491176,0.86696706338214,5526.313071930525,0,0,0,43,0,0,0,0,0.0,12488.51150542032,68.2432322700564,104.00858393404633,0,0,0,3299,3018,0,281,0,43,0,0,22260728,cold_start,stability_delay_energy_v4,unified_fixed_point_v3,explicit_snapshot_v1,poisson_profile_catalog_v1,periodic_repository_v1,customized_periodic_pool_v1,empirical_window_beta_v1,slot_up_down_v1,fixed_service_time_v1,fixed_path_v1,full_duplex_shared_heat_v1,deployment_return_energy_v1,periodic_three_objective_v3,discrete_mpc_v1,grid_tkb_v1,arrival_risk_diversity_v1,budgeted_fixed_point_v1,regularized_surrogate_v1,goodput_cost_v1,0.23497267759562843,0.7650273224043715,0.1912568306010929,0.18604651162790697,0.0,1.7326732673267327,0.0,0.0,0.0,0.23497267759562843,0.0
system_poisson:poisson_lifecycle_v1:algorithm_baseline:a2b3c259164e56ae:per_request_customized:r7:s20260726,a2b3c259164e56ae,algorithm_baseline,per_request_customized,reference,per_request_customized,7,20260726,system_poisson,poisson_lifecycle_v1,poisson_profile_catalog,per_request_customized,not_applicable,p12_g4_a64,cold_start,measured,measured,fixed,fixed_total,1.0,cfb348bc73ed6b08,6c2f0ddd78fdc176,45d9b67b7d7e2742,5d8d75c05ac19d95,"{""algorithm"":""per_request_customized"",""alpha_l"":0.7,""alpha_r"":0.8,""availability_fraction"":0.5,""beta_l"":0.4,""beta_r"":0.5,""bootstrap_mode"":""cold_start"",""candidate_fixed_point_damping"":0.5,""candidate_fixed_point_max_iterations"":20,""candidate_fixed_point_relative_tolerance"":0.0001,""cloud_count"":1,""comparison_group"":""reference"",""comparison_method"":"""",""control_mode"":""fixed"",""downtime_log_mean"":2.5,""downtime_log_sigma"":0.8,""edge_count"":5,""edge_link_factor"":2.0,""experiment_layer"":""system_poisson"",""fixed_online_budget_ms"":10.0,""fixed_planning_interval_slots"":5,""fixed_total_pool_budget"":20,""lambda_g"":0.7,""lambda_h"":0.7,""lambda_per_slot"":1.0,""max_deadline_ms"":1999.0,""min_deadline_ms"":500.0,""minimum_control_window_slots"":5,""minimum_replanning_interval_slots"":2,""name"":""per_request_customized"",""online_budgets_ms"":[5.0,10.0,20.0],""online_timing_mode"":""measured"",""origin_group_count"":2,""plan_ttl_slots"":20,""planning_candidate_generator_mode"":""customized"",""planning_customized_archive_capacity"":64,""planning_customized_generations"":4,""planning_customized_population_size"":12,""planning_deadline_ms"":2000.0,""planning_intervals"":[5,10,20],""planning_runtime_ms"":100.0,""planning_sample_count"":20,""planning_timing_mode"":""measured"",""pool_budget_mode"":""fixed_total"",""profile_count"":2,""slot_count"":200,""slot_length_ms"":100.0,""suite"":""algorithm_baseline"",""total_pool_budgets"":[8,20,40],""uptime_scale"":100.0,""uptime_shape"":1.5,""user_count"":10,""workload_mode"":""poisson_profile_catalog""}",200,209,190,44,146,42,2,1,0,1,1.3978909011387082,825.5891221301731,0.8244167282507747,6415.453807317384,0,0,0,44,0,0,0,0,0.0,14859.663952491246,78.20875764469076,118.49812499713153,0,0,0,3421,3114,0,307,0,44,0,0,22260729,cold_start,stability_delay_energy_v4,unified_fixed_point_v3,explicit_snapshot_v1,poisson_profile_catalog_v1,periodic_repository_v1,customized_periodic_pool_v1,empirical_window_beta_v1,slot_up_down_v1,fixed_service_time_v1,fixed_path_v1,full_duplex_shared_heat_v1,deployment_return_energy_v1,periodic_three_objective_v3,discrete_mpc_v1,grid_tkb_v1,arrival_risk_diversity_v1,budgeted_fixed_point_v1,regularized_surrogate_v1,goodput_cost_v1,0.23157894736842105,0.7684210526315789,0.22105263157894736,0.045454545454545456,0.022727272727272728,2.009569377990431,0.0,0.0,0.0,0.23157894736842105,0.0
system_poisson:poisson_lifecycle_v1:algorithm_baseline:a2b3c259164e56ae:per_request_customized:r8:s20260727,a2b3c259164e56ae,algorithm_baseline,per_request_customized,reference,per_request_customized,8,20260727,system_poisson,poisson_lifecycle_v1,poisson_profile_catalog,per_request_customized,not_applicable,p12_g4_a64,cold_start,measured,measured,fixed,fixed_total,1.0,77262aef7c650c15,adddb8a44db4224c,5ef7f7f709b227ab,5f427e7b1456da70,"{""algorithm"":""per_request_customized"",""alpha_l"":0.7,""alpha_r"":0.8,""availability_fraction"":0.5,""beta_l"":0.4,""beta_r"":0.5,""bootstrap_mode"":""cold_start"",""candidate_fixed_point_damping"":0.5,""candidate_fixed_point_max_iterations"":20,""candidate_fixed_point_relative_tolerance"":0.0001,""cloud_count"":1,""comparison_group"":""reference"",""comparison_method"":"""",""control_mode"":""fixed"",""downtime_log_mean"":2.5,""downtime_log_sigma"":0.8,""edge_count"":5,""edge_link_factor"":2.0,""experiment_layer"":""system_poisson"",""fixed_online_budget_ms"":10.0,""fixed_planning_interval_slots"":5,""fixed_total_pool_budget"":20,""lambda_g"":0.7,""lambda_h"":0.7,""lambda_per_slot"":1.0,""max_deadline_ms"":1999.0,""min_deadline_ms"":500.0,""minimum_control_window_slots"":5,""minimum_replanning_interval_slots"":2,""name"":""per_request_customized"",""online_budgets_ms"":[5.0,10.0,20.0],""online_timing_mode"":""measured"",""origin_group_count"":2,""plan_ttl_slots"":20,""planning_candidate_generator_mode"":""customized"",""planning_customized_archive_capacity"":64,""planning_customized_generations"":4,""planning_customized_population_size"":12,""planning_deadline_ms"":2000.0,""planning_intervals"":[5,10,20],""planning_runtime_ms"":100.0,""planning_sample_count"":20,""planning_timing_mode"":""measured"",""pool_budget_mode"":""fixed_total"",""profile_count"":2,""slot_count"":200,""slot_length_ms"":100.0,""suite"":""algorithm_baseline"",""total_pool_budgets"":[8,20,40],""uptime_scale"":100.0,""uptime_shape"":1.5,""user_count"":10,""workload_mode"":""poisson_profile_catalog""}",200,205,181,56,125,50,6,0,0,1,1.7727031009663814,661.566895159558,0.8518913258892378,7342.995371524664,0,0,0,56,0,0,0,0,0.0,16484.586917213164,91.07506584095671,171.628582989797,0,0,0,3390,2742,0,648,0,56,0,0,22260730,cold_start,stability_delay_energy_v4,unified_fixed_point_v3,explicit_snapshot_v1,poisson_profile_catalog_v1,periodic_repository_v1,customized_periodic_pool_v1,empirical_window_beta_v1,slot_up_down_v1,fixed_service_time_v1,fixed_path_v1,full_duplex_shared_heat_v1,deployment_return_energy_v1,periodic_three_objective_v3,discrete_mpc_v1,grid_tkb_v1,arrival_risk_diversity_v1,budgeted_fixed_point_v1,regularized_surrogate_v1,goodput_cost_v1,0.30939226519337015,0.6906077348066298,0.27624309392265195,0.10714285714285714,0.0,2.4390243902439024,0.0,0.0,0.0,0.30939226519337015,0.0
system_poisson:poisson_lifecycle_v1:algorithm_baseline:a2b3c259164e56ae:per_request_customized:r9:s20260728,a2b3c259164e56ae,algorithm_baseline,per_request_customized,reference,per_request_customized,9,20260728,system_poisson,poisson_lifecycle_v1,poisson_profile_catalog,per_request_customized,not_applicable,p12_g4_a64,cold_start,measured,measured,fixed,fixed_total,1.0,51994d7f38a9b2d2,94c502adeeb85260,9f5ed373a6bd9324,58651f60c37cc329,"{""algorithm"":""per_request_customized"",""alpha_l"":0.7,""alpha_r"":0.8,""availability_fraction"":0.5,""beta_l"":0.4,""beta_r"":0.5,""bootstrap_mode"":""cold_start"",""candidate_fixed_point_damping"":0.5,""candidate_fixed_point_max_iterations"":20,""candidate_fixed_point_relative_tolerance"":0.0001,""cloud_count"":1,""comparison_group"":""reference"",""comparison_method"":"""",""control_mode"":""fixed"",""downtime_log_mean"":2.5,""downtime_log_sigma"":0.8,""edge_count"":5,""edge_link_factor"":2.0,""experiment_layer"":""system_poisson"",""fixed_online_budget_ms"":10.0,""fixed_planning_interval_slots"":5,""fixed_total_pool_budget"":20,""lambda_g"":0.7,""lambda_h"":0.7,""lambda_per_slot"":1.0,""max_deadline_ms"":1999.0,""min_deadline_ms"":500.0,""minimum_control_window_slots"":5,""minimum_replanning_interval_slots"":2,""name"":""per_request_customized"",""online_budgets_ms"":[5.0,10.0,20.0],""online_timing_mode"":""measured"",""origin_group_count"":2,""plan_ttl_slots"":20,""planning_candidate_generator_mode"":""customized"",""planning_customized_archive_capacity"":64,""planning_customized_generations"":4,""planning_customized_population_size"":12,""planning_deadline_ms"":2000.0,""planning_intervals"":[5,10,20],""planning_runtime_ms"":100.0,""planning_sample_count"":20,""planning_timing_mode"":""measured"",""pool_budget_mode"":""fixed_total"",""profile_count"":2,""slot_count"":200,""slot_length_ms"":100.0,""suite"":""algorithm_baseline"",""total_pool_budgets"":[8,20,40],""uptime_scale"":100.0,""uptime_shape"":1.5,""user_count"":10,""workload_mode"":""poisson_profile_catalog""}",200,208,211,84,127,73,11,2,0,1,2.5617663763556435,574.8748862949409,0.839833267423026,5214.221059997903,0,0,0,84,0,0,0,0,0.0,14936.37641670648,70.78851382325347,123.75029199756682,0,0,0,4619,3562,0,1057,0,84,0,0,22260731,cold_start,stability_delay_energy_v4,unified_fixed_point_v3,explicit_snapshot_v1,poisson_profile_catalog_v1,periodic_repository_v1,customized_periodic_pool_v1,empirical_window_beta_v1,slot_up_down_v1,fixed_service_time_v1,fixed_path_v1,full_duplex_shared_heat_v1,deployment_return_energy_v1,periodic_three_objective_v3,discrete_mpc_v1,grid_tkb_v1,arrival_risk_diversity_v1,budgeted_fixed_point_v1,regularized_surrogate_v1,goodput_cost_v1,0.3981042654028436,0.6018957345971564,0.3459715639810427,0.13095238095238096,0.023809523809523808,3.5096153846153846,0.0,0.0,0.0,0.3981042654028436,0.0
system_poisson:poisson_lifecycle_v1:algorithm_baseline:a2b3c259164e56ae:per_request_customized:r10:s20260729,a2b3c259164e56ae,algorithm_baseline,per_request_customized,reference,per_request_customized,10,20260729,system_poisson,poisson_lifecycle_v1,poisson_profile_catalog,per_request_customized,not_applicable,p12_g4_a64,cold_start,measured,measured,fixed,fixed_total,1.0,5b8d17f0ef7f4099,329b4f7d21be54ff,897cead0737f85bf,5bfdd62f4d90fc6a,"{""algorithm"":""per_request_customized"",""alpha_l"":0.7,""alpha_r"":0.8,""availability_fraction"":0.5,""beta_l"":0.4,""beta_r"":0.5,""bootstrap_mode"":""cold_start"",""candidate_fixed_point_damping"":0.5,""candidate_fixed_point_max_iterations"":20,""candidate_fixed_point_relative_tolerance"":0.0001,""cloud_count"":1,""comparison_group"":""reference"",""comparison_method"":"""",""control_mode"":""fixed"",""downtime_log_mean"":2.5,""downtime_log_sigma"":0.8,""edge_count"":5,""edge_link_factor"":2.0,""experiment_layer"":""system_poisson"",""fixed_online_budget_ms"":10.0,""fixed_planning_interval_slots"":5,""fixed_total_pool_budget"":20,""lambda_g"":0.7,""lambda_h"":0.7,""lambda_per_slot"":1.0,""max_deadline_ms"":1999.0,""min_deadline_ms"":500.0,""minimum_control_window_slots"":5,""minimum_replanning_interval_slots"":2,""name"":""per_request_customized"",""online_budgets_ms"":[5.0,10.0,20.0],""online_timing_mode"":""measured"",""origin_group_count"":2,""plan_ttl_slots"":20,""planning_candidate_generator_mode"":""customized"",""planning_customized_archive_capacity"":64,""planning_customized_generations"":4,""planning_customized_population_size"":12,""planning_deadline_ms"":2000.0,""planning_intervals"":[5,10,20],""planning_runtime_ms"":100.0,""planning_sample_count"":20,""planning_timing_mode"":""measured"",""pool_budget_mode"":""fixed_total"",""profile_count"":2,""slot_count"":200,""slot_length_ms"":100.0,""suite"":""algorithm_baseline"",""total_pool_budgets"":[8,20,40],""uptime_scale"":100.0,""uptime_shape"":1.5,""user_count"":10,""workload_mode"":""poisson_profile_catalog""}",200,202,209,81,128,68,13,1,0,1,2.6048578743971493,513.9990571894024,0.8214547861675973,5038.96965088103,0,0,0,81,0,0,0,0,0.0,17842.37254189793,85.37020354975087,121.95454200264066,0,0,0,4573,3624,0,949,0,81,0,0,22260732,cold_start,stability_delay_energy_v4,unified_fixed_point_v3,explicit_snapshot_v1,poisson_profile_catalog_v1,periodic_repository_v1,customized_periodic_pool_v1,empirical_window_beta_v1,slot_up_down_v1,fixed_service_time_v1,fixed_path_v1,full_duplex_shared_heat_v1,deployment_return_energy_v1,periodic_three_objective_v3,discrete_mpc_v1,grid_tkb_v1,arrival_risk_diversity_v1,budgeted_fixed_point_v1,regularized_surrogate_v1,goodput_cost_v1,0.3875598086124402,0.6124401913875598,0.3253588516746411,0.16049382716049382,0.012345679012345678,3.3663366336633667,0.0,0.0,0.0,0.3875598086124402,0.0
system_poisson:poisson_lifecycle_v1:algorithm_baseline:a2b3c259164e56ae:per_request_customized:r11:s20260730,a2b3c259164e56ae,algorithm_baseline,per_request_customized,reference,per_request_customized,11,20260730,system_poisson,poisson_lifecycle_v1,poisson_profile_catalog,per_request_customized,not_applicable,p12_g4_a64,cold_start,measured,measured,fixed,fixed_total,1.0,30f077b6e956d2e4,a9f113d17c0a9b50,f4bafd7cbf888eae,2fbd8cdb625c9aae,"{""algorithm"":""per_request_customized"",""alpha_l"":0.7,""alpha_r"":0.8,""availability_fraction"":0.5,""beta_l"":0.4,""beta_r"":0.5,""bootstrap_mode"":""cold_start"",""candidate_fixed_point_damping"":0.5,""candidate_fixed_point_max_iterations"":20,""candidate_fixed_point_relative_tolerance"":0.0001,""cloud_count"":1,""comparison_group"":""reference"",""comparison_method"":"""",""control_mode"":""fixed"",""downtime_log_mean"":2.5,""downtime_log_sigma"":0.8,""edge_count"":5,""edge_link_factor"":2.0,""experiment_layer"":""system_poisson"",""fixed_online_budget_ms"":10.0,""fixed_planning_interval_slots"":5,""fixed_total_pool_budget"":20,""lambda_g"":0.7,""lambda_h"":0.7,""lambda_per_slot"":1.0,""max_deadline_ms"":1999.0,""min_deadline_ms"":500.0,""minimum_control_window_slots"":5,""minimum_replanning_interval_slots"":2,""name"":""per_request_customized"",""online_budgets_ms"":[5.0,10.0,20.0],""online_timing_mode"":""measured"",""origin_group_count"":2,""plan_ttl_slots"":20,""planning_candidate_generator_mode"":""customized"",""planning_customized_archive_capacity"":64,""planning_customized_generations"":4,""planning_customized_population_size"":12,""planning_deadline_ms"":2000.0,""planning_intervals"":[5,10,20],""planning_runtime_ms"":100.0,""planning_sample_count"":20,""planning_timing_mode"":""measured"",""pool_budget_mode"":""fixed_total"",""profile_count"":2,""slot_count"":200,""slot_length_ms"":100.0,""suite"":""algorithm_baseline"",""total_pool_budgets"":[8,20,40],""uptime_scale"":100.0,""uptime_shape"":1.5,""user_count"":10,""workload_mode"":""poisson_profile_catalog""}",200,201,179,61,118,55,6,1,0,1,2.073142681265932,562.5860754883366,0.8339503252921568,5397.228165674701,0,0,0,61,0,0,0,0,0.0,19184.805754222907,107.1776857777816,185.33879099413753,0,0,0,3587,3234,0,353,0,61,0,0,22260733,cold_start,stability_delay_energy_v4,unified_fixed_point_v3,explicit_snapshot_v1,poisson_profile_catalog_v1,periodic_repository_v1,customized_periodic_pool_v1,empirical_window_beta_v1,slot_up_down_v1,fixed_service_time_v1,fixed_path_v1,full_duplex_shared_heat_v1,deployment_return_energy_v1,periodic_three_objective_v3,discrete_mpc_v1,grid_tkb_v1,arrival_risk_diversity_v1,budgeted_fixed_point_v1,regularized_surrogate_v1,goodput_cost_v1,0.3407821229050279,0.659217877094972,0.30726256983240224,0.09836065573770492,0.01639344262295082,2.7363184079601988,0.0,0.0,0.0,0.3407821229050279,0.0
system_poisson:poisson_lifecycle_v1:algorithm_baseline:a2b3c259164e56ae:per_request_customized:r12:s20260731,a2b3c259164e56ae,algorithm_baseline,per_request_customized,reference,per_request_customized,12,20260731,system_poisson,poisson_lifecycle_v1,poisson_profile_catalog,per_request_customized,not_applicable,p12_g4_a64,cold_start,measured,measured,fixed,fixed_total,1.0,c8a1c19b9973aa96,c57247db4e0508db,72a5571d4331dbf4,5615e2a246665bbb,"{""algorithm"":""per_request_customized"",""alpha_l"":0.7,""alpha_r"":0.8,""availability_fraction"":0.5,""beta_l"":0.4,""beta_r"":0.5,""bootstrap_mode"":""cold_start"",""candidate_fixed_point_damping"":0.5,""candidate_fixed_point_max_iterations"":20,""candidate_fixed_point_relative_tolerance"":0.0001,""cloud_count"":1,""comparison_group"":""reference"",""comparison_method"":"""",""control_mode"":""fixed"",""downtime_log_mean"":2.5,""downtime_log_sigma"":0.8,""edge_count"":5,""edge_link_factor"":2.0,""experiment_layer"":""system_poisson"",""fixed_online_budget_ms"":10.0,""fixed_planning_interval_slots"":5,""fixed_total_pool_budget"":20,""lambda_g"":0.7,""lambda_h"":0.7,""lambda_per_slot"":1.0,""max_deadline_ms"":1999.0,""min_deadline_ms"":500.0,""minimum_control_window_slots"":5,""minimum_replanning_interval_slots"":2,""name"":""per_request_customized"",""online_budgets_ms"":[5.0,10.0,20.0],""online_timing_mode"":""measured"",""origin_group_count"":2,""plan_ttl_slots"":20,""planning_candidate_generator_mode"":""customized"",""planning_customized_archive_capacity"":64,""planning_customized_generations"":4,""planning_customized_population_size"":12,""planning_deadline_ms"":2000.0,""planning_intervals"":[5,10,20],""planning_runtime_ms"":100.0,""planning_sample_count"":20,""planning_timing_mode"":""measured"",""pool_budget_mode"":""fixed_total"",""profile_count"":2,""slot_count"":200,""slot_length_ms"":100.0,""suite"":""algorithm_baseline"",""total_pool_budgets"":[8,20,40],""uptime_scale"":100.0,""uptime_shape"":1.5,""user_count"":10,""workload_mode"":""poisson_profile_catalog""}",200,203,184,63,121,56,7,2,0,1,1.9764660231610947,632.2263928977602,0.8446410047381714,7341.110479854315,0,0,0,63,0,0,0,0,0.0,16288.882001303136,88.52653261577791,140.18895803019404,0,0,0,3620,3155,0,465,0,63,0,0,22260734,cold_start,stability_delay_energy_v4,unified_fixed_point_v3,explicit_snapshot_v1,poisson_profile_catalog_v1,periodic_repository_v1,customized_periodic_pool_v1,empirical_window_beta_v1,slot_up_down_v1,fixed_service_time_v1,fixed_path_v1,full_duplex_shared_heat_v1,deployment_return_energy_v1,periodic_three_objective_v3,discrete_mpc_v1,grid_tkb_v1,arrival_risk_diversity_v1,budgeted_fixed_point_v1,regularized_surrogate_v1,goodput_cost_v1,0.3423913043478261,0.657608695652174,0.30434782608695654,0.1111111111111111,0.031746031746031744,2.758620689655172,0.0,0.0,0.0,0.3423913043478261,0.0
system_poisson:poisson_lifecycle_v1:algorithm_baseline:a2b3c259164e56ae:per_request_customized:r13:s20260732,a2b3c259164e56ae,algorithm_baseline,per_request_customized,reference,per_request_customized,13,20260732,system_poisson,poisson_lifecycle_v1,poisson_profile_catalog,per_request_customized,not_applicable,p12_g4_a64,cold_start,measured,measured,fixed,fixed_total,1.0,2570004416ece14a,3e0c88c5a91c29b4,5e6617b3e9dde363,a897565254a74026,"{""algorithm"":""per_request_customized"",""alpha_l"":0.7,""alpha_r"":0.8,""availability_fraction"":0.5,""beta_l"":0.4,""beta_r"":0.5,""bootstrap_mode"":""cold_start"",""candidate_fixed_point_damping"":0.5,""candidate_fixed_point_max_iterations"":20,""candidate_fixed_point_relative_tolerance"":0.0001,""cloud_count"":1,""comparison_group"":""reference"",""comparison_method"":"""",""control_mode"":""fixed"",""downtime_log_mean"":2.5,""downtime_log_sigma"":0.8,""edge_count"":5,""edge_link_factor"":2.0,""experiment_layer"":""system_poisson"",""fixed_online_budget_ms"":10.0,""fixed_planning_interval_slots"":5,""fixed_total_pool_budget"":20,""lambda_g"":0.7,""lambda_h"":0.7,""lambda_per_slot"":1.0,""max_deadline_ms"":1999.0,""min_deadline_ms"":500.0,""minimum_control_window_slots"":5,""minimum_replanning_interval_slots"":2,""name"":""per_request_customized"",""online_budgets_ms"":[5.0,10.0,20.0],""online_timing_mode"":""measured"",""origin_group_count"":2,""plan_ttl_slots"":20,""planning_candidate_generator_mode"":""customized"",""planning_customized_archive_capacity"":64,""planning_customized_generations"":4,""planning_customized_population_size"":12,""planning_deadline_ms"":2000.0,""planning_intervals"":[5,10,20],""planning_runtime_ms"":100.0,""planning_sample_count"":20,""planning_timing_mode"":""measured"",""pool_budget_mode"":""fixed_total"",""profile_count"":2,""slot_count"":200,""slot_length_ms"":100.0,""suite"":""algorithm_baseline"",""total_pool_budgets"":[8,20,40],""uptime_scale"":100.0,""uptime_shape"":1.5,""user_count"":10,""workload_mode"":""poisson_profile_catalog""}",200,206,208,84,124,75,9,3,0,1,2.684352662304572,582.1805908360698,0.8503692955014531,7223.317855331851,0,0,0,84,0,0,0,0,0.0,19205.210382002406,92.33274222116542,142.38458406180143,0,0,0,4079,3347,0,732,0,84,0,0,22260735,cold_start,stability_delay_energy_v4,unified_fixed_point_v3,explicit_snapshot_v1,poisson_profile_catalog_v1,periodic_repository_v1,customized_periodic_pool_v1,empirical_window_beta_v1,slot_up_down_v1,fixed_service_time_v1,fixed_path_v1,full_duplex_shared_heat_v1,deployment_return_energy_v1,periodic_three_objective_v3,discrete_mpc_v1,grid_tkb_v1,arrival_risk_diversity_v1,budgeted_fixed_point_v1,regularized_surrogate_v1,goodput_cost_v1,0.40384615384615385,0.5961538461538461,0.3605769230769231,0.10714285714285714,0.03571428571428571,3.640776699029126,0.0,0.0,0.0,0.40384615384615385,0.0
system_poisson:poisson_lifecycle_v1:algorithm_baseline:a2b3c259164e56ae:per_request_customized:r14:s20260733,a2b3c259164e56ae,algorithm_baseline,per_request_customized,reference,per_request_customized,14,20260733,system_poisson,poisson_lifecycle_v1,poisson_profile_catalog,per_request_customized,not_applicable,p12_g4_a64,cold_start,measured,measured,fixed,fixed_total,1.0,e549ef942191509c,82b0c7769f30bf5e,5fa9f2d6b0764417,9238a84d7f53868e,"{""algorithm"":""per_request_customized"",""alpha_l"":0.7,""alpha_r"":0.8,""availability_fraction"":0.5,""beta_l"":0.4,""beta_r"":0.5,""bootstrap_mode"":""cold_start"",""candidate_fixed_point_damping"":0.5,""candidate_fixed_point_max_iterations"":20,""candidate_fixed_point_relative_tolerance"":0.0001,""cloud_count"":1,""comparison_group"":""reference"",""comparison_method"":"""",""control_mode"":""fixed"",""downtime_log_mean"":2.5,""downtime_log_sigma"":0.8,""edge_count"":5,""edge_link_factor"":2.0,""experiment_layer"":""system_poisson"",""fixed_online_budget_ms"":10.0,""fixed_planning_interval_slots"":5,""fixed_total_pool_budget"":20,""lambda_g"":0.7,""lambda_h"":0.7,""lambda_per_slot"":1.0,""max_deadline_ms"":1999.0,""min_deadline_ms"":500.0,""minimum_control_window_slots"":5,""minimum_replanning_interval_slots"":2,""name"":""per_request_customized"",""online_budgets_ms"":[5.0,10.0,20.0],""online_timing_mode"":""measured"",""origin_group_count"":2,""plan_ttl_slots"":20,""planning_candidate_generator_mode"":""customized"",""planning_customized_archive_capacity"":64,""planning_customized_generations"":4,""planning_customized_population_size"":12,""planning_deadline_ms"":2000.0,""planning_intervals"":[5,10,20],""planning_runtime_ms"":100.0,""planning_sample_count"":20,""planning_timing_mode"":""measured"",""pool_budget_mode"":""fixed_total"",""profile_count"":2,""slot_count"":200,""slot_length_ms"":100.0,""suite"":""algorithm_baseline"",""total_pool_budgets"":[8,20,40],""uptime_scale"":100.0,""uptime_shape"":1.5,""user_count"":10,""workload_mode"":""poisson_profile_catalog""}",200,204,202,64,138,57,7,0,0,1,2.090446475421493,594.184505506898,0.8414586455441891,5930.6930029955665,0,0,0,64,0,0,0,0,0.0,16089.4097071141,79.65054310452525,126.23625004198402,0,0,0,3715,3349,0,366,0,64,0,0,22260736,cold_start,stability_delay_energy_v4,unified_fixed_point_v3,explicit_snapshot_v1,poisson_profile_catalog_v1,periodic_repository_v1,customized_periodic_pool_v1,empirical_window_beta_v1,slot_up_down_v1,fixed_service_time_v1,fixed_path_v1,full_duplex_shared_heat_v1,deployment_return_energy_v1,periodic_three_objective_v3,discrete_mpc_v1,grid_tkb_v1,arrival_risk_diversity_v1,budgeted_fixed_point_v1,regularized_surrogate_v1,goodput_cost_v1,0.31683168316831684,0.6831683168316832,0.28217821782178215,0.109375,0.0,2.794117647058824,0.0,0.0,0.0,0.31683168316831684,0.0
system_poisson:poisson_lifecycle_v1:algorithm_baseline:a2b3c259164e56ae:per_request_customized:r15:s20260734,a2b3c259164e56ae,algorithm_baseline,per_request_customized,reference,per_request_customized,15,20260734,system_poisson,poisson_lifecycle_v1,poisson_profile_catalog,per_request_customized,not_applicable,p12_g4_a64,cold_start,measured,measured,fixed,fixed_total,1.0,9d81372cc2973096,868f2658ddad8015,1f9cdc4dfc70bd76,554a01216359253d,"{""algorithm"":""per_request_customized"",""alpha_l"":0.7,""alpha_r"":0.8,""availability_fraction"":0.5,""beta_l"":0.4,""beta_r"":0.5,""bootstrap_mode"":""cold_start"",""candidate_fixed_point_damping"":0.5,""candidate_fixed_point_max_iterations"":20,""candidate_fixed_point_relative_tolerance"":0.0001,""cloud_count"":1,""comparison_group"":""reference"",""comparison_method"":"""",""control_mode"":""fixed"",""downtime_log_mean"":2.5,""downtime_log_sigma"":0.8,""edge_count"":5,""edge_link_factor"":2.0,""experiment_layer"":""system_poisson"",""fixed_online_budget_ms"":10.0,""fixed_planning_interval_slots"":5,""fixed_total_pool_budget"":20,""lambda_g"":0.7,""lambda_h"":0.7,""lambda_per_slot"":1.0,""max_deadline_ms"":1999.0,""min_deadline_ms"":500.0,""minimum_control_window_slots"":5,""minimum_replanning_interval_slots"":2,""name"":""per_request_customized"",""online_budgets_ms"":[5.0,10.0,20.0],""online_timing_mode"":""measured"",""origin_group_count"":2,""plan_ttl_slots"":20,""planning_candidate_generator_mode"":""customized"",""planning_customized_archive_capacity"":64,""planning_customized_generations"":4,""planning_customized_population_size"":12,""planning_deadline_ms"":2000.0,""planning_intervals"":[5,10,20],""planning_runtime_ms"":100.0,""planning_sample_count"":20,""planning_timing_mode"":""measured"",""pool_budget_mode"":""fixed_total"",""profile_count"":2,""slot_count"":200,""slot_length_ms"":100.0,""suite"":""algorithm_baseline"",""total_pool_budgets"":[8,20,40],""uptime_scale"":100.0,""uptime_shape"":1.5,""user_count"":10,""workload_mode"":""poisson_profile_catalog""}",200,205,203,53,150,43,10,0,0,1,1.5219249526449337,728.4820613115573,0.8498402055119594,5452.9826385064625,0,0,0,53,0,0,0,0,0.0,14939.612084417604,73.5941481991015,121.29050004296005,0,0,0,3855,3530,0,325,0,53,0,0,22260737,cold_start,stability_delay_energy_v4,unified_fixed_point_v3,explicit_snapshot_v1,poisson_profile_catalog_v1,periodic_repository_v1,customized_periodic_pool_v1,empirical_window_beta_v1,slot_up_down_v1,fixed_service_time_v1,fixed_path_v1,full_duplex_shared_heat_v1,deployment_return_energy_v1,periodic_three_objective_v3,discrete_mpc_v1,grid_tkb_v1,arrival_risk_diversity_v1,budgeted_fixed_point_v1,regularized_surrogate_v1,goodput_cost_v1,0.26108374384236455,0.7389162561576355,0.21182266009852216,0.18867924528301888,0.0,2.097560975609756,0.0,0.0,0.0,0.26108374384236455,0.0
system_poisson:poisson_lifecycle_v1:algorithm_baseline:a2b3c259164e56ae:per_request_customized:r16:s20260735,a2b3c259164e56ae,algorithm_baseline,per_request_customized,reference,per_request_customized,16,20260735,system_poisson,poisson_lifecycle_v1,poisson_profile_catalog,per_request_customized,not_applicable,p12_g4_a64,cold_start,measured,measured,fixed,fixed_total,1.0,c61c842e17f225e3,3da65bab6008a478,33b568baf37f075d,615e85118266de25,"{""algorithm"":""per_request_customized"",""alpha_l"":0.7,""alpha_r"":0.8,""availability_fraction"":0.5,""beta_l"":0.4,""beta_r"":0.5,""bootstrap_mode"":""cold_start"",""candidate_fixed_point_damping"":0.5,""candidate_fixed_point_max_iterations"":20,""candidate_fixed_point_relative_tolerance"":0.0001,""cloud_count"":1,""comparison_group"":""reference"",""comparison_method"":"""",""control_mode"":""fixed"",""downtime_log_mean"":2.5,""downtime_log_sigma"":0.8,""edge_count"":5,""edge_link_factor"":2.0,""experiment_layer"":""system_poisson"",""fixed_online_budget_ms"":10.0,""fixed_planning_interval_slots"":5,""fixed_total_pool_budget"":20,""lambda_g"":0.7,""lambda_h"":0.7,""lambda_per_slot"":1.0,""max_deadline_ms"":1999.0,""min_deadline_ms"":500.0,""minimum_control_window_slots"":5,""minimum_replanning_interval_slots"":2,""name"":""per_request_customized"",""online_budgets_ms"":[5.0,10.0,20.0],""online_timing_mode"":""measured"",""origin_group_count"":2,""plan_ttl_slots"":20,""planning_candidate_generator_mode"":""customized"",""planning_customized_archive_capacity"":64,""planning_customized_generations"":4,""planning_customized_population_size"":12,""planning_deadline_ms"":2000.0,""planning_intervals"":[5,10,20],""planning_runtime_ms"":100.0,""planning_sample_count"":20,""planning_timing_mode"":""measured"",""pool_budget_mode"":""fixed_total"",""profile_count"":2,""slot_count"":200,""slot_length_ms"":100.0,""suite"":""algorithm_baseline"",""total_pool_budgets"":[8,20,40],""uptime_scale"":100.0,""uptime_shape"":1.5,""user_count"":10,""workload_mode"":""poisson_profile_catalog""}",200,204,215,57,158,49,8,3,0,1,1.6570454955969138,788.2653472814089,0.8610756536734088,7342.345155814961,0,0,0,57,0,0,0,0,0.0,18988.231503637508,88.31735583087213,150.5709169432521,0,0,0,3907,3409,0,498,0,57,0,0,22260738,cold_start,stability_delay_energy_v4,unified_fixed_point_v3,explicit_snapshot_v1,poisson_profile_catalog_v1,periodic_repository_v1,customized_periodic_pool_v1,empirical_window_beta_v1,slot_up_down_v1,fixed_service_time_v1,fixed_path_v1,full_duplex_shared_heat_v1,deployment_return_energy_v1,periodic_three_objective_v3,discrete_mpc_v1,grid_tkb_v1,arrival_risk_diversity_v1,budgeted_fixed_point_v1,regularized_surrogate_v1,goodput_cost_v1,0.2651162790697674,0.7348837209302326,0.22790697674418606,0.14035087719298245,0.05263157894736842,2.401960784313726,0.0,0.0,0.0,0.2651162790697674,0.0
system_poisson:poisson_lifecycle_v1:algorithm_baseline:a2b3c259164e56ae:per_request_customized:r17:s20260736,a2b3c259164e56ae,algorithm_baseline,per_request_customized,reference,per_request_customized,17,20260736,system_poisson,poisson_lifecycle_v1,poisson_profile_catalog,per_request_customized,not_applicable,p12_g4_a64,cold_start,measured,measured,fixed,fixed_total,1.0,a1e1594e7589a223,d9b518a32809412d,f1078707bd950772,6d1494c76aa00136,"{""algorithm"":""per_request_customized"",""alpha_l"":0.7,""alpha_r"":0.8,""availability_fraction"":0.5,""beta_l"":0.4,""beta_r"":0.5,""bootstrap_mode"":""cold_start"",""candidate_fixed_point_damping"":0.5,""candidate_fixed_point_max_iterations"":20,""candidate_fixed_point_relative_tolerance"":0.0001,""cloud_count"":1,""comparison_group"":""reference"",""comparison_method"":"""",""control_mode"":""fixed"",""downtime_log_mean"":2.5,""downtime_log_sigma"":0.8,""edge_count"":5,""edge_link_factor"":2.0,""experiment_layer"":""system_poisson"",""fixed_online_budget_ms"":10.0,""fixed_planning_interval_slots"":5,""fixed_total_pool_budget"":20,""lambda_g"":0.7,""lambda_h"":0.7,""lambda_per_slot"":1.0,""max_deadline_ms"":1999.0,""min_deadline_ms"":500.0,""minimum_control_window_slots"":5,""minimum_replanning_interval_slots"":2,""name"":""per_request_customized"",""online_budgets_ms"":[5.0,10.0,20.0],""online_timing_mode"":""measured"",""origin_group_count"":2,""plan_ttl_slots"":20,""planning_candidate_generator_mode"":""customized"",""planning_customized_archive_capacity"":64,""planning_customized_generations"":4,""planning_customized_population_size"":12,""planning_deadline_ms"":2000.0,""planning_intervals"":[5,10,20],""planning_runtime_ms"":100.0,""planning_sample_count"":20,""planning_timing_mode"":""measured"",""pool_budget_mode"":""fixed_total"",""profile_count"":2,""slot_count"":200,""slot_length_ms"":100.0,""suite"":""algorithm_baseline"",""total_pool_budgets"":[8,20,40],""uptime_scale"":100.0,""uptime_shape"":1.5,""user_count"":10,""workload_mode"":""poisson_profile_catalog""}",200,209,191,52,139,45,7,3,0,1,1.492567193768219,680.2067706874376,0.8425288388531924,5697.404460983571,0,0,0,52,0,0,0,0,0.0,15649.997837026604,81.93716145040106,140.97449998371303,0,0,0,3394,3032,0,362,0,52,0,0,22260739,cold_start,stability_delay_energy_v4,unified_fixed_point_v3,explicit_snapshot_v1,poisson_profile_catalog_v1,periodic_repository_v1,customized_periodic_pool_v1,empirical_window_beta_v1,slot_up_down_v1,fixed_service_time_v1,fixed_path_v1,full_duplex_shared_heat_v1,deployment_return_energy_v1,periodic_three_objective_v3,discrete_mpc_v1,grid_tkb_v1,arrival_risk_diversity_v1,budgeted_fixed_point_v1,regularized_surrogate_v1,goodput_cost_v1,0.27225130890052357,0.7277486910994765,0.2356020942408377,0.1346153846153846,0.057692307692307696,2.1531100478468903,0.0,0.0,0.0,0.27225130890052357,0.0
system_poisson:poisson_lifecycle_v1:algorithm_baseline:a2b3c259164e56ae:per_request_customized:r18:s20260737,a2b3c259164e56ae,algorithm_baseline,per_request_customized,reference,per_request_customized,18,20260737,system_poisson,poisson_lifecycle_v1,poisson_profile_catalog,per_request_customized,not_applicable,p12_g4_a64,cold_start,measured,measured,fixed,fixed_total,1.0,2340d35db3923e87,6c6665153475ebe0,e91a6f9277c728f1,fb1a538d3c9d367a,"{""algorithm"":""per_request_customized"",""alpha_l"":0.7,""alpha_r"":0.8,""availability_fraction"":0.5,""beta_l"":0.4,""beta_r"":0.5,""bootstrap_mode"":""cold_start"",""candidate_fixed_point_damping"":0.5,""candidate_fixed_point_max_iterations"":20,""candidate_fixed_point_relative_tolerance"":0.0001,""cloud_count"":1,""comparison_group"":""reference"",""comparison_method"":"""",""control_mode"":""fixed"",""downtime_log_mean"":2.5,""downtime_log_sigma"":0.8,""edge_count"":5,""edge_link_factor"":2.0,""experiment_layer"":""system_poisson"",""fixed_online_budget_ms"":10.0,""fixed_planning_interval_slots"":5,""fixed_total_pool_budget"":20,""lambda_g"":0.7,""lambda_h"":0.7,""lambda_per_slot"":1.0,""max_deadline_ms"":1999.0,""min_deadline_ms"":500.0,""minimum_control_window_slots"":5,""minimum_replanning_interval_slots"":2,""name"":""per_request_customized"",""online_budgets_ms"":[5.0,10.0,20.0],""online_timing_mode"":""measured"",""origin_group_count"":2,""plan_ttl_slots"":20,""planning_candidate_generator_mode"":""customized"",""planning_customized_archive_capacity"":64,""planning_customized_generations"":4,""planning_customized_population_size"":12,""planning_deadline_ms"":2000.0,""planning_intervals"":[5,10,20],""planning_runtime_ms"":100.0,""planning_sample_count"":20,""planning_timing_mode"":""measured"",""pool_budget_mode"":""fixed_total"",""profile_count"":2,""slot_count"":200,""slot_length_ms"":100.0,""suite"":""algorithm_baseline"",""total_pool_budgets"":[8,20,40],""uptime_scale"":100.0,""uptime_shape"":1.5,""user_count"":10,""workload_mode"":""poisson_profile_catalog""}",200,209,177,75,102,69,6,1,0,1,2.578095456986903,509.04239001840216,0.837424033088112,4791.57681632002,0,0,0,75,0,0,0,0,0.0,17328.267040662467,97.89981378905348,170.24120804853737,0,0,0,3431,2903,0,528,0,75,0,0,22260740,cold_start,stability_delay_energy_v4,unified_fixed_point_v3,explicit_snapshot_v1,poisson_profile_catalog_v1,periodic_repository_v1,customized_periodic_pool_v1,empirical_window_beta_v1,slot_up_down_v1,fixed_service_time_v1,fixed_path_v1,full_duplex_shared_heat_v1,deployment_return_energy_v1,periodic_three_objective_v3,discrete_mpc_v1,grid_tkb_v1,arrival_risk_diversity_v1,budgeted_fixed_point_v1,regularized_surrogate_v1,goodput_cost_v1,0.423728813559322,0.576271186440678,0.3898305084745763,0.08,0.013333333333333334,3.3014354066985647,0.0,0.0,0.0,0.423728813559322,0.0
system_poisson:poisson_lifecycle_v1:algorithm_baseline:a2b3c259164e56ae:per_request_customized:r19:s20260738,a2b3c259164e56ae,algorithm_baseline,per_request_customized,reference,per_request_customized,19,20260738,system_poisson,poisson_lifecycle_v1,poisson_profile_catalog,per_request_customized,not_applicable,p12_g4_a64,cold_start,measured,measured,fixed,fixed_total,1.0,2f8cac81e28c6822,342fe7b24aabf9c9,bca0f53820c0230d,a5b68c6f808e683d,"{""algorithm"":""per_request_customized"",""alpha_l"":0.7,""alpha_r"":0.8,""availability_fraction"":0.5,""beta_l"":0.4,""beta_r"":0.5,""bootstrap_mode"":""cold_start"",""candidate_fixed_point_damping"":0.5,""candidate_fixed_point_max_iterations"":20,""candidate_fixed_point_relative_tolerance"":0.0001,""cloud_count"":1,""comparison_group"":""reference"",""comparison_method"":"""",""control_mode"":""fixed"",""downtime_log_mean"":2.5,""downtime_log_sigma"":0.8,""edge_count"":5,""edge_link_factor"":2.0,""experiment_layer"":""system_poisson"",""fixed_online_budget_ms"":10.0,""fixed_planning_interval_slots"":5,""fixed_total_pool_budget"":20,""lambda_g"":0.7,""lambda_h"":0.7,""lambda_per_slot"":1.0,""max_deadline_ms"":1999.0,""min_deadline_ms"":500.0,""minimum_control_window_slots"":5,""minimum_replanning_interval_slots"":2,""name"":""per_request_customized"",""online_budgets_ms"":[5.0,10.0,20.0],""online_timing_mode"":""measured"",""origin_group_count"":2,""plan_ttl_slots"":20,""planning_candidate_generator_mode"":""customized"",""planning_customized_archive_capacity"":64,""planning_customized_generations"":4,""planning_customized_population_size"":12,""planning_deadline_ms"":2000.0,""planning_intervals"":[5,10,20],""planning_runtime_ms"":100.0,""planning_sample_count"":20,""planning_timing_mode"":""measured"",""pool_budget_mode"":""fixed_total"",""profile_count"":2,""slot_count"":200,""slot_length_ms"":100.0,""suite"":""algorithm_baseline"",""total_pool_budgets"":[8,20,40],""uptime_scale"":100.0,""uptime_shape"":1.5,""user_count"":10,""workload_mode"":""poisson_profile_catalog""}",200,204,180,33,147,28,5,1,0,1,0.9356276124529753,781.7863001558972,0.8337361123752844,6374.072502696884,0,0,0,33,0,0,0,0,0.0,15175.930537399836,84.31072520777687,130.59154094662517,0,0,0,3234,3039,0,195,0,33,0,0,22260741,cold_start,stability_delay_energy_v4,unified_fixed_point_v3,explicit_snapshot_v1,poisson_profile_catalog_v1,periodic_repository_v1,customized_periodic_pool_v1,empirical_window_beta_v1,slot_up_down_v1,fixed_service_time_v1,fixed_path_v1,full_duplex_shared_heat_v1,deployment_return_energy_v1,periodic_three_objective_v3,discrete_mpc_v1,grid_tkb_v1,arrival_risk_diversity_v1,budgeted_fixed_point_v1,regularized_surrogate_v1,goodput_cost_v1,0.18333333333333332,0.8166666666666667,0.15555555555555556,0.15151515151515152,0.030303030303030304,1.3725490196078431,0.0,0.0,0.0,0.18333333333333332,0.0
system_poisson:poisson_lifecycle_v1:algorithm_baseline:67c39847e862a6fe:periodic_customized:r0:s20260719,67c39847e862a6fe,algorithm_baseline,periodic_customized_cold_start,reference,periodic_customized_cold_start,0,20260719,system_poisson,poisson_lifecycle_v1,poisson_profile_catalog,periodic_customized,customized,p12_g4_a64,cold_start,measured,measured,fixed,fixed_total,1.0,6d295842eb0296d0,fca0df0e76e8aea8,68e477ed3df2fad8,c3ade63673949cb4,"{""algorithm"":""periodic_customized"",""alpha_l"":0.7,""alpha_r"":0.8,""availability_fraction"":0.5,""beta_l"":0.4,""beta_r"":0.5,""bootstrap_mode"":""cold_start"",""candidate_fixed_point_damping"":0.5,""candidate_fixed_point_max_iterations"":20,""candidate_fixed_point_relative_tolerance"":0.0001,""cloud_count"":1,""comparison_group"":""reference"",""comparison_method"":""periodic_customized_cold_start"",""control_mode"":""fixed"",""downtime_log_mean"":2.5,""downtime_log_sigma"":0.8,""edge_count"":5,""edge_link_factor"":2.0,""experiment_layer"":""system_poisson"",""fixed_online_budget_ms"":10.0,""fixed_planning_interval_slots"":5,""fixed_total_pool_budget"":20,""lambda_g"":0.7,""lambda_h"":0.7,""lambda_per_slot"":1.0,""max_deadline_ms"":1999.0,""min_deadline_ms"":500.0,""minimum_control_window_slots"":5,""minimum_replanning_interval_slots"":2,""name"":""periodic_customized_cold_start"",""online_budgets_ms"":[5.0,10.0,20.0],""online_timing_mode"":""measured"",""origin_group_count"":2,""plan_ttl_slots"":20,""planning_candidate_generator_mode"":""customized"",""planning_customized_archive_capacity"":64,""planning_customized_generations"":4,""planning_customized_population_size"":12,""planning_deadline_ms"":2000.0,""planning_intervals"":[5,10,20],""planning_runtime_ms"":100.0,""planning_sample_count"":20,""planning_timing_mode"":""measured"",""pool_budget_mode"":""fixed_total"",""profile_count"":2,""slot_count"":200,""slot_length_ms"":100.0,""suite"":""algorithm_baseline"",""total_pool_budgets"":[8,20,40],""uptime_scale"":100.0,""uptime_shape"":1.5,""user_count"":10,""workload_mode"":""poisson_profile_catalog""}",200,203,191,46,145,39,7,2,0,1,1.3338211834136626,702.4789071020576,0.8776570035773517,4512.531489280652,27,7,12,0,0,42,25,17,12054.856419097632,542.5243427744135,2.8404415852063534,4.926208988763392,36,35,0,2922,2649,0,273,129,115,54,96,22260722,cold_start,stability_delay_energy_v4,unified_fixed_point_v3,explicit_snapshot_v1,poisson_profile_catalog_v1,periodic_repository_v1,customized_periodic_pool_v1,empirical_window_beta_v1,slot_up_down_v1,fixed_service_time_v1,fixed_path_v1,full_duplex_shared_heat_v1,deployment_return_energy_v1,periodic_three_objective_v3,discrete_mpc_v1,grid_tkb_v1,arrival_risk_diversity_v1,budgeted_fixed_point_v1,regularized_surrogate_v1,goodput_cost_v1,0.24083769633507854,0.7591623036649214,0.20418848167539266,0.15217391304347827,0.043478260869565216,1.921182266009852,0.14136125654450263,0.03664921465968586,0.06282722513089005,0.0,0.0
system_poisson:poisson_lifecycle_v1:algorithm_baseline:67c39847e862a6fe:periodic_customized:r1:s20260720,67c39847e862a6fe,algorithm_baseline,periodic_customized_cold_start,reference,periodic_customized_cold_start,1,20260720,system_poisson,poisson_lifecycle_v1,poisson_profile_catalog,periodic_customized,customized,p12_g4_a64,cold_start,measured,measured,fixed,fixed_total,1.0,a4f53f5438a025fd,a0ac5e6d1accb3ff,b090fbef89e23494,4948b9b559ca3dae,"{""algorithm"":""periodic_customized"",""alpha_l"":0.7,""alpha_r"":0.8,""availability_fraction"":0.5,""beta_l"":0.4,""beta_r"":0.5,""bootstrap_mode"":""cold_start"",""candidate_fixed_point_damping"":0.5,""candidate_fixed_point_max_iterations"":20,""candidate_fixed_point_relative_tolerance"":0.0001,""cloud_count"":1,""comparison_group"":""reference"",""comparison_method"":""periodic_customized_cold_start"",""control_mode"":""fixed"",""downtime_log_mean"":2.5,""downtime_log_sigma"":0.8,""edge_count"":5,""edge_link_factor"":2.0,""experiment_layer"":""system_poisson"",""fixed_online_budget_ms"":10.0,""fixed_planning_interval_slots"":5,""fixed_total_pool_budget"":20,""lambda_g"":0.7,""lambda_h"":0.7,""lambda_per_slot"":1.0,""max_deadline_ms"":1999.0,""min_deadline_ms"":500.0,""minimum_control_window_slots"":5,""minimum_replanning_interval_slots"":2,""name"":""periodic_customized_cold_start"",""online_budgets_ms"":[5.0,10.0,20.0],""online_timing_mode"":""measured"",""origin_group_count"":2,""plan_ttl_slots"":20,""planning_candidate_generator_mode"":""customized"",""planning_customized_archive_capacity"":64,""planning_customized_generations"":4,""planning_customized_population_size"":12,""planning_deadline_ms"":2000.0,""planning_intervals"":[5,10,20],""planning_runtime_ms"":100.0,""planning_sample_count"":20,""planning_timing_mode"":""measured"",""pool_budget_mode"":""fixed_total"",""profile_count"":2,""slot_count"":200,""slot_length_ms"":100.0,""suite"":""algorithm_baseline"",""total_pool_budgets"":[8,20,40],""uptime_scale"":100.0,""uptime_shape"":1.5,""user_count"":10,""workload_mode"":""poisson_profile_catalog""}",200,201,209,68,141,60,8,2,0,1,2.076404084051543,678.835321555124,0.822845277385898,6857.1251440374635,16,26,26,0,0,41,13,27,15429.994293488562,760.3987386683002,3.6382714768818194,6.128166918642819,20,19,0,2791,2405,0,386,127,89,36,72,22260723,cold_start,stability_delay_energy_v4,unified_fixed_point_v3,explicit_snapshot_v1,poisson_profile_catalog_v1,periodic_repository_v1,customized_periodic_pool_v1,empirical_window_beta_v1,slot_up_down_v1,fixed_service_time_v1,fixed_path_v1,full_duplex_shared_heat_v1,deployment_return_energy_v1,periodic_three_objective_v3,discrete_mpc_v1,grid_tkb_v1,arrival_risk_diversity_v1,budgeted_fixed_point_v1,regularized_surrogate_v1,goodput_cost_v1,0.3253588516746411,0.6746411483253588,0.28708133971291866,0.11764705882352941,0.029411764705882353,2.9850746268656714,0.07655502392344497,0.12440191387559808,0.12440191387559808,0.0,0.0
system_poisson:poisson_lifecycle_v1:algorithm_baseline:67c39847e862a6fe:periodic_customized:r2:s20260721,67c39847e862a6fe,algorithm_baseline,periodic_customized_cold_start,reference,periodic_customized_cold_start,2,20260721,system_poisson,poisson_lifecycle_v1,poisson_profile_catalog,periodic_customized,customized,p12_g4_a64,cold_start,measured,measured,fixed,fixed_total,1.0,e1936cba343be935,938f95453f2442e2,b1b7f5bba0248714,b3c97759fa661993,"{""algorithm"":""periodic_customized"",""alpha_l"":0.7,""alpha_r"":0.8,""availability_fraction"":0.5,""beta_l"":0.4,""beta_r"":0.5,""bootstrap_mode"":""cold_start"",""candidate_fixed_point_damping"":0.5,""candidate_fixed_point_max_iterations"":20,""candidate_fixed_point_relative_tolerance"":0.0001,""cloud_count"":1,""comparison_group"":""reference"",""comparison_method"":""periodic_customized_cold_start"",""control_mode"":""fixed"",""downtime_log_mean"":2.5,""downtime_log_sigma"":0.8,""edge_count"":5,""edge_link_factor"":2.0,""experiment_layer"":""system_poisson"",""fixed_online_budget_ms"":10.0,""fixed_planning_interval_slots"":5,""fixed_total_pool_budget"":20,""lambda_g"":0.7,""lambda_h"":0.7,""lambda_per_slot"":1.0,""max_deadline_ms"":1999.0,""min_deadline_ms"":500.0,""minimum_control_window_slots"":5,""minimum_replanning_interval_slots"":2,""name"":""periodic_customized_cold_start"",""online_budgets_ms"":[5.0,10.0,20.0],""online_timing_mode"":""measured"",""origin_group_count"":2,""plan_ttl_slots"":20,""planning_candidate_generator_mode"":""customized"",""planning_customized_archive_capacity"":64,""planning_customized_generations"":4,""planning_customized_population_size"":12,""planning_deadline_ms"":2000.0,""planning_intervals"":[5,10,20],""planning_runtime_ms"":100.0,""planning_sample_count"":20,""planning_timing_mode"":""measured"",""pool_budget_mode"":""fixed_total"",""profile_count"":2,""slot_count"":200,""slot_length_ms"":100.0,""suite"":""algorithm_baseline"",""total_pool_budgets"":[8,20,40],""uptime_scale"":100.0,""uptime_shape"":1.5,""user_count"":10,""workload_mode"":""poisson_profile_catalog""}",200,207,211,68,143,64,4,0,0,1,2.359066564590128,582.6188757233662,0.8220588824446112,5912.545630830273,29,22,17,0,0,39,17,21,15735.394458286464,959.0282919816673,4.545157781903637,8.455000002868474,21,20,0,3107,2495,0,612,268,204,114,167,22260724,cold_start,stability_delay_energy_v4,unified_fixed_point_v3,explicit_snapshot_v1,poisson_profile_catalog_v1,periodic_repository_v1,customized_periodic_pool_v1,empirical_window_beta_v1,slot_up_down_v1,fixed_service_time_v1,fixed_path_v1,full_duplex_shared_heat_v1,deployment_return_energy_v1,periodic_three_objective_v3,discrete_mpc_v1,grid_tkb_v1,arrival_risk_diversity_v1,budgeted_fixed_point_v1,regularized_surrogate_v1,goodput_cost_v1,0.3222748815165877,0.6777251184834123,0.3033175355450237,0.058823529411764705,0.0,3.0917874396135265,0.13744075829383887,0.10426540284360189,0.08056872037914692,0.0,0.0
system_poisson:poisson_lifecycle_v1:algorithm_baseline:67c39847e862a6fe:periodic_customized:r3:s20260722,67c39847e862a6fe,algorithm_baseline,periodic_customized_cold_start,reference,periodic_customized_cold_start,3,20260722,system_poisson,poisson_lifecycle_v1,poisson_profile_catalog,periodic_customized,customized,p12_g4_a64,cold_start,measured,measured,fixed,fixed_total,1.0,cad518de228dec43,e2c448830ab998d5,5b89c04953d23a62,a8d64a668c29fff0,"{""algorithm"":""periodic_customized"",""alpha_l"":0.7,""alpha_r"":0.8,""availability_fraction"":0.5,""beta_l"":0.4,""beta_r"":0.5,""bootstrap_mode"":""cold_start"",""candidate_fixed_point_damping"":0.5,""candidate_fixed_point_max_iterations"":20,""candidate_fixed_point_relative_tolerance"":0.0001,""cloud_count"":1,""comparison_group"":""reference"",""comparison_method"":""periodic_customized_cold_start"",""control_mode"":""fixed"",""downtime_log_mean"":2.5,""downtime_log_sigma"":0.8,""edge_count"":5,""edge_link_factor"":2.0,""experiment_layer"":""system_poisson"",""fixed_online_budget_ms"":10.0,""fixed_planning_interval_slots"":5,""fixed_total_pool_budget"":20,""lambda_g"":0.7,""lambda_h"":0.7,""lambda_per_slot"":1.0,""max_deadline_ms"":1999.0,""min_deadline_ms"":500.0,""minimum_control_window_slots"":5,""minimum_replanning_interval_slots"":2,""name"":""periodic_customized_cold_start"",""online_budgets_ms"":[5.0,10.0,20.0],""online_timing_mode"":""measured"",""origin_group_count"":2,""plan_ttl_slots"":20,""planning_candidate_generator_mode"":""customized"",""planning_customized_archive_capacity"":64,""planning_customized_generations"":4,""planning_customized_population_size"":12,""planning_deadline_ms"":2000.0,""planning_intervals"":[5,10,20],""planning_runtime_ms"":100.0,""planning_sample_count"":20,""planning_timing_mode"":""measured"",""pool_budget_mode"":""fixed_total"",""profile_count"":2,""slot_count"":200,""slot_length_ms"":100.0,""suite"":""algorithm_baseline"",""total_pool_budgets"":[8,20,40],""uptime_scale"":100.0,""uptime_shape"":1.5,""user_count"":10,""workload_mode"":""poisson_profile_catalog""}",200,207,210,65,145,61,4,2,0,1,2.1145297656707744,607.0210975034823,0.8458430645500089,5849.983758059642,41,6,18,0,0,42,28,13,14344.125297968276,697.4866734817624,3.3213651118179164,6.328042014501989,26,25,0,3420,2790,0,630,288,192,122,124,22260725,cold_start,stability_delay_energy_v4,unified_fixed_point_v3,explicit_snapshot_v1,poisson_profile_catalog_v1,periodic_repository_v1,customized_periodic_pool_v1,empirical_window_beta_v1,slot_up_down_v1,fixed_service_time_v1,fixed_path_v1,full_duplex_shared_heat_v1,deployment_return_energy_v1,periodic_three_objective_v3,discrete_mpc_v1,grid_tkb_v1,arrival_risk_diversity_v1,budgeted_fixed_point_v1,regularized_surrogate_v1,goodput_cost_v1,0.30952380952380953,0.6904761904761905,0.2904761904761905,0.06153846153846154,0.03076923076923077,2.9468599033816427,0.19523809523809524,0.02857142857142857,0.08571428571428572,0.0,0.0
system_poisson:poisson_lifecycle_v1:algorithm_baseline:67c39847e862a6fe:periodic_customized:r4:s20260723,67c39847e862a6fe,algorithm_baseline,periodic_customized_cold_start,reference,periodic_customized_cold_start,4,20260723,system_poisson,poisson_lifecycle_v1,poisson_profile_catalog,periodic_customized,customized,p12_g4_a64,cold_start,measured,measured,fixed,fixed_total,1.0,85e4775618fc9271,04cc006508118ace,6d76626369b7dc47,7df8c4f9894fbd11,"{""algorithm"":""periodic_customized"",""alpha_l"":0.7,""alpha_r"":0.8,""availability_fraction"":0.5,""beta_l"":0.4,""beta_r"":0.5,""bootstrap_mode"":""cold_start"",""candidate_fixed_point_damping"":0.5,""candidate_fixed_point_max_iterations"":20,""candidate_fixed_point_relative_tolerance"":0.0001,""cloud_count"":1,""comparison_group"":""reference"",""comparison_method"":""periodic_customized_cold_start"",""control_mode"":""fixed"",""downtime_log_mean"":2.5,""downtime_log_sigma"":0.8,""edge_count"":5,""edge_link_factor"":2.0,""experiment_layer"":""system_poisson"",""fixed_online_budget_ms"":10.0,""fixed_planning_interval_slots"":5,""fixed_total_pool_budget"":20,""lambda_g"":0.7,""lambda_h"":0.7,""lambda_per_slot"":1.0,""max_deadline_ms"":1999.0,""min_deadline_ms"":500.0,""minimum_control_window_slots"":5,""minimum_replanning_interval_slots"":2,""name"":""periodic_customized_cold_start"",""online_budgets_ms"":[5.0,10.0,20.0],""online_timing_mode"":""measured"",""origin_group_count"":2,""plan_ttl_slots"":20,""planning_candidate_generator_mode"":""customized"",""planning_customized_archive_capacity"":64,""planning_customized_generations"":4,""planning_customized_population_size"":12,""planning_deadline_ms"":2000.0,""planning_intervals"":[5,10,20],""planning_runtime_ms"":100.0,""planning_sample_count"":20,""planning_timing_mode"":""measured"",""pool_budget_mode"":""fixed_total"",""profile_count"":2,""slot_count"":200,""slot_length_ms"":100.0,""suite"":""algorithm_baseline"",""total_pool_budgets"":[8,20,40],""uptime_scale"":100.0,""uptime_shape"":1.5,""user_count"":10,""workload_mode"":""poisson_profile_catalog""}",200,208,206,63,143,53,10,1,0,1,1.8826103170413282,616.8686365723988,0.8442526236228852,7202.403444954599,19,22,22,0,0,42,14,27,15406.019581248984,768.6227490194142,3.7311783932981273,6.704500061459839,22,21,0,3163,2775,0,388,162,110,31,112,22260726,cold_start,stability_delay_energy_v4,unified_fixed_point_v3,explicit_snapshot_v1,poisson_profile_catalog_v1,periodic_repository_v1,customized_periodic_pool_v1,empirical_window_beta_v1,slot_up_down_v1,fixed_service_time_v1,fixed_path_v1,full_duplex_shared_heat_v1,deployment_return_energy_v1,periodic_three_objective_v3,discrete_mpc_v1,grid_tkb_v1,arrival_risk_diversity_v1,budgeted_fixed_point_v1,regularized_surrogate_v1,goodput_cost_v1,0.3058252427184466,0.6941747572815534,0.25728155339805825,0.15873015873015872,0.015873015873015872,2.548076923076923,0.09223300970873786,0.10679611650485436,0.10679611650485436,0.0,0.0
system_poisson:poisson_lifecycle_v1:algorithm_baseline:67c39847e862a6fe:periodic_customized:r5:s20260724,67c39847e862a6fe,algorithm_baseline,periodic_customized_cold_start,reference,periodic_customized_cold_start,5,20260724,system_poisson,poisson_lifecycle_v1,poisson_profile_catalog,periodic_customized,customized,p12_g4_a64,cold_start,measured,measured,fixed,fixed_total,1.0,d24fe9836276a23a,5f88dfc591596c91,8236ef19df927245,c61766e5adeaf7a9,"{""algorithm"":""periodic_customized"",""alpha_l"":0.7,""alpha_r"":0.8,""availability_fraction"":0.5,""beta_l"":0.4,""beta_r"":0.5,""bootstrap_mode"":""cold_start"",""candidate_fixed_point_damping"":0.5,""candidate_fixed_point_max_iterations"":20,""candidate_fixed_point_relative_tolerance"":0.0001,""cloud_count"":1,""comparison_group"":""reference"",""comparison_method"":""periodic_customized_cold_start"",""control_mode"":""fixed"",""downtime_log_mean"":2.5,""downtime_log_sigma"":0.8,""edge_count"":5,""edge_link_factor"":2.0,""experiment_layer"":""system_poisson"",""fixed_online_budget_ms"":10.0,""fixed_planning_interval_slots"":5,""fixed_total_pool_budget"":20,""lambda_g"":0.7,""lambda_h"":0.7,""lambda_per_slot"":1.0,""max_deadline_ms"":1999.0,""min_deadline_ms"":500.0,""minimum_control_window_slots"":5,""minimum_replanning_interval_slots"":2,""name"":""periodic_customized_cold_start"",""online_budgets_ms"":[5.0,10.0,20.0],""online_timing_mode"":""measured"",""origin_group_count"":2,""plan_ttl_slots"":20,""planning_candidate_generator_mode"":""customized"",""planning_customized_archive_capacity"":64,""planning_customized_generations"":4,""planning_customized_population_size"":12,""planning_deadline_ms"":2000.0,""planning_intervals"":[5,10,20],""planning_runtime_ms"":100.0,""planning_sample_count"":20,""planning_timing_mode"":""measured"",""pool_budget_mode"":""fixed_total"",""profile_count"":2,""slot_count"":200,""slot_length_ms"":100.0,""suite"":""algorithm_baseline"",""total_pool_budgets"":[8,20,40],""uptime_scale"":100.0,""uptime_shape"":1.5,""user_count"":10,""workload_mode"":""poisson_profile_catalog""}",200,200,196,67,129,60,7,1,0,1,2.205961092730136,539.2831832264651,0.8272705856481425,4408.471636216787,40,14,13,0,0,46,25,20,12304.796918295324,668.8620853237808,3.412561659815208,6.1593749560415745,31,30,0,3308,3056,0,252,148,123,76,84,22260727,cold_start,stability_delay_energy_v4,unified_fixed_point_v3,explicit_snapshot_v1,poisson_profile_catalog_v1,periodic_repository_v1,customized_periodic_pool_v1,empirical_window_beta_v1,slot_up_down_v1,fixed_service_time_v1,fixed_path_v1,full_duplex_shared_heat_v1,deployment_return_energy_v1,periodic_three_objective_v3,discrete_mpc_v1,grid_tkb_v1,arrival_risk_diversity_v1,budgeted_fixed_point_v1,regularized_surrogate_v1,goodput_cost_v1,0.34183673469387754,0.6581632653061225,0.30612244897959184,0.1044776119402985,0.014925373134328358,3.0,0.20408163265306123,0.07142857142857142,0.0663265306122449,0.0,0.0
system_poisson:poisson_lifecycle_v1:algorithm_baseline:67c39847e862a6fe:periodic_customized:r6:s20260725,67c39847e862a6fe,algorithm_baseline,periodic_customized_cold_start,reference,periodic_customized_cold_start,6,20260725,system_poisson,poisson_lifecycle_v1,poisson_profile_catalog,periodic_customized,customized,p12_g4_a64,cold_start,measured,measured,fixed,fixed_total,1.0,26abbdd9b75bc615,fc04fea1c464df4f,315f55f80c124787,b0aa21bae96916c6,"{""algorithm"":""periodic_customized"",""alpha_l"":0.7,""alpha_r"":0.8,""availability_fraction"":0.5,""beta_l"":0.4,""beta_r"":0.5,""bootstrap_mode"":""cold_start"",""candidate_fixed_point_damping"":0.5,""candidate_fixed_point_max_iterations"":20,""candidate_fixed_point_relative_tolerance"":0.0001,""cloud_count"":1,""comparison_group"":""reference"",""comparison_method"":""periodic_customized_cold_start"",""control_mode"":""fixed"",""downtime_log_mean"":2.5,""downtime_log_sigma"":0.8,""edge_count"":5,""edge_link_factor"":2.0,""experiment_layer"":""system_poisson"",""fixed_online_budget_ms"":10.0,""fixed_planning_interval_slots"":5,""fixed_total_pool_budget"":20,""lambda_g"":0.7,""lambda_h"":0.7,""lambda_per_slot"":1.0,""max_deadline_ms"":1999.0,""min_deadline_ms"":500.0,""minimum_control_window_slots"":5,""minimum_replanning_interval_slots"":2,""name"":""periodic_customized_cold_start"",""online_budgets_ms"":[5.0,10.0,20.0],""online_timing_mode"":""measured"",""origin_group_count"":2,""plan_ttl_slots"":20,""planning_candidate_generator_mode"":""customized"",""planning_customized_archive_capacity"":64,""planning_customized_generations"":4,""planning_customized_population_size"":12,""planning_deadline_ms"":2000.0,""planning_intervals"":[5,10,20],""planning_runtime_ms"":100.0,""planning_sample_count"":20,""planning_timing_mode"":""measured"",""pool_budget_mode"":""fixed_total"",""profile_count"":2,""slot_count"":200,""slot_length_ms"":100.0,""suite"":""algorithm_baseline"",""total_pool_budgets"":[8,20,40],""uptime_scale"":100.0,""uptime_shape"":1.5,""user_count"":10,""workload_mode"":""poisson_profile_catalog""}",200,203,183,52,131,43,9,0,0,1,1.5991175065428516,638.345569342182,0.8609930362096745,5690.829855360916,22,15,15,0,0,44,20,23,12306.440296117216,480.4067104123533,2.625173280941821,4.452583030797541,31,30,0,3182,2832,0,350,158,119,53,95,22260728,cold_start,stability_delay_energy_v4,unified_fixed_point_v3,explicit_snapshot_v1,poisson_profile_catalog_v1,periodic_repository_v1,customized_periodic_pool_v1,empirical_window_beta_v1,slot_up_down_v1,fixed_service_time_v1,fixed_path_v1,full_duplex_shared_heat_v1,deployment_return_energy_v1,periodic_three_objective_v3,discrete_mpc_v1,grid_tkb_v1,arrival_risk_diversity_v1,budgeted_fixed_point_v1,regularized_surrogate_v1,goodput_cost_v1,0.28415300546448086,0.7158469945355191,0.23497267759562843,0.17307692307692307,0.0,2.1182266009852215,0.12021857923497267,0.08196721311475409,0.08196721311475409,0.0,0.0
system_poisson:poisson_lifecycle_v1:algorithm_baseline:67c39847e862a6fe:periodic_customized:r7:s20260726,67c39847e862a6fe,algorithm_baseline,periodic_customized_cold_start,reference,periodic_customized_cold_start,7,20260726,system_poisson,poisson_lifecycle_v1,poisson_profile_catalog,periodic_customized,customized,p12_g4_a64,cold_start,measured,measured,fixed,fixed_total,1.0,cfb348bc73ed6b08,6c2f0ddd78fdc176,45d9b67b7d7e2742,5d8d75c05ac19d95,"{""algorithm"":""periodic_customized"",""alpha_l"":0.7,""alpha_r"":0.8,""availability_fraction"":0.5,""beta_l"":0.4,""beta_r"":0.5,""bootstrap_mode"":""cold_start"",""candidate_fixed_point_damping"":0.5,""candidate_fixed_point_max_iterations"":20,""candidate_fixed_point_relative_tolerance"":0.0001,""cloud_count"":1,""comparison_group"":""reference"",""comparison_method"":""periodic_customized_cold_start"",""control_mode"":""fixed"",""downtime_log_mean"":2.5,""downtime_log_sigma"":0.8,""edge_count"":5,""edge_link_factor"":2.0,""experiment_layer"":""system_poisson"",""fixed_online_budget_ms"":10.0,""fixed_planning_interval_slots"":5,""fixed_total_pool_budget"":20,""lambda_g"":0.7,""lambda_h"":0.7,""lambda_per_slot"":1.0,""max_deadline_ms"":1999.0,""min_deadline_ms"":500.0,""minimum_control_window_slots"":5,""minimum_replanning_interval_slots"":2,""name"":""periodic_customized_cold_start"",""online_budgets_ms"":[5.0,10.0,20.0],""online_timing_mode"":""measured"",""origin_group_count"":2,""plan_ttl_slots"":20,""planning_candidate_generator_mode"":""customized"",""planning_customized_archive_capacity"":64,""planning_customized_generations"":4,""planning_customized_population_size"":12,""planning_deadline_ms"":2000.0,""planning_intervals"":[5,10,20],""planning_runtime_ms"":100.0,""planning_sample_count"":20,""planning_timing_mode"":""measured"",""pool_budget_mode"":""fixed_total"",""profile_count"":2,""slot_count"":200,""slot_length_ms"":100.0,""suite"":""algorithm_baseline"",""total_pool_budgets"":[8,20,40],""uptime_scale"":100.0,""uptime_shape"":1.5,""user_count"":10,""workload_mode"":""poisson_profile_catalog""}",200,211,190,53,137,50,3,2,0,1,1.6051538200230961,790.6901416906983,0.8141922580331018,7560.278402591301,23,4,26,0,0,38,16,21,15871.274038916454,702.5568414246663,3.6976675864456126,7.264458923600614,22,21,0,2655,2446,0,209,110,93,53,65,22260729,cold_start,stability_delay_energy_v4,unified_fixed_point_v3,explicit_snapshot_v1,poisson_profile_catalog_v1,periodic_repository_v1,customized_periodic_pool_v1,empirical_window_beta_v1,slot_up_down_v1,fixed_service_time_v1,fixed_path_v1,full_duplex_shared_heat_v1,deployment_return_energy_v1,periodic_three_objective_v3,discrete_mpc_v1,grid_tkb_v1,arrival_risk_diversity_v1,budgeted_fixed_point_v1,regularized_surrogate_v1,goodput_cost_v1,0.2789473684210526,0.7210526315789474,0.2631578947368421,0.05660377358490566,0.03773584905660377,2.3696682464454977,0.12105263157894737,0.021052631578947368,0.1368421052631579,0.0,0.0
system_poisson:poisson_lifecycle_v1:algorithm_baseline:67c39847e862a6fe:periodic_customized:r8:s20260727,67c39847e862a6fe,algorithm_baseline,periodic_customized_cold_start,reference,periodic_customized_cold_start,8,20260727,system_poisson,poisson_lifecycle_v1,poisson_profile_catalog,periodic_customized,customized,p12_g4_a64,cold_start,measured,measured,fixed,fixed_total,1.0,77262aef7c650c15,adddb8a44db4224c,5ef7f7f709b227ab,5f427e7b1456da70,"{""algorithm"":""periodic_customized"",""alpha_l"":0.7,""alpha_r"":0.8,""availability_fraction"":0.5,""beta_l"":0.4,""beta_r"":0.5,""bootstrap_mode"":""cold_start"",""candidate_fixed_point_damping"":0.5,""candidate_fixed_point_max_iterations"":20,""candidate_fixed_point_relative_tolerance"":0.0001,""cloud_count"":1,""comparison_group"":""reference"",""comparison_method"":""periodic_customized_cold_start"",""control_mode"":""fixed"",""downtime_log_mean"":2.5,""downtime_log_sigma"":0.8,""edge_count"":5,""edge_link_factor"":2.0,""experiment_layer"":""system_poisson"",""fixed_online_budget_ms"":10.0,""fixed_planning_interval_slots"":5,""fixed_total_pool_budget"":20,""lambda_g"":0.7,""lambda_h"":0.7,""lambda_per_slot"":1.0,""max_deadline_ms"":1999.0,""min_deadline_ms"":500.0,""minimum_control_window_slots"":5,""minimum_replanning_interval_slots"":2,""name"":""periodic_customized_cold_start"",""online_budgets_ms"":[5.0,10.0,20.0],""online_timing_mode"":""measured"",""origin_group_count"":2,""plan_ttl_slots"":20,""planning_candidate_generator_mode"":""customized"",""planning_customized_archive_capacity"":64,""planning_customized_generations"":4,""planning_customized_population_size"":12,""planning_deadline_ms"":2000.0,""planning_intervals"":[5,10,20],""planning_runtime_ms"":100.0,""planning_sample_count"":20,""planning_timing_mode"":""measured"",""pool_budget_mode"":""fixed_total"",""profile_count"":2,""slot_count"":200,""slot_length_ms"":100.0,""suite"":""algorithm_baseline"",""total_pool_budgets"":[8,20,40],""uptime_scale"":100.0,""uptime_shape"":1.5,""user_count"":10,""workload_mode"":""poisson_profile_catalog""}",200,206,181,61,120,51,10,2,0,1,1.7417027933769642,654.3796520459003,0.8383943692290662,7340.265654575916,22,9,30,0,0,36,10,25,15704.355669091456,739.3925772048533,4.08504186301024,8.389416034333408,18,17,0,2710,2242,0,468,162,105,51,105,22260730,cold_start,stability_delay_energy_v4,unified_fixed_point_v3,explicit_snapshot_v1,poisson_profile_catalog_v1,periodic_repository_v1,customized_periodic_pool_v1,empirical_window_beta_v1,slot_up_down_v1,fixed_service_time_v1,fixed_path_v1,full_duplex_shared_heat_v1,deployment_return_energy_v1,periodic_three_objective_v3,discrete_mpc_v1,grid_tkb_v1,arrival_risk_diversity_v1,budgeted_fixed_point_v1,regularized_surrogate_v1,goodput_cost_v1,0.3370165745856354,0.6629834254143646,0.281767955801105,0.16393442622950818,0.03278688524590164,2.4757281553398056,0.12154696132596685,0.049723756906077346,0.16574585635359115,0.0,0.0
system_poisson:poisson_lifecycle_v1:algorithm_baseline:67c39847e862a6fe:periodic_customized:r9:s20260728,67c39847e862a6fe,algorithm_baseline,periodic_customized_cold_start,reference,periodic_customized_cold_start,9,20260728,system_poisson,poisson_lifecycle_v1,poisson_profile_catalog,periodic_customized,customized,p12_g4_a64,cold_start,measured,measured,fixed,fixed_total,1.0,51994d7f38a9b2d2,94c502adeeb85260,9f5ed373a6bd9324,58651f60c37cc329,"{""algorithm"":""periodic_customized"",""alpha_l"":0.7,""alpha_r"":0.8,""availability_fraction"":0.5,""beta_l"":0.4,""beta_r"":0.5,""bootstrap_mode"":""cold_start"",""candidate_fixed_point_damping"":0.5,""candidate_fixed_point_max_iterations"":20,""candidate_fixed_point_relative_tolerance"":0.0001,""cloud_count"":1,""comparison_group"":""reference"",""comparison_method"":""periodic_customized_cold_start"",""control_mode"":""fixed"",""downtime_log_mean"":2.5,""downtime_log_sigma"":0.8,""edge_count"":5,""edge_link_factor"":2.0,""experiment_layer"":""system_poisson"",""fixed_online_budget_ms"":10.0,""fixed_planning_interval_slots"":5,""fixed_total_pool_budget"":20,""lambda_g"":0.7,""lambda_h"":0.7,""lambda_per_slot"":1.0,""max_deadline_ms"":1999.0,""min_deadline_ms"":500.0,""minimum_control_window_slots"":5,""minimum_replanning_interval_slots"":2,""name"":""periodic_customized_cold_start"",""online_budgets_ms"":[5.0,10.0,20.0],""online_timing_mode"":""measured"",""origin_group_count"":2,""plan_ttl_slots"":20,""planning_candidate_generator_mode"":""customized"",""planning_customized_archive_capacity"":64,""planning_customized_generations"":4,""planning_customized_population_size"":12,""planning_deadline_ms"":2000.0,""planning_intervals"":[5,10,20],""planning_runtime_ms"":100.0,""planning_sample_count"":20,""planning_timing_mode"":""measured"",""pool_budget_mode"":""fixed_total"",""profile_count"":2,""slot_count"":200,""slot_length_ms"":100.0,""suite"":""algorithm_baseline"",""total_pool_budgets"":[8,20,40],""uptime_scale"":100.0,""uptime_shape"":1.5,""user_count"":10,""workload_mode"":""poisson_profile_catalog""}",200,209,211,81,130,63,18,0,0,1,2.216330727255316,613.6071856335896,0.8441858777313718,6555.295515521219,31,14,36,0,0,43,15,27,15004.356250050478,742.1868800884113,3.5174733653479207,5.992125021293759,24,23,0,3885,2601,0,1284,393,258,70,196,22260731,cold_start,stability_delay_energy_v4,unified_fixed_point_v3,explicit_snapshot_v1,poisson_profile_catalog_v1,periodic_repository_v1,customized_periodic_pool_v1,empirical_window_beta_v1,slot_up_down_v1,fixed_service_time_v1,fixed_path_v1,full_duplex_shared_heat_v1,deployment_return_energy_v1,periodic_three_objective_v3,discrete_mpc_v1,grid_tkb_v1,arrival_risk_diversity_v1,budgeted_fixed_point_v1,regularized_surrogate_v1,goodput_cost_v1,0.38388625592417064,0.6161137440758294,0.2985781990521327,0.2222222222222222,0.0,3.0143540669856463,0.14691943127962084,0.06635071090047394,0.17061611374407584,0.0,0.0
system_poisson:poisson_lifecycle_v1:algorithm_baseline:67c39847e862a6fe:periodic_customized:r10:s20260729,67c39847e862a6fe,algorithm_baseline,periodic_customized_cold_start,reference,periodic_customized_cold_start,10,20260729,system_poisson,poisson_lifecycle_v1,poisson_profile_catalog,periodic_customized,customized,p12_g4_a64,cold_start,measured,measured,fixed,fixed_total,1.0,5b8d17f0ef7f4099,329b4f7d21be54ff,897cead0737f85bf,5bfdd62f4d90fc6a,"{""algorithm"":""periodic_customized"",""alpha_l"":0.7,""alpha_r"":0.8,""availability_fraction"":0.5,""beta_l"":0.4,""beta_r"":0.5,""bootstrap_mode"":""cold_start"",""candidate_fixed_point_damping"":0.5,""candidate_fixed_point_max_iterations"":20,""candidate_fixed_point_relative_tolerance"":0.0001,""cloud_count"":1,""comparison_group"":""reference"",""comparison_method"":""periodic_customized_cold_start"",""control_mode"":""fixed"",""downtime_log_mean"":2.5,""downtime_log_sigma"":0.8,""edge_count"":5,""edge_link_factor"":2.0,""experiment_layer"":""system_poisson"",""fixed_online_budget_ms"":10.0,""fixed_planning_interval_slots"":5,""fixed_total_pool_budget"":20,""lambda_g"":0.7,""lambda_h"":0.7,""lambda_per_slot"":1.0,""max_deadline_ms"":1999.0,""min_deadline_ms"":500.0,""minimum_control_window_slots"":5,""minimum_replanning_interval_slots"":2,""name"":""periodic_customized_cold_start"",""online_budgets_ms"":[5.0,10.0,20.0],""online_timing_mode"":""measured"",""origin_group_count"":2,""plan_ttl_slots"":20,""planning_candidate_generator_mode"":""customized"",""planning_customized_archive_capacity"":64,""planning_customized_generations"":4,""planning_customized_population_size"":12,""planning_deadline_ms"":2000.0,""planning_intervals"":[5,10,20],""planning_runtime_ms"":100.0,""planning_sample_count"":20,""planning_timing_mode"":""measured"",""pool_budget_mode"":""fixed_total"",""profile_count"":2,""slot_count"":200,""slot_length_ms"":100.0,""suite"":""algorithm_baseline"",""total_pool_budgets"":[8,20,40],""uptime_scale"":100.0,""uptime_shape"":1.5,""user_count"":10,""workload_mode"":""poisson_profile_catalog""}",200,202,209,77,132,66,11,0,0,1,2.4910712179854118,528.3796993808494,0.805178622141547,5431.877168360421,38,14,25,0,0,41,21,19,15677.703791065142,1033.1749599426985,4.943420860969849,8.513083914294839,22,21,0,3703,2487,0,1216,460,292,129,208,22260732,cold_start,stability_delay_energy_v4,unified_fixed_point_v3,explicit_snapshot_v1,poisson_profile_catalog_v1,periodic_repository_v1,customized_periodic_pool_v1,empirical_window_beta_v1,slot_up_down_v1,fixed_service_time_v1,fixed_path_v1,full_duplex_shared_heat_v1,deployment_return_energy_v1,periodic_three_objective_v3,discrete_mpc_v1,grid_tkb_v1,arrival_risk_diversity_v1,budgeted_fixed_point_v1,regularized_surrogate_v1,goodput_cost_v1,0.3684210526315789,0.631578947368421,0.3157894736842105,0.14285714285714285,0.0,3.2673267326732676,0.18181818181818182,0.06698564593301436,0.11961722488038277,0.0,0.0
system_poisson:poisson_lifecycle_v1:algorithm_baseline:67c39847e862a6fe:periodic_customized:r11:s20260730,67c39847e862a6fe,algorithm_baseline,periodic_customized_cold_start,reference,periodic_customized_cold_start,11,20260730,system_poisson,poisson_lifecycle_v1,poisson_profile_catalog,periodic_customized,customized,p12_g4_a64,cold_start,measured,measured,fixed,fixed_total,1.0,30f077b6e956d2e4,a9f113d17c0a9b50,f4bafd7cbf888eae,2fbd8cdb625c9aae,"{""algorithm"":""periodic_customized"",""alpha_l"":0.7,""alpha_r"":0.8,""availability_fraction"":0.5,""beta_l"":0.4,""beta_r"":0.5,""bootstrap_mode"":""cold_start"",""candidate_fixed_point_damping"":0.5,""candidate_fixed_point_max_iterations"":20,""candidate_fixed_point_relative_tolerance"":0.0001,""cloud_count"":1,""comparison_group"":""reference"",""comparison_method"":""periodic_customized_cold_start"",""control_mode"":""fixed"",""downtime_log_mean"":2.5,""downtime_log_sigma"":0.8,""edge_count"":5,""edge_link_factor"":2.0,""experiment_layer"":""system_poisson"",""fixed_online_budget_ms"":10.0,""fixed_planning_interval_slots"":5,""fixed_total_pool_budget"":20,""lambda_g"":0.7,""lambda_h"":0.7,""lambda_per_slot"":1.0,""max_deadline_ms"":1999.0,""min_deadline_ms"":500.0,""minimum_control_window_slots"":5,""minimum_replanning_interval_slots"":2,""name"":""periodic_customized_cold_start"",""online_budgets_ms"":[5.0,10.0,20.0],""online_timing_mode"":""measured"",""origin_group_count"":2,""plan_ttl_slots"":20,""planning_candidate_generator_mode"":""customized"",""planning_customized_archive_capacity"":64,""planning_customized_generations"":4,""planning_customized_population_size"":12,""planning_deadline_ms"":2000.0,""planning_intervals"":[5,10,20],""planning_runtime_ms"":100.0,""planning_sample_count"":20,""planning_timing_mode"":""measured"",""pool_budget_mode"":""fixed_total"",""profile_count"":2,""slot_count"":200,""slot_length_ms"":100.0,""suite"":""algorithm_baseline"",""total_pool_budgets"":[8,20,40],""uptime_scale"":100.0,""uptime_shape"":1.5,""user_count"":10,""workload_mode"":""poisson_profile_catalog""}",200,209,179,51,128,50,1,2,0,1,1.8055747731345997,605.0196491450478,0.8130654413265165,4943.695906493227,25,18,8,0,0,36,19,16,17364.46303850971,789.9612040491775,4.413191084073617,8.047916926443577,12,11,0,3080,2413,0,667,319,232,125,151,22260733,cold_start,stability_delay_energy_v4,unified_fixed_point_v3,explicit_snapshot_v1,poisson_profile_catalog_v1,periodic_repository_v1,customized_periodic_pool_v1,empirical_window_beta_v1,slot_up_down_v1,fixed_service_time_v1,fixed_path_v1,full_duplex_shared_heat_v1,deployment_return_energy_v1,periodic_three_objective_v3,discrete_mpc_v1,grid_tkb_v1,arrival_risk_diversity_v1,budgeted_fixed_point_v1,regularized_surrogate_v1,goodput_cost_v1,0.2849162011173184,0.7150837988826816,0.27932960893854747,0.0196078431372549,0.0392156862745098,2.3923444976076556,0.13966480446927373,0.1005586592178771,0.0446927374301676,0.0,0.0
system_poisson:poisson_lifecycle_v1:algorithm_baseline:67c39847e862a6fe:periodic_customized:r12:s20260731,67c39847e862a6fe,algorithm_baseline,periodic_customized_cold_start,reference,periodic_customized_cold_start,12,20260731,system_poisson,poisson_lifecycle_v1,poisson_profile_catalog,periodic_customized,customized,p12_g4_a64,cold_start,measured,measured,fixed,fixed_total,1.0,c8a1c19b9973aa96,c57247db4e0508db,72a5571d4331dbf4,5615e2a246665bbb,"{""algorithm"":""periodic_customized"",""alpha_l"":0.7,""alpha_r"":0.8,""availability_fraction"":0.5,""beta_l"":0.4,""beta_r"":0.5,""bootstrap_mode"":""cold_start"",""candidate_fixed_point_damping"":0.5,""candidate_fixed_point_max_iterations"":20,""candidate_fixed_point_relative_tolerance"":0.0001,""cloud_count"":1,""comparison_group"":""reference"",""comparison_method"":""periodic_customized_cold_start"",""control_mode"":""fixed"",""downtime_log_mean"":2.5,""downtime_log_sigma"":0.8,""edge_count"":5,""edge_link_factor"":2.0,""experiment_layer"":""system_poisson"",""fixed_online_budget_ms"":10.0,""fixed_planning_interval_slots"":5,""fixed_total_pool_budget"":20,""lambda_g"":0.7,""lambda_h"":0.7,""lambda_per_slot"":1.0,""max_deadline_ms"":1999.0,""min_deadline_ms"":500.0,""minimum_control_window_slots"":5,""minimum_replanning_interval_slots"":2,""name"":""periodic_customized_cold_start"",""online_budgets_ms"":[5.0,10.0,20.0],""online_timing_mode"":""measured"",""origin_group_count"":2,""plan_ttl_slots"":20,""planning_candidate_generator_mode"":""customized"",""planning_customized_archive_capacity"":64,""planning_customized_generations"":4,""planning_customized_population_size"":12,""planning_deadline_ms"":2000.0,""planning_intervals"":[5,10,20],""planning_runtime_ms"":100.0,""planning_sample_count"":20,""planning_timing_mode"":""measured"",""pool_budget_mode"":""fixed_total"",""profile_count"":2,""slot_count"":200,""slot_length_ms"":100.0,""suite"":""algorithm_baseline"",""total_pool_budgets"":[8,20,40],""uptime_scale"":100.0,""uptime_shape"":1.5,""user_count"":10,""workload_mode"":""poisson_profile_catalog""}",200,205,184,56,128,52,4,1,0,1,1.8431580341760647,633.4003703680147,0.8324782390028326,7056.852817384783,22,18,16,0,0,39,14,24,15985.21454515867,639.5281692966819,3.4756965722645754,6.632708013057709,20,19,0,2842,2521,0,321,167,115,46,95,22260734,cold_start,stability_delay_energy_v4,unified_fixed_point_v3,explicit_snapshot_v1,poisson_profile_catalog_v1,periodic_repository_v1,customized_periodic_pool_v1,empirical_window_beta_v1,slot_up_down_v1,fixed_service_time_v1,fixed_path_v1,full_duplex_shared_heat_v1,deployment_return_energy_v1,periodic_three_objective_v3,discrete_mpc_v1,grid_tkb_v1,arrival_risk_diversity_v1,budgeted_fixed_point_v1,regularized_surrogate_v1,goodput_cost_v1,0.30434782608695654,0.6956521739130435,0.2826086956521739,0.07142857142857142,0.017857142857142856,2.5365853658536586,0.11956521739130435,0.09782608695652174,0.08695652173913043,0.0,0.0
system_poisson:poisson_lifecycle_v1:algorithm_baseline:67c39847e862a6fe:periodic_customized:r13:s20260732,67c39847e862a6fe,algorithm_baseline,periodic_customized_cold_start,reference,periodic_customized_cold_start,13,20260732,system_poisson,poisson_lifecycle_v1,poisson_profile_catalog,periodic_customized,customized,p12_g4_a64,cold_start,measured,measured,fixed,fixed_total,1.0,2570004416ece14a,3e0c88c5a91c29b4,5e6617b3e9dde363,a897565254a74026,"{""algorithm"":""periodic_customized"",""alpha_l"":0.7,""alpha_r"":0.8,""availability_fraction"":0.5,""beta_l"":0.4,""beta_r"":0.5,""bootstrap_mode"":""cold_start"",""candidate_fixed_point_damping"":0.5,""candidate_fixed_point_max_iterations"":20,""candidate_fixed_point_relative_tolerance"":0.0001,""cloud_count"":1,""comparison_group"":""reference"",""comparison_method"":""periodic_customized_cold_start"",""control_mode"":""fixed"",""downtime_log_mean"":2.5,""downtime_log_sigma"":0.8,""edge_count"":5,""edge_link_factor"":2.0,""experiment_layer"":""system_poisson"",""fixed_online_budget_ms"":10.0,""fixed_planning_interval_slots"":5,""fixed_total_pool_budget"":20,""lambda_g"":0.7,""lambda_h"":0.7,""lambda_per_slot"":1.0,""max_deadline_ms"":1999.0,""min_deadline_ms"":500.0,""minimum_control_window_slots"":5,""minimum_replanning_interval_slots"":2,""name"":""periodic_customized_cold_start"",""online_budgets_ms"":[5.0,10.0,20.0],""online_timing_mode"":""measured"",""origin_group_count"":2,""plan_ttl_slots"":20,""planning_candidate_generator_mode"":""customized"",""planning_customized_archive_capacity"":64,""planning_customized_generations"":4,""planning_customized_population_size"":12,""planning_deadline_ms"":2000.0,""planning_intervals"":[5,10,20],""planning_runtime_ms"":100.0,""planning_sample_count"":20,""planning_timing_mode"":""measured"",""pool_budget_mode"":""fixed_total"",""profile_count"":2,""slot_count"":200,""slot_length_ms"":100.0,""suite"":""algorithm_baseline"",""total_pool_budgets"":[8,20,40],""uptime_scale"":100.0,""uptime_shape"":1.5,""user_count"":10,""workload_mode"":""poisson_profile_catalog""}",200,207,208,82,126,73,9,3,0,1,2.5860305032122435,595.6737290084296,0.8407920890222196,7536.622359588049,24,29,29,0,0,37,18,18,17288.47721160855,1071.4644534746185,5.151271410935665,10.774499969556928,11,10,0,3085,2232,0,853,324,242,122,178,22260735,cold_start,stability_delay_energy_v4,unified_fixed_point_v3,explicit_snapshot_v1,poisson_profile_catalog_v1,periodic_repository_v1,customized_periodic_pool_v1,empirical_window_beta_v1,slot_up_down_v1,fixed_service_time_v1,fixed_path_v1,full_duplex_shared_heat_v1,deployment_return_energy_v1,periodic_three_objective_v3,discrete_mpc_v1,grid_tkb_v1,arrival_risk_diversity_v1,budgeted_fixed_point_v1,regularized_surrogate_v1,goodput_cost_v1,0.3942307692307692,0.6057692307692307,0.35096153846153844,0.10975609756097561,0.036585365853658534,3.526570048309179,0.11538461538461539,0.13942307692307693,0.13942307692307693,0.0,0.0
system_poisson:poisson_lifecycle_v1:algorithm_baseline:67c39847e862a6fe:periodic_customized:r14:s20260733,67c39847e862a6fe,algorithm_baseline,periodic_customized_cold_start,reference,periodic_customized_cold_start,14,20260733,system_poisson,poisson_lifecycle_v1,poisson_profile_catalog,periodic_customized,customized,p12_g4_a64,cold_start,measured,measured,fixed,fixed_total,1.0,e549ef942191509c,82b0c7769f30bf5e,5fa9f2d6b0764417,9238a84d7f53868e,"{""algorithm"":""periodic_customized"",""alpha_l"":0.7,""alpha_r"":0.8,""availability_fraction"":0.5,""beta_l"":0.4,""beta_r"":0.5,""bootstrap_mode"":""cold_start"",""candidate_fixed_point_damping"":0.5,""candidate_fixed_point_max_iterations"":20,""candidate_fixed_point_relative_tolerance"":0.0001,""cloud_count"":1,""comparison_group"":""reference"",""comparison_method"":""periodic_customized_cold_start"",""control_mode"":""fixed"",""downtime_log_mean"":2.5,""downtime_log_sigma"":0.8,""edge_count"":5,""edge_link_factor"":2.0,""experiment_layer"":""system_poisson"",""fixed_online_budget_ms"":10.0,""fixed_planning_interval_slots"":5,""fixed_total_pool_budget"":20,""lambda_g"":0.7,""lambda_h"":0.7,""lambda_per_slot"":1.0,""max_deadline_ms"":1999.0,""min_deadline_ms"":500.0,""minimum_control_window_slots"":5,""minimum_replanning_interval_slots"":2,""name"":""periodic_customized_cold_start"",""online_budgets_ms"":[5.0,10.0,20.0],""online_timing_mode"":""measured"",""origin_group_count"":2,""plan_ttl_slots"":20,""planning_candidate_generator_mode"":""customized"",""planning_customized_archive_capacity"":64,""planning_customized_generations"":4,""planning_customized_population_size"":12,""planning_deadline_ms"":2000.0,""planning_intervals"":[5,10,20],""planning_runtime_ms"":100.0,""planning_sample_count"":20,""planning_timing_mode"":""measured"",""pool_budget_mode"":""fixed_total"",""profile_count"":2,""slot_count"":200,""slot_length_ms"":100.0,""suite"":""algorithm_baseline"",""total_pool_budgets"":[8,20,40],""uptime_scale"":100.0,""uptime_shape"":1.5,""user_count"":10,""workload_mode"":""poisson_profile_catalog""}",200,207,202,73,129,62,11,2,0,1,2.08827594571547,632.8878657859867,0.8315125826952366,6719.4270796888195,30,24,19,0,0,40,19,20,15854.58999988623,812.032536836341,4.019963053645252,7.795041077770293,17,16,0,3011,2631,0,380,158,132,75,125,22260736,cold_start,stability_delay_energy_v4,unified_fixed_point_v3,explicit_snapshot_v1,poisson_profile_catalog_v1,periodic_repository_v1,customized_periodic_pool_v1,empirical_window_beta_v1,slot_up_down_v1,fixed_service_time_v1,fixed_path_v1,full_duplex_shared_heat_v1,deployment_return_energy_v1,periodic_three_objective_v3,discrete_mpc_v1,grid_tkb_v1,arrival_risk_diversity_v1,budgeted_fixed_point_v1,regularized_surrogate_v1,goodput_cost_v1,0.3613861386138614,0.6386138613861386,0.3069306930693069,0.1506849315068493,0.0273972602739726,2.995169082125604,0.1485148514851485,0.1188118811881188,0.09405940594059406,0.0,0.0
system_poisson:poisson_lifecycle_v1:algorithm_baseline:67c39847e862a6fe:periodic_customized:r15:s20260734,67c39847e862a6fe,algorithm_baseline,periodic_customized_cold_start,reference,periodic_customized_cold_start,15,20260734,system_poisson,poisson_lifecycle_v1,poisson_profile_catalog,periodic_customized,customized,p12_g4_a64,cold_start,measured,measured,fixed,fixed_total,1.0,9d81372cc2973096,868f2658ddad8015,1f9cdc4dfc70bd76,554a01216359253d,"{""algorithm"":""periodic_customized"",""alpha_l"":0.7,""alpha_r"":0.8,""availability_fraction"":0.5,""beta_l"":0.4,""beta_r"":0.5,""bootstrap_mode"":""cold_start"",""candidate_fixed_point_damping"":0.5,""candidate_fixed_point_max_iterations"":20,""candidate_fixed_point_relative_tolerance"":0.0001,""cloud_count"":1,""comparison_group"":""reference"",""comparison_method"":""periodic_customized_cold_start"",""control_mode"":""fixed"",""downtime_log_mean"":2.5,""downtime_log_sigma"":0.8,""edge_count"":5,""edge_link_factor"":2.0,""experiment_layer"":""system_poisson"",""fixed_online_budget_ms"":10.0,""fixed_planning_interval_slots"":5,""fixed_total_pool_budget"":20,""lambda_g"":0.7,""lambda_h"":0.7,""lambda_per_slot"":1.0,""max_deadline_ms"":1999.0,""min_deadline_ms"":500.0,""minimum_control_window_slots"":5,""minimum_replanning_interval_slots"":2,""name"":""periodic_customized_cold_start"",""online_budgets_ms"":[5.0,10.0,20.0],""online_timing_mode"":""measured"",""origin_group_count"":2,""plan_ttl_slots"":20,""planning_candidate_generator_mode"":""customized"",""planning_customized_archive_capacity"":64,""planning_customized_generations"":4,""planning_customized_population_size"":12,""planning_deadline_ms"":2000.0,""planning_intervals"":[5,10,20],""planning_runtime_ms"":100.0,""planning_sample_count"":20,""planning_timing_mode"":""measured"",""pool_budget_mode"":""fixed_total"",""profile_count"":2,""slot_count"":200,""slot_length_ms"":100.0,""suite"":""algorithm_baseline"",""total_pool_budgets"":[8,20,40],""uptime_scale"":100.0,""uptime_shape"":1.5,""user_count"":10,""workload_mode"":""poisson_profile_catalog""}",200,205,203,51,152,44,7,0,0,1,1.5322563845984536,747.9677203426642,0.8421205807264505,6070.237836445961,20,11,20,0,0,37,13,23,16289.288082858548,1041.1707474850118,5.128919938349812,9.450708981603384,13,12,0,2788,2405,0,383,179,120,47,106,22260737,cold_start,stability_delay_energy_v4,unified_fixed_point_v3,explicit_snapshot_v1,poisson_profile_catalog_v1,periodic_repository_v1,customized_periodic_pool_v1,empirical_window_beta_v1,slot_up_down_v1,fixed_service_time_v1,fixed_path_v1,full_duplex_shared_heat_v1,deployment_return_energy_v1,periodic_three_objective_v3,discrete_mpc_v1,grid_tkb_v1,arrival_risk_diversity_v1,budgeted_fixed_point_v1,regularized_surrogate_v1,goodput_cost_v1,0.2512315270935961,0.7487684729064039,0.21674876847290642,0.13725490196078433,0.0,2.1463414634146343,0.09852216748768473,0.054187192118226604,0.09852216748768473,0.0,0.0
system_poisson:poisson_lifecycle_v1:algorithm_baseline:67c39847e862a6fe:periodic_customized:r16:s20260735,67c39847e862a6fe,algorithm_baseline,periodic_customized_cold_start,reference,periodic_customized_cold_start,16,20260735,system_poisson,poisson_lifecycle_v1,poisson_profile_catalog,periodic_customized,customized,p12_g4_a64,cold_start,measured,measured,fixed,fixed_total,1.0,c61c842e17f225e3,3da65bab6008a478,33b568baf37f075d,615e85118266de25,"{""algorithm"":""periodic_customized"",""alpha_l"":0.7,""alpha_r"":0.8,""availability_fraction"":0.5,""beta_l"":0.4,""beta_r"":0.5,""bootstrap_mode"":""cold_start"",""candidate_fixed_point_damping"":0.5,""candidate_fixed_point_max_iterations"":20,""candidate_fixed_point_relative_tolerance"":0.0001,""cloud_count"":1,""comparison_group"":""reference"",""comparison_method"":""periodic_customized_cold_start"",""control_mode"":""fixed"",""downtime_log_mean"":2.5,""downtime_log_sigma"":0.8,""edge_count"":5,""edge_link_factor"":2.0,""experiment_layer"":""system_poisson"",""fixed_online_budget_ms"":10.0,""fixed_planning_interval_slots"":5,""fixed_total_pool_budget"":20,""lambda_g"":0.7,""lambda_h"":0.7,""lambda_per_slot"":1.0,""max_deadline_ms"":1999.0,""min_deadline_ms"":500.0,""minimum_control_window_slots"":5,""minimum_replanning_interval_slots"":2,""name"":""periodic_customized_cold_start"",""online_budgets_ms"":[5.0,10.0,20.0],""online_timing_mode"":""measured"",""origin_group_count"":2,""plan_ttl_slots"":20,""planning_candidate_generator_mode"":""customized"",""planning_customized_archive_capacity"":64,""planning_customized_generations"":4,""planning_customized_population_size"":12,""planning_deadline_ms"":2000.0,""planning_intervals"":[5,10,20],""planning_runtime_ms"":100.0,""planning_sample_count"":20,""planning_timing_mode"":""measured"",""pool_budget_mode"":""fixed_total"",""profile_count"":2,""slot_count"":200,""slot_length_ms"":100.0,""suite"":""algorithm_baseline"",""total_pool_budgets"":[8,20,40],""uptime_scale"":100.0,""uptime_shape"":1.5,""user_count"":10,""workload_mode"":""poisson_profile_catalog""}",200,204,215,64,151,53,11,2,0,1,1.8081036739586989,763.5087306977296,0.8468041066987054,8302.642962284033,20,9,35,0,0,32,14,17,18137.374709011056,1062.1450857724994,4.940209701267439,9.384125005453825,9,8,0,2366,1851,0,515,161,101,29,81,22260738,cold_start,stability_delay_energy_v4,unified_fixed_point_v3,explicit_snapshot_v1,poisson_profile_catalog_v1,periodic_repository_v1,customized_periodic_pool_v1,empirical_window_beta_v1,slot_up_down_v1,fixed_service_time_v1,fixed_path_v1,full_duplex_shared_heat_v1,deployment_return_energy_v1,periodic_three_objective_v3,discrete_mpc_v1,grid_tkb_v1,arrival_risk_diversity_v1,budgeted_fixed_point_v1,regularized_surrogate_v1,goodput_cost_v1,0.29767441860465116,0.7023255813953488,0.24651162790697675,0.171875,0.03125,2.5980392156862746,0.09302325581395349,0.04186046511627907,0.16279069767441862,0.0,0.0
system_poisson:poisson_lifecycle_v1:algorithm_baseline:67c39847e862a6fe:periodic_customized:r17:s20260736,67c39847e862a6fe,algorithm_baseline,periodic_customized_cold_start,reference,periodic_customized_cold_start,17,20260736,system_poisson,poisson_lifecycle_v1,poisson_profile_catalog,periodic_customized,customized,p12_g4_a64,cold_start,measured,measured,fixed,fixed_total,1.0,a1e1594e7589a223,d9b518a32809412d,f1078707bd950772,6d1494c76aa00136,"{""algorithm"":""periodic_customized"",""alpha_l"":0.7,""alpha_r"":0.8,""availability_fraction"":0.5,""beta_l"":0.4,""beta_r"":0.5,""bootstrap_mode"":""cold_start"",""candidate_fixed_point_damping"":0.5,""candidate_fixed_point_max_iterations"":20,""candidate_fixed_point_relative_tolerance"":0.0001,""cloud_count"":1,""comparison_group"":""reference"",""comparison_method"":""periodic_customized_cold_start"",""control_mode"":""fixed"",""downtime_log_mean"":2.5,""downtime_log_sigma"":0.8,""edge_count"":5,""edge_link_factor"":2.0,""experiment_layer"":""system_poisson"",""fixed_online_budget_ms"":10.0,""fixed_planning_interval_slots"":5,""fixed_total_pool_budget"":20,""lambda_g"":0.7,""lambda_h"":0.7,""lambda_per_slot"":1.0,""max_deadline_ms"":1999.0,""min_deadline_ms"":500.0,""minimum_control_window_slots"":5,""minimum_replanning_interval_slots"":2,""name"":""periodic_customized_cold_start"",""online_budgets_ms"":[5.0,10.0,20.0],""online_timing_mode"":""measured"",""origin_group_count"":2,""plan_ttl_slots"":20,""planning_candidate_generator_mode"":""customized"",""planning_customized_archive_capacity"":64,""planning_customized_generations"":4,""planning_customized_population_size"":12,""planning_deadline_ms"":2000.0,""planning_intervals"":[5,10,20],""planning_runtime_ms"":100.0,""planning_sample_count"":20,""planning_timing_mode"":""measured"",""pool_budget_mode"":""fixed_total"",""profile_count"":2,""slot_count"":200,""slot_length_ms"":100.0,""suite"":""algorithm_baseline"",""total_pool_budgets"":[8,20,40],""uptime_scale"":100.0,""uptime_shape"":1.5,""user_count"":10,""workload_mode"":""poisson_profile_catalog""}",200,207,191,48,143,44,4,1,0,1,1.5108736396004006,722.625285856057,0.8401372646086013,6582.298702321344,15,8,25,0,0,34,15,18,18075.849501299672,1020.6045478116721,5.343479307914514,9.810167015530169,4,3,0,2505,2157,0,348,146,101,45,76,22260739,cold_start,stability_delay_energy_v4,unified_fixed_point_v3,explicit_snapshot_v1,poisson_profile_catalog_v1,periodic_repository_v1,customized_periodic_pool_v1,empirical_window_beta_v1,slot_up_down_v1,fixed_service_time_v1,fixed_path_v1,full_duplex_shared_heat_v1,deployment_return_energy_v1,periodic_three_objective_v3,discrete_mpc_v1,grid_tkb_v1,arrival_risk_diversity_v1,budgeted_fixed_point_v1,regularized_surrogate_v1,goodput_cost_v1,0.2513089005235602,0.7486910994764397,0.23036649214659685,0.08333333333333333,0.020833333333333332,2.1256038647342996,0.07853403141361257,0.041884816753926704,0.13089005235602094,0.0,0.0
system_poisson:poisson_lifecycle_v1:algorithm_baseline:67c39847e862a6fe:periodic_customized:r18:s20260737,67c39847e862a6fe,algorithm_baseline,periodic_customized_cold_start,reference,periodic_customized_cold_start,18,20260737,system_poisson,poisson_lifecycle_v1,poisson_profile_catalog,periodic_customized,customized,p12_g4_a64,cold_start,measured,measured,fixed,fixed_total,1.0,2340d35db3923e87,6c6665153475ebe0,e91a6f9277c728f1,fb1a538d3c9d367a,"{""algorithm"":""periodic_customized"",""alpha_l"":0.7,""alpha_r"":0.8,""availability_fraction"":0.5,""beta_l"":0.4,""beta_r"":0.5,""bootstrap_mode"":""cold_start"",""candidate_fixed_point_damping"":0.5,""candidate_fixed_point_max_iterations"":20,""candidate_fixed_point_relative_tolerance"":0.0001,""cloud_count"":1,""comparison_group"":""reference"",""comparison_method"":""periodic_customized_cold_start"",""control_mode"":""fixed"",""downtime_log_mean"":2.5,""downtime_log_sigma"":0.8,""edge_count"":5,""edge_link_factor"":2.0,""experiment_layer"":""system_poisson"",""fixed_online_budget_ms"":10.0,""fixed_planning_interval_slots"":5,""fixed_total_pool_budget"":20,""lambda_g"":0.7,""lambda_h"":0.7,""lambda_per_slot"":1.0,""max_deadline_ms"":1999.0,""min_deadline_ms"":500.0,""minimum_control_window_slots"":5,""minimum_replanning_interval_slots"":2,""name"":""periodic_customized_cold_start"",""online_budgets_ms"":[5.0,10.0,20.0],""online_timing_mode"":""measured"",""origin_group_count"":2,""plan_ttl_slots"":20,""planning_candidate_generator_mode"":""customized"",""planning_customized_archive_capacity"":64,""planning_customized_generations"":4,""planning_customized_population_size"":12,""planning_deadline_ms"":2000.0,""planning_intervals"":[5,10,20],""planning_runtime_ms"":100.0,""planning_sample_count"":20,""planning_timing_mode"":""measured"",""pool_budget_mode"":""fixed_total"",""profile_count"":2,""slot_count"":200,""slot_length_ms"":100.0,""suite"":""algorithm_baseline"",""total_pool_budgets"":[8,20,40],""uptime_scale"":100.0,""uptime_shape"":1.5,""user_count"":10,""workload_mode"":""poisson_profile_catalog""}",200,203,177,80,97,76,4,0,0,1,2.8905443114365266,510.78187222306633,0.825781643971842,5179.636575114683,38,22,20,0,0,33,26,6,18527.66349981539,1360.0105821387842,7.683675605303866,13.644083053804934,4,3,0,2667,1988,0,679,333,235,166,164,22260740,cold_start,stability_delay_energy_v4,unified_fixed_point_v3,explicit_snapshot_v1,poisson_profile_catalog_v1,periodic_repository_v1,customized_periodic_pool_v1,empirical_window_beta_v1,slot_up_down_v1,fixed_service_time_v1,fixed_path_v1,full_duplex_shared_heat_v1,deployment_return_energy_v1,periodic_three_objective_v3,discrete_mpc_v1,grid_tkb_v1,arrival_risk_diversity_v1,budgeted_fixed_point_v1,regularized_surrogate_v1,goodput_cost_v1,0.4519774011299435,0.5480225988700564,0.4293785310734463,0.05,0.0,3.7438423645320196,0.21468926553672316,0.12429378531073447,0.11299435028248588,0.0,0.0
system_poisson:poisson_lifecycle_v1:algorithm_baseline:67c39847e862a6fe:periodic_customized:r19:s20260738,67c39847e862a6fe,algorithm_baseline,periodic_customized_cold_start,reference,periodic_customized_cold_start,19,20260738,system_poisson,poisson_lifecycle_v1,poisson_profile_catalog,periodic_customized,customized,p12_g4_a64,cold_start,measured,measured,fixed,fixed_total,1.0,2f8cac81e28c6822,342fe7b24aabf9c9,bca0f53820c0230d,a5b68c6f808e683d,"{""algorithm"":""periodic_customized"",""alpha_l"":0.7,""alpha_r"":0.8,""availability_fraction"":0.5,""beta_l"":0.4,""beta_r"":0.5,""bootstrap_mode"":""cold_start"",""candidate_fixed_point_damping"":0.5,""candidate_fixed_point_max_iterations"":20,""candidate_fixed_point_relative_tolerance"":0.0001,""cloud_count"":1,""comparison_group"":""reference"",""comparison_method"":""periodic_customized_cold_start"",""control_mode"":""fixed"",""downtime_log_mean"":2.5,""downtime_log_sigma"":0.8,""edge_count"":5,""edge_link_factor"":2.0,""experiment_layer"":""system_poisson"",""fixed_online_budget_ms"":10.0,""fixed_planning_interval_slots"":5,""fixed_total_pool_budget"":20,""lambda_g"":0.7,""lambda_h"":0.7,""lambda_per_slot"":1.0,""max_deadline_ms"":1999.0,""min_deadline_ms"":500.0,""minimum_control_window_slots"":5,""minimum_replanning_interval_slots"":2,""name"":""periodic_customized_cold_start"",""online_budgets_ms"":[5.0,10.0,20.0],""online_timing_mode"":""measured"",""origin_group_count"":2,""plan_ttl_slots"":20,""planning_candidate_generator_mode"":""customized"",""planning_customized_archive_capacity"":64,""planning_customized_generations"":4,""planning_customized_population_size"":12,""planning_deadline_ms"":2000.0,""planning_intervals"":[5,10,20],""planning_runtime_ms"":100.0,""planning_sample_count"":20,""planning_timing_mode"":""measured"",""pool_budget_mode"":""fixed_total"",""profile_count"":2,""slot_count"":200,""slot_length_ms"":100.0,""suite"":""algorithm_baseline"",""total_pool_budgets"":[8,20,40],""uptime_scale"":100.0,""uptime_shape"":1.5,""user_count"":10,""workload_mode"":""poisson_profile_catalog""}",200,200,180,36,144,27,9,2,0,1,0.8891006521715499,706.2151791274025,0.838513757247592,6485.56657471604,15,6,15,0,0,34,9,24,18033.132837619632,1036.2342857988551,5.756857143326973,8.507290971465409,6,5,0,2482,2240,0,242,106,56,20,44,22260741,cold_start,stability_delay_energy_v4,unified_fixed_point_v3,explicit_snapshot_v1,poisson_profile_catalog_v1,periodic_repository_v1,customized_periodic_pool_v1,empirical_window_beta_v1,slot_up_down_v1,fixed_service_time_v1,fixed_path_v1,full_duplex_shared_heat_v1,deployment_return_energy_v1,periodic_three_objective_v3,discrete_mpc_v1,grid_tkb_v1,arrival_risk_diversity_v1,budgeted_fixed_point_v1,regularized_surrogate_v1,goodput_cost_v1,0.2,0.8,0.15,0.25,0.05555555555555555,1.35,0.08333333333333333,0.03333333333333333,0.08333333333333333,0.0,0.0
system_poisson:poisson_lifecycle_v1:algorithm_baseline:b5d2141bec7b665a:random:r0:s20260719,b5d2141bec7b665a,algorithm_baseline,random,reference,random,0,20260719,system_poisson,poisson_lifecycle_v1,poisson_profile_catalog,random,not_applicable,p12_g4_a64,cold_start,measured,measured,fixed,fixed_total,1.0,6d295842eb0296d0,fca0df0e76e8aea8,68e477ed3df2fad8,c3ade63673949cb4,"{""algorithm"":""random"",""alpha_l"":0.7,""alpha_r"":0.8,""availability_fraction"":0.5,""beta_l"":0.4,""beta_r"":0.5,""bootstrap_mode"":""cold_start"",""candidate_fixed_point_damping"":0.5,""candidate_fixed_point_max_iterations"":20,""candidate_fixed_point_relative_tolerance"":0.0001,""cloud_count"":1,""comparison_group"":""reference"",""comparison_method"":"""",""control_mode"":""fixed"",""downtime_log_mean"":2.5,""downtime_log_sigma"":0.8,""edge_count"":5,""edge_link_factor"":2.0,""experiment_layer"":""system_poisson"",""fixed_online_budget_ms"":10.0,""fixed_planning_interval_slots"":5,""fixed_total_pool_budget"":20,""lambda_g"":0.7,""lambda_h"":0.7,""lambda_per_slot"":1.0,""max_deadline_ms"":1999.0,""min_deadline_ms"":500.0,""minimum_control_window_slots"":5,""minimum_replanning_interval_slots"":2,""name"":""random"",""online_budgets_ms"":[5.0,10.0,20.0],""online_timing_mode"":""measured"",""origin_group_count"":2,""plan_ttl_slots"":20,""planning_candidate_generator_mode"":""lightweight"",""planning_customized_archive_capacity"":64,""planning_customized_generations"":4,""planning_customized_population_size"":12,""planning_deadline_ms"":2000.0,""planning_intervals"":[5,10,20],""planning_runtime_ms"":100.0,""planning_sample_count"":20,""planning_timing_mode"":""measured"",""pool_budget_mode"":""fixed_total"",""profile_count"":2,""slot_count"":200,""slot_length_ms"":100.0,""suite"":""algorithm_baseline"",""total_pool_budgets"":[8,20,40],""uptime_scale"":100.0,""uptime_shape"":1.5,""user_count"":10,""workload_mode"":""poisson_profile_catalog""}",200,211,191,78,113,59,19,1,0,1,1.9827821350433439,679.8588320969941,0.8625231917159693,5383.594431478979,0,0,0,0,78,0,0,0,0.0,29683.89745312743,155.41307567082424,235.23187497630715,0,0,0,9168,0,0,0,0,78,0,0,22260722,cold_start,stability_delay_energy_v4,unified_fixed_point_v3,explicit_snapshot_v1,poisson_profile_catalog_v1,periodic_repository_v1,customized_periodic_pool_v1,empirical_window_beta_v1,slot_up_down_v1,fixed_service_time_v1,fixed_path_v1,full_duplex_shared_heat_v1,deployment_return_energy_v1,periodic_three_objective_v3,discrete_mpc_v1,grid_tkb_v1,arrival_risk_diversity_v1,budgeted_fixed_point_v1,regularized_surrogate_v1,goodput_cost_v1,0.4083769633507853,0.5916230366492147,0.3089005235602094,0.24358974358974358,0.01282051282051282,2.796208530805687,0.0,0.0,0.0,0.0,0.4083769633507853
system_poisson:poisson_lifecycle_v1:algorithm_baseline:b5d2141bec7b665a:random:r1:s20260720,b5d2141bec7b665a,algorithm_baseline,random,reference,random,1,20260720,system_poisson,poisson_lifecycle_v1,poisson_profile_catalog,random,not_applicable,p12_g4_a64,cold_start,measured,measured,fixed,fixed_total,1.0,a4f53f5438a025fd,a0ac5e6d1accb3ff,b090fbef89e23494,4948b9b559ca3dae,"{""algorithm"":""random"",""alpha_l"":0.7,""alpha_r"":0.8,""availability_fraction"":0.5,""beta_l"":0.4,""beta_r"":0.5,""bootstrap_mode"":""cold_start"",""candidate_fixed_point_damping"":0.5,""candidate_fixed_point_max_iterations"":20,""candidate_fixed_point_relative_tolerance"":0.0001,""cloud_count"":1,""comparison_group"":""reference"",""comparison_method"":"""",""control_mode"":""fixed"",""downtime_log_mean"":2.5,""downtime_log_sigma"":0.8,""edge_count"":5,""edge_link_factor"":2.0,""experiment_layer"":""system_poisson"",""fixed_online_budget_ms"":10.0,""fixed_planning_interval_slots"":5,""fixed_total_pool_budget"":20,""lambda_g"":0.7,""lambda_h"":0.7,""lambda_per_slot"":1.0,""max_deadline_ms"":1999.0,""min_deadline_ms"":500.0,""minimum_control_window_slots"":5,""minimum_replanning_interval_slots"":2,""name"":""random"",""online_budgets_ms"":[5.0,10.0,20.0],""online_timing_mode"":""measured"",""origin_group_count"":2,""plan_ttl_slots"":20,""planning_candidate_generator_mode"":""lightweight"",""planning_customized_archive_capacity"":64,""planning_customized_generations"":4,""planning_customized_population_size"":12,""planning_deadline_ms"":2000.0,""planning_intervals"":[5,10,20],""planning_runtime_ms"":100.0,""planning_sample_count"":20,""planning_timing_mode"":""measured"",""pool_budget_mode"":""fixed_total"",""profile_count"":2,""slot_count"":200,""slot_length_ms"":100.0,""suite"":""algorithm_baseline"",""total_pool_budgets"":[8,20,40],""uptime_scale"":100.0,""uptime_shape"":1.5,""user_count"":10,""workload_mode"":""poisson_profile_catalog""}",200,206,209,97,112,83,14,2,0,1,2.8050053369102605,635.3311273884741,0.8260244333672063,7657.646179172102,0,0,0,0,97,0,0,0,0.0,38633.65663657896,184.85003175396633,295.38062505889684,0,0,0,9606,0,0,0,0,97,0,0,22260723,cold_start,stability_delay_energy_v4,unified_fixed_point_v3,explicit_snapshot_v1,poisson_profile_catalog_v1,periodic_repository_v1,customized_periodic_pool_v1,empirical_window_beta_v1,slot_up_down_v1,fixed_service_time_v1,fixed_path_v1,full_duplex_shared_heat_v1,deployment_return_energy_v1,periodic_three_objective_v3,discrete_mpc_v1,grid_tkb_v1,arrival_risk_diversity_v1,budgeted_fixed_point_v1,regularized_surrogate_v1,goodput_cost_v1,0.46411483253588515,0.5358851674641149,0.39712918660287083,0.14432989690721648,0.020618556701030927,4.0291262135922326,0.0,0.0,0.0,0.0,0.46411483253588515
system_poisson:poisson_lifecycle_v1:algorithm_baseline:b5d2141bec7b665a:random:r2:s20260721,b5d2141bec7b665a,algorithm_baseline,random,reference,random,2,20260721,system_poisson,poisson_lifecycle_v1,poisson_profile_catalog,random,not_applicable,p12_g4_a64,cold_start,measured,measured,fixed,fixed_total,1.0,e1936cba343be935,938f95453f2442e2,b1b7f5bba0248714,b3c97759fa661993,"{""algorithm"":""random"",""alpha_l"":0.7,""alpha_r"":0.8,""availability_fraction"":0.5,""beta_l"":0.4,""beta_r"":0.5,""bootstrap_mode"":""cold_start"",""candidate_fixed_point_damping"":0.5,""candidate_fixed_point_max_iterations"":20,""candidate_fixed_point_relative_tolerance"":0.0001,""cloud_count"":1,""comparison_group"":""reference"",""comparison_method"":"""",""control_mode"":""fixed"",""downtime_log_mean"":2.5,""downtime_log_sigma"":0.8,""edge_count"":5,""edge_link_factor"":2.0,""experiment_layer"":""system_poisson"",""fixed_online_budget_ms"":10.0,""fixed_planning_interval_slots"":5,""fixed_total_pool_budget"":20,""lambda_g"":0.7,""lambda_h"":0.7,""lambda_per_slot"":1.0,""max_deadline_ms"":1999.0,""min_deadline_ms"":500.0,""minimum_control_window_slots"":5,""minimum_replanning_interval_slots"":2,""name"":""random"",""online_budgets_ms"":[5.0,10.0,20.0],""online_timing_mode"":""measured"",""origin_group_count"":2,""plan_ttl_slots"":20,""planning_candidate_generator_mode"":""lightweight"",""planning_customized_archive_capacity"":64,""planning_customized_generations"":4,""planning_customized_population_size"":12,""planning_deadline_ms"":2000.0,""planning_intervals"":[5,10,20],""planning_runtime_ms"":100.0,""planning_sample_count"":20,""planning_timing_mode"":""measured"",""pool_budget_mode"":""fixed_total"",""profile_count"":2,""slot_count"":200,""slot_length_ms"":100.0,""suite"":""algorithm_baseline"",""total_pool_budgets"":[8,20,40],""uptime_scale"":100.0,""uptime_shape"":1.5,""user_count"":10,""workload_mode"":""poisson_profile_catalog""}",200,205,211,82,129,68,14,2,0,1,2.288304170748933,636.2062742567267,0.8147991246796628,9041.107987247695,0,0,0,0,82,0,0,0,0.0,54883.41073936317,260.11095137138943,370.2102500246838,0,0,0,10081,0,0,0,0,82,0,0,22260724,cold_start,stability_delay_energy_v4,unified_fixed_point_v3,explicit_snapshot_v1,poisson_profile_catalog_v1,periodic_repository_v1,customized_periodic_pool_v1,empirical_window_beta_v1,slot_up_down_v1,fixed_service_time_v1,fixed_path_v1,full_duplex_shared_heat_v1,deployment_return_energy_v1,periodic_three_objective_v3,discrete_mpc_v1,grid_tkb_v1,arrival_risk_diversity_v1,budgeted_fixed_point_v1,regularized_surrogate_v1,goodput_cost_v1,0.3886255924170616,0.6113744075829384,0.3222748815165877,0.17073170731707318,0.024390243902439025,3.317073170731707,0.0,0.0,0.0,0.0,0.3886255924170616
system_poisson:poisson_lifecycle_v1:algorithm_baseline:b5d2141bec7b665a:random:r3:s20260722,b5d2141bec7b665a,algorithm_baseline,random,reference,random,3,20260722,system_poisson,poisson_lifecycle_v1,poisson_profile_catalog,random,not_applicable,p12_g4_a64,cold_start,measured,measured,fixed,fixed_total,1.0,cad518de228dec43,e2c448830ab998d5,5b89c04953d23a62,a8d64a668c29fff0,"{""algorithm"":""random"",""alpha_l"":0.7,""alpha_r"":0.8,""availability_fraction"":0.5,""beta_l"":0.4,""beta_r"":0.5,""bootstrap_mode"":""cold_start"",""candidate_fixed_point_damping"":0.5,""candidate_fixed_point_max_iterations"":20,""candidate_fixed_point_relative_tolerance"":0.0001,""cloud_count"":1,""comparison_group"":""reference"",""comparison_method"":"""",""control_mode"":""fixed"",""downtime_log_mean"":2.5,""downtime_log_sigma"":0.8,""edge_count"":5,""edge_link_factor"":2.0,""experiment_layer"":""system_poisson"",""fixed_online_budget_ms"":10.0,""fixed_planning_interval_slots"":5,""fixed_total_pool_budget"":20,""lambda_g"":0.7,""lambda_h"":0.7,""lambda_per_slot"":1.0,""max_deadline_ms"":1999.0,""min_deadline_ms"":500.0,""minimum_control_window_slots"":5,""minimum_replanning_interval_slots"":2,""name"":""random"",""online_budgets_ms"":[5.0,10.0,20.0],""online_timing_mode"":""measured"",""origin_group_count"":2,""plan_ttl_slots"":20,""planning_candidate_generator_mode"":""lightweight"",""planning_customized_archive_capacity"":64,""planning_customized_generations"":4,""planning_customized_population_size"":12,""planning_deadline_ms"":2000.0,""planning_intervals"":[5,10,20],""planning_runtime_ms"":100.0,""planning_sample_count"":20,""planning_timing_mode"":""measured"",""pool_budget_mode"":""fixed_total"",""profile_count"":2,""slot_count"":200,""slot_length_ms"":100.0,""suite"":""algorithm_baseline"",""total_pool_budgets"":[8,20,40],""uptime_scale"":100.0,""uptime_shape"":1.5,""user_count"":10,""workload_mode"":""poisson_profile_catalog""}",200,211,210,85,125,74,11,0,0,1,2.5611279029171965,594.5760674154566,0.8465828011874621,6617.209681967948,0,0,0,0,85,0,0,0,0.0,37494.50846237596,178.54527839226648,327.784291934222,0,0,0,9697,0,0,0,0,85,0,0,22260725,cold_start,stability_delay_energy_v4,unified_fixed_point_v3,explicit_snapshot_v1,poisson_profile_catalog_v1,periodic_repository_v1,customized_periodic_pool_v1,empirical_window_beta_v1,slot_up_down_v1,fixed_service_time_v1,fixed_path_v1,full_duplex_shared_heat_v1,deployment_return_energy_v1,periodic_three_objective_v3,discrete_mpc_v1,grid_tkb_v1,arrival_risk_diversity_v1,budgeted_fixed_point_v1,regularized_surrogate_v1,goodput_cost_v1,0.40476190476190477,0.5952380952380952,0.3523809523809524,0.12941176470588237,0.0,3.5071090047393363,0.0,0.0,0.0,0.0,0.40476190476190477
system_poisson:poisson_lifecycle_v1:algorithm_baseline:b5d2141bec7b665a:random:r4:s20260723,b5d2141bec7b665a,algorithm_baseline,random,reference,random,4,20260723,system_poisson,poisson_lifecycle_v1,poisson_profile_catalog,random,not_applicable,p12_g4_a64,cold_start,measured,measured,fixed,fixed_total,1.0,85e4775618fc9271,04cc006508118ace,6d76626369b7dc47,7df8c4f9894fbd11,"{""algorithm"":""random"",""alpha_l"":0.7,""alpha_r"":0.8,""availability_fraction"":0.5,""beta_l"":0.4,""beta_r"":0.5,""bootstrap_mode"":""cold_start"",""candidate_fixed_point_damping"":0.5,""candidate_fixed_point_max_iterations"":20,""candidate_fixed_point_relative_tolerance"":0.0001,""cloud_count"":1,""comparison_group"":""reference"",""comparison_method"":"""",""control_mode"":""fixed"",""downtime_log_mean"":2.5,""downtime_log_sigma"":0.8,""edge_count"":5,""edge_link_factor"":2.0,""experiment_layer"":""system_poisson"",""fixed_online_budget_ms"":10.0,""fixed_planning_interval_slots"":5,""fixed_total_pool_budget"":20,""lambda_g"":0.7,""lambda_h"":0.7,""lambda_per_slot"":1.0,""max_deadline_ms"":1999.0,""min_deadline_ms"":500.0,""minimum_control_window_slots"":5,""minimum_replanning_interval_slots"":2,""name"":""random"",""online_budgets_ms"":[5.0,10.0,20.0],""online_timing_mode"":""measured"",""origin_group_count"":2,""plan_ttl_slots"":20,""planning_candidate_generator_mode"":""lightweight"",""planning_customized_archive_capacity"":64,""planning_customized_generations"":4,""planning_customized_population_size"":12,""planning_deadline_ms"":2000.0,""planning_intervals"":[5,10,20],""planning_runtime_ms"":100.0,""planning_sample_count"":20,""planning_timing_mode"":""measured"",""pool_budget_mode"":""fixed_total"",""profile_count"":2,""slot_count"":200,""slot_length_ms"":100.0,""suite"":""algorithm_baseline"",""total_pool_budgets"":[8,20,40],""uptime_scale"":100.0,""uptime_shape"":1.5,""user_count"":10,""workload_mode"":""poisson_profile_catalog""}",200,203,206,95,111,81,14,1,0,1,2.862365546673546,586.428019608444,0.8261078313536036,8545.895640572833,0,0,0,0,95,0,0,0,0.0,43859.2139557004,212.9088056101961,314.24358300864697,0,0,0,9888,0,0,0,0,95,0,0,22260726,cold_start,stability_delay_energy_v4,unified_fixed_point_v3,explicit_snapshot_v1,poisson_profile_catalog_v1,periodic_repository_v1,customized_periodic_pool_v1,empirical_window_beta_v1,slot_up_down_v1,fixed_service_time_v1,fixed_path_v1,full_duplex_shared_heat_v1,deployment_return_energy_v1,periodic_three_objective_v3,discrete_mpc_v1,grid_tkb_v1,arrival_risk_diversity_v1,budgeted_fixed_point_v1,regularized_surrogate_v1,goodput_cost_v1,0.46116504854368934,0.5388349514563107,0.3932038834951456,0.14736842105263157,0.010526315789473684,3.9901477832512313,0.0,0.0,0.0,0.0,0.46116504854368934
system_poisson:poisson_lifecycle_v1:algorithm_baseline:b5d2141bec7b665a:random:r5:s20260724,b5d2141bec7b665a,algorithm_baseline,random,reference,random,5,20260724,system_poisson,poisson_lifecycle_v1,poisson_profile_catalog,random,not_applicable,p12_g4_a64,cold_start,measured,measured,fixed,fixed_total,1.0,d24fe9836276a23a,5f88dfc591596c91,8236ef19df927245,c61766e5adeaf7a9,"{""algorithm"":""random"",""alpha_l"":0.7,""alpha_r"":0.8,""availability_fraction"":0.5,""beta_l"":0.4,""beta_r"":0.5,""bootstrap_mode"":""cold_start"",""candidate_fixed_point_damping"":0.5,""candidate_fixed_point_max_iterations"":20,""candidate_fixed_point_relative_tolerance"":0.0001,""cloud_count"":1,""comparison_group"":""reference"",""comparison_method"":"""",""control_mode"":""fixed"",""downtime_log_mean"":2.5,""downtime_log_sigma"":0.8,""edge_count"":5,""edge_link_factor"":2.0,""experiment_layer"":""system_poisson"",""fixed_online_budget_ms"":10.0,""fixed_planning_interval_slots"":5,""fixed_total_pool_budget"":20,""lambda_g"":0.7,""lambda_h"":0.7,""lambda_per_slot"":1.0,""max_deadline_ms"":1999.0,""min_deadline_ms"":500.0,""minimum_control_window_slots"":5,""minimum_replanning_interval_slots"":2,""name"":""random"",""online_budgets_ms"":[5.0,10.0,20.0],""online_timing_mode"":""measured"",""origin_group_count"":2,""plan_ttl_slots"":20,""planning_candidate_generator_mode"":""lightweight"",""planning_customized_archive_capacity"":64,""planning_customized_generations"":4,""planning_customized_population_size"":12,""planning_deadline_ms"":2000.0,""planning_intervals"":[5,10,20],""planning_runtime_ms"":100.0,""planning_sample_count"":20,""planning_timing_mode"":""measured"",""pool_budget_mode"":""fixed_total"",""profile_count"":2,""slot_count"":200,""slot_length_ms"":100.0,""suite"":""algorithm_baseline"",""total_pool_budgets"":[8,20,40],""uptime_scale"":100.0,""uptime_shape"":1.5,""user_count"":10,""workload_mode"":""poisson_profile_catalog""}",200,203,196,119,77,94,25,1,0,1,3.3362250533627447,462.43230832810906,0.8275279727685214,5393.8938202419,0,0,0,0,119,0,0,0,0.0,30824.956214870326,157.27018476974655,249.86991693731397,0,0,0,9408,0,0,0,0,119,0,0,22260727,cold_start,stability_delay_energy_v4,unified_fixed_point_v3,explicit_snapshot_v1,poisson_profile_catalog_v1,periodic_repository_v1,customized_periodic_pool_v1,empirical_window_beta_v1,slot_up_down_v1,fixed_service_time_v1,fixed_path_v1,full_duplex_shared_heat_v1,deployment_return_energy_v1,periodic_three_objective_v3,discrete_mpc_v1,grid_tkb_v1,arrival_risk_diversity_v1,budgeted_fixed_point_v1,regularized_surrogate_v1,goodput_cost_v1,0.6071428571428571,0.39285714285714285,0.47959183673469385,0.21008403361344538,0.008403361344537815,4.630541871921182,0.0,0.0,0.0,0.0,0.6071428571428571
system_poisson:poisson_lifecycle_v1:algorithm_baseline:b5d2141bec7b665a:random:r6:s20260725,b5d2141bec7b665a,algorithm_baseline,random,reference,random,6,20260725,system_poisson,poisson_lifecycle_v1,poisson_profile_catalog,random,not_applicable,p12_g4_a64,cold_start,measured,measured,fixed,fixed_total,1.0,26abbdd9b75bc615,fc04fea1c464df4f,315f55f80c124787,b0aa21bae96916c6,"{""algorithm"":""random"",""alpha_l"":0.7,""alpha_r"":0.8,""availability_fraction"":0.5,""beta_l"":0.4,""beta_r"":0.5,""bootstrap_mode"":""cold_start"",""candidate_fixed_point_damping"":0.5,""candidate_fixed_point_max_iterations"":20,""candidate_fixed_point_relative_tolerance"":0.0001,""cloud_count"":1,""comparison_group"":""reference"",""comparison_method"":"""",""control_mode"":""fixed"",""downtime_log_mean"":2.5,""downtime_log_sigma"":0.8,""edge_count"":5,""edge_link_factor"":2.0,""experiment_layer"":""system_poisson"",""fixed_online_budget_ms"":10.0,""fixed_planning_interval_slots"":5,""fixed_total_pool_budget"":20,""lambda_g"":0.7,""lambda_h"":0.7,""lambda_per_slot"":1.0,""max_deadline_ms"":1999.0,""min_deadline_ms"":500.0,""minimum_control_window_slots"":5,""minimum_replanning_interval_slots"":2,""name"":""random"",""online_budgets_ms"":[5.0,10.0,20.0],""online_timing_mode"":""measured"",""origin_group_count"":2,""plan_ttl_slots"":20,""planning_candidate_generator_mode"":""lightweight"",""planning_customized_archive_capacity"":64,""planning_customized_generations"":4,""planning_customized_population_size"":12,""planning_deadline_ms"":2000.0,""planning_intervals"":[5,10,20],""planning_runtime_ms"":100.0,""planning_sample_count"":20,""planning_timing_mode"":""measured"",""pool_budget_mode"":""fixed_total"",""profile_count"":2,""slot_count"":200,""slot_length_ms"":100.0,""suite"":""algorithm_baseline"",""total_pool_budgets"":[8,20,40],""uptime_scale"":100.0,""uptime_shape"":1.5,""user_count"":10,""workload_mode"":""poisson_profile_catalog""}",200,204,183,93,90,74,19,1,0,1,2.608272097623975,602.1510413710879,0.8488765946196893,6456.867569560758,0,0,0,0,93,0,0,0,0.0,32819.93666512426,179.34391620286482,258.74479208141565,0,0,0,8699,0,0,0,0,93,0,0,22260728,cold_start,stability_delay_energy_v4,unified_fixed_point_v3,explicit_snapshot_v1,poisson_profile_catalog_v1,periodic_repository_v1,customized_periodic_pool_v1,empirical_window_beta_v1,slot_up_down_v1,fixed_service_time_v1,fixed_path_v1,full_duplex_shared_heat_v1,deployment_return_energy_v1,periodic_three_objective_v3,discrete_mpc_v1,grid_tkb_v1,arrival_risk_diversity_v1,budgeted_fixed_point_v1,regularized_surrogate_v1,goodput_cost_v1,0.5081967213114754,0.4918032786885246,0.40437158469945356,0.20430107526881722,0.010752688172043012,3.6274509803921573,0.0,0.0,0.0,0.0,0.5081967213114754
system_poisson:poisson_lifecycle_v1:algorithm_baseline:b5d2141bec7b665a:random:r7:s20260726,b5d2141bec7b665a,algorithm_baseline,random,reference,random,7,20260726,system_poisson,poisson_lifecycle_v1,poisson_profile_catalog,random,not_applicable,p12_g4_a64,cold_start,measured,measured,fixed,fixed_total,1.0,cfb348bc73ed6b08,6c2f0ddd78fdc176,45d9b67b7d7e2742,5d8d75c05ac19d95,"{""algorithm"":""random"",""alpha_l"":0.7,""alpha_r"":0.8,""availability_fraction"":0.5,""beta_l"":0.4,""beta_r"":0.5,""bootstrap_mode"":""cold_start"",""candidate_fixed_point_damping"":0.5,""candidate_fixed_point_max_iterations"":20,""candidate_fixed_point_relative_tolerance"":0.0001,""cloud_count"":1,""comparison_group"":""reference"",""comparison_method"":"""",""control_mode"":""fixed"",""downtime_log_mean"":2.5,""downtime_log_sigma"":0.8,""edge_count"":5,""edge_link_factor"":2.0,""experiment_layer"":""system_poisson"",""fixed_online_budget_ms"":10.0,""fixed_planning_interval_slots"":5,""fixed_total_pool_budget"":20,""lambda_g"":0.7,""lambda_h"":0.7,""lambda_per_slot"":1.0,""max_deadline_ms"":1999.0,""min_deadline_ms"":500.0,""minimum_control_window_slots"":5,""minimum_replanning_interval_slots"":2,""name"":""random"",""online_budgets_ms"":[5.0,10.0,20.0],""online_timing_mode"":""measured"",""origin_group_count"":2,""plan_ttl_slots"":20,""planning_candidate_generator_mode"":""lightweight"",""planning_customized_archive_capacity"":64,""planning_customized_generations"":4,""planning_customized_population_size"":12,""planning_deadline_ms"":2000.0,""planning_intervals"":[5,10,20],""planning_runtime_ms"":100.0,""planning_sample_count"":20,""planning_timing_mode"":""measured"",""pool_budget_mode"":""fixed_total"",""profile_count"":2,""slot_count"":200,""slot_length_ms"":100.0,""suite"":""algorithm_baseline"",""total_pool_budgets"":[8,20,40],""uptime_scale"":100.0,""uptime_shape"":1.5,""user_count"":10,""workload_mode"":""poisson_profile_catalog""}",200,211,190,79,111,72,7,5,0,1,2.1577408310124717,713.1418402863004,0.8117450056772381,9176.170011244027,0,0,0,0,79,0,0,0,0.0,42754.54220385291,225.02390633606794,357.2947500506416,0,0,0,9027,0,0,0,0,79,0,0,22260729,cold_start,stability_delay_energy_v4,unified_fixed_point_v3,explicit_snapshot_v1,poisson_profile_catalog_v1,periodic_repository_v1,customized_periodic_pool_v1,empirical_window_beta_v1,slot_up_down_v1,fixed_service_time_v1,fixed_path_v1,full_duplex_shared_heat_v1,deployment_return_energy_v1,periodic_three_objective_v3,discrete_mpc_v1,grid_tkb_v1,arrival_risk_diversity_v1,budgeted_fixed_point_v1,regularized_surrogate_v1,goodput_cost_v1,0.41578947368421054,0.5842105263157895,0.37894736842105264,0.08860759493670886,0.06329113924050633,3.4123222748815163,0.0,0.0,0.0,0.0,0.41578947368421054
system_poisson:poisson_lifecycle_v1:algorithm_baseline:b5d2141bec7b665a:random:r8:s20260727,b5d2141bec7b665a,algorithm_baseline,random,reference,random,8,20260727,system_poisson,poisson_lifecycle_v1,poisson_profile_catalog,random,not_applicable,p12_g4_a64,cold_start,measured,measured,fixed,fixed_total,1.0,77262aef7c650c15,adddb8a44db4224c,5ef7f7f709b227ab,5f427e7b1456da70,"{""algorithm"":""random"",""alpha_l"":0.7,""alpha_r"":0.8,""availability_fraction"":0.5,""beta_l"":0.4,""beta_r"":0.5,""bootstrap_mode"":""cold_start"",""candidate_fixed_point_damping"":0.5,""candidate_fixed_point_max_iterations"":20,""candidate_fixed_point_relative_tolerance"":0.0001,""cloud_count"":1,""comparison_group"":""reference"",""comparison_method"":"""",""control_mode"":""fixed"",""downtime_log_mean"":2.5,""downtime_log_sigma"":0.8,""edge_count"":5,""edge_link_factor"":2.0,""experiment_layer"":""system_poisson"",""fixed_online_budget_ms"":10.0,""fixed_planning_interval_slots"":5,""fixed_total_pool_budget"":20,""lambda_g"":0.7,""lambda_h"":0.7,""lambda_per_slot"":1.0,""max_deadline_ms"":1999.0,""min_deadline_ms"":500.0,""minimum_control_window_slots"":5,""minimum_replanning_interval_slots"":2,""name"":""random"",""online_budgets_ms"":[5.0,10.0,20.0],""online_timing_mode"":""measured"",""origin_group_count"":2,""plan_ttl_slots"":20,""planning_candidate_generator_mode"":""lightweight"",""planning_customized_archive_capacity"":64,""planning_customized_generations"":4,""planning_customized_population_size"":12,""planning_deadline_ms"":2000.0,""planning_intervals"":[5,10,20],""planning_runtime_ms"":100.0,""planning_sample_count"":20,""planning_timing_mode"":""measured"",""pool_budget_mode"":""fixed_total"",""profile_count"":2,""slot_count"":200,""slot_length_ms"":100.0,""suite"":""algorithm_baseline"",""total_pool_budgets"":[8,20,40],""uptime_scale"":100.0,""uptime_shape"":1.5,""user_count"":10,""workload_mode"":""poisson_profile_catalog""}",200,205,181,82,99,68,14,3,0,1,2.2257571715892146,676.1509584833857,0.8387298182090617,9082.110858040522,0,0,0,0,82,0,0,0,0.0,34529.14948633406,190.7687816924534,303.2622499158606,0,0,0,8154,0,0,0,0,82,0,0,22260730,cold_start,stability_delay_energy_v4,unified_fixed_point_v3,explicit_snapshot_v1,poisson_profile_catalog_v1,periodic_repository_v1,customized_periodic_pool_v1,empirical_window_beta_v1,slot_up_down_v1,fixed_service_time_v1,fixed_path_v1,full_duplex_shared_heat_v1,deployment_return_energy_v1,periodic_three_objective_v3,discrete_mpc_v1,grid_tkb_v1,arrival_risk_diversity_v1,budgeted_fixed_point_v1,regularized_surrogate_v1,goodput_cost_v1,0.4530386740331492,0.5469613259668509,0.3756906077348066,0.17073170731707318,0.036585365853658534,3.317073170731707,0.0,0.0,0.0,0.0,0.4530386740331492
system_poisson:poisson_lifecycle_v1:algorithm_baseline:b5d2141bec7b665a:random:r9:s20260728,b5d2141bec7b665a,algorithm_baseline,random,reference,random,9,20260728,system_poisson,poisson_lifecycle_v1,poisson_profile_catalog,random,not_applicable,p12_g4_a64,cold_start,measured,measured,fixed,fixed_total,1.0,51994d7f38a9b2d2,94c502adeeb85260,9f5ed373a6bd9324,58651f60c37cc329,"{""algorithm"":""random"",""alpha_l"":0.7,""alpha_r"":0.8,""availability_fraction"":0.5,""beta_l"":0.4,""beta_r"":0.5,""bootstrap_mode"":""cold_start"",""candidate_fixed_point_damping"":0.5,""candidate_fixed_point_max_iterations"":20,""candidate_fixed_point_relative_tolerance"":0.0001,""cloud_count"":1,""comparison_group"":""reference"",""comparison_method"":"""",""control_mode"":""fixed"",""downtime_log_mean"":2.5,""downtime_log_sigma"":0.8,""edge_count"":5,""edge_link_factor"":2.0,""experiment_layer"":""system_poisson"",""fixed_online_budget_ms"":10.0,""fixed_planning_interval_slots"":5,""fixed_total_pool_budget"":20,""lambda_g"":0.7,""lambda_h"":0.7,""lambda_per_slot"":1.0,""max_deadline_ms"":1999.0,""min_deadline_ms"":500.0,""minimum_control_window_slots"":5,""minimum_replanning_interval_slots"":2,""name"":""random"",""online_budgets_ms"":[5.0,10.0,20.0],""online_timing_mode"":""measured"",""origin_group_count"":2,""plan_ttl_slots"":20,""planning_candidate_generator_mode"":""lightweight"",""planning_customized_archive_capacity"":64,""planning_customized_generations"":4,""planning_customized_population_size"":12,""planning_deadline_ms"":2000.0,""planning_intervals"":[5,10,20],""planning_runtime_ms"":100.0,""planning_sample_count"":20,""planning_timing_mode"":""measured"",""pool_budget_mode"":""fixed_total"",""profile_count"":2,""slot_count"":200,""slot_length_ms"":100.0,""suite"":""algorithm_baseline"",""total_pool_budgets"":[8,20,40],""uptime_scale"":100.0,""uptime_shape"":1.5,""user_count"":10,""workload_mode"":""poisson_profile_catalog""}",200,201,211,95,116,68,27,0,0,1,2.438649493595372,597.6049193835282,0.8450923274141713,7488.142086844934,0,0,0,0,95,0,0,0,0.0,31336.58296172507,148.5146111930098,292.1348341042176,0,0,0,9933,0,0,0,0,95,0,0,22260731,cold_start,stability_delay_energy_v4,unified_fixed_point_v3,explicit_snapshot_v1,poisson_profile_catalog_v1,periodic_repository_v1,customized_periodic_pool_v1,empirical_window_beta_v1,slot_up_down_v1,fixed_service_time_v1,fixed_path_v1,full_duplex_shared_heat_v1,deployment_return_energy_v1,periodic_three_objective_v3,discrete_mpc_v1,grid_tkb_v1,arrival_risk_diversity_v1,budgeted_fixed_point_v1,regularized_surrogate_v1,goodput_cost_v1,0.45023696682464454,0.5497630331753555,0.3222748815165877,0.28421052631578947,0.0,3.3830845771144276,0.0,0.0,0.0,0.0,0.45023696682464454
system_poisson:poisson_lifecycle_v1:algorithm_baseline:b5d2141bec7b665a:random:r10:s20260729,b5d2141bec7b665a,algorithm_baseline,random,reference,random,10,20260729,system_poisson,poisson_lifecycle_v1,poisson_profile_catalog,random,not_applicable,p12_g4_a64,cold_start,measured,measured,fixed,fixed_total,1.0,5b8d17f0ef7f4099,329b4f7d21be54ff,897cead0737f85bf,5bfdd62f4d90fc6a,"{""algorithm"":""random"",""alpha_l"":0.7,""alpha_r"":0.8,""availability_fraction"":0.5,""beta_l"":0.4,""beta_r"":0.5,""bootstrap_mode"":""cold_start"",""candidate_fixed_point_damping"":0.5,""candidate_fixed_point_max_iterations"":20,""candidate_fixed_point_relative_tolerance"":0.0001,""cloud_count"":1,""comparison_group"":""reference"",""comparison_method"":"""",""control_mode"":""fixed"",""downtime_log_mean"":2.5,""downtime_log_sigma"":0.8,""edge_count"":5,""edge_link_factor"":2.0,""experiment_layer"":""system_poisson"",""fixed_online_budget_ms"":10.0,""fixed_planning_interval_slots"":5,""fixed_total_pool_budget"":20,""lambda_g"":0.7,""lambda_h"":0.7,""lambda_per_slot"":1.0,""max_deadline_ms"":1999.0,""min_deadline_ms"":500.0,""minimum_control_window_slots"":5,""minimum_replanning_interval_slots"":2,""name"":""random"",""online_budgets_ms"":[5.0,10.0,20.0],""online_timing_mode"":""measured"",""origin_group_count"":2,""plan_ttl_slots"":20,""planning_candidate_generator_mode"":""lightweight"",""planning_customized_archive_capacity"":64,""planning_customized_generations"":4,""planning_customized_population_size"":12,""planning_deadline_ms"":2000.0,""planning_intervals"":[5,10,20],""planning_runtime_ms"":100.0,""planning_sample_count"":20,""planning_timing_mode"":""measured"",""pool_budget_mode"":""fixed_total"",""profile_count"":2,""slot_count"":200,""slot_length_ms"":100.0,""suite"":""algorithm_baseline"",""total_pool_budgets"":[8,20,40],""uptime_scale"":100.0,""uptime_shape"":1.5,""user_count"":10,""workload_mode"":""poisson_profile_catalog""}",200,202,209,93,116,76,17,4,0,1,2.6514527176604488,539.5983662211462,0.8097725663986849,7623.329737265804,0,0,0,0,93,0,0,0,0.0,41325.19183540717,197.72819060003428,327.71762495394796,0,0,0,9984,0,0,0,0,93,0,0,22260732,cold_start,stability_delay_energy_v4,unified_fixed_point_v3,explicit_snapshot_v1,poisson_profile_catalog_v1,periodic_repository_v1,customized_periodic_pool_v1,empirical_window_beta_v1,slot_up_down_v1,fixed_service_time_v1,fixed_path_v1,full_duplex_shared_heat_v1,deployment_return_energy_v1,periodic_three_objective_v3,discrete_mpc_v1,grid_tkb_v1,arrival_risk_diversity_v1,budgeted_fixed_point_v1,regularized_surrogate_v1,goodput_cost_v1,0.4449760765550239,0.5550239234449761,0.36363636363636365,0.1827956989247312,0.043010752688172046,3.7623762376237626,0.0,0.0,0.0,0.0,0.4449760765550239
system_poisson:poisson_lifecycle_v1:algorithm_baseline:b5d2141bec7b665a:random:r11:s20260730,b5d2141bec7b665a,algorithm_baseline,random,reference,random,11,20260730,system_poisson,poisson_lifecycle_v1,poisson_profile_catalog,random,not_applicable,p12_g4_a64,cold_start,measured,measured,fixed,fixed_total,1.0,30f077b6e956d2e4,a9f113d17c0a9b50,f4bafd7cbf888eae,2fbd8cdb625c9aae,"{""algorithm"":""random"",""alpha_l"":0.7,""alpha_r"":0.8,""availability_fraction"":0.5,""beta_l"":0.4,""beta_r"":0.5,""bootstrap_mode"":""cold_start"",""candidate_fixed_point_damping"":0.5,""candidate_fixed_point_max_iterations"":20,""candidate_fixed_point_relative_tolerance"":0.0001,""cloud_count"":1,""comparison_group"":""reference"",""comparison_method"":"""",""control_mode"":""fixed"",""downtime_log_mean"":2.5,""downtime_log_sigma"":0.8,""edge_count"":5,""edge_link_factor"":2.0,""experiment_layer"":""system_poisson"",""fixed_online_budget_ms"":10.0,""fixed_planning_interval_slots"":5,""fixed_total_pool_budget"":20,""lambda_g"":0.7,""lambda_h"":0.7,""lambda_per_slot"":1.0,""max_deadline_ms"":1999.0,""min_deadline_ms"":500.0,""minimum_control_window_slots"":5,""minimum_replanning_interval_slots"":2,""name"":""random"",""online_budgets_ms"":[5.0,10.0,20.0],""online_timing_mode"":""measured"",""origin_group_count"":2,""plan_ttl_slots"":20,""planning_candidate_generator_mode"":""lightweight"",""planning_customized_archive_capacity"":64,""planning_customized_generations"":4,""planning_customized_population_size"":12,""planning_deadline_ms"":2000.0,""planning_intervals"":[5,10,20],""planning_runtime_ms"":100.0,""planning_sample_count"":20,""planning_timing_mode"":""measured"",""pool_budget_mode"":""fixed_total"",""profile_count"":2,""slot_count"":200,""slot_length_ms"":100.0,""suite"":""algorithm_baseline"",""total_pool_budgets"":[8,20,40],""uptime_scale"":100.0,""uptime_shape"":1.5,""user_count"":10,""workload_mode"":""poisson_profile_catalog""}",200,217,179,91,88,75,16,1,0,1,2.4661260444200486,550.8430635907297,0.8131033178721919,8053.953081657752,0,0,0,0,91,0,0,0,0.0,56741.61695793737,316.99227350803,594.0175419673324,0,0,0,8592,0,0,0,0,91,0,0,22260733,cold_start,stability_delay_energy_v4,unified_fixed_point_v3,explicit_snapshot_v1,poisson_profile_catalog_v1,periodic_repository_v1,customized_periodic_pool_v1,empirical_window_beta_v1,slot_up_down_v1,fixed_service_time_v1,fixed_path_v1,full_duplex_shared_heat_v1,deployment_return_energy_v1,periodic_three_objective_v3,discrete_mpc_v1,grid_tkb_v1,arrival_risk_diversity_v1,budgeted_fixed_point_v1,regularized_surrogate_v1,goodput_cost_v1,0.5083798882681564,0.49162011173184356,0.41899441340782123,0.17582417582417584,0.01098901098901099,3.456221198156682,0.0,0.0,0.0,0.0,0.5083798882681564
system_poisson:poisson_lifecycle_v1:algorithm_baseline:b5d2141bec7b665a:random:r12:s20260731,b5d2141bec7b665a,algorithm_baseline,random,reference,random,12,20260731,system_poisson,poisson_lifecycle_v1,poisson_profile_catalog,random,not_applicable,p12_g4_a64,cold_start,measured,measured,fixed,fixed_total,1.0,c8a1c19b9973aa96,c57247db4e0508db,72a5571d4331dbf4,5615e2a246665bbb,"{""algorithm"":""random"",""alpha_l"":0.7,""alpha_r"":0.8,""availability_fraction"":0.5,""beta_l"":0.4,""beta_r"":0.5,""bootstrap_mode"":""cold_start"",""candidate_fixed_point_damping"":0.5,""candidate_fixed_point_max_iterations"":20,""candidate_fixed_point_relative_tolerance"":0.0001,""cloud_count"":1,""comparison_group"":""reference"",""comparison_method"":"""",""control_mode"":""fixed"",""downtime_log_mean"":2.5,""downtime_log_sigma"":0.8,""edge_count"":5,""edge_link_factor"":2.0,""experiment_layer"":""system_poisson"",""fixed_online_budget_ms"":10.0,""fixed_planning_interval_slots"":5,""fixed_total_pool_budget"":20,""lambda_g"":0.7,""lambda_h"":0.7,""lambda_per_slot"":1.0,""max_deadline_ms"":1999.0,""min_deadline_ms"":500.0,""minimum_control_window_slots"":5,""minimum_replanning_interval_slots"":2,""name"":""random"",""online_budgets_ms"":[5.0,10.0,20.0],""online_timing_mode"":""measured"",""origin_group_count"":2,""plan_ttl_slots"":20,""planning_candidate_generator_mode"":""lightweight"",""planning_customized_archive_capacity"":64,""planning_customized_generations"":4,""planning_customized_population_size"":12,""planning_deadline_ms"":2000.0,""planning_intervals"":[5,10,20],""planning_runtime_ms"":100.0,""planning_sample_count"":20,""planning_timing_mode"":""measured"",""pool_budget_mode"":""fixed_total"",""profile_count"":2,""slot_count"":200,""slot_length_ms"":100.0,""suite"":""algorithm_baseline"",""total_pool_budgets"":[8,20,40],""uptime_scale"":100.0,""uptime_shape"":1.5,""user_count"":10,""workload_mode"":""poisson_profile_catalog""}",200,205,184,79,105,68,11,5,0,1,2.234413388589266,620.5028364102668,0.8399202377480731,8800.960690751828,0,0,0,0,79,0,0,0,0.0,41598.01458369475,226.07616621573234,350.8792920038104,0,0,0,8644,0,0,0,0,79,0,0,22260734,cold_start,stability_delay_energy_v4,unified_fixed_point_v3,explicit_snapshot_v1,poisson_profile_catalog_v1,periodic_repository_v1,customized_periodic_pool_v1,empirical_window_beta_v1,slot_up_down_v1,fixed_service_time_v1,fixed_path_v1,full_duplex_shared_heat_v1,deployment_return_energy_v1,periodic_three_objective_v3,discrete_mpc_v1,grid_tkb_v1,arrival_risk_diversity_v1,budgeted_fixed_point_v1,regularized_surrogate_v1,goodput_cost_v1,0.42934782608695654,0.5706521739130435,0.3695652173913043,0.13924050632911392,0.06329113924050633,3.317073170731707,0.0,0.0,0.0,0.0,0.42934782608695654
system_poisson:poisson_lifecycle_v1:algorithm_baseline:b5d2141bec7b665a:random:r13:s20260732,b5d2141bec7b665a,algorithm_baseline,random,reference,random,13,20260732,system_poisson,poisson_lifecycle_v1,poisson_profile_catalog,random,not_applicable,p12_g4_a64,cold_start,measured,measured,fixed,fixed_total,1.0,2570004416ece14a,3e0c88c5a91c29b4,5e6617b3e9dde363,a897565254a74026,"{""algorithm"":""random"",""alpha_l"":0.7,""alpha_r"":0.8,""availability_fraction"":0.5,""beta_l"":0.4,""beta_r"":0.5,""bootstrap_mode"":""cold_start"",""candidate_fixed_point_damping"":0.5,""candidate_fixed_point_max_iterations"":20,""candidate_fixed_point_relative_tolerance"":0.0001,""cloud_count"":1,""comparison_group"":""reference"",""comparison_method"":"""",""control_mode"":""fixed"",""downtime_log_mean"":2.5,""downtime_log_sigma"":0.8,""edge_count"":5,""edge_link_factor"":2.0,""experiment_layer"":""system_poisson"",""fixed_online_budget_ms"":10.0,""fixed_planning_interval_slots"":5,""fixed_total_pool_budget"":20,""lambda_g"":0.7,""lambda_h"":0.7,""lambda_per_slot"":1.0,""max_deadline_ms"":1999.0,""min_deadline_ms"":500.0,""minimum_control_window_slots"":5,""minimum_replanning_interval_slots"":2,""name"":""random"",""online_budgets_ms"":[5.0,10.0,20.0],""online_timing_mode"":""measured"",""origin_group_count"":2,""plan_ttl_slots"":20,""planning_candidate_generator_mode"":""lightweight"",""planning_customized_archive_capacity"":64,""planning_customized_generations"":4,""planning_customized_population_size"":12,""planning_deadline_ms"":2000.0,""planning_intervals"":[5,10,20],""planning_runtime_ms"":100.0,""planning_sample_count"":20,""planning_timing_mode"":""measured"",""pool_budget_mode"":""fixed_total"",""profile_count"":2,""slot_count"":200,""slot_length_ms"":100.0,""suite"":""algorithm_baseline"",""total_pool_budgets"":[8,20,40],""uptime_scale"":100.0,""uptime_shape"":1.5,""user_count"":10,""workload_mode"":""poisson_profile_catalog""}",200,202,208,99,109,89,10,3,0,1,3.047048943316538,629.7031837145648,0.8323278962800432,10036.722766982066,0,0,0,0,99,0,0,0,0.0,52730.25333008263,253.51083331770496,398.6630830913782,0,0,0,9730,0,0,0,0,99,0,0,22260735,cold_start,stability_delay_energy_v4,unified_fixed_point_v3,explicit_snapshot_v1,poisson_profile_catalog_v1,periodic_repository_v1,customized_periodic_pool_v1,empirical_window_beta_v1,slot_up_down_v1,fixed_service_time_v1,fixed_path_v1,full_duplex_shared_heat_v1,deployment_return_energy_v1,periodic_three_objective_v3,discrete_mpc_v1,grid_tkb_v1,arrival_risk_diversity_v1,budgeted_fixed_point_v1,regularized_surrogate_v1,goodput_cost_v1,0.47596153846153844,0.5240384615384616,0.42788461538461536,0.10101010101010101,0.030303030303030304,4.405940594059406,0.0,0.0,0.0,0.0,0.47596153846153844
system_poisson:poisson_lifecycle_v1:algorithm_baseline:b5d2141bec7b665a:random:r14:s20260733,b5d2141bec7b665a,algorithm_baseline,random,reference,random,14,20260733,system_poisson,poisson_lifecycle_v1,poisson_profile_catalog,random,not_applicable,p12_g4_a64,cold_start,measured,measured,fixed,fixed_total,1.0,e549ef942191509c,82b0c7769f30bf5e,5fa9f2d6b0764417,9238a84d7f53868e,"{""algorithm"":""random"",""alpha_l"":0.7,""alpha_r"":0.8,""availability_fraction"":0.5,""beta_l"":0.4,""beta_r"":0.5,""bootstrap_mode"":""cold_start"",""candidate_fixed_point_damping"":0.5,""candidate_fixed_point_max_iterations"":20,""candidate_fixed_point_relative_tolerance"":0.0001,""cloud_count"":1,""comparison_group"":""reference"",""comparison_method"":"""",""control_mode"":""fixed"",""downtime_log_mean"":2.5,""downtime_log_sigma"":0.8,""edge_count"":5,""edge_link_factor"":2.0,""experiment_layer"":""system_poisson"",""fixed_online_budget_ms"":10.0,""fixed_planning_interval_slots"":5,""fixed_total_pool_budget"":20,""lambda_g"":0.7,""lambda_h"":0.7,""lambda_per_slot"":1.0,""max_deadline_ms"":1999.0,""min_deadline_ms"":500.0,""minimum_control_window_slots"":5,""minimum_replanning_interval_slots"":2,""name"":""random"",""online_budgets_ms"":[5.0,10.0,20.0],""online_timing_mode"":""measured"",""origin_group_count"":2,""plan_ttl_slots"":20,""planning_candidate_generator_mode"":""lightweight"",""planning_customized_archive_capacity"":64,""planning_customized_generations"":4,""planning_customized_population_size"":12,""planning_deadline_ms"":2000.0,""planning_intervals"":[5,10,20],""planning_runtime_ms"":100.0,""planning_sample_count"":20,""planning_timing_mode"":""measured"",""pool_budget_mode"":""fixed_total"",""profile_count"":2,""slot_count"":200,""slot_length_ms"":100.0,""suite"":""algorithm_baseline"",""total_pool_budgets"":[8,20,40],""uptime_scale"":100.0,""uptime_shape"":1.5,""user_count"":10,""workload_mode"":""poisson_profile_catalog""}",200,207,202,98,104,81,17,4,0,1,2.6109482733665947,611.131729919758,0.8254172961729254,7834.814211845875,0,0,0,0,98,0,0,0,0.0,44852.49478882179,222.04205341000883,375.4794169217348,0,0,0,9508,0,0,0,0,98,0,0,22260736,cold_start,stability_delay_energy_v4,unified_fixed_point_v3,explicit_snapshot_v1,poisson_profile_catalog_v1,periodic_repository_v1,customized_periodic_pool_v1,empirical_window_beta_v1,slot_up_down_v1,fixed_service_time_v1,fixed_path_v1,full_duplex_shared_heat_v1,deployment_return_energy_v1,periodic_three_objective_v3,discrete_mpc_v1,grid_tkb_v1,arrival_risk_diversity_v1,budgeted_fixed_point_v1,regularized_surrogate_v1,goodput_cost_v1,0.48514851485148514,0.5148514851485149,0.400990099009901,0.17346938775510204,0.04081632653061224,3.9130434782608696,0.0,0.0,0.0,0.0,0.48514851485148514
system_poisson:poisson_lifecycle_v1:algorithm_baseline:b5d2141bec7b665a:random:r15:s20260734,b5d2141bec7b665a,algorithm_baseline,random,reference,random,15,20260734,system_poisson,poisson_lifecycle_v1,poisson_profile_catalog,random,not_applicable,p12_g4_a64,cold_start,measured,measured,fixed,fixed_total,1.0,9d81372cc2973096,868f2658ddad8015,1f9cdc4dfc70bd76,554a01216359253d,"{""algorithm"":""random"",""alpha_l"":0.7,""alpha_r"":0.8,""availability_fraction"":0.5,""beta_l"":0.4,""beta_r"":0.5,""bootstrap_mode"":""cold_start"",""candidate_fixed_point_damping"":0.5,""candidate_fixed_point_max_iterations"":20,""candidate_fixed_point_relative_tolerance"":0.0001,""cloud_count"":1,""comparison_group"":""reference"",""comparison_method"":"""",""control_mode"":""fixed"",""downtime_log_mean"":2.5,""downtime_log_sigma"":0.8,""edge_count"":5,""edge_link_factor"":2.0,""experiment_layer"":""system_poisson"",""fixed_online_budget_ms"":10.0,""fixed_planning_interval_slots"":5,""fixed_total_pool_budget"":20,""lambda_g"":0.7,""lambda_h"":0.7,""lambda_per_slot"":1.0,""max_deadline_ms"":1999.0,""min_deadline_ms"":500.0,""minimum_control_window_slots"":5,""minimum_replanning_interval_slots"":2,""name"":""random"",""online_budgets_ms"":[5.0,10.0,20.0],""online_timing_mode"":""measured"",""origin_group_count"":2,""plan_ttl_slots"":20,""planning_candidate_generator_mode"":""lightweight"",""planning_customized_archive_capacity"":64,""planning_customized_generations"":4,""planning_customized_population_size"":12,""planning_deadline_ms"":2000.0,""planning_intervals"":[5,10,20],""planning_runtime_ms"":100.0,""planning_sample_count"":20,""planning_timing_mode"":""measured"",""pool_budget_mode"":""fixed_total"",""profile_count"":2,""slot_count"":200,""slot_length_ms"":100.0,""suite"":""algorithm_baseline"",""total_pool_budgets"":[8,20,40],""uptime_scale"":100.0,""uptime_shape"":1.5,""user_count"":10,""workload_mode"":""poisson_profile_catalog""}",200,212,203,74,129,58,16,1,0,1,1.9230294318577903,717.3568266496138,0.8546210962340851,6657.997674513728,0,0,0,0,74,0,0,0,0.0,37342.17770572286,183.9516143139057,261.5638340357691,0,0,0,9744,0,0,0,0,74,0,0,22260737,cold_start,stability_delay_energy_v4,unified_fixed_point_v3,explicit_snapshot_v1,poisson_profile_catalog_v1,periodic_repository_v1,customized_periodic_pool_v1,empirical_window_beta_v1,slot_up_down_v1,fixed_service_time_v1,fixed_path_v1,full_duplex_shared_heat_v1,deployment_return_energy_v1,periodic_three_objective_v3,discrete_mpc_v1,grid_tkb_v1,arrival_risk_diversity_v1,budgeted_fixed_point_v1,regularized_surrogate_v1,goodput_cost_v1,0.3645320197044335,0.6354679802955665,0.2857142857142857,0.21621621621621623,0.013513513513513514,2.7358490566037736,0.0,0.0,0.0,0.0,0.3645320197044335
system_poisson:poisson_lifecycle_v1:algorithm_baseline:b5d2141bec7b665a:random:r16:s20260735,b5d2141bec7b665a,algorithm_baseline,random,reference,random,16,20260735,system_poisson,poisson_lifecycle_v1,poisson_profile_catalog,random,not_applicable,p12_g4_a64,cold_start,measured,measured,fixed,fixed_total,1.0,c61c842e17f225e3,3da65bab6008a478,33b568baf37f075d,615e85118266de25,"{""algorithm"":""random"",""alpha_l"":0.7,""alpha_r"":0.8,""availability_fraction"":0.5,""beta_l"":0.4,""beta_r"":0.5,""bootstrap_mode"":""cold_start"",""candidate_fixed_point_damping"":0.5,""candidate_fixed_point_max_iterations"":20,""candidate_fixed_point_relative_tolerance"":0.0001,""cloud_count"":1,""comparison_group"":""reference"",""comparison_method"":"""",""control_mode"":""fixed"",""downtime_log_mean"":2.5,""downtime_log_sigma"":0.8,""edge_count"":5,""edge_link_factor"":2.0,""experiment_layer"":""system_poisson"",""fixed_online_budget_ms"":10.0,""fixed_planning_interval_slots"":5,""fixed_total_pool_budget"":20,""lambda_g"":0.7,""lambda_h"":0.7,""lambda_per_slot"":1.0,""max_deadline_ms"":1999.0,""min_deadline_ms"":500.0,""minimum_control_window_slots"":5,""minimum_replanning_interval_slots"":2,""name"":""random"",""online_budgets_ms"":[5.0,10.0,20.0],""online_timing_mode"":""measured"",""origin_group_count"":2,""plan_ttl_slots"":20,""planning_candidate_generator_mode"":""lightweight"",""planning_customized_archive_capacity"":64,""planning_customized_generations"":4,""planning_customized_population_size"":12,""planning_deadline_ms"":2000.0,""planning_intervals"":[5,10,20],""planning_runtime_ms"":100.0,""planning_sample_count"":20,""planning_timing_mode"":""measured"",""pool_budget_mode"":""fixed_total"",""profile_count"":2,""slot_count"":200,""slot_length_ms"":100.0,""suite"":""algorithm_baseline"",""total_pool_budgets"":[8,20,40],""uptime_scale"":100.0,""uptime_shape"":1.5,""user_count"":10,""workload_mode"":""poisson_profile_catalog""}",200,204,215,96,119,79,17,4,0,1,2.6925381675025983,642.8340806422606,0.8472120678121781,8749.105953607233,0,0,0,0,96,0,0,0,0.0,46507.229513605125,216.31269541211685,345.03670898266137,0,0,0,9490,0,0,0,0,96,0,0,22260738,cold_start,stability_delay_energy_v4,unified_fixed_point_v3,explicit_snapshot_v1,poisson_profile_catalog_v1,periodic_repository_v1,customized_periodic_pool_v1,empirical_window_beta_v1,slot_up_down_v1,fixed_service_time_v1,fixed_path_v1,full_duplex_shared_heat_v1,deployment_return_energy_v1,periodic_three_objective_v3,discrete_mpc_v1,grid_tkb_v1,arrival_risk_diversity_v1,budgeted_fixed_point_v1,regularized_surrogate_v1,goodput_cost_v1,0.44651162790697674,0.5534883720930233,0.3674418604651163,0.17708333333333334,0.041666666666666664,3.8725490196078436,0.0,0.0,0.0,0.0,0.44651162790697674
system_poisson:poisson_lifecycle_v1:algorithm_baseline:b5d2141bec7b665a:random:r17:s20260736,b5d2141bec7b665a,algorithm_baseline,random,reference,random,17,20260736,system_poisson,poisson_lifecycle_v1,poisson_profile_catalog,random,not_applicable,p12_g4_a64,cold_start,measured,measured,fixed,fixed_total,1.0,a1e1594e7589a223,d9b518a32809412d,f1078707bd950772,6d1494c76aa00136,"{""algorithm"":""random"",""alpha_l"":0.7,""alpha_r"":0.8,""availability_fraction"":0.5,""beta_l"":0.4,""beta_r"":0.5,""bootstrap_mode"":""cold_start"",""candidate_fixed_point_damping"":0.5,""candidate_fixed_point_max_iterations"":20,""candidate_fixed_point_relative_tolerance"":0.0001,""cloud_count"":1,""comparison_group"":""reference"",""comparison_method"":"""",""control_mode"":""fixed"",""downtime_log_mean"":2.5,""downtime_log_sigma"":0.8,""edge_count"":5,""edge_link_factor"":2.0,""experiment_layer"":""system_poisson"",""fixed_online_budget_ms"":10.0,""fixed_planning_interval_slots"":5,""fixed_total_pool_budget"":20,""lambda_g"":0.7,""lambda_h"":0.7,""lambda_per_slot"":1.0,""max_deadline_ms"":1999.0,""min_deadline_ms"":500.0,""minimum_control_window_slots"":5,""minimum_replanning_interval_slots"":2,""name"":""random"",""online_budgets_ms"":[5.0,10.0,20.0],""online_timing_mode"":""measured"",""origin_group_count"":2,""plan_ttl_slots"":20,""planning_candidate_generator_mode"":""lightweight"",""planning_customized_archive_capacity"":64,""planning_customized_generations"":4,""planning_customized_population_size"":12,""planning_deadline_ms"":2000.0,""planning_intervals"":[5,10,20],""planning_runtime_ms"":100.0,""planning_sample_count"":20,""planning_timing_mode"":""measured"",""pool_budget_mode"":""fixed_total"",""profile_count"":2,""slot_count"":200,""slot_length_ms"":100.0,""suite"":""algorithm_baseline"",""total_pool_budgets"":[8,20,40],""uptime_scale"":100.0,""uptime_shape"":1.5,""user_count"":10,""workload_mode"":""poisson_profile_catalog""}",200,205,191,81,110,68,13,1,0,1,2.346717025847858,668.1952373167657,0.8458650119751139,7478.348523247329,0,0,0,0,81,0,0,0,0.0,38663.50238211453,202.42671404248443,275.02954204101115,0,0,0,9168,0,0,0,0,81,0,0,22260739,cold_start,stability_delay_energy_v4,unified_fixed_point_v3,explicit_snapshot_v1,poisson_profile_catalog_v1,periodic_repository_v1,customized_periodic_pool_v1,empirical_window_beta_v1,slot_up_down_v1,fixed_service_time_v1,fixed_path_v1,full_duplex_shared_heat_v1,deployment_return_energy_v1,periodic_three_objective_v3,discrete_mpc_v1,grid_tkb_v1,arrival_risk_diversity_v1,budgeted_fixed_point_v1,regularized_surrogate_v1,goodput_cost_v1,0.42408376963350786,0.5759162303664922,0.35602094240837695,0.16049382716049382,0.012345679012345678,3.317073170731707,0.0,0.0,0.0,0.0,0.42408376963350786
system_poisson:poisson_lifecycle_v1:algorithm_baseline:b5d2141bec7b665a:random:r18:s20260737,b5d2141bec7b665a,algorithm_baseline,random,reference,random,18,20260737,system_poisson,poisson_lifecycle_v1,poisson_profile_catalog,random,not_applicable,p12_g4_a64,cold_start,measured,measured,fixed,fixed_total,1.0,2340d35db3923e87,6c6665153475ebe0,e91a6f9277c728f1,fb1a538d3c9d367a,"{""algorithm"":""random"",""alpha_l"":0.7,""alpha_r"":0.8,""availability_fraction"":0.5,""beta_l"":0.4,""beta_r"":0.5,""bootstrap_mode"":""cold_start"",""candidate_fixed_point_damping"":0.5,""candidate_fixed_point_max_iterations"":20,""candidate_fixed_point_relative_tolerance"":0.0001,""cloud_count"":1,""comparison_group"":""reference"",""comparison_method"":"""",""control_mode"":""fixed"",""downtime_log_mean"":2.5,""downtime_log_sigma"":0.8,""edge_count"":5,""edge_link_factor"":2.0,""experiment_layer"":""system_poisson"",""fixed_online_budget_ms"":10.0,""fixed_planning_interval_slots"":5,""fixed_total_pool_budget"":20,""lambda_g"":0.7,""lambda_h"":0.7,""lambda_per_slot"":1.0,""max_deadline_ms"":1999.0,""min_deadline_ms"":500.0,""minimum_control_window_slots"":5,""minimum_replanning_interval_slots"":2,""name"":""random"",""online_budgets_ms"":[5.0,10.0,20.0],""online_timing_mode"":""measured"",""origin_group_count"":2,""plan_ttl_slots"":20,""planning_candidate_generator_mode"":""lightweight"",""planning_customized_archive_capacity"":64,""planning_customized_generations"":4,""planning_customized_population_size"":12,""planning_deadline_ms"":2000.0,""planning_intervals"":[5,10,20],""planning_runtime_ms"":100.0,""planning_sample_count"":20,""planning_timing_mode"":""measured"",""pool_budget_mode"":""fixed_total"",""profile_count"":2,""slot_count"":200,""slot_length_ms"":100.0,""suite"":""algorithm_baseline"",""total_pool_budgets"":[8,20,40],""uptime_scale"":100.0,""uptime_shape"":1.5,""user_count"":10,""workload_mode"":""poisson_profile_catalog""}",200,203,177,102,75,83,19,0,0,1,2.9410856249049644,565.4055847235609,0.8268412952383971,7578.224391468367,0,0,0,0,102,0,0,0,0.0,38193.52365715895,215.78261953197145,351.87595803290606,0,0,0,8496,0,0,0,0,102,0,0,22260740,cold_start,stability_delay_energy_v4,unified_fixed_point_v3,explicit_snapshot_v1,poisson_profile_catalog_v1,periodic_repository_v1,customized_periodic_pool_v1,empirical_window_beta_v1,slot_up_down_v1,fixed_service_time_v1,fixed_path_v1,full_duplex_shared_heat_v1,deployment_return_energy_v1,periodic_three_objective_v3,discrete_mpc_v1,grid_tkb_v1,arrival_risk_diversity_v1,budgeted_fixed_point_v1,regularized_surrogate_v1,goodput_cost_v1,0.576271186440678,0.423728813559322,0.4689265536723164,0.18627450980392157,0.0,4.088669950738916,0.0,0.0,0.0,0.0,0.576271186440678
system_poisson:poisson_lifecycle_v1:algorithm_baseline:b5d2141bec7b665a:random:r19:s20260738,b5d2141bec7b665a,algorithm_baseline,random,reference,random,19,20260738,system_poisson,poisson_lifecycle_v1,poisson_profile_catalog,random,not_applicable,p12_g4_a64,cold_start,measured,measured,fixed,fixed_total,1.0,2f8cac81e28c6822,342fe7b24aabf9c9,bca0f53820c0230d,a5b68c6f808e683d,"{""algorithm"":""random"",""alpha_l"":0.7,""alpha_r"":0.8,""availability_fraction"":0.5,""beta_l"":0.4,""beta_r"":0.5,""bootstrap_mode"":""cold_start"",""candidate_fixed_point_damping"":0.5,""candidate_fixed_point_max_iterations"":20,""candidate_fixed_point_relative_tolerance"":0.0001,""cloud_count"":1,""comparison_group"":""reference"",""comparison_method"":"""",""control_mode"":""fixed"",""downtime_log_mean"":2.5,""downtime_log_sigma"":0.8,""edge_count"":5,""edge_link_factor"":2.0,""experiment_layer"":""system_poisson"",""fixed_online_budget_ms"":10.0,""fixed_planning_interval_slots"":5,""fixed_total_pool_budget"":20,""lambda_g"":0.7,""lambda_h"":0.7,""lambda_per_slot"":1.0,""max_deadline_ms"":1999.0,""min_deadline_ms"":500.0,""minimum_control_window_slots"":5,""minimum_replanning_interval_slots"":2,""name"":""random"",""online_budgets_ms"":[5.0,10.0,20.0],""online_timing_mode"":""measured"",""origin_group_count"":2,""plan_ttl_slots"":20,""planning_candidate_generator_mode"":""lightweight"",""planning_customized_archive_capacity"":64,""planning_customized_generations"":4,""planning_customized_population_size"":12,""planning_deadline_ms"":2000.0,""planning_intervals"":[5,10,20],""planning_runtime_ms"":100.0,""planning_sample_count"":20,""planning_timing_mode"":""measured"",""pool_budget_mode"":""fixed_total"",""profile_count"":2,""slot_count"":200,""slot_length_ms"":100.0,""suite"":""algorithm_baseline"",""total_pool_budgets"":[8,20,40],""uptime_scale"":100.0,""uptime_shape"":1.5,""user_count"":10,""workload_mode"":""poisson_profile_catalog""}",200,207,180,70,110,58,12,1,0,1,1.958565322881048,661.5221756995002,0.8371724557483045,7912.952873527683,0,0,0,0,70,0,0,0,0.0,36775.78620577697,204.3099233654276,285.9411248937249,0,0,0,8598,0,0,0,0,70,0,0,22260741,cold_start,stability_delay_energy_v4,unified_fixed_point_v3,explicit_snapshot_v1,poisson_profile_catalog_v1,periodic_repository_v1,customized_periodic_pool_v1,empirical_window_beta_v1,slot_up_down_v1,fixed_service_time_v1,fixed_path_v1,full_duplex_shared_heat_v1,deployment_return_energy_v1,periodic_three_objective_v3,discrete_mpc_v1,grid_tkb_v1,arrival_risk_diversity_v1,budgeted_fixed_point_v1,regularized_surrogate_v1,goodput_cost_v1,0.3888888888888889,0.6111111111111112,0.32222222222222224,0.17142857142857143,0.014285714285714285,2.8019323671497585,0.0,0.0,0.0,0.0,0.3888888888888889
system_poisson:poisson_lifecycle_v1:algorithm_baseline:d621b28065ae3666:sa:r0:s20260719,d621b28065ae3666,algorithm_baseline,sa,reference,sa,0,20260719,system_poisson,poisson_lifecycle_v1,poisson_profile_catalog,sa,not_applicable,p12_g4_a64,cold_start,measured,measured,fixed,fixed_total,1.0,6d295842eb0296d0,fca0df0e76e8aea8,68e477ed3df2fad8,c3ade63673949cb4,"{""algorithm"":""sa"",""alpha_l"":0.7,""alpha_r"":0.8,""availability_fraction"":0.5,""beta_l"":0.4,""beta_r"":0.5,""bootstrap_mode"":""cold_start"",""candidate_fixed_point_damping"":0.5,""candidate_fixed_point_max_iterations"":20,""candidate_fixed_point_relative_tolerance"":0.0001,""cloud_count"":1,""comparison_group"":""reference"",""comparison_method"":"""",""control_mode"":""fixed"",""downtime_log_mean"":2.5,""downtime_log_sigma"":0.8,""edge_count"":5,""edge_link_factor"":2.0,""experiment_layer"":""system_poisson"",""fixed_online_budget_ms"":10.0,""fixed_planning_interval_slots"":5,""fixed_total_pool_budget"":20,""lambda_g"":0.7,""lambda_h"":0.7,""lambda_per_slot"":1.0,""max_deadline_ms"":1999.0,""min_deadline_ms"":500.0,""minimum_control_window_slots"":5,""minimum_replanning_interval_slots"":2,""name"":""sa"",""online_budgets_ms"":[5.0,10.0,20.0],""online_timing_mode"":""measured"",""origin_group_count"":2,""plan_ttl_slots"":20,""planning_candidate_generator_mode"":""lightweight"",""planning_customized_archive_capacity"":64,""planning_customized_generations"":4,""planning_customized_population_size"":12,""planning_deadline_ms"":2000.0,""planning_intervals"":[5,10,20],""planning_runtime_ms"":100.0,""planning_sample_count"":20,""planning_timing_mode"":""measured"",""pool_budget_mode"":""fixed_total"",""profile_count"":2,""slot_count"":200,""slot_length_ms"":100.0,""suite"":""algorithm_baseline"",""total_pool_budgets"":[8,20,40],""uptime_scale"":100.0,""uptime_shape"":1.5,""user_count"":10,""workload_mode"":""poisson_profile_catalog""}",200,206,191,42,149,37,5,3,0,1,1.1734196227622116,806.0333962836871,0.8743845781768782,4947.650543865487,0,0,0,0,42,0,0,0,0.0,81928.82471298799,428.9467262460104,735.0617919582874,0,0,0,7247,0,0,0,0,42,0,0,22260722,cold_start,stability_delay_energy_v4,unified_fixed_point_v3,explicit_snapshot_v1,poisson_profile_catalog_v1,periodic_repository_v1,customized_periodic_pool_v1,empirical_window_beta_v1,slot_up_down_v1,fixed_service_time_v1,fixed_path_v1,full_duplex_shared_heat_v1,deployment_return_energy_v1,periodic_three_objective_v3,discrete_mpc_v1,grid_tkb_v1,arrival_risk_diversity_v1,budgeted_fixed_point_v1,regularized_surrogate_v1,goodput_cost_v1,0.2198952879581152,0.7801047120418848,0.193717277486911,0.11904761904761904,0.07142857142857142,1.7961165048543688,0.0,0.0,0.0,0.0,0.2198952879581152
system_poisson:poisson_lifecycle_v1:algorithm_baseline:d621b28065ae3666:sa:r1:s20260720,d621b28065ae3666,algorithm_baseline,sa,reference,sa,1,20260720,system_poisson,poisson_lifecycle_v1,poisson_profile_catalog,sa,not_applicable,p12_g4_a64,cold_start,measured,measured,fixed,fixed_total,1.0,a4f53f5438a025fd,a0ac5e6d1accb3ff,b090fbef89e23494,4948b9b559ca3dae,"{""algorithm"":""sa"",""alpha_l"":0.7,""alpha_r"":0.8,""availability_fraction"":0.5,""beta_l"":0.4,""beta_r"":0.5,""bootstrap_mode"":""cold_start"",""candidate_fixed_point_damping"":0.5,""candidate_fixed_point_max_iterations"":20,""candidate_fixed_point_relative_tolerance"":0.0001,""cloud_count"":1,""comparison_group"":""reference"",""comparison_method"":"""",""control_mode"":""fixed"",""downtime_log_mean"":2.5,""downtime_log_sigma"":0.8,""edge_count"":5,""edge_link_factor"":2.0,""experiment_layer"":""system_poisson"",""fixed_online_budget_ms"":10.0,""fixed_planning_interval_slots"":5,""fixed_total_pool_budget"":20,""lambda_g"":0.7,""lambda_h"":0.7,""lambda_per_slot"":1.0,""max_deadline_ms"":1999.0,""min_deadline_ms"":500.0,""minimum_control_window_slots"":5,""minimum_replanning_interval_slots"":2,""name"":""sa"",""online_budgets_ms"":[5.0,10.0,20.0],""online_timing_mode"":""measured"",""origin_group_count"":2,""plan_ttl_slots"":20,""planning_candidate_generator_mode"":""lightweight"",""planning_customized_archive_capacity"":64,""planning_customized_generations"":4,""planning_customized_population_size"":12,""planning_deadline_ms"":2000.0,""planning_intervals"":[5,10,20],""planning_runtime_ms"":100.0,""planning_sample_count"":20,""planning_timing_mode"":""measured"",""pool_budget_mode"":""fixed_total"",""profile_count"":2,""slot_count"":200,""slot_length_ms"":100.0,""suite"":""algorithm_baseline"",""total_pool_budgets"":[8,20,40],""uptime_scale"":100.0,""uptime_shape"":1.5,""user_count"":10,""workload_mode"":""poisson_profile_catalog""}",200,201,209,38,171,34,4,1,0,1,1.1447099365124984,841.991263424412,0.8134578884235125,6429.5997738517435,0,0,0,0,38,0,0,0,0.0,110282.16325619724,527.6658529004652,1026.5129170147702,0,0,0,7725,0,0,0,0,38,0,0,22260723,cold_start,stability_delay_energy_v4,unified_fixed_point_v3,explicit_snapshot_v1,poisson_profile_catalog_v1,periodic_repository_v1,customized_periodic_pool_v1,empirical_window_beta_v1,slot_up_down_v1,fixed_service_time_v1,fixed_path_v1,full_duplex_shared_heat_v1,deployment_return_energy_v1,periodic_three_objective_v3,discrete_mpc_v1,grid_tkb_v1,arrival_risk_diversity_v1,budgeted_fixed_point_v1,regularized_surrogate_v1,goodput_cost_v1,0.18181818181818182,0.8181818181818182,0.16267942583732056,0.10526315789473684,0.02631578947368421,1.6915422885572138,0.0,0.0,0.0,0.0,0.18181818181818182
system_poisson:poisson_lifecycle_v1:algorithm_baseline:d621b28065ae3666:sa:r2:s20260721,d621b28065ae3666,algorithm_baseline,sa,reference,sa,2,20260721,system_poisson,poisson_lifecycle_v1,poisson_profile_catalog,sa,not_applicable,p12_g4_a64,cold_start,measured,measured,fixed,fixed_total,1.0,e1936cba343be935,938f95453f2442e2,b1b7f5bba0248714,b3c97759fa661993,"{""algorithm"":""sa"",""alpha_l"":0.7,""alpha_r"":0.8,""availability_fraction"":0.5,""beta_l"":0.4,""beta_r"":0.5,""bootstrap_mode"":""cold_start"",""candidate_fixed_point_damping"":0.5,""candidate_fixed_point_max_iterations"":20,""candidate_fixed_point_relative_tolerance"":0.0001,""cloud_count"":1,""comparison_group"":""reference"",""comparison_method"":"""",""control_mode"":""fixed"",""downtime_log_mean"":2.5,""downtime_log_sigma"":0.8,""edge_count"":5,""edge_link_factor"":2.0,""experiment_layer"":""system_poisson"",""fixed_online_budget_ms"":10.0,""fixed_planning_interval_slots"":5,""fixed_total_pool_budget"":20,""lambda_g"":0.7,""lambda_h"":0.7,""lambda_per_slot"":1.0,""max_deadline_ms"":1999.0,""min_deadline_ms"":500.0,""minimum_control_window_slots"":5,""minimum_replanning_interval_slots"":2,""name"":""sa"",""online_budgets_ms"":[5.0,10.0,20.0],""online_timing_mode"":""measured"",""origin_group_count"":2,""plan_ttl_slots"":20,""planning_candidate_generator_mode"":""lightweight"",""planning_customized_archive_capacity"":64,""planning_customized_generations"":4,""planning_customized_population_size"":12,""planning_deadline_ms"":2000.0,""planning_intervals"":[5,10,20],""planning_runtime_ms"":100.0,""planning_sample_count"":20,""planning_timing_mode"":""measured"",""pool_budget_mode"":""fixed_total"",""profile_count"":2,""slot_count"":200,""slot_length_ms"":100.0,""suite"":""algorithm_baseline"",""total_pool_budgets"":[8,20,40],""uptime_scale"":100.0,""uptime_shape"":1.5,""user_count"":10,""workload_mode"":""poisson_profile_catalog""}",200,203,211,20,191,19,1,0,0,1,0.6242299500443131,986.343420443319,0.792836632152519,7246.760981681802,0,0,0,0,20,0,0,0,0.0,147804.9861707259,700.4975647901701,1127.7713750023395,0,0,0,8251,0,0,0,0,20,0,0,22260724,cold_start,stability_delay_energy_v4,unified_fixed_point_v3,explicit_snapshot_v1,poisson_profile_catalog_v1,periodic_repository_v1,customized_periodic_pool_v1,empirical_window_beta_v1,slot_up_down_v1,fixed_service_time_v1,fixed_path_v1,full_duplex_shared_heat_v1,deployment_return_energy_v1,periodic_three_objective_v3,discrete_mpc_v1,grid_tkb_v1,arrival_risk_diversity_v1,budgeted_fixed_point_v1,regularized_surrogate_v1,goodput_cost_v1,0.0947867298578199,0.9052132701421801,0.09004739336492891,0.05,0.0,0.9359605911330049,0.0,0.0,0.0,0.0,0.0947867298578199
system_poisson:poisson_lifecycle_v1:algorithm_baseline:d621b28065ae3666:sa:r3:s20260722,d621b28065ae3666,algorithm_baseline,sa,reference,sa,3,20260722,system_poisson,poisson_lifecycle_v1,poisson_profile_catalog,sa,not_applicable,p12_g4_a64,cold_start,measured,measured,fixed,fixed_total,1.0,cad518de228dec43,e2c448830ab998d5,5b89c04953d23a62,a8d64a668c29fff0,"{""algorithm"":""sa"",""alpha_l"":0.7,""alpha_r"":0.8,""availability_fraction"":0.5,""beta_l"":0.4,""beta_r"":0.5,""bootstrap_mode"":""cold_start"",""candidate_fixed_point_damping"":0.5,""candidate_fixed_point_max_iterations"":20,""candidate_fixed_point_relative_tolerance"":0.0001,""cloud_count"":1,""comparison_group"":""reference"",""comparison_method"":"""",""control_mode"":""fixed"",""downtime_log_mean"":2.5,""downtime_log_sigma"":0.8,""edge_count"":5,""edge_link_factor"":2.0,""experiment_layer"":""system_poisson"",""fixed_online_budget_ms"":10.0,""fixed_planning_interval_slots"":5,""fixed_total_pool_budget"":20,""lambda_g"":0.7,""lambda_h"":0.7,""lambda_per_slot"":1.0,""max_deadline_ms"":1999.0,""min_deadline_ms"":500.0,""minimum_control_window_slots"":5,""minimum_replanning_interval_slots"":2,""name"":""sa"",""online_budgets_ms"":[5.0,10.0,20.0],""online_timing_mode"":""measured"",""origin_group_count"":2,""plan_ttl_slots"":20,""planning_candidate_generator_mode"":""lightweight"",""planning_customized_archive_capacity"":64,""planning_customized_generations"":4,""planning_customized_population_size"":12,""planning_deadline_ms"":2000.0,""planning_intervals"":[5,10,20],""planning_runtime_ms"":100.0,""planning_sample_count"":20,""planning_timing_mode"":""measured"",""pool_budget_mode"":""fixed_total"",""profile_count"":2,""slot_count"":200,""slot_length_ms"":100.0,""suite"":""algorithm_baseline"",""total_pool_budgets"":[8,20,40],""uptime_scale"":100.0,""uptime_shape"":1.5,""user_count"":10,""workload_mode"":""poisson_profile_catalog""}",200,211,210,49,161,44,5,2,0,1,1.4383447926883166,685.391775187633,0.8553157099217961,6046.457824663306,0,0,0,0,49,0,0,0,0.0,90951.79458416533,433.1037837341206,1051.5846249181777,0,0,0,7726,0,0,0,0,49,0,0,22260725,cold_start,stability_delay_energy_v4,unified_fixed_point_v3,explicit_snapshot_v1,poisson_profile_catalog_v1,periodic_repository_v1,customized_periodic_pool_v1,empirical_window_beta_v1,slot_up_down_v1,fixed_service_time_v1,fixed_path_v1,full_duplex_shared_heat_v1,deployment_return_energy_v1,periodic_three_objective_v3,discrete_mpc_v1,grid_tkb_v1,arrival_risk_diversity_v1,budgeted_fixed_point_v1,regularized_surrogate_v1,goodput_cost_v1,0.23333333333333334,0.7666666666666667,0.20952380952380953,0.10204081632653061,0.04081632653061224,2.0853080568720377,0.0,0.0,0.0,0.0,0.23333333333333334
system_poisson:poisson_lifecycle_v1:algorithm_baseline:d621b28065ae3666:sa:r4:s20260723,d621b28065ae3666,algorithm_baseline,sa,reference,sa,4,20260723,system_poisson,poisson_lifecycle_v1,poisson_profile_catalog,sa,not_applicable,p12_g4_a64,cold_start,measured,measured,fixed,fixed_total,1.0,85e4775618fc9271,04cc006508118ace,6d76626369b7dc47,7df8c4f9894fbd11,"{""algorithm"":""sa"",""alpha_l"":0.7,""alpha_r"":0.8,""availability_fraction"":0.5,""beta_l"":0.4,""beta_r"":0.5,""bootstrap_mode"":""cold_start"",""candidate_fixed_point_damping"":0.5,""candidate_fixed_point_max_iterations"":20,""candidate_fixed_point_relative_tolerance"":0.0001,""cloud_count"":1,""comparison_group"":""reference"",""comparison_method"":"""",""control_mode"":""fixed"",""downtime_log_mean"":2.5,""downtime_log_sigma"":0.8,""edge_count"":5,""edge_link_factor"":2.0,""experiment_layer"":""system_poisson"",""fixed_online_budget_ms"":10.0,""fixed_planning_interval_slots"":5,""fixed_total_pool_budget"":20,""lambda_g"":0.7,""lambda_h"":0.7,""lambda_per_slot"":1.0,""max_deadline_ms"":1999.0,""min_deadline_ms"":500.0,""minimum_control_window_slots"":5,""minimum_replanning_interval_slots"":2,""name"":""sa"",""online_budgets_ms"":[5.0,10.0,20.0],""online_timing_mode"":""measured"",""origin_group_count"":2,""plan_ttl_slots"":20,""planning_candidate_generator_mode"":""lightweight"",""planning_customized_archive_capacity"":64,""planning_customized_generations"":4,""planning_customized_population_size"":12,""planning_deadline_ms"":2000.0,""planning_intervals"":[5,10,20],""planning_runtime_ms"":100.0,""planning_sample_count"":20,""planning_timing_mode"":""measured"",""pool_budget_mode"":""fixed_total"",""profile_count"":2,""slot_count"":200,""slot_length_ms"":100.0,""suite"":""algorithm_baseline"",""total_pool_budgets"":[8,20,40],""uptime_scale"":100.0,""uptime_shape"":1.5,""user_count"":10,""workload_mode"":""poisson_profile_catalog""}",200,206,206,29,177,26,3,0,0,1,0.9025096397148096,822.5068209522436,0.8491041735046072,7378.529339048439,0,0,0,0,29,0,0,0,0.0,118363.04530070629,574.5778898092539,1101.5222909627482,0,0,0,7958,0,0,0,0,29,0,0,22260726,cold_start,stability_delay_energy_v4,unified_fixed_point_v3,explicit_snapshot_v1,poisson_profile_catalog_v1,periodic_repository_v1,customized_periodic_pool_v1,empirical_window_beta_v1,slot_up_down_v1,fixed_service_time_v1,fixed_path_v1,full_duplex_shared_heat_v1,deployment_return_energy_v1,periodic_three_objective_v3,discrete_mpc_v1,grid_tkb_v1,arrival_risk_diversity_v1,budgeted_fixed_point_v1,regularized_surrogate_v1,goodput_cost_v1,0.1407766990291262,0.8592233009708737,0.1262135922330097,0.10344827586206896,0.0,1.262135922330097,0.0,0.0,0.0,0.0,0.1407766990291262
system_poisson:poisson_lifecycle_v1:algorithm_baseline:d621b28065ae3666:sa:r5:s20260724,d621b28065ae3666,algorithm_baseline,sa,reference,sa,5,20260724,system_poisson,poisson_lifecycle_v1,poisson_profile_catalog,sa,not_applicable,p12_g4_a64,cold_start,measured,measured,fixed,fixed_total,1.0,d24fe9836276a23a,5f88dfc591596c91,8236ef19df927245,c61766e5adeaf7a9,"{""algorithm"":""sa"",""alpha_l"":0.7,""alpha_r"":0.8,""availability_fraction"":0.5,""beta_l"":0.4,""beta_r"":0.5,""bootstrap_mode"":""cold_start"",""candidate_fixed_point_damping"":0.5,""candidate_fixed_point_max_iterations"":20,""candidate_fixed_point_relative_tolerance"":0.0001,""cloud_count"":1,""comparison_group"":""reference"",""comparison_method"":"""",""control_mode"":""fixed"",""downtime_log_mean"":2.5,""downtime_log_sigma"":0.8,""edge_count"":5,""edge_link_factor"":2.0,""experiment_layer"":""system_poisson"",""fixed_online_budget_ms"":10.0,""fixed_planning_interval_slots"":5,""fixed_total_pool_budget"":20,""lambda_g"":0.7,""lambda_h"":0.7,""lambda_per_slot"":1.0,""max_deadline_ms"":1999.0,""min_deadline_ms"":500.0,""minimum_control_window_slots"":5,""minimum_replanning_interval_slots"":2,""name"":""sa"",""online_budgets_ms"":[5.0,10.0,20.0],""online_timing_mode"":""measured"",""origin_group_count"":2,""plan_ttl_slots"":20,""planning_candidate_generator_mode"":""lightweight"",""planning_customized_archive_capacity"":64,""planning_customized_generations"":4,""planning_customized_population_size"":12,""planning_deadline_ms"":2000.0,""planning_intervals"":[5,10,20],""planning_runtime_ms"":100.0,""planning_sample_count"":20,""planning_timing_mode"":""measured"",""pool_budget_mode"":""fixed_total"",""profile_count"":2,""slot_count"":200,""slot_length_ms"":100.0,""suite"":""algorithm_baseline"",""total_pool_budgets"":[8,20,40],""uptime_scale"":100.0,""uptime_shape"":1.5,""user_count"":10,""workload_mode"":""poisson_profile_catalog""}",200,205,196,41,155,37,4,2,0,1,1.2213254417640624,650.9999004731567,0.8434329038603318,4291.196350507848,0,0,0,0,41,0,0,0,0.0,92513.00716283731,472.00513858590466,992.4237090162933,0,0,0,7591,0,0,0,0,41,0,0,22260727,cold_start,stability_delay_energy_v4,unified_fixed_point_v3,explicit_snapshot_v1,poisson_profile_catalog_v1,periodic_repository_v1,customized_periodic_pool_v1,empirical_window_beta_v1,slot_up_down_v1,fixed_service_time_v1,fixed_path_v1,full_duplex_shared_heat_v1,deployment_return_energy_v1,periodic_three_objective_v3,discrete_mpc_v1,grid_tkb_v1,arrival_risk_diversity_v1,budgeted_fixed_point_v1,regularized_surrogate_v1,goodput_cost_v1,0.20918367346938777,0.7908163265306123,0.18877551020408162,0.0975609756097561,0.04878048780487805,1.8048780487804879,0.0,0.0,0.0,0.0,0.20918367346938777
