task_id,suite,scenario,algorithm,repeat,seed,scenario_parameters,avg_estimated_delay,avg_dynamic_operation_reliability,avg_dynamic_accuracy_reliability,avg_total_energy,rejected_or_failed_count,runtime_ms
sensitivity:population_20:b8111cf892:customized:repeat_0:seed_20260719,sensitivity,population_20,customized,0,20260719,"{""alpha_a"": 0.5, ""alpha_l"": 0.7, ""alpha_r"": 0.8, ""beta_a"": 0.3, ""beta_l"": 0.4, ""beta_r"": 0.5, ""cloud_count"": 1, ""crossover_probability"": 0.5, ""dnn_count"": 30, ""edge_count"": 10, ""edge_link_factor"": 2.0, ""iteration_limit"": 200, ""lambda_g"": 0.7, ""lambda_h"": 0.7, ""mutation_probability"": 0.25, ""name"": ""population_20"", ""population_size"": 20, ""preference"": ""adaptive"", ""suite"": ""sensitivity"", ""use_dag_aware_initialization"": true, ""use_dag_block_crossover"": true, ""use_elite_local_search"": true, ""use_skew_mutation"": true, ""user_count"": null}",601.9404225921695,0.11189043574852892,0.799707625446256,7051.093209230134,1,24140
sensitivity:population_20:b8111cf892:customized:repeat_1:seed_20260720,sensitivity,population_20,customized,1,20260720,"{""alpha_a"": 0.5, ""alpha_l"": 0.7, ""alpha_r"": 0.8, ""beta_a"": 0.3, ""beta_l"": 0.4, ""beta_r"": 0.5, ""cloud_count"": 1, ""crossover_probability"": 0.5, ""dnn_count"": 30, ""edge_count"": 10, ""edge_link_factor"": 2.0, ""iteration_limit"": 200, ""lambda_g"": 0.7, ""lambda_h"": 0.7, ""mutation_probability"": 0.25, ""name"": ""population_20"", ""population_size"": 20, ""preference"": ""adaptive"", ""suite"": ""sensitivity"", ""use_dag_aware_initialization"": true, ""use_dag_block_crossover"": true, ""use_elite_local_search"": true, ""use_skew_mutation"": true, ""user_count"": null}",531.4535422590368,0.15145910972690188,0.7485974333522053,6903.216461571115,2,24822
sensitivity:population_20:b8111cf892:customized:repeat_2:seed_20260721,sensitivity,population_20,customized,2,20260721,"{""alpha_a"": 0.5, ""alpha_l"": 0.7, ""alpha_r"": 0.8, ""beta_a"": 0.3, ""beta_l"": 0.4, ""beta_r"": 0.5, ""cloud_count"": 1, ""crossover_probability"": 0.5, ""dnn_count"": 30, ""edge_count"": 10, ""edge_link_factor"": 2.0, ""iteration_limit"": 200, ""lambda_g"": 0.7, ""lambda_h"": 0.7, ""mutation_probability"": 0.25, ""name"": ""population_20"", ""population_size"": 20, ""preference"": ""adaptive"", ""suite"": ""sensitivity"", ""use_dag_aware_initialization"": true, ""use_dag_block_crossover"": true, ""use_elite_local_search"": true, ""use_skew_mutation"": true, ""user_count"": null}",485.4106105670946,0.12146521781046492,0.7320855221881873,6476.124426367489,1,24462
sensitivity:population_20:b8111cf892:customized:repeat_3:seed_20260722,sensitivity,population_20,customized,3,20260722,"{""alpha_a"": 0.5, ""alpha_l"": 0.7, ""alpha_r"": 0.8, ""beta_a"": 0.3, ""beta_l"": 0.4, ""beta_r"": 0.5, ""cloud_count"": 1, ""crossover_probability"": 0.5, ""dnn_count"": 30, ""edge_count"": 10, ""edge_link_factor"": 2.0, ""iteration_limit"": 200, ""lambda_g"": 0.7, ""lambda_h"": 0.7, ""mutation_probability"": 0.25, ""name"": ""population_20"", ""population_size"": 20, ""preference"": ""adaptive"", ""suite"": ""sensitivity"", ""use_dag_aware_initialization"": true, ""use_dag_block_crossover"": true, ""use_elite_local_search"": true, ""use_skew_mutation"": true, ""user_count"": null}",570.019668992373,0.12836741720850536,0.7709941957363475,7163.187277618717,1,24490
sensitivity:population_20:b8111cf892:customized:repeat_4:seed_20260723,sensitivity,population_20,customized,4,20260723,"{""alpha_a"": 0.5, ""alpha_l"": 0.7, ""alpha_r"": 0.8, ""beta_a"": 0.3, ""beta_l"": 0.4, ""beta_r"": 0.5, ""cloud_count"": 1, ""crossover_probability"": 0.5, ""dnn_count"": 30, ""edge_count"": 10, ""edge_link_factor"": 2.0, ""iteration_limit"": 200, ""lambda_g"": 0.7, ""lambda_h"": 0.7, ""mutation_probability"": 0.25, ""name"": ""population_20"", ""population_size"": 20, ""preference"": ""adaptive"", ""suite"": ""sensitivity"", ""use_dag_aware_initialization"": true, ""use_dag_block_crossover"": true, ""use_elite_local_search"": true, ""use_skew_mutation"": true, ""user_count"": null}",540.4069532621594,0.1763276288858933,0.8123245309520448,6474.275274109505,3,23261
sensitivity:population_20:b8111cf892:customized:repeat_5:seed_20260724,sensitivity,population_20,customized,5,20260724,"{""alpha_a"": 0.5, ""alpha_l"": 0.7, ""alpha_r"": 0.8, ""beta_a"": 0.3, ""beta_l"": 0.4, ""beta_r"": 0.5, ""cloud_count"": 1, ""crossover_probability"": 0.5, ""dnn_count"": 30, ""edge_count"": 10, ""edge_link_factor"": 2.0, ""iteration_limit"": 200, ""lambda_g"": 0.7, ""lambda_h"": 0.7, ""mutation_probability"": 0.25, ""name"": ""population_20"", ""population_size"": 20, ""preference"": ""adaptive"", ""suite"": ""sensitivity"", ""use_dag_aware_initialization"": true, ""use_dag_block_crossover"": true, ""use_elite_local_search"": true, ""use_skew_mutation"": true, ""user_count"": null}",605.2021211276932,0.1344748179037924,0.7909411766857876,6701.691884110099,2,23772
sensitivity:population_20:b8111cf892:customized:repeat_6:seed_20260725,sensitivity,population_20,customized,6,20260725,"{""alpha_a"": 0.5, ""alpha_l"": 0.7, ""alpha_r"": 0.8, ""beta_a"": 0.3, ""beta_l"": 0.4, ""beta_r"": 0.5, ""cloud_count"": 1, ""crossover_probability"": 0.5, ""dnn_count"": 30, ""edge_count"": 10, ""edge_link_factor"": 2.0, ""iteration_limit"": 200, ""lambda_g"": 0.7, ""lambda_h"": 0.7, ""mutation_probability"": 0.25, ""name"": ""population_20"", ""population_size"": 20, ""preference"": ""adaptive"", ""suite"": ""sensitivity"", ""use_dag_aware_initialization"": true, ""use_dag_block_crossover"": true, ""use_elite_local_search"": true, ""use_skew_mutation"": true, ""user_count"": null}",585.0873875159002,0.1268507422337454,0.7840697879967751,7378.051386847227,2,25443
sensitivity:population_20:b8111cf892:customized:repeat_7:seed_20260726,sensitivity,population_20,customized,7,20260726,"{""alpha_a"": 0.5, ""alpha_l"": 0.7, ""alpha_r"": 0.8, ""beta_a"": 0.3, ""beta_l"": 0.4, ""beta_r"": 0.5, ""cloud_count"": 1, ""crossover_probability"": 0.5, ""dnn_count"": 30, ""edge_count"": 10, ""edge_link_factor"": 2.0, ""iteration_limit"": 200, ""lambda_g"": 0.7, ""lambda_h"": 0.7, ""mutation_probability"": 0.25, ""name"": ""population_20"", ""population_size"": 20, ""preference"": ""adaptive"", ""suite"": ""sensitivity"", ""use_dag_aware_initialization"": true, ""use_dag_block_crossover"": true, ""use_elite_local_search"": true, ""use_skew_mutation"": true, ""user_count"": null}",534.5053604428739,0.11563585425187888,0.7345772453690315,7687.627597657591,3,25007
sensitivity:population_20:b8111cf892:customized:repeat_8:seed_20260727,sensitivity,population_20,customized,8,20260727,"{""alpha_a"": 0.5, ""alpha_l"": 0.7, ""alpha_r"": 0.8, ""beta_a"": 0.3, ""beta_l"": 0.4, ""beta_r"": 0.5, ""cloud_count"": 1, ""crossover_probability"": 0.5, ""dnn_count"": 30, ""edge_count"": 10, ""edge_link_factor"": 2.0, ""iteration_limit"": 200, ""lambda_g"": 0.7, ""lambda_h"": 0.7, ""mutation_probability"": 0.25, ""name"": ""population_20"", ""population_size"": 20, ""preference"": ""adaptive"", ""suite"": ""sensitivity"", ""use_dag_aware_initialization"": true, ""use_dag_block_crossover"": true, ""use_elite_local_search"": true, ""use_skew_mutation"": true, ""user_count"": null}",541.8185518662913,0.15343100002099394,0.754040656212034,6973.546379950259,3,25190
sensitivity:population_20:b8111cf892:customized:repeat_9:seed_20260728,sensitivity,population_20,customized,9,20260728,"{""alpha_a"": 0.5, ""alpha_l"": 0.7, ""alpha_r"": 0.8, ""beta_a"": 0.3, ""beta_l"": 0.4, ""beta_r"": 0.5, ""cloud_count"": 1, ""crossover_probability"": 0.5, ""dnn_count"": 30, ""edge_count"": 10, ""edge_link_factor"": 2.0, ""iteration_limit"": 200, ""lambda_g"": 0.7, ""lambda_h"": 0.7, ""mutation_probability"": 0.25, ""name"": ""population_20"", ""population_size"": 20, ""preference"": ""adaptive"", ""suite"": ""sensitivity"", ""use_dag_aware_initialization"": true, ""use_dag_block_crossover"": true, ""use_elite_local_search"": true, ""use_skew_mutation"": true, ""user_count"": null}",539.397013278137,0.1077655426697047,0.7229195531853745,6782.943913177122,0,24706
sensitivity:population_40:d54f1713e4:customized:repeat_0:seed_20260719,sensitivity,population_40,customized,0,20260719,"{""alpha_a"": 0.5, ""alpha_l"": 0.7, ""alpha_r"": 0.8, ""beta_a"": 0.3, ""beta_l"": 0.4, ""beta_r"": 0.5, ""cloud_count"": 1, ""crossover_probability"": 0.5, ""dnn_count"": 30, ""edge_count"": 10, ""edge_link_factor"": 2.0, ""iteration_limit"": 200, ""lambda_g"": 0.7, ""lambda_h"": 0.7, ""mutation_probability"": 0.25, ""name"": ""population_40"", ""population_size"": 40, ""preference"": ""adaptive"", ""suite"": ""sensitivity"", ""use_dag_aware_initialization"": true, ""use_dag_block_crossover"": true, ""use_elite_local_search"": true, ""use_skew_mutation"": true, ""user_count"": null}",569.6041098113429,0.14774412723418404,0.7947151542231249,6323.798660052922,1,54128
sensitivity:population_40:d54f1713e4:customized:repeat_1:seed_20260720,sensitivity,population_40,customized,1,20260720,"{""alpha_a"": 0.5, ""alpha_l"": 0.7, ""alpha_r"": 0.8, ""beta_a"": 0.3, ""beta_l"": 0.4, ""beta_r"": 0.5, ""cloud_count"": 1, ""crossover_probability"": 0.5, ""dnn_count"": 30, ""edge_count"": 10, ""edge_link_factor"": 2.0, ""iteration_limit"": 200, ""lambda_g"": 0.7, ""lambda_h"": 0.7, ""mutation_probability"": 0.25, ""name"": ""population_40"", ""population_size"": 40, ""preference"": ""adaptive"", ""suite"": ""sensitivity"", ""use_dag_aware_initialization"": true, ""use_dag_block_crossover"": true, ""use_elite_local_search"": true, ""use_skew_mutation"": true, ""user_count"": null}",533.9061108840891,0.16179464958194384,0.729722934887962,6153.797165402968,0,55837
sensitivity:population_40:d54f1713e4:customized:repeat_2:seed_20260721,sensitivity,population_40,customized,2,20260721,"{""alpha_a"": 0.5, ""alpha_l"": 0.7, ""alpha_r"": 0.8, ""beta_a"": 0.3, ""beta_l"": 0.4, ""beta_r"": 0.5, ""cloud_count"": 1, ""crossover_probability"": 0.5, ""dnn_count"": 30, ""edge_count"": 10, ""edge_link_factor"": 2.0, ""iteration_limit"": 200, ""lambda_g"": 0.7, ""lambda_h"": 0.7, ""mutation_probability"": 0.25, ""name"": ""population_40"", ""population_size"": 40, ""preference"": ""adaptive"", ""suite"": ""sensitivity"", ""use_dag_aware_initialization"": true, ""use_dag_block_crossover"": true, ""use_elite_local_search"": true, ""use_skew_mutation"": true, ""user_count"": null}",440.34844458005654,0.170146779131711,0.7143491038474296,5942.977051751924,0,55368
sensitivity:population_40:d54f1713e4:customized:repeat_3:seed_20260722,sensitivity,population_40,customized,3,20260722,"{""alpha_a"": 0.5, ""alpha_l"": 0.7, ""alpha_r"": 0.8, ""beta_a"": 0.3, ""beta_l"": 0.4, ""beta_r"": 0.5, ""cloud_count"": 1, ""crossover_probability"": 0.5, ""dnn_count"": 30, ""edge_count"": 10, ""edge_link_factor"": 2.0, ""iteration_limit"": 200, ""lambda_g"": 0.7, ""lambda_h"": 0.7, ""mutation_probability"": 0.25, ""name"": ""population_40"", ""population_size"": 40, ""preference"": ""adaptive"", ""suite"": ""sensitivity"", ""use_dag_aware_initialization"": true, ""use_dag_block_crossover"": true, ""use_elite_local_search"": true, ""use_skew_mutation"": true, ""user_count"": null}",550.8278881380803,0.15900600635813097,0.7595645011604361,6325.142763158511,0,56050
sensitivity:population_40:d54f1713e4:customized:repeat_4:seed_20260723,sensitivity,population_40,customized,4,20260723,"{""alpha_a"": 0.5, ""alpha_l"": 0.7, ""alpha_r"": 0.8, ""beta_a"": 0.3, ""beta_l"": 0.4, ""beta_r"": 0.5, ""cloud_count"": 1, ""crossover_probability"": 0.5, ""dnn_count"": 30, ""edge_count"": 10, ""edge_link_factor"": 2.0, ""iteration_limit"": 200, ""lambda_g"": 0.7, ""lambda_h"": 0.7, ""mutation_probability"": 0.25, ""name"": ""population_40"", ""population_size"": 40, ""preference"": ""adaptive"", ""suite"": ""sensitivity"", ""use_dag_aware_initialization"": true, ""use_dag_block_crossover"": true, ""use_elite_local_search"": true, ""use_skew_mutation"": true, ""user_count"": null}",527.6701547652193,0.18669486845743874,0.8020097605571045,5657.242089542637,1,52944
sensitivity:population_40:d54f1713e4:customized:repeat_5:seed_20260724,sensitivity,population_40,customized,5,20260724,"{""alpha_a"": 0.5, ""alpha_l"": 0.7, ""alpha_r"": 0.8, ""beta_a"": 0.3, ""beta_l"": 0.4, ""beta_r"": 0.5, ""cloud_count"": 1, ""crossover_probability"": 0.5, ""dnn_count"": 30, ""edge_count"": 10, ""edge_link_factor"": 2.0, ""iteration_limit"": 200, ""lambda_g"": 0.7, ""lambda_h"": 0.7, ""mutation_probability"": 0.25, ""name"": ""population_40"", ""population_size"": 40, ""preference"": ""adaptive"", ""suite"": ""sensitivity"", ""use_dag_aware_initialization"": true, ""use_dag_block_crossover"": true, ""use_elite_local_search"": true, ""use_skew_mutation"": true, ""user_count"": null}",584.6348707982265,0.1463742635248174,0.7744090933065254,6154.667288205723,1,53398
sensitivity:population_40:d54f1713e4:customized:repeat_6:seed_20260725,sensitivity,population_40,customized,6,20260725,"{""alpha_a"": 0.5, ""alpha_l"": 0.7, ""alpha_r"": 0.8, ""beta_a"": 0.3, ""beta_l"": 0.4, ""beta_r"": 0.5, ""cloud_count"": 1, ""crossover_probability"": 0.5, ""dnn_count"": 30, ""edge_count"": 10, ""edge_link_factor"": 2.0, ""iteration_limit"": 200, ""lambda_g"": 0.7, ""lambda_h"": 0.7, ""mutation_probability"": 0.25, ""name"": ""population_40"", ""population_size"": 40, ""preference"": ""adaptive"", ""suite"": ""sensitivity"", ""use_dag_aware_initialization"": true, ""use_dag_block_crossover"": true, ""use_elite_local_search"": true, ""use_skew_mutation"": true, ""user_count"": null}",547.3450376128495,0.15622474536181255,0.7762454317607118,6351.367867350973,0,57376
sensitivity:population_40:d54f1713e4:customized:repeat_7:seed_20260726,sensitivity,population_40,customized,7,20260726,"{""alpha_a"": 0.5, ""alpha_l"": 0.7, ""alpha_r"": 0.8, ""beta_a"": 0.3, ""beta_l"": 0.4, ""beta_r"": 0.5, ""cloud_count"": 1, ""crossover_probability"": 0.5, ""dnn_count"": 30, ""edge_count"": 10, ""edge_link_factor"": 2.0, ""iteration_limit"": 200, ""lambda_g"": 0.7, ""lambda_h"": 0.7, ""mutation_probability"": 0.25, ""name"": ""population_40"", ""population_size"": 40, ""preference"": ""adaptive"", ""suite"": ""sensitivity"", ""use_dag_aware_initialization"": true, ""use_dag_block_crossover"": true, ""use_elite_local_search"": true, ""use_skew_mutation"": true, ""user_count"": null}",498.62585878858846,0.15972991249366444,0.7233248212364854,6645.045597279302,2,54503
sensitivity:population_40:d54f1713e4:customized:repeat_8:seed_20260727,sensitivity,population_40,customized,8,20260727,"{""alpha_a"": 0.5, ""alpha_l"": 0.7, ""alpha_r"": 0.8, ""beta_a"": 0.3, ""beta_l"": 0.4, ""beta_r"": 0.5, ""cloud_count"": 1, ""crossover_probability"": 0.5, ""dnn_count"": 30, ""edge_count"": 10, ""edge_link_factor"": 2.0, ""iteration_limit"": 200, ""lambda_g"": 0.7, ""lambda_h"": 0.7, ""mutation_probability"": 0.25, ""name"": ""population_40"", ""population_size"": 40, ""preference"": ""adaptive"", ""suite"": ""sensitivity"", ""use_dag_aware_initialization"": true, ""use_dag_block_crossover"": true, ""use_elite_local_search"": true, ""use_skew_mutation"": true, ""user_count"": null}",557.2896143736323,0.13596415036266363,0.7457538322372046,6821.381028231841,1,57370
sensitivity:population_40:d54f1713e4:customized:repeat_9:seed_20260728,sensitivity,population_40,customized,9,20260728,"{""alpha_a"": 0.5, ""alpha_l"": 0.7, ""alpha_r"": 0.8, ""beta_a"": 0.3, ""beta_l"": 0.4, ""beta_r"": 0.5, ""cloud_count"": 1, ""crossover_probability"": 0.5, ""dnn_count"": 30, ""edge_count"": 10, ""edge_link_factor"": 2.0, ""iteration_limit"": 200, ""lambda_g"": 0.7, ""lambda_h"": 0.7, ""mutation_probability"": 0.25, ""name"": ""population_40"", ""population_size"": 40, ""preference"": ""adaptive"", ""suite"": ""sensitivity"", ""use_dag_aware_initialization"": true, ""use_dag_block_crossover"": true, ""use_elite_local_search"": true, ""use_skew_mutation"": true, ""user_count"": null}",513.8434738933876,0.1473075708045063,0.7392165537411555,6197.286457316187,0,54655
sensitivity:population_60:d378483a06:customized:repeat_0:seed_20260719,sensitivity,population_60,customized,0,20260719,"{""alpha_a"": 0.5, ""alpha_l"": 0.7, ""alpha_r"": 0.8, ""beta_a"": 0.3, ""beta_l"": 0.4, ""beta_r"": 0.5, ""cloud_count"": 1, ""crossover_probability"": 0.5, ""dnn_count"": 30, ""edge_count"": 10, ""edge_link_factor"": 2.0, ""iteration_limit"": 200, ""lambda_g"": 0.7, ""lambda_h"": 0.7, ""mutation_probability"": 0.25, ""name"": ""population_60"", ""population_size"": 60, ""preference"": ""adaptive"", ""suite"": ""sensitivity"", ""use_dag_aware_initialization"": true, ""use_dag_block_crossover"": true, ""use_elite_local_search"": true, ""use_skew_mutation"": true, ""user_count"": null}",585.4710452733435,0.15857681364205076,0.7878773193626643,6190.967304063439,0,89354
sensitivity:population_60:d378483a06:customized:repeat_1:seed_20260720,sensitivity,population_60,customized,1,20260720,"{""alpha_a"": 0.5, ""alpha_l"": 0.7, ""alpha_r"": 0.8, ""beta_a"": 0.3, ""beta_l"": 0.4, ""beta_r"": 0.5, ""cloud_count"": 1, ""crossover_probability"": 0.5, ""dnn_count"": 30, ""edge_count"": 10, ""edge_link_factor"": 2.0, ""iteration_limit"": 200, ""lambda_g"": 0.7, ""lambda_h"": 0.7, ""mutation_probability"": 0.25, ""name"": ""population_60"", ""population_size"": 60, ""preference"": ""adaptive"", ""suite"": ""sensitivity"", ""use_dag_aware_initialization"": true, ""use_dag_block_crossover"": true, ""use_elite_local_search"": true, ""use_skew_mutation"": true, ""user_count"": null}",522.7589904653419,0.16604198156803507,0.7318534940702449,6009.072345394557,0,92247
sensitivity:population_60:d378483a06:customized:repeat_2:seed_20260721,sensitivity,population_60,customized,2,20260721,"{""alpha_a"": 0.5, ""alpha_l"": 0.7, ""alpha_r"": 0.8, ""beta_a"": 0.3, ""beta_l"": 0.4, ""beta_r"": 0.5, ""cloud_count"": 1, ""crossover_probability"": 0.5, ""dnn_count"": 30, ""edge_count"": 10, ""edge_link_factor"": 2.0, ""iteration_limit"": 200, ""lambda_g"": 0.7, ""lambda_h"": 0.7, ""mutation_probability"": 0.25, ""name"": ""population_60"", ""population_size"": 60, ""preference"": ""adaptive"", ""suite"": ""sensitivity"", ""use_dag_aware_initialization"": true, ""use_dag_block_crossover"": true, ""use_elite_local_search"": true, ""use_skew_mutation"": true, ""user_count"": null}",445.9688944377268,0.1728194490626768,0.7234918223896156,5935.4969996490645,0,91444
sensitivity:population_60:d378483a06:customized:repeat_3:seed_20260722,sensitivity,population_60,customized,3,20260722,"{""alpha_a"": 0.5, ""alpha_l"": 0.7, ""alpha_r"": 0.8, ""beta_a"": 0.3, ""beta_l"": 0.4, ""beta_r"": 0.5, ""cloud_count"": 1, ""crossover_probability"": 0.5, ""dnn_count"": 30, ""edge_count"": 10, ""edge_link_factor"": 2.0, ""iteration_limit"": 200, ""lambda_g"": 0.7, ""lambda_h"": 0.7, ""mutation_probability"": 0.25, ""name"": ""population_60"", ""population_size"": 60, ""preference"": ""adaptive"", ""suite"": ""sensitivity"", ""use_dag_aware_initialization"": true, ""use_dag_block_crossover"": true, ""use_elite_local_search"": true, ""use_skew_mutation"": true, ""user_count"": null}",536.8969773769408,0.18274193269632025,0.7628585905960675,6177.639224393977,0,93142
sensitivity:population_60:d378483a06:customized:repeat_4:seed_20260723,sensitivity,population_60,customized,4,20260723,"{""alpha_a"": 0.5, ""alpha_l"": 0.7, ""alpha_r"": 0.8, ""beta_a"": 0.3, ""beta_l"": 0.4, ""beta_r"": 0.5, ""cloud_count"": 1, ""crossover_probability"": 0.5, ""dnn_count"": 30, ""edge_count"": 10, ""edge_link_factor"": 2.0, ""iteration_limit"": 200, ""lambda_g"": 0.7, ""lambda_h"": 0.7, ""mutation_probability"": 0.25, ""name"": ""population_60"", ""population_size"": 60, ""preference"": ""adaptive"", ""suite"": ""sensitivity"", ""use_dag_aware_initialization"": true, ""use_dag_block_crossover"": true, ""use_elite_local_search"": true, ""use_skew_mutation"": true, ""user_count"": null}",529.5676812470248,0.18880957562658648,0.7895080981371547,5726.371158759943,0,89448
sensitivity:population_60:d378483a06:customized:repeat_5:seed_20260724,sensitivity,population_60,customized,5,20260724,"{""alpha_a"": 0.5, ""alpha_l"": 0.7, ""alpha_r"": 0.8, ""beta_a"": 0.3, ""beta_l"": 0.4, ""beta_r"": 0.5, ""cloud_count"": 1, ""crossover_probability"": 0.5, ""dnn_count"": 30, ""edge_count"": 10, ""edge_link_factor"": 2.0, ""iteration_limit"": 200, ""lambda_g"": 0.7, ""lambda_h"": 0.7, ""mutation_probability"": 0.25, ""name"": ""population_60"", ""population_size"": 60, ""preference"": ""adaptive"", ""suite"": ""sensitivity"", ""use_dag_aware_initialization"": true, ""use_dag_block_crossover"": true, ""use_elite_local_search"": true, ""use_skew_mutation"": true, ""user_count"": null}",582.2015475451358,0.17895077931781325,0.7706259957182205,5614.629438133489,1,87991
sensitivity:population_60:d378483a06:customized:repeat_6:seed_20260725,sensitivity,population_60,customized,6,20260725,"{""alpha_a"": 0.5, ""alpha_l"": 0.7, ""alpha_r"": 0.8, ""beta_a"": 0.3, ""beta_l"": 0.4, ""beta_r"": 0.5, ""cloud_count"": 1, ""crossover_probability"": 0.5, ""dnn_count"": 30, ""edge_count"": 10, ""edge_link_factor"": 2.0, ""iteration_limit"": 200, ""lambda_g"": 0.7, ""lambda_h"": 0.7, ""mutation_probability"": 0.25, ""name"": ""population_60"", ""population_size"": 60, ""preference"": ""adaptive"", ""suite"": ""sensitivity"", ""use_dag_aware_initialization"": true, ""use_dag_block_crossover"": true, ""use_elite_local_search"": true, ""use_skew_mutation"": true, ""user_count"": null}",552.3098214932498,0.16022686552417773,0.7702801621992276,6472.67318092196,0,92965
sensitivity:population_60:d378483a06:customized:repeat_7:seed_20260726,sensitivity,population_60,customized,7,20260726,"{""alpha_a"": 0.5, ""alpha_l"": 0.7, ""alpha_r"": 0.8, ""beta_a"": 0.3, ""beta_l"": 0.4, ""beta_r"": 0.5, ""cloud_count"": 1, ""crossover_probability"": 0.5, ""dnn_count"": 30, ""edge_count"": 10, ""edge_link_factor"": 2.0, ""iteration_limit"": 200, ""lambda_g"": 0.7, ""lambda_h"": 0.7, ""mutation_probability"": 0.25, ""name"": ""population_60"", ""population_size"": 60, ""preference"": ""adaptive"", ""suite"": ""sensitivity"", ""use_dag_aware_initialization"": true, ""use_dag_block_crossover"": true, ""use_elite_local_search"": true, ""use_skew_mutation"": true, ""user_count"": null}",506.03273578912007,0.1465138494634397,0.7162725759419708,6549.8736257273395,1,93829
sensitivity:population_60:d378483a06:customized:repeat_8:seed_20260727,sensitivity,population_60,customized,8,20260727,"{""alpha_a"": 0.5, ""alpha_l"": 0.7, ""alpha_r"": 0.8, ""beta_a"": 0.3, ""beta_l"": 0.4, ""beta_r"": 0.5, ""cloud_count"": 1, ""crossover_probability"": 0.5, ""dnn_count"": 30, ""edge_count"": 10, ""edge_link_factor"": 2.0, ""iteration_limit"": 200, ""lambda_g"": 0.7, ""lambda_h"": 0.7, ""mutation_probability"": 0.25, ""name"": ""population_60"", ""population_size"": 60, ""preference"": ""adaptive"", ""suite"": ""sensitivity"", ""use_dag_aware_initialization"": true, ""use_dag_block_crossover"": true, ""use_elite_local_search"": true, ""use_skew_mutation"": true, ""user_count"": null}",561.8693985559441,0.15580418594092563,0.71490059983055,6578.604376487279,0,96605
sensitivity:population_60:d378483a06:customized:repeat_9:seed_20260728,sensitivity,population_60,customized,9,20260728,"{""alpha_a"": 0.5, ""alpha_l"": 0.7, ""alpha_r"": 0.8, ""beta_a"": 0.3, ""beta_l"": 0.4, ""beta_r"": 0.5, ""cloud_count"": 1, ""crossover_probability"": 0.5, ""dnn_count"": 30, ""edge_count"": 10, ""edge_link_factor"": 2.0, ""iteration_limit"": 200, ""lambda_g"": 0.7, ""lambda_h"": 0.7, ""mutation_probability"": 0.25, ""name"": ""population_60"", ""population_size"": 60, ""preference"": ""adaptive"", ""suite"": ""sensitivity"", ""use_dag_aware_initialization"": true, ""use_dag_block_crossover"": true, ""use_elite_local_search"": true, ""use_skew_mutation"": true, ""user_count"": null}",503.07981325961407,0.19553281595538388,0.7237170091572269,5494.112301217771,1,89019
sensitivity:population_80:d4413e869e:customized:repeat_0:seed_20260719,sensitivity,population_80,customized,0,20260719,"{""alpha_a"": 0.5, ""alpha_l"": 0.7, ""alpha_r"": 0.8, ""beta_a"": 0.3, ""beta_l"": 0.4, ""beta_r"": 0.5, ""cloud_count"": 1, ""crossover_probability"": 0.5, ""dnn_count"": 30, ""edge_count"": 10, ""edge_link_factor"": 2.0, ""iteration_limit"": 200, ""lambda_g"": 0.7, ""lambda_h"": 0.7, ""mutation_probability"": 0.25, ""name"": ""population_80"", ""population_size"": 80, ""preference"": ""adaptive"", ""suite"": ""sensitivity"", ""use_dag_aware_initialization"": true, ""use_dag_block_crossover"": true, ""use_elite_local_search"": true, ""use_skew_mutation"": true, ""user_count"": null}",566.3469131336724,0.1658942941371582,0.7876135737594426,6264.511419995053,1,132292
sensitivity:population_80:d4413e869e:customized:repeat_1:seed_20260720,sensitivity,population_80,customized,1,20260720,"{""alpha_a"": 0.5, ""alpha_l"": 0.7, ""alpha_r"": 0.8, ""beta_a"": 0.3, ""beta_l"": 0.4, ""beta_r"": 0.5, ""cloud_count"": 1, ""crossover_probability"": 0.5, ""dnn_count"": 30, ""edge_count"": 10, ""edge_link_factor"": 2.0, ""iteration_limit"": 200, ""lambda_g"": 0.7, ""lambda_h"": 0.7, ""mutation_probability"": 0.25, ""name"": ""population_80"", ""population_size"": 80, ""preference"": ""adaptive"", ""suite"": ""sensitivity"", ""use_dag_aware_initialization"": true, ""use_dag_block_crossover"": true, ""use_elite_local_search"": true, ""use_skew_mutation"": true, ""user_count"": null}",503.3576271645274,0.19854297194811518,0.7207593801660847,5706.978916476955,0,135569
sensitivity:population_80:d4413e869e:customized:repeat_2:seed_20260721,sensitivity,population_80,customized,2,20260721,"{""alpha_a"": 0.5, ""alpha_l"": 0.7, ""alpha_r"": 0.8, ""beta_a"": 0.3, ""beta_l"": 0.4, ""beta_r"": 0.5, ""cloud_count"": 1, ""crossover_probability"": 0.5, ""dnn_count"": 30, ""edge_count"": 10, ""edge_link_factor"": 2.0, ""iteration_limit"": 200, ""lambda_g"": 0.7, ""lambda_h"": 0.7, ""mutation_probability"": 0.25, ""name"": ""population_80"", ""population_size"": 80, ""preference"": ""adaptive"", ""suite"": ""sensitivity"", ""use_dag_aware_initialization"": true, ""use_dag_block_crossover"": true, ""use_elite_local_search"": true, ""use_skew_mutation"": true, ""user_count"": null}",456.42973628138236,0.15034031764549763,0.715663977391162,6363.586564625677,0,135283
sensitivity:population_80:d4413e869e:customized:repeat_3:seed_20260722,sensitivity,population_80,customized,3,20260722,"{""alpha_a"": 0.5, ""alpha_l"": 0.7, ""alpha_r"": 0.8, ""beta_a"": 0.3, ""beta_l"": 0.4, ""beta_r"": 0.5, ""cloud_count"": 1, ""crossover_probability"": 0.5, ""dnn_count"": 30, ""edge_count"": 10, ""edge_link_factor"": 2.0, ""iteration_limit"": 200, ""lambda_g"": 0.7, ""lambda_h"": 0.7, ""mutation_probability"": 0.25, ""name"": ""population_80"", ""population_size"": 80, ""preference"": ""adaptive"", ""suite"": ""sensitivity"", ""use_dag_aware_initialization"": true, ""use_dag_block_crossover"": true, ""use_elite_local_search"": true, ""use_skew_mutation"": true, ""user_count"": null}",550.4392079459926,0.18250947034041534,0.7560288477468959,5998.827213367632,1,136176
sensitivity:population_80:d4413e869e:customized:repeat_4:seed_20260723,sensitivity,population_80,customized,4,20260723,"{""alpha_a"": 0.5, ""alpha_l"": 0.7, ""alpha_r"": 0.8, ""beta_a"": 0.3, ""beta_l"": 0.4, ""beta_r"": 0.5, ""cloud_count"": 1, ""crossover_probability"": 0.5, ""dnn_count"": 30, ""edge_count"": 10, ""edge_link_factor"": 2.0, ""iteration_limit"": 200, ""lambda_g"": 0.7, ""lambda_h"": 0.7, ""mutation_probability"": 0.25, ""name"": ""population_80"", ""population_size"": 80, ""preference"": ""adaptive"", ""suite"": ""sensitivity"", ""use_dag_aware_initialization"": true, ""use_dag_block_crossover"": true, ""use_elite_local_search"": true, ""use_skew_mutation"": true, ""user_count"": null}",541.9294739788189,0.17469991913053828,0.7847358941354076,5863.206970615381,0,132599
sensitivity:population_80:d4413e869e:customized:repeat_5:seed_20260724,sensitivity,population_80,customized,5,20260724,"{""alpha_a"": 0.5, ""alpha_l"": 0.7, ""alpha_r"": 0.8, ""beta_a"": 0.3, ""beta_l"": 0.4, ""beta_r"": 0.5, ""cloud_count"": 1, ""crossover_probability"": 0.5, ""dnn_count"": 30, ""edge_count"": 10, ""edge_link_factor"": 2.0, ""iteration_limit"": 200, ""lambda_g"": 0.7, ""lambda_h"": 0.7, ""mutation_probability"": 0.25, ""name"": ""population_80"", ""population_size"": 80, ""preference"": ""adaptive"", ""suite"": ""sensitivity"", ""use_dag_aware_initialization"": true, ""use_dag_block_crossover"": true, ""use_elite_local_search"": true, ""use_skew_mutation"": true, ""user_count"": null}",585.3300841314402,0.18662311327689146,0.760329442308056,5600.518660450239,1,130539
sensitivity:population_80:d4413e869e:customized:repeat_6:seed_20260725,sensitivity,population_80,customized,6,20260725,"{""alpha_a"": 0.5, ""alpha_l"": 0.7, ""alpha_r"": 0.8, ""beta_a"": 0.3, ""beta_l"": 0.4, ""beta_r"": 0.5, ""cloud_count"": 1, ""crossover_probability"": 0.5, ""dnn_count"": 30, ""edge_count"": 10, ""edge_link_factor"": 2.0, ""iteration_limit"": 200, ""lambda_g"": 0.7, ""lambda_h"": 0.7, ""mutation_probability"": 0.25, ""name"": ""population_80"", ""population_size"": 80, ""preference"": ""adaptive"", ""suite"": ""sensitivity"", ""use_dag_aware_initialization"": true, ""use_dag_block_crossover"": true, ""use_elite_local_search"": true, ""use_skew_mutation"": true, ""user_count"": null}",554.8901121410782,0.1744590178351792,0.7718030364436619,6187.601322472533,0,137305
sensitivity:population_80:d4413e869e:customized:repeat_7:seed_20260726,sensitivity,population_80,customized,7,20260726,"{""alpha_a"": 0.5, ""alpha_l"": 0.7, ""alpha_r"": 0.8, ""beta_a"": 0.3, ""beta_l"": 0.4, ""beta_r"": 0.5, ""cloud_count"": 1, ""crossover_probability"": 0.5, ""dnn_count"": 30, ""edge_count"": 10, ""edge_link_factor"": 2.0, ""iteration_limit"": 200, ""lambda_g"": 0.7, ""lambda_h"": 0.7, ""mutation_probability"": 0.25, ""name"": ""population_80"", ""population_size"": 80, ""preference"": ""adaptive"", ""suite"": ""sensitivity"", ""use_dag_aware_initialization"": true, ""use_dag_block_crossover"": true, ""use_elite_local_search"": true, ""use_skew_mutation"": true, ""user_count"": null}",494.67483528256105,0.15728880811640794,0.7165824282154326,6549.233924254212,1,137004
sensitivity:population_80:d4413e869e:customized:repeat_8:seed_20260727,sensitivity,population_80,customized,8,20260727,"{""alpha_a"": 0.5, ""alpha_l"": 0.7, ""alpha_r"": 0.8, ""beta_a"": 0.3, ""beta_l"": 0.4, ""beta_r"": 0.5, ""cloud_count"": 1, ""crossover_probability"": 0.5, ""dnn_count"": 30, ""edge_count"": 10, ""edge_link_factor"": 2.0, ""iteration_limit"": 200, ""lambda_g"": 0.7, ""lambda_h"": 0.7, ""mutation_probability"": 0.25, ""name"": ""population_80"", ""population_size"": 80, ""preference"": ""adaptive"", ""suite"": ""sensitivity"", ""use_dag_aware_initialization"": true, ""use_dag_block_crossover"": true, ""use_elite_local_search"": true, ""use_skew_mutation"": true, ""user_count"": null}",548.0755944798843,0.09686700004143621,0.7449237948906512,6783.870558284212,0,142144
sensitivity:population_80:d4413e869e:customized:repeat_9:seed_20260728,sensitivity,population_80,customized,9,20260728,"{""alpha_a"": 0.5, ""alpha_l"": 0.7, ""alpha_r"": 0.8, ""beta_a"": 0.3, ""beta_l"": 0.4, ""beta_r"": 0.5, ""cloud_count"": 1, ""crossover_probability"": 0.5, ""dnn_count"": 30, ""edge_count"": 10, ""edge_link_factor"": 2.0, ""iteration_limit"": 200, ""lambda_g"": 0.7, ""lambda_h"": 0.7, ""mutation_probability"": 0.25, ""name"": ""population_80"", ""population_size"": 80, ""preference"": ""adaptive"", ""suite"": ""sensitivity"", ""use_dag_aware_initialization"": true, ""use_dag_block_crossover"": true, ""use_elite_local_search"": true, ""use_skew_mutation"": true, ""user_count"": null}",500.38332241566997,0.2029925139868392,0.7283616371510475,5457.295998027697,0,130839
sensitivity:population_100:68ca7d067f:customized:repeat_0:seed_20260719,sensitivity,population_100,customized,0,20260719,"{""alpha_a"": 0.5, ""alpha_l"": 0.7, ""alpha_r"": 0.8, ""beta_a"": 0.3, ""beta_l"": 0.4, ""beta_r"": 0.5, ""cloud_count"": 1, ""crossover_probability"": 0.5, ""dnn_count"": 30, ""edge_count"": 10, ""edge_link_factor"": 2.0, ""iteration_limit"": 200, ""lambda_g"": 0.7, ""lambda_h"": 0.7, ""mutation_probability"": 0.25, ""name"": ""population_100"", ""population_size"": 100, ""preference"": ""adaptive"", ""suite"": ""sensitivity"", ""use_dag_aware_initialization"": true, ""use_dag_block_crossover"": true, ""use_elite_local_search"": true, ""use_skew_mutation"": true, ""user_count"": null}",569.9599580673096,0.17702547927354476,0.8017169212467216,6131.914006937708,1,179339
sensitivity:population_100:68ca7d067f:customized:repeat_1:seed_20260720,sensitivity,population_100,customized,1,20260720,"{""alpha_a"": 0.5, ""alpha_l"": 0.7, ""alpha_r"": 0.8, ""beta_a"": 0.3, ""beta_l"": 0.4, ""beta_r"": 0.5, ""cloud_count"": 1, ""crossover_probability"": 0.5, ""dnn_count"": 30, ""edge_count"": 10, ""edge_link_factor"": 2.0, ""iteration_limit"": 200, ""lambda_g"": 0.7, ""lambda_h"": 0.7, ""mutation_probability"": 0.25, ""name"": ""population_100"", ""population_size"": 100, ""preference"": ""adaptive"", ""suite"": ""sensitivity"", ""use_dag_aware_initialization"": true, ""use_dag_block_crossover"": true, ""use_elite_local_search"": true, ""use_skew_mutation"": true, ""user_count"": null}",513.9886798025992,0.20031108031038422,0.7071151674043974,5520.14350211146,0,183190
sensitivity:population_100:68ca7d067f:customized:repeat_2:seed_20260721,sensitivity,population_100,customized,2,20260721,"{""alpha_a"": 0.5, ""alpha_l"": 0.7, ""alpha_r"": 0.8, ""beta_a"": 0.3, ""beta_l"": 0.4, ""beta_r"": 0.5, ""cloud_count"": 1, ""crossover_probability"": 0.5, ""dnn_count"": 30, ""edge_count"": 10, ""edge_link_factor"": 2.0, ""iteration_limit"": 200, ""lambda_g"": 0.7, ""lambda_h"": 0.7, ""mutation_probability"": 0.25, ""name"": ""population_100"", ""population_size"": 100, ""preference"": ""adaptive"", ""suite"": ""sensitivity"", ""use_dag_aware_initialization"": true, ""use_dag_block_crossover"": true, ""use_elite_local_search"": true, ""use_skew_mutation"": true, ""user_count"": null}",439.1724227332271,0.1839035514040749,0.7212799240792884,5712.902644892562,0,184363
sensitivity:population_100:68ca7d067f:customized:repeat_3:seed_20260722,sensitivity,population_100,customized,3,20260722,"{""alpha_a"": 0.5, ""alpha_l"": 0.7, ""alpha_r"": 0.8, ""beta_a"": 0.3, ""beta_l"": 0.4, ""beta_r"": 0.5, ""cloud_count"": 1, ""crossover_probability"": 0.5, ""dnn_count"": 30, ""edge_count"": 10, ""edge_link_factor"": 2.0, ""iteration_limit"": 200, ""lambda_g"": 0.7, ""lambda_h"": 0.7, ""mutation_probability"": 0.25, ""name"": ""population_100"", ""population_size"": 100, ""preference"": ""adaptive"", ""suite"": ""sensitivity"", ""use_dag_aware_initialization"": true, ""use_dag_block_crossover"": true, ""use_elite_local_search"": true, ""use_skew_mutation"": true, ""user_count"": null}",545.3389299515253,0.1952347910280055,0.7524154751139421,5802.249048475235,0,191742
sensitivity:population_100:68ca7d067f:customized:repeat_4:seed_20260723,sensitivity,population_100,customized,4,20260723,"{""alpha_a"": 0.5, ""alpha_l"": 0.7, ""alpha_r"": 0.8, ""beta_a"": 0.3, ""beta_l"": 0.4, ""beta_r"": 0.5, ""cloud_count"": 1, ""crossover_probability"": 0.5, ""dnn_count"": 30, ""edge_count"": 10, ""edge_link_factor"": 2.0, ""iteration_limit"": 200, ""lambda_g"": 0.7, ""lambda_h"": 0.7, ""mutation_probability"": 0.25, ""name"": ""population_100"", ""population_size"": 100, ""preference"": ""adaptive"", ""suite"": ""sensitivity"", ""use_dag_aware_initialization"": true, ""use_dag_block_crossover"": true, ""use_elite_local_search"": true, ""use_skew_mutation"": true, ""user_count"": null}",529.5177211431163,0.19758768593297574,0.7826261240682856,5635.503537282803,0,188446
sensitivity:population_100:68ca7d067f:customized:repeat_5:seed_20260724,sensitivity,population_100,customized,5,20260724,"{""alpha_a"": 0.5, ""alpha_l"": 0.7, ""alpha_r"": 0.8, ""beta_a"": 0.3, ""beta_l"": 0.4, ""beta_r"": 0.5, ""cloud_count"": 1, ""crossover_probability"": 0.5, ""dnn_count"": 30, ""edge_count"": 10, ""edge_link_factor"": 2.0, ""iteration_limit"": 200, ""lambda_g"": 0.7, ""lambda_h"": 0.7, ""mutation_probability"": 0.25, ""name"": ""population_100"", ""population_size"": 100, ""preference"": ""adaptive"", ""suite"": ""sensitivity"", ""use_dag_aware_initialization"": true, ""use_dag_block_crossover"": true, ""use_elite_local_search"": true, ""use_skew_mutation"": true, ""user_count"": null}",588.1407956993148,0.15964083406384535,0.778026233069103,5945.717789361478,1,186136
sensitivity:population_100:68ca7d067f:customized:repeat_6:seed_20260725,sensitivity,population_100,customized,6,20260725,"{""alpha_a"": 0.5, ""alpha_l"": 0.7, ""alpha_r"": 0.8, ""beta_a"": 0.3, ""beta_l"": 0.4, ""beta_r"": 0.5, ""cloud_count"": 1, ""crossover_probability"": 0.5, ""dnn_count"": 30, ""edge_count"": 10, ""edge_link_factor"": 2.0, ""iteration_limit"": 200, ""lambda_g"": 0.7, ""lambda_h"": 0.7, ""mutation_probability"": 0.25, ""name"": ""population_100"", ""population_size"": 100, ""preference"": ""adaptive"", ""suite"": ""sensitivity"", ""use_dag_aware_initialization"": true, ""use_dag_block_crossover"": true, ""use_elite_local_search"": true, ""use_skew_mutation"": true, ""user_count"": null}",564.7316222481171,0.16071777033554288,0.7727240347446906,6382.016154643573,0,197007
sensitivity:population_100:68ca7d067f:customized:repeat_7:seed_20260726,sensitivity,population_100,customized,7,20260726,"{""alpha_a"": 0.5, ""alpha_l"": 0.7, ""alpha_r"": 0.8, ""beta_a"": 0.3, ""beta_l"": 0.4, ""beta_r"": 0.5, ""cloud_count"": 1, ""crossover_probability"": 0.5, ""dnn_count"": 30, ""edge_count"": 10, ""edge_link_factor"": 2.0, ""iteration_limit"": 200, ""lambda_g"": 0.7, ""lambda_h"": 0.7, ""mutation_probability"": 0.25, ""name"": ""population_100"", ""population_size"": 100, ""preference"": ""adaptive"", ""suite"": ""sensitivity"", ""use_dag_aware_initialization"": true, ""use_dag_block_crossover"": true, ""use_elite_local_search"": true, ""use_skew_mutation"": true, ""user_count"": null}",496.47840310056034,0.18469216615756404,0.723034926841399,6168.194281787255,2,195629
sensitivity:population_100:68ca7d067f:customized:repeat_8:seed_20260727,sensitivity,population_100,customized,8,20260727,"{""alpha_a"": 0.5, ""alpha_l"": 0.7, ""alpha_r"": 0.8, ""beta_a"": 0.3, ""beta_l"": 0.4, ""beta_r"": 0.5, ""cloud_count"": 1, ""crossover_probability"": 0.5, ""dnn_count"": 30, ""edge_count"": 10, ""edge_link_factor"": 2.0, ""iteration_limit"": 200, ""lambda_g"": 0.7, ""lambda_h"": 0.7, ""mutation_probability"": 0.25, ""name"": ""population_100"", ""population_size"": 100, ""preference"": ""adaptive"", ""suite"": ""sensitivity"", ""use_dag_aware_initialization"": true, ""use_dag_block_crossover"": true, ""use_elite_local_search"": true, ""use_skew_mutation"": true, ""user_count"": null}",524.8977821502536,0.16606998977556067,0.7323326557574125,6052.403424866763,0,202881
sensitivity:population_100:68ca7d067f:customized:repeat_9:seed_20260728,sensitivity,population_100,customized,9,20260728,"{""alpha_a"": 0.5, ""alpha_l"": 0.7, ""alpha_r"": 0.8, ""beta_a"": 0.3, ""beta_l"": 0.4, ""beta_r"": 0.5, ""cloud_count"": 1, ""crossover_probability"": 0.5, ""dnn_count"": 30, ""edge_count"": 10, ""edge_link_factor"": 2.0, ""iteration_limit"": 200, ""lambda_g"": 0.7, ""lambda_h"": 0.7, ""mutation_probability"": 0.25, ""name"": ""population_100"", ""population_size"": 100, ""preference"": ""adaptive"", ""suite"": ""sensitivity"", ""use_dag_aware_initialization"": true, ""use_dag_block_crossover"": true, ""use_elite_local_search"": true, ""use_skew_mutation"": true, ""user_count"": null}",506.6233143463231,0.1663632788803754,0.7127167724308107,5700.514427199623,0,191825
sensitivity:iterations_80:7147a8f216:customized:repeat_0:seed_20260719,sensitivity,iterations_80,customized,0,20260719,"{""alpha_a"": 0.5, ""alpha_l"": 0.7, ""alpha_r"": 0.8, ""beta_a"": 0.3, ""beta_l"": 0.4, ""beta_r"": 0.5, ""cloud_count"": 1, ""crossover_probability"": 0.5, ""dnn_count"": 30, ""edge_count"": 10, ""edge_link_factor"": 2.0, ""iteration_limit"": 80, ""lambda_g"": 0.7, ""lambda_h"": 0.7, ""mutation_probability"": 0.25, ""name"": ""iterations_80"", ""population_size"": 60, ""preference"": ""adaptive"", ""suite"": ""sensitivity"", ""use_dag_aware_initialization"": true, ""use_dag_block_crossover"": true, ""use_elite_local_search"": true, ""use_skew_mutation"": true, ""user_count"": null}",591.4885216269214,0.12487584127443407,0.7987391744718741,7055.909083483092,1,38789
sensitivity:iterations_80:7147a8f216:customized:repeat_1:seed_20260720,sensitivity,iterations_80,customized,1,20260720,"{""alpha_a"": 0.5, ""alpha_l"": 0.7, ""alpha_r"": 0.8, ""beta_a"": 0.3, ""beta_l"": 0.4, ""beta_r"": 0.5, ""cloud_count"": 1, ""crossover_probability"": 0.5, ""dnn_count"": 30, ""edge_count"": 10, ""edge_link_factor"": 2.0, ""iteration_limit"": 80, ""lambda_g"": 0.7, ""lambda_h"": 0.7, ""mutation_probability"": 0.25, ""name"": ""iterations_80"", ""population_size"": 60, ""preference"": ""adaptive"", ""suite"": ""sensitivity"", ""use_dag_aware_initialization"": true, ""use_dag_block_crossover"": true, ""use_elite_local_search"": true, ""use_skew_mutation"": true, ""user_count"": null}",535.807641421813,0.12332081803615162,0.7457853782105027,6616.656259284438,0,38913
sensitivity:iterations_80:7147a8f216:customized:repeat_2:seed_20260721,sensitivity,iterations_80,customized,2,20260721,"{""alpha_a"": 0.5, ""alpha_l"": 0.7, ""alpha_r"": 0.8, ""beta_a"": 0.3, ""beta_l"": 0.4, ""beta_r"": 0.5, ""cloud_count"": 1, ""crossover_probability"": 0.5, ""dnn_count"": 30, ""edge_count"": 10, ""edge_link_factor"": 2.0, ""iteration_limit"": 80, ""lambda_g"": 0.7, ""lambda_h"": 0.7, ""mutation_probability"": 0.25, ""name"": ""iterations_80"", ""population_size"": 60, ""preference"": ""adaptive"", ""suite"": ""sensitivity"", ""use_dag_aware_initialization"": true, ""use_dag_block_crossover"": true, ""use_elite_local_search"": true, ""use_skew_mutation"": true, ""user_count"": null}",477.1838562371036,0.08943544309851684,0.7319522266014834,7506.819073871024,0,39330
sensitivity:iterations_80:7147a8f216:customized:repeat_3:seed_20260722,sensitivity,iterations_80,customized,3,20260722,"{""alpha_a"": 0.5, ""alpha_l"": 0.7, ""alpha_r"": 0.8, ""beta_a"": 0.3, ""beta_l"": 0.4, ""beta_r"": 0.5, ""cloud_count"": 1, ""crossover_probability"": 0.5, ""dnn_count"": 30, ""edge_count"": 10, ""edge_link_factor"": 2.0, ""iteration_limit"": 80, ""lambda_g"": 0.7, ""lambda_h"": 0.7, ""mutation_probability"": 0.25, ""name"": ""iterations_80"", ""population_size"": 60, ""preference"": ""adaptive"", ""suite"": ""sensitivity"", ""use_dag_aware_initialization"": true, ""use_dag_block_crossover"": true, ""use_elite_local_search"": true, ""use_skew_mutation"": true, ""user_count"": null}",562.9163728683683,0.12516496810183397,0.7643784816368309,7122.184684988437,0,41007
sensitivity:iterations_80:7147a8f216:customized:repeat_4:seed_20260723,sensitivity,iterations_80,customized,4,20260723,"{""alpha_a"": 0.5, ""alpha_l"": 0.7, ""alpha_r"": 0.8, ""beta_a"": 0.3, ""beta_l"": 0.4, ""beta_r"": 0.5, ""cloud_count"": 1, ""crossover_probability"": 0.5, ""dnn_count"": 30, ""edge_count"": 10, ""edge_link_factor"": 2.0, ""iteration_limit"": 80, ""lambda_g"": 0.7, ""lambda_h"": 0.7, ""mutation_probability"": 0.25, ""name"": ""iterations_80"", ""population_size"": 60, ""preference"": ""adaptive"", ""suite"": ""sensitivity"", ""use_dag_aware_initialization"": true, ""use_dag_block_crossover"": true, ""use_elite_local_search"": true, ""use_skew_mutation"": true, ""user_count"": null}",558.3304732061009,0.13006543049058406,0.7928351021608969,6707.547300336415,0,38047
sensitivity:iterations_80:7147a8f216:customized:repeat_5:seed_20260724,sensitivity,iterations_80,customized,5,20260724,"{""alpha_a"": 0.5, ""alpha_l"": 0.7, ""alpha_r"": 0.8, ""beta_a"": 0.3, ""beta_l"": 0.4, ""beta_r"": 0.5, ""cloud_count"": 1, ""crossover_probability"": 0.5, ""dnn_count"": 30, ""edge_count"": 10, ""edge_link_factor"": 2.0, ""iteration_limit"": 80, ""lambda_g"": 0.7, ""lambda_h"": 0.7, ""mutation_probability"": 0.25, ""name"": ""iterations_80"", ""population_size"": 60, ""preference"": ""adaptive"", ""suite"": ""sensitivity"", ""use_dag_aware_initialization"": true, ""use_dag_block_crossover"": true, ""use_elite_local_search"": true, ""use_skew_mutation"": true, ""user_count"": null}",597.9811496774455,0.13189000542841595,0.7919955277334517,6309.4946783636615,2,38755
sensitivity:iterations_80:7147a8f216:customized:repeat_6:seed_20260725,sensitivity,iterations_80,customized,6,20260725,"{""alpha_a"": 0.5, ""alpha_l"": 0.7, ""alpha_r"": 0.8, ""beta_a"": 0.3, ""beta_l"": 0.4, ""beta_r"": 0.5, ""cloud_count"": 1, ""crossover_probability"": 0.5, ""dnn_count"": 30, ""edge_count"": 10, ""edge_link_factor"": 2.0, ""iteration_limit"": 80, ""lambda_g"": 0.7, ""lambda_h"": 0.7, ""mutation_probability"": 0.25, ""name"": ""iterations_80"", ""population_size"": 60, ""preference"": ""adaptive"", ""suite"": ""sensitivity"", ""use_dag_aware_initialization"": true, ""use_dag_block_crossover"": true, ""use_elite_local_search"": true, ""use_skew_mutation"": true, ""user_count"": null}",579.3478909196604,0.11754266054805429,0.7873970883516298,7340.777249655253,1,39169
sensitivity:iterations_80:7147a8f216:customized:repeat_7:seed_20260726,sensitivity,iterations_80,customized,7,20260726,"{""alpha_a"": 0.5, ""alpha_l"": 0.7, ""alpha_r"": 0.8, ""beta_a"": 0.3, ""beta_l"": 0.4, ""beta_r"": 0.5, ""cloud_count"": 1, ""crossover_probability"": 0.5, ""dnn_count"": 30, ""edge_count"": 10, ""edge_link_factor"": 2.0, ""iteration_limit"": 80, ""lambda_g"": 0.7, ""lambda_h"": 0.7, ""mutation_probability"": 0.25, ""name"": ""iterations_80"", ""population_size"": 60, ""preference"": ""adaptive"", ""suite"": ""sensitivity"", ""use_dag_aware_initialization"": true, ""use_dag_block_crossover"": true, ""use_elite_local_search"": true, ""use_skew_mutation"": true, ""user_count"": null}",534.5483709623785,0.08608747444380674,0.7243394501121724,7979.124072164827,1,40892
sensitivity:iterations_80:7147a8f216:customized:repeat_8:seed_20260727,sensitivity,iterations_80,customized,8,20260727,"{""alpha_a"": 0.5, ""alpha_l"": 0.7, ""alpha_r"": 0.8, ""beta_a"": 0.3, ""beta_l"": 0.4, ""beta_r"": 0.5, ""cloud_count"": 1, ""crossover_probability"": 0.5, ""dnn_count"": 30, ""edge_count"": 10, ""edge_link_factor"": 2.0, ""iteration_limit"": 80, ""lambda_g"": 0.7, ""lambda_h"": 0.7, ""mutation_probability"": 0.25, ""name"": ""iterations_80"", ""population_size"": 60, ""preference"": ""adaptive"", ""suite"": ""sensitivity"", ""use_dag_aware_initialization"": true, ""use_dag_block_crossover"": true, ""use_elite_local_search"": true, ""use_skew_mutation"": true, ""user_count"": null}",561.179087959521,0.0966846297479611,0.7411558024444201,7105.221350293114,0,42049
sensitivity:iterations_80:7147a8f216:customized:repeat_9:seed_20260728,sensitivity,iterations_80,customized,9,20260728,"{""alpha_a"": 0.5, ""alpha_l"": 0.7, ""alpha_r"": 0.8, ""beta_a"": 0.3, ""beta_l"": 0.4, ""beta_r"": 0.5, ""cloud_count"": 1, ""crossover_probability"": 0.5, ""dnn_count"": 30, ""edge_count"": 10, ""edge_link_factor"": 2.0, ""iteration_limit"": 80, ""lambda_g"": 0.7, ""lambda_h"": 0.7, ""mutation_probability"": 0.25, ""name"": ""iterations_80"", ""population_size"": 60, ""preference"": ""adaptive"", ""suite"": ""sensitivity"", ""use_dag_aware_initialization"": true, ""use_dag_block_crossover"": true, ""use_elite_local_search"": true, ""use_skew_mutation"": true, ""user_count"": null}",526.6296891827488,0.10813708304238875,0.7386255247188186,6998.525065208236,0,39294
sensitivity:iterations_120:a00b233b42:customized:repeat_0:seed_20260719,sensitivity,iterations_120,customized,0,20260719,"{""alpha_a"": 0.5, ""alpha_l"": 0.7, ""alpha_r"": 0.8, ""beta_a"": 0.3, ""beta_l"": 0.4, ""beta_r"": 0.5, ""cloud_count"": 1, ""crossover_probability"": 0.5, ""dnn_count"": 30, ""edge_count"": 10, ""edge_link_factor"": 2.0, ""iteration_limit"": 120, ""lambda_g"": 0.7, ""lambda_h"": 0.7, ""mutation_probability"": 0.25, ""name"": ""iterations_120"", ""population_size"": 60, ""preference"": ""adaptive"", ""suite"": ""sensitivity"", ""use_dag_aware_initialization"": true, ""use_dag_block_crossover"": true, ""use_elite_local_search"": true, ""use_skew_mutation"": true, ""user_count"": null}",588.439278826566,0.13494030433699888,0.7906323438909421,6621.199906321045,0,57485
sensitivity:iterations_120:a00b233b42:customized:repeat_1:seed_20260720,sensitivity,iterations_120,customized,1,20260720,"{""alpha_a"": 0.5, ""alpha_l"": 0.7, ""alpha_r"": 0.8, ""beta_a"": 0.3, ""beta_l"": 0.4, ""beta_r"": 0.5, ""cloud_count"": 1, ""crossover_probability"": 0.5, ""dnn_count"": 30, ""edge_count"": 10, ""edge_link_factor"": 2.0, ""iteration_limit"": 120, ""lambda_g"": 0.7, ""lambda_h"": 0.7, ""mutation_probability"": 0.25, ""name"": ""iterations_120"", ""population_size"": 60, ""preference"": ""adaptive"", ""suite"": ""sensitivity"", ""use_dag_aware_initialization"": true, ""use_dag_block_crossover"": true, ""use_elite_local_search"": true, ""use_skew_mutation"": true, ""user_count"": null}",542.7238289448999,0.1227445299018345,0.7348533323400819,6646.498325667054,0,58573
sensitivity:iterations_120:a00b233b42:customized:repeat_2:seed_20260721,sensitivity,iterations_120,customized,2,20260721,"{""alpha_a"": 0.5, ""alpha_l"": 0.7, ""alpha_r"": 0.8, ""beta_a"": 0.3, ""beta_l"": 0.4, ""beta_r"": 0.5, ""cloud_count"": 1, ""crossover_probability"": 0.5, ""dnn_count"": 30, ""edge_count"": 10, ""edge_link_factor"": 2.0, ""iteration_limit"": 120, ""lambda_g"": 0.7, ""lambda_h"": 0.7, ""mutation_probability"": 0.25, ""name"": ""iterations_120"", ""population_size"": 60, ""preference"": ""adaptive"", ""suite"": ""sensitivity"", ""use_dag_aware_initialization"": true, ""use_dag_block_crossover"": true, ""use_elite_local_search"": true, ""use_skew_mutation"": true, ""user_count"": null}",466.2329604187804,0.10661884321544814,0.7247472840294232,6914.2884559029235,0,57742
sensitivity:iterations_120:a00b233b42:customized:repeat_3:seed_20260722,sensitivity,iterations_120,customized,3,20260722,"{""alpha_a"": 0.5, ""alpha_l"": 0.7, ""alpha_r"": 0.8, ""beta_a"": 0.3, ""beta_l"": 0.4, ""beta_r"": 0.5, ""cloud_count"": 1, ""crossover_probability"": 0.5, ""dnn_count"": 30, ""edge_count"": 10, ""edge_link_factor"": 2.0, ""iteration_limit"": 120, ""lambda_g"": 0.7, ""lambda_h"": 0.7, ""mutation_probability"": 0.25, ""name"": ""iterations_120"", ""population_size"": 60, ""preference"": ""adaptive"", ""suite"": ""sensitivity"", ""use_dag_aware_initialization"": true, ""use_dag_block_crossover"": true, ""use_elite_local_search"": true, ""use_skew_mutation"": true, ""user_count"": null}",553.9251673915703,0.14752820230460031,0.7511557776406412,6460.308959417194,0,58304
sensitivity:iterations_120:a00b233b42:customized:repeat_4:seed_20260723,sensitivity,iterations_120,customized,4,20260723,"{""alpha_a"": 0.5, ""alpha_l"": 0.7, ""alpha_r"": 0.8, ""beta_a"": 0.3, ""beta_l"": 0.4, ""beta_r"": 0.5, ""cloud_count"": 1, ""crossover_probability"": 0.5, ""dnn_count"": 30, ""edge_count"": 10, ""edge_link_factor"": 2.0, ""iteration_limit"": 120, ""lambda_g"": 0.7, ""lambda_h"": 0.7, ""mutation_probability"": 0.25, ""name"": ""iterations_120"", ""population_size"": 60, ""preference"": ""adaptive"", ""suite"": ""sensitivity"", ""use_dag_aware_initialization"": true, ""use_dag_block_crossover"": true, ""use_elite_local_search"": true, ""use_skew_mutation"": true, ""user_count"": null}",545.7273380743212,0.15779673150455734,0.8003363438620925,6238.0410783416355,0,57558
sensitivity:iterations_120:a00b233b42:customized:repeat_5:seed_20260724,sensitivity,iterations_120,customized,5,20260724,"{""alpha_a"": 0.5, ""alpha_l"": 0.7, ""alpha_r"": 0.8, ""beta_a"": 0.3, ""beta_l"": 0.4, ""beta_r"": 0.5, ""cloud_count"": 1, ""crossover_probability"": 0.5, ""dnn_count"": 30, ""edge_count"": 10, ""edge_link_factor"": 2.0, ""iteration_limit"": 120, ""lambda_g"": 0.7, ""lambda_h"": 0.7, ""mutation_probability"": 0.25, ""name"": ""iterations_120"", ""population_size"": 60, ""preference"": ""adaptive"", ""suite"": ""sensitivity"", ""use_dag_aware_initialization"": true, ""use_dag_block_crossover"": true, ""use_elite_local_search"": true, ""use_skew_mutation"": true, ""user_count"": null}",600.2732628631607,0.1512543676672849,0.7678662605420356,6254.994139929487,1,57859
sensitivity:iterations_120:a00b233b42:customized:repeat_6:seed_20260725,sensitivity,iterations_120,customized,6,20260725,"{""alpha_a"": 0.5, ""alpha_l"": 0.7, ""alpha_r"": 0.8, ""beta_a"": 0.3, ""beta_l"": 0.4, ""beta_r"": 0.5, ""cloud_count"": 1, ""crossover_probability"": 0.5, ""dnn_count"": 30, ""edge_count"": 10, ""edge_link_factor"": 2.0, ""iteration_limit"": 120, ""lambda_g"": 0.7, ""lambda_h"": 0.7, ""mutation_probability"": 0.25, ""name"": ""iterations_120"", ""population_size"": 60, ""preference"": ""adaptive"", ""suite"": ""sensitivity"", ""use_dag_aware_initialization"": true, ""use_dag_block_crossover"": true, ""use_elite_local_search"": true, ""use_skew_mutation"": true, ""user_count"": null}",559.5569592316411,0.13645608777262833,0.7698467718810853,6811.4551449125765,0,60850
sensitivity:iterations_120:a00b233b42:customized:repeat_7:seed_20260726,sensitivity,iterations_120,customized,7,20260726,"{""alpha_a"": 0.5, ""alpha_l"": 0.7, ""alpha_r"": 0.8, ""beta_a"": 0.3, ""beta_l"": 0.4, ""beta_r"": 0.5, ""cloud_count"": 1, ""crossover_probability"": 0.5, ""dnn_count"": 30, ""edge_count"": 10, ""edge_link_factor"": 2.0, ""iteration_limit"": 120, ""lambda_g"": 0.7, ""lambda_h"": 0.7, ""mutation_probability"": 0.25, ""name"": ""iterations_120"", ""population_size"": 60, ""preference"": ""adaptive"", ""suite"": ""sensitivity"", ""use_dag_aware_initialization"": true, ""use_dag_block_crossover"": true, ""use_elite_local_search"": true, ""use_skew_mutation"": true, ""user_count"": null}",501.4275612322325,0.11358503990965939,0.7414850251870174,7145.016991244244,2,58919
sensitivity:iterations_120:a00b233b42:customized:repeat_8:seed_20260727,sensitivity,iterations_120,customized,8,20260727,"{""alpha_a"": 0.5, ""alpha_l"": 0.7, ""alpha_r"": 0.8, ""beta_a"": 0.3, ""beta_l"": 0.4, ""beta_r"": 0.5, ""cloud_count"": 1, ""crossover_probability"": 0.5, ""dnn_count"": 30, ""edge_count"": 10, ""edge_link_factor"": 2.0, ""iteration_limit"": 120, ""lambda_g"": 0.7, ""lambda_h"": 0.7, ""mutation_probability"": 0.25, ""name"": ""iterations_120"", ""population_size"": 60, ""preference"": ""adaptive"", ""suite"": ""sensitivity"", ""use_dag_aware_initialization"": true, ""use_dag_block_crossover"": true, ""use_elite_local_search"": true, ""use_skew_mutation"": true, ""user_count"": null}",536.3201292406244,0.1269586575874585,0.7351107838880768,6670.363251418343,0,62420
sensitivity:iterations_120:a00b233b42:customized:repeat_9:seed_20260728,sensitivity,iterations_120,customized,9,20260728,"{""alpha_a"": 0.5, ""alpha_l"": 0.7, ""alpha_r"": 0.8, ""beta_a"": 0.3, ""beta_l"": 0.4, ""beta_r"": 0.5, ""cloud_count"": 1, ""crossover_probability"": 0.5, ""dnn_count"": 30, ""edge_count"": 10, ""edge_link_factor"": 2.0, ""iteration_limit"": 120, ""lambda_g"": 0.7, ""lambda_h"": 0.7, ""mutation_probability"": 0.25, ""name"": ""iterations_120"", ""population_size"": 60, ""preference"": ""adaptive"", ""suite"": ""sensitivity"", ""use_dag_aware_initialization"": true, ""use_dag_block_crossover"": true, ""use_elite_local_search"": true, ""use_skew_mutation"": true, ""user_count"": null}",523.6150112846672,0.11969307689190668,0.7477982836107245,6571.139360430259,1,57979
sensitivity:iterations_160:cd31e690f1:customized:repeat_0:seed_20260719,sensitivity,iterations_160,customized,0,20260719,"{""alpha_a"": 0.5, ""alpha_l"": 0.7, ""alpha_r"": 0.8, ""beta_a"": 0.3, ""beta_l"": 0.4, ""beta_r"": 0.5, ""cloud_count"": 1, ""crossover_probability"": 0.5, ""dnn_count"": 30, ""edge_count"": 10, ""edge_link_factor"": 2.0, ""iteration_limit"": 160, ""lambda_g"": 0.7, ""lambda_h"": 0.7, ""mutation_probability"": 0.25, ""name"": ""iterations_160"", ""population_size"": 60, ""preference"": ""adaptive"", ""suite"": ""sensitivity"", ""use_dag_aware_initialization"": true, ""use_dag_block_crossover"": true, ""use_elite_local_search"": true, ""use_skew_mutation"": true, ""user_count"": null}",589.9506234116939,0.15838845604986457,0.7891844706817897,6428.310594005744,1,74635
sensitivity:iterations_160:cd31e690f1:customized:repeat_1:seed_20260720,sensitivity,iterations_160,customized,1,20260720,"{""alpha_a"": 0.5, ""alpha_l"": 0.7, ""alpha_r"": 0.8, ""beta_a"": 0.3, ""beta_l"": 0.4, ""beta_r"": 0.5, ""cloud_count"": 1, ""crossover_probability"": 0.5, ""dnn_count"": 30, ""edge_count"": 10, ""edge_link_factor"": 2.0, ""iteration_limit"": 160, ""lambda_g"": 0.7, ""lambda_h"": 0.7, ""mutation_probability"": 0.25, ""name"": ""iterations_160"", ""population_size"": 60, ""preference"": ""adaptive"", ""suite"": ""sensitivity"", ""use_dag_aware_initialization"": true, ""use_dag_block_crossover"": true, ""use_elite_local_search"": true, ""use_skew_mutation"": true, ""user_count"": null}",527.4604341763848,0.15701040704960761,0.728082513330502,6328.397826149144,0,78507
sensitivity:iterations_160:cd31e690f1:customized:repeat_2:seed_20260721,sensitivity,iterations_160,customized,2,20260721,"{""alpha_a"": 0.5, ""alpha_l"": 0.7, ""alpha_r"": 0.8, ""beta_a"": 0.3, ""beta_l"": 0.4, ""beta_r"": 0.5, ""cloud_count"": 1, ""crossover_probability"": 0.5, ""dnn_count"": 30, ""edge_count"": 10, ""edge_link_factor"": 2.0, ""iteration_limit"": 160, ""lambda_g"": 0.7, ""lambda_h"": 0.7, ""mutation_probability"": 0.25, ""name"": ""iterations_160"", ""population_size"": 60, ""preference"": ""adaptive"", ""suite"": ""sensitivity"", ""use_dag_aware_initialization"": true, ""use_dag_block_crossover"": true, ""use_elite_local_search"": true, ""use_skew_mutation"": true, ""user_count"": null}",461.8378605359367,0.14825066927584232,0.7359524567978567,6142.973101262478,1,75432
sensitivity:iterations_160:cd31e690f1:customized:repeat_3:seed_20260722,sensitivity,iterations_160,customized,3,20260722,"{""alpha_a"": 0.5, ""alpha_l"": 0.7, ""alpha_r"": 0.8, ""beta_a"": 0.3, ""beta_l"": 0.4, ""beta_r"": 0.5, ""cloud_count"": 1, ""crossover_probability"": 0.5, ""dnn_count"": 30, ""edge_count"": 10, ""edge_link_factor"": 2.0, ""iteration_limit"": 160, ""lambda_g"": 0.7, ""lambda_h"": 0.7, ""mutation_probability"": 0.25, ""name"": ""iterations_160"", ""population_size"": 60, ""preference"": ""adaptive"", ""suite"": ""sensitivity"", ""use_dag_aware_initialization"": true, ""use_dag_block_crossover"": true, ""use_elite_local_search"": true, ""use_skew_mutation"": true, ""user_count"": null}",555.7939324615004,0.1490256329325662,0.739495425837034,6386.058701383392,0,78613
sensitivity:iterations_160:cd31e690f1:customized:repeat_4:seed_20260723,sensitivity,iterations_160,customized,4,20260723,"{""alpha_a"": 0.5, ""alpha_l"": 0.7, ""alpha_r"": 0.8, ""beta_a"": 0.3, ""beta_l"": 0.4, ""beta_r"": 0.5, ""cloud_count"": 1, ""crossover_probability"": 0.5, ""dnn_count"": 30, ""edge_count"": 10, ""edge_link_factor"": 2.0, ""iteration_limit"": 160, ""lambda_g"": 0.7, ""lambda_h"": 0.7, ""mutation_probability"": 0.25, ""name"": ""iterations_160"", ""population_size"": 60, ""preference"": ""adaptive"", ""suite"": ""sensitivity"", ""use_dag_aware_initialization"": true, ""use_dag_block_crossover"": true, ""use_elite_local_search"": true, ""use_skew_mutation"": true, ""user_count"": null}",536.3092924106509,0.17299362000438723,0.7590664856801413,5829.791993892362,0,74803
sensitivity:iterations_160:cd31e690f1:customized:repeat_5:seed_20260724,sensitivity,iterations_160,customized,5,20260724,"{""alpha_a"": 0.5, ""alpha_l"": 0.7, ""alpha_r"": 0.8, ""beta_a"": 0.3, ""beta_l"": 0.4, ""beta_r"": 0.5, ""cloud_count"": 1, ""crossover_probability"": 0.5, ""dnn_count"": 30, ""edge_count"": 10, ""edge_link_factor"": 2.0, ""iteration_limit"": 160, ""lambda_g"": 0.7, ""lambda_h"": 0.7, ""mutation_probability"": 0.25, ""name"": ""iterations_160"", ""population_size"": 60, ""preference"": ""adaptive"", ""suite"": ""sensitivity"", ""use_dag_aware_initialization"": true, ""use_dag_block_crossover"": true, ""use_elite_local_search"": true, ""use_skew_mutation"": true, ""user_count"": null}",589.2940284412377,0.16636974012238404,0.7646443314501463,5859.923262127429,1,73403
sensitivity:iterations_160:cd31e690f1:customized:repeat_6:seed_20260725,sensitivity,iterations_160,customized,6,20260725,"{""alpha_a"": 0.5, ""alpha_l"": 0.7, ""alpha_r"": 0.8, ""beta_a"": 0.3, ""beta_l"": 0.4, ""beta_r"": 0.5, ""cloud_count"": 1, ""crossover_probability"": 0.5, ""dnn_count"": 30, ""edge_count"": 10, ""edge_link_factor"": 2.0, ""iteration_limit"": 160, ""lambda_g"": 0.7, ""lambda_h"": 0.7, ""mutation_probability"": 0.25, ""name"": ""iterations_160"", ""population_size"": 60, ""preference"": ""adaptive"", ""suite"": ""sensitivity"", ""use_dag_aware_initialization"": true, ""use_dag_block_crossover"": true, ""use_elite_local_search"": true, ""use_skew_mutation"": true, ""user_count"": null}",553.054991471433,0.16571516768282643,0.7709800202178575,6362.394123538773,0,76661
sensitivity:iterations_160:cd31e690f1:customized:repeat_7:seed_20260726,sensitivity,iterations_160,customized,7,20260726,"{""alpha_a"": 0.5, ""alpha_l"": 0.7, ""alpha_r"": 0.8, ""beta_a"": 0.3, ""beta_l"": 0.4, ""beta_r"": 0.5, ""cloud_count"": 1, ""crossover_probability"": 0.5, ""dnn_count"": 30, ""edge_count"": 10, ""edge_link_factor"": 2.0, ""iteration_limit"": 160, ""lambda_g"": 0.7, ""lambda_h"": 0.7, ""mutation_probability"": 0.25, ""name"": ""iterations_160"", ""population_size"": 60, ""preference"": ""adaptive"", ""suite"": ""sensitivity"", ""use_dag_aware_initialization"": true, ""use_dag_block_crossover"": true, ""use_elite_local_search"": true, ""use_skew_mutation"": true, ""user_count"": null}",495.90084460221215,0.13631561447198937,0.7241452368353616,6600.994445937084,1,78316
sensitivity:iterations_160:cd31e690f1:customized:repeat_8:seed_20260727,sensitivity,iterations_160,customized,8,20260727,"{""alpha_a"": 0.5, ""alpha_l"": 0.7, ""alpha_r"": 0.8, ""beta_a"": 0.3, ""beta_l"": 0.4, ""beta_r"": 0.5, ""cloud_count"": 1, ""crossover_probability"": 0.5, ""dnn_count"": 30, ""edge_count"": 10, ""edge_link_factor"": 2.0, ""iteration_limit"": 160, ""lambda_g"": 0.7, ""lambda_h"": 0.7, ""mutation_probability"": 0.25, ""name"": ""iterations_160"", ""population_size"": 60, ""preference"": ""adaptive"", ""suite"": ""sensitivity"", ""use_dag_aware_initialization"": true, ""use_dag_block_crossover"": true, ""use_elite_local_search"": true, ""use_skew_mutation"": true, ""user_count"": null}",543.321419919285,0.11745087885046304,0.7359724713819672,6650.684891933107,0,80860
sensitivity:iterations_160:cd31e690f1:customized:repeat_9:seed_20260728,sensitivity,iterations_160,customized,9,20260728,"{""alpha_a"": 0.5, ""alpha_l"": 0.7, ""alpha_r"": 0.8, ""beta_a"": 0.3, ""beta_l"": 0.4, ""beta_r"": 0.5, ""cloud_count"": 1, ""crossover_probability"": 0.5, ""dnn_count"": 30, ""edge_count"": 10, ""edge_link_factor"": 2.0, ""iteration_limit"": 160, ""lambda_g"": 0.7, ""lambda_h"": 0.7, ""mutation_probability"": 0.25, ""name"": ""iterations_160"", ""population_size"": 60, ""preference"": ""adaptive"", ""suite"": ""sensitivity"", ""use_dag_aware_initialization"": true, ""use_dag_block_crossover"": true, ""use_elite_local_search"": true, ""use_skew_mutation"": true, ""user_count"": null}",516.3877060679732,0.14499122982395524,0.7355383201292042,6503.323682634212,0,73118
sensitivity:iterations_200:0980ed39f4:customized:repeat_0:seed_20260719,sensitivity,iterations_200,customized,0,20260719,"{""alpha_a"": 0.5, ""alpha_l"": 0.7, ""alpha_r"": 0.8, ""beta_a"": 0.3, ""beta_l"": 0.4, ""beta_r"": 0.5, ""cloud_count"": 1, ""crossover_probability"": 0.5, ""dnn_count"": 30, ""edge_count"": 10, ""edge_link_factor"": 2.0, ""iteration_limit"": 200, ""lambda_g"": 0.7, ""lambda_h"": 0.7, ""mutation_probability"": 0.25, ""name"": ""iterations_200"", ""population_size"": 60, ""preference"": ""adaptive"", ""suite"": ""sensitivity"", ""use_dag_aware_initialization"": true, ""use_dag_block_crossover"": true, ""use_elite_local_search"": true, ""use_skew_mutation"": true, ""user_count"": null}",585.4710452733435,0.15857681364205076,0.7878773193626643,6190.967304063439,0,92563
sensitivity:iterations_200:0980ed39f4:customized:repeat_1:seed_20260720,sensitivity,iterations_200,customized,1,20260720,"{""alpha_a"": 0.5, ""alpha_l"": 0.7, ""alpha_r"": 0.8, ""beta_a"": 0.3, ""beta_l"": 0.4, ""beta_r"": 0.5, ""cloud_count"": 1, ""crossover_probability"": 0.5, ""dnn_count"": 30, ""edge_count"": 10, ""edge_link_factor"": 2.0, ""iteration_limit"": 200, ""lambda_g"": 0.7, ""lambda_h"": 0.7, ""mutation_probability"": 0.25, ""name"": ""iterations_200"", ""population_size"": 60, ""preference"": ""adaptive"", ""suite"": ""sensitivity"", ""use_dag_aware_initialization"": true, ""use_dag_block_crossover"": true, ""use_elite_local_search"": true, ""use_skew_mutation"": true, ""user_count"": null}",522.7589904653419,0.16604198156803507,0.7318534940702449,6009.072345394557,0,93769
sensitivity:iterations_200:0980ed39f4:customized:repeat_2:seed_20260721,sensitivity,iterations_200,customized,2,20260721,"{""alpha_a"": 0.5, ""alpha_l"": 0.7, ""alpha_r"": 0.8, ""beta_a"": 0.3, ""beta_l"": 0.4, ""beta_r"": 0.5, ""cloud_count"": 1, ""crossover_probability"": 0.5, ""dnn_count"": 30, ""edge_count"": 10, ""edge_link_factor"": 2.0, ""iteration_limit"": 200, ""lambda_g"": 0.7, ""lambda_h"": 0.7, ""mutation_probability"": 0.25, ""name"": ""iterations_200"", ""population_size"": 60, ""preference"": ""adaptive"", ""suite"": ""sensitivity"", ""use_dag_aware_initialization"": true, ""use_dag_block_crossover"": true, ""use_elite_local_search"": true, ""use_skew_mutation"": true, ""user_count"": null}",445.9688944377268,0.1728194490626768,0.7234918223896156,5935.4969996490645,0,97056
sensitivity:iterations_200:0980ed39f4:customized:repeat_3:seed_20260722,sensitivity,iterations_200,customized,3,20260722,"{""alpha_a"": 0.5, ""alpha_l"": 0.7, ""alpha_r"": 0.8, ""beta_a"": 0.3, ""beta_l"": 0.4, ""beta_r"": 0.5, ""cloud_count"": 1, ""crossover_probability"": 0.5, ""dnn_count"": 30, ""edge_count"": 10, ""edge_link_factor"": 2.0, ""iteration_limit"": 200, ""lambda_g"": 0.7, ""lambda_h"": 0.7, ""mutation_probability"": 0.25, ""name"": ""iterations_200"", ""population_size"": 60, ""preference"": ""adaptive"", ""suite"": ""sensitivity"", ""use_dag_aware_initialization"": true, ""use_dag_block_crossover"": true, ""use_elite_local_search"": true, ""use_skew_mutation"": true, ""user_count"": null}",536.8969773769408,0.18274193269632025,0.7628585905960675,6177.639224393977,0,96378
sensitivity:iterations_200:0980ed39f4:customized:repeat_4:seed_20260723,sensitivity,iterations_200,customized,4,20260723,"{""alpha_a"": 0.5, ""alpha_l"": 0.7, ""alpha_r"": 0.8, ""beta_a"": 0.3, ""beta_l"": 0.4, ""beta_r"": 0.5, ""cloud_count"": 1, ""crossover_probability"": 0.5, ""dnn_count"": 30, ""edge_count"": 10, ""edge_link_factor"": 2.0, ""iteration_limit"": 200, ""lambda_g"": 0.7, ""lambda_h"": 0.7, ""mutation_probability"": 0.25, ""name"": ""iterations_200"", ""population_size"": 60, ""preference"": ""adaptive"", ""suite"": ""sensitivity"", ""use_dag_aware_initialization"": true, ""use_dag_block_crossover"": true, ""use_elite_local_search"": true, ""use_skew_mutation"": true, ""user_count"": null}",529.5676812470248,0.18880957562658648,0.7895080981371547,5726.371158759943,0,90725
sensitivity:iterations_200:0980ed39f4:customized:repeat_5:seed_20260724,sensitivity,iterations_200,customized,5,20260724,"{""alpha_a"": 0.5, ""alpha_l"": 0.7, ""alpha_r"": 0.8, ""beta_a"": 0.3, ""beta_l"": 0.4, ""beta_r"": 0.5, ""cloud_count"": 1, ""crossover_probability"": 0.5, ""dnn_count"": 30, ""edge_count"": 10, ""edge_link_factor"": 2.0, ""iteration_limit"": 200, ""lambda_g"": 0.7, ""lambda_h"": 0.7, ""mutation_probability"": 0.25, ""name"": ""iterations_200"", ""population_size"": 60, ""preference"": ""adaptive"", ""suite"": ""sensitivity"", ""use_dag_aware_initialization"": true, ""use_dag_block_crossover"": true, ""use_elite_local_search"": true, ""use_skew_mutation"": true, ""user_count"": null}",582.2015475451358,0.17895077931781325,0.7706259957182205,5614.629438133489,1,91976
sensitivity:iterations_200:0980ed39f4:customized:repeat_6:seed_20260725,sensitivity,iterations_200,customized,6,20260725,"{""alpha_a"": 0.5, ""alpha_l"": 0.7, ""alpha_r"": 0.8, ""beta_a"": 0.3, ""beta_l"": 0.4, ""beta_r"": 0.5, ""cloud_count"": 1, ""crossover_probability"": 0.5, ""dnn_count"": 30, ""edge_count"": 10, ""edge_link_factor"": 2.0, ""iteration_limit"": 200, ""lambda_g"": 0.7, ""lambda_h"": 0.7, ""mutation_probability"": 0.25, ""name"": ""iterations_200"", ""population_size"": 60, ""preference"": ""adaptive"", ""suite"": ""sensitivity"", ""use_dag_aware_initialization"": true, ""use_dag_block_crossover"": true, ""use_elite_local_search"": true, ""use_skew_mutation"": true, ""user_count"": null}",552.3098214932498,0.16022686552417773,0.7702801621992276,6472.67318092196,0,98867
sensitivity:iterations_200:0980ed39f4:customized:repeat_7:seed_20260726,sensitivity,iterations_200,customized,7,20260726,"{""alpha_a"": 0.5, ""alpha_l"": 0.7, ""alpha_r"": 0.8, ""beta_a"": 0.3, ""beta_l"": 0.4, ""beta_r"": 0.5, ""cloud_count"": 1, ""crossover_probability"": 0.5, ""dnn_count"": 30, ""edge_count"": 10, ""edge_link_factor"": 2.0, ""iteration_limit"": 200, ""lambda_g"": 0.7, ""lambda_h"": 0.7, ""mutation_probability"": 0.25, ""name"": ""iterations_200"", ""population_size"": 60, ""preference"": ""adaptive"", ""suite"": ""sensitivity"", ""use_dag_aware_initialization"": true, ""use_dag_block_crossover"": true, ""use_elite_local_search"": true, ""use_skew_mutation"": true, ""user_count"": null}",506.03273578912007,0.1465138494634397,0.7162725759419708,6549.8736257273395,1,96737
sensitivity:iterations_200:0980ed39f4:customized:repeat_8:seed_20260727,sensitivity,iterations_200,customized,8,20260727,"{""alpha_a"": 0.5, ""alpha_l"": 0.7, ""alpha_r"": 0.8, ""beta_a"": 0.3, ""beta_l"": 0.4, ""beta_r"": 0.5, ""cloud_count"": 1, ""crossover_probability"": 0.5, ""dnn_count"": 30, ""edge_count"": 10, ""edge_link_factor"": 2.0, ""iteration_limit"": 200, ""lambda_g"": 0.7, ""lambda_h"": 0.7, ""mutation_probability"": 0.25, ""name"": ""iterations_200"", ""population_size"": 60, ""preference"": ""adaptive"", ""suite"": ""sensitivity"", ""use_dag_aware_initialization"": true, ""use_dag_block_crossover"": true, ""use_elite_local_search"": true, ""use_skew_mutation"": true, ""user_count"": null}",561.8693985559441,0.15580418594092563,0.71490059983055,6578.604376487279,0,99445
sensitivity:iterations_200:0980ed39f4:customized:repeat_9:seed_20260728,sensitivity,iterations_200,customized,9,20260728,"{""alpha_a"": 0.5, ""alpha_l"": 0.7, ""alpha_r"": 0.8, ""beta_a"": 0.3, ""beta_l"": 0.4, ""beta_r"": 0.5, ""cloud_count"": 1, ""crossover_probability"": 0.5, ""dnn_count"": 30, ""edge_count"": 10, ""edge_link_factor"": 2.0, ""iteration_limit"": 200, ""lambda_g"": 0.7, ""lambda_h"": 0.7, ""mutation_probability"": 0.25, ""name"": ""iterations_200"", ""population_size"": 60, ""preference"": ""adaptive"", ""suite"": ""sensitivity"", ""use_dag_aware_initialization"": true, ""use_dag_block_crossover"": true, ""use_elite_local_search"": true, ""use_skew_mutation"": true, ""user_count"": null}",503.07981325961407,0.19553281595538388,0.7237170091572269,5494.112301217771,1,89577
sensitivity:iterations_240:2652aa6452:customized:repeat_0:seed_20260719,sensitivity,iterations_240,customized,0,20260719,"{""alpha_a"": 0.5, ""alpha_l"": 0.7, ""alpha_r"": 0.8, ""beta_a"": 0.3, ""beta_l"": 0.4, ""beta_r"": 0.5, ""cloud_count"": 1, ""crossover_probability"": 0.5, ""dnn_count"": 30, ""edge_count"": 10, ""edge_link_factor"": 2.0, ""iteration_limit"": 240, ""lambda_g"": 0.7, ""lambda_h"": 0.7, ""mutation_probability"": 0.25, ""name"": ""iterations_240"", ""population_size"": 60, ""preference"": ""adaptive"", ""suite"": ""sensitivity"", ""use_dag_aware_initialization"": true, ""use_dag_block_crossover"": true, ""use_elite_local_search"": true, ""use_skew_mutation"": true, ""user_count"": null}",586.0656285142815,0.1559273716367377,0.8006291671809777,6387.86547854786,0,110590
sensitivity:iterations_240:2652aa6452:customized:repeat_1:seed_20260720,sensitivity,iterations_240,customized,1,20260720,"{""alpha_a"": 0.5, ""alpha_l"": 0.7, ""alpha_r"": 0.8, ""beta_a"": 0.3, ""beta_l"": 0.4, ""beta_r"": 0.5, ""cloud_count"": 1, ""crossover_probability"": 0.5, ""dnn_count"": 30, ""edge_count"": 10, ""edge_link_factor"": 2.0, ""iteration_limit"": 240, ""lambda_g"": 0.7, ""lambda_h"": 0.7, ""mutation_probability"": 0.25, ""name"": ""iterations_240"", ""population_size"": 60, ""preference"": ""adaptive"", ""suite"": ""sensitivity"", ""use_dag_aware_initialization"": true, ""use_dag_block_crossover"": true, ""use_elite_local_search"": true, ""use_skew_mutation"": true, ""user_count"": null}",531.9413792190118,0.16078741621519912,0.7292346508626424,6000.895497528121,0,113643
sensitivity:iterations_240:2652aa6452:customized:repeat_2:seed_20260721,sensitivity,iterations_240,customized,2,20260721,"{""alpha_a"": 0.5, ""alpha_l"": 0.7, ""alpha_r"": 0.8, ""beta_a"": 0.3, ""beta_l"": 0.4, ""beta_r"": 0.5, ""cloud_count"": 1, ""crossover_probability"": 0.5, ""dnn_count"": 30, ""edge_count"": 10, ""edge_link_factor"": 2.0, ""iteration_limit"": 240, ""lambda_g"": 0.7, ""lambda_h"": 0.7, ""mutation_probability"": 0.25, ""name"": ""iterations_240"", ""population_size"": 60, ""preference"": ""adaptive"", ""suite"": ""sensitivity"", ""use_dag_aware_initialization"": true, ""use_dag_block_crossover"": true, ""use_elite_local_search"": true, ""use_skew_mutation"": true, ""user_count"": null}",455.46672412491404,0.13676571202977375,0.742437141385249,6301.058819845063,1,112054
sensitivity:iterations_240:2652aa6452:customized:repeat_3:seed_20260722,sensitivity,iterations_240,customized,3,20260722,"{""alpha_a"": 0.5, ""alpha_l"": 0.7, ""alpha_r"": 0.8, ""beta_a"": 0.3, ""beta_l"": 0.4, ""beta_r"": 0.5, ""cloud_count"": 1, ""crossover_probability"": 0.5, ""dnn_count"": 30, ""edge_count"": 10, ""edge_link_factor"": 2.0, ""iteration_limit"": 240, ""lambda_g"": 0.7, ""lambda_h"": 0.7, ""mutation_probability"": 0.25, ""name"": ""iterations_240"", ""population_size"": 60, ""preference"": ""adaptive"", ""suite"": ""sensitivity"", ""use_dag_aware_initialization"": true, ""use_dag_block_crossover"": true, ""use_elite_local_search"": true, ""use_skew_mutation"": true, ""user_count"": null}",549.8012684717748,0.17346348445635396,0.7679206743497663,6199.738688894638,0,114636
sensitivity:iterations_240:2652aa6452:customized:repeat_4:seed_20260723,sensitivity,iterations_240,customized,4,20260723,"{""alpha_a"": 0.5, ""alpha_l"": 0.7, ""alpha_r"": 0.8, ""beta_a"": 0.3, ""beta_l"": 0.4, ""beta_r"": 0.5, ""cloud_count"": 1, ""crossover_probability"": 0.5, ""dnn_count"": 30, ""edge_count"": 10, ""edge_link_factor"": 2.0, ""iteration_limit"": 240, ""lambda_g"": 0.7, ""lambda_h"": 0.7, ""mutation_probability"": 0.25, ""name"": ""iterations_240"", ""population_size"": 60, ""preference"": ""adaptive"", ""suite"": ""sensitivity"", ""use_dag_aware_initialization"": true, ""use_dag_block_crossover"": true, ""use_elite_local_search"": true, ""use_skew_mutation"": true, ""user_count"": null}",523.3034051623141,0.17596477318774403,0.7811926177820092,6068.424970239841,0,110688
sensitivity:iterations_240:2652aa6452:customized:repeat_5:seed_20260724,sensitivity,iterations_240,customized,5,20260724,"{""alpha_a"": 0.5, ""alpha_l"": 0.7, ""alpha_r"": 0.8, ""beta_a"": 0.3, ""beta_l"": 0.4, ""beta_r"": 0.5, ""cloud_count"": 1, ""crossover_probability"": 0.5, ""dnn_count"": 30, ""edge_count"": 10, ""edge_link_factor"": 2.0, ""iteration_limit"": 240, ""lambda_g"": 0.7, ""lambda_h"": 0.7, ""mutation_probability"": 0.25, ""name"": ""iterations_240"", ""population_size"": 60, ""preference"": ""adaptive"", ""suite"": ""sensitivity"", ""use_dag_aware_initialization"": true, ""use_dag_block_crossover"": true, ""use_elite_local_search"": true, ""use_skew_mutation"": true, ""user_count"": null}",582.1192541266272,0.17233792165224396,0.7681023057308323,5880.799565031405,1,110668
sensitivity:iterations_240:2652aa6452:customized:repeat_6:seed_20260725,sensitivity,iterations_240,customized,6,20260725,"{""alpha_a"": 0.5, ""alpha_l"": 0.7, ""alpha_r"": 0.8, ""beta_a"": 0.3, ""beta_l"": 0.4, ""beta_r"": 0.5, ""cloud_count"": 1, ""crossover_probability"": 0.5, ""dnn_count"": 30, ""edge_count"": 10, ""edge_link_factor"": 2.0, ""iteration_limit"": 240, ""lambda_g"": 0.7, ""lambda_h"": 0.7, ""mutation_probability"": 0.25, ""name"": ""iterations_240"", ""population_size"": 60, ""preference"": ""adaptive"", ""suite"": ""sensitivity"", ""use_dag_aware_initialization"": true, ""use_dag_block_crossover"": true, ""use_elite_local_search"": true, ""use_skew_mutation"": true, ""user_count"": null}",556.8570567141018,0.16919270987961235,0.7694581227987763,6475.94400044544,0,117363
sensitivity:iterations_240:2652aa6452:customized:repeat_7:seed_20260726,sensitivity,iterations_240,customized,7,20260726,"{""alpha_a"": 0.5, ""alpha_l"": 0.7, ""alpha_r"": 0.8, ""beta_a"": 0.3, ""beta_l"": 0.4, ""beta_r"": 0.5, ""cloud_count"": 1, ""crossover_probability"": 0.5, ""dnn_count"": 30, ""edge_count"": 10, ""edge_link_factor"": 2.0, ""iteration_limit"": 240, ""lambda_g"": 0.7, ""lambda_h"": 0.7, ""mutation_probability"": 0.25, ""name"": ""iterations_240"", ""population_size"": 60, ""preference"": ""adaptive"", ""suite"": ""sensitivity"", ""use_dag_aware_initialization"": true, ""use_dag_block_crossover"": true, ""use_elite_local_search"": true, ""use_skew_mutation"": true, ""user_count"": null}",516.4705040292857,0.14329332803340514,0.7250098074541707,6697.98537071315,1,115302
sensitivity:iterations_240:2652aa6452:customized:repeat_8:seed_20260727,sensitivity,iterations_240,customized,8,20260727,"{""alpha_a"": 0.5, ""alpha_l"": 0.7, ""alpha_r"": 0.8, ""beta_a"": 0.3, ""beta_l"": 0.4, ""beta_r"": 0.5, ""cloud_count"": 1, ""crossover_probability"": 0.5, ""dnn_count"": 30, ""edge_count"": 10, ""edge_link_factor"": 2.0, ""iteration_limit"": 240, ""lambda_g"": 0.7, ""lambda_h"": 0.7, ""mutation_probability"": 0.25, ""name"": ""iterations_240"", ""population_size"": 60, ""preference"": ""adaptive"", ""suite"": ""sensitivity"", ""use_dag_aware_initialization"": true, ""use_dag_block_crossover"": true, ""use_elite_local_search"": true, ""use_skew_mutation"": true, ""user_count"": null}",543.575300091933,0.13202422938542321,0.7403393613675525,6293.892346360265,0,117101
sensitivity:iterations_240:2652aa6452:customized:repeat_9:seed_20260728,sensitivity,iterations_240,customized,9,20260728,"{""alpha_a"": 0.5, ""alpha_l"": 0.7, ""alpha_r"": 0.8, ""beta_a"": 0.3, ""beta_l"": 0.4, ""beta_r"": 0.5, ""cloud_count"": 1, ""crossover_probability"": 0.5, ""dnn_count"": 30, ""edge_count"": 10, ""edge_link_factor"": 2.0, ""iteration_limit"": 240, ""lambda_g"": 0.7, ""lambda_h"": 0.7, ""mutation_probability"": 0.25, ""name"": ""iterations_240"", ""population_size"": 60, ""preference"": ""adaptive"", ""suite"": ""sensitivity"", ""use_dag_aware_initialization"": true, ""use_dag_block_crossover"": true, ""use_elite_local_search"": true, ""use_skew_mutation"": true, ""user_count"": null}",506.6997182059796,0.1625479989991245,0.7234338319201065,5973.487677146132,0,112795
sensitivity:iterations_280:2b2569dd29:customized:repeat_0:seed_20260719,sensitivity,iterations_280,customized,0,20260719,"{""alpha_a"": 0.5, ""alpha_l"": 0.7, ""alpha_r"": 0.8, ""beta_a"": 0.3, ""beta_l"": 0.4, ""beta_r"": 0.5, ""cloud_count"": 1, ""crossover_probability"": 0.5, ""dnn_count"": 30, ""edge_count"": 10, ""edge_link_factor"": 2.0, ""iteration_limit"": 280, ""lambda_g"": 0.7, ""lambda_h"": 0.7, ""mutation_probability"": 0.25, ""name"": ""iterations_280"", ""population_size"": 60, ""preference"": ""adaptive"", ""suite"": ""sensitivity"", ""use_dag_aware_initialization"": true, ""use_dag_block_crossover"": true, ""use_elite_local_search"": true, ""use_skew_mutation"": true, ""user_count"": null}",556.4722439644657,0.196143932531298,0.7857707243755339,5892.968637370478,1,129409
sensitivity:iterations_280:2b2569dd29:customized:repeat_1:seed_20260720,sensitivity,iterations_280,customized,1,20260720,"{""alpha_a"": 0.5, ""alpha_l"": 0.7, ""alpha_r"": 0.8, ""beta_a"": 0.3, ""beta_l"": 0.4, ""beta_r"": 0.5, ""cloud_count"": 1, ""crossover_probability"": 0.5, ""dnn_count"": 30, ""edge_count"": 10, ""edge_link_factor"": 2.0, ""iteration_limit"": 280, ""lambda_g"": 0.7, ""lambda_h"": 0.7, ""mutation_probability"": 0.25, ""name"": ""iterations_280"", ""population_size"": 60, ""preference"": ""adaptive"", ""suite"": ""sensitivity"", ""use_dag_aware_initialization"": true, ""use_dag_block_crossover"": true, ""use_elite_local_search"": true, ""use_skew_mutation"": true, ""user_count"": null}",520.177842941414,0.19192094011446656,0.726829126069304,5659.961820057993,0,131038
sensitivity:iterations_280:2b2569dd29:customized:repeat_2:seed_20260721,sensitivity,iterations_280,customized,2,20260721,"{""alpha_a"": 0.5, ""alpha_l"": 0.7, ""alpha_r"": 0.8, ""beta_a"": 0.3, ""beta_l"": 0.4, ""beta_r"": 0.5, ""cloud_count"": 1, ""crossover_probability"": 0.5, ""dnn_count"": 30, ""edge_count"": 10, ""edge_link_factor"": 2.0, ""iteration_limit"": 280, ""lambda_g"": 0.7, ""lambda_h"": 0.7, ""mutation_probability"": 0.25, ""name"": ""iterations_280"", ""population_size"": 60, ""preference"": ""adaptive"", ""suite"": ""sensitivity"", ""use_dag_aware_initialization"": true, ""use_dag_block_crossover"": true, ""use_elite_local_search"": true, ""use_skew_mutation"": true, ""user_count"": null}",431.09867975872817,0.21252615595360377,0.7056386607219424,5454.873477524076,0,129468
sensitivity:iterations_280:2b2569dd29:customized:repeat_3:seed_20260722,sensitivity,iterations_280,customized,3,20260722,"{""alpha_a"": 0.5, ""alpha_l"": 0.7, ""alpha_r"": 0.8, ""beta_a"": 0.3, ""beta_l"": 0.4, ""beta_r"": 0.5, ""cloud_count"": 1, ""crossover_probability"": 0.5, ""dnn_count"": 30, ""edge_count"": 10, ""edge_link_factor"": 2.0, ""iteration_limit"": 280, ""lambda_g"": 0.7, ""lambda_h"": 0.7, ""mutation_probability"": 0.25, ""name"": ""iterations_280"", ""population_size"": 60, ""preference"": ""adaptive"", ""suite"": ""sensitivity"", ""use_dag_aware_initialization"": true, ""use_dag_block_crossover"": true, ""use_elite_local_search"": true, ""use_skew_mutation"": true, ""user_count"": null}",553.4813099601631,0.1630222664195929,0.7573610836447415,6364.051755029767,0,133628
sensitivity:iterations_280:2b2569dd29:customized:repeat_4:seed_20260723,sensitivity,iterations_280,customized,4,20260723,"{""alpha_a"": 0.5, ""alpha_l"": 0.7, ""alpha_r"": 0.8, ""beta_a"": 0.3, ""beta_l"": 0.4, ""beta_r"": 0.5, ""cloud_count"": 1, ""crossover_probability"": 0.5, ""dnn_count"": 30, ""edge_count"": 10, ""edge_link_factor"": 2.0, ""iteration_limit"": 280, ""lambda_g"": 0.7, ""lambda_h"": 0.7, ""mutation_probability"": 0.25, ""name"": ""iterations_280"", ""population_size"": 60, ""preference"": ""adaptive"", ""suite"": ""sensitivity"", ""use_dag_aware_initialization"": true, ""use_dag_block_crossover"": true, ""use_elite_local_search"": true, ""use_skew_mutation"": true, ""user_count"": null}",520.1085933793055,0.21988755592176226,0.775693131333084,5276.831008165572,0,127444
sensitivity:iterations_280:2b2569dd29:customized:repeat_5:seed_20260724,sensitivity,iterations_280,customized,5,20260724,"{""alpha_a"": 0.5, ""alpha_l"": 0.7, ""alpha_r"": 0.8, ""beta_a"": 0.3, ""beta_l"": 0.4, ""beta_r"": 0.5, ""cloud_count"": 1, ""crossover_probability"": 0.5, ""dnn_count"": 30, ""edge_count"": 10, ""edge_link_factor"": 2.0, ""iteration_limit"": 280, ""lambda_g"": 0.7, ""lambda_h"": 0.7, ""mutation_probability"": 0.25, ""name"": ""iterations_280"", ""population_size"": 60, ""preference"": ""adaptive"", ""suite"": ""sensitivity"", ""use_dag_aware_initialization"": true, ""use_dag_block_crossover"": true, ""use_elite_local_search"": true, ""use_skew_mutation"": true, ""user_count"": null}",586.979152135172,0.18465373583039016,0.7698570311711016,5787.91673358972,1,128754
sensitivity:iterations_280:2b2569dd29:customized:repeat_6:seed_20260725,sensitivity,iterations_280,customized,6,20260725,"{""alpha_a"": 0.5, ""alpha_l"": 0.7, ""alpha_r"": 0.8, ""beta_a"": 0.3, ""beta_l"": 0.4, ""beta_r"": 0.5, ""cloud_count"": 1, ""crossover_probability"": 0.5, ""dnn_count"": 30, ""edge_count"": 10, ""edge_link_factor"": 2.0, ""iteration_limit"": 280, ""lambda_g"": 0.7, ""lambda_h"": 0.7, ""mutation_probability"": 0.25, ""name"": ""iterations_280"", ""population_size"": 60, ""preference"": ""adaptive"", ""suite"": ""sensitivity"", ""use_dag_aware_initialization"": true, ""use_dag_block_crossover"": true, ""use_elite_local_search"": true, ""use_skew_mutation"": true, ""user_count"": null}",555.1456877318241,0.1855248098322685,0.7618551569330558,6279.804528235274,0,133344
sensitivity:iterations_280:2b2569dd29:customized:repeat_7:seed_20260726,sensitivity,iterations_280,customized,7,20260726,"{""alpha_a"": 0.5, ""alpha_l"": 0.7, ""alpha_r"": 0.8, ""beta_a"": 0.3, ""beta_l"": 0.4, ""beta_r"": 0.5, ""cloud_count"": 1, ""crossover_probability"": 0.5, ""dnn_count"": 30, ""edge_count"": 10, ""edge_link_factor"": 2.0, ""iteration_limit"": 280, ""lambda_g"": 0.7, ""lambda_h"": 0.7, ""mutation_probability"": 0.25, ""name"": ""iterations_280"", ""population_size"": 60, ""preference"": ""adaptive"", ""suite"": ""sensitivity"", ""use_dag_aware_initialization"": true, ""use_dag_block_crossover"": true, ""use_elite_local_search"": true, ""use_skew_mutation"": true, ""user_count"": null}",517.5795017763905,0.1554729820691713,0.6877641629550015,6591.830134871844,0,133886
sensitivity:iterations_280:2b2569dd29:customized:repeat_8:seed_20260727,sensitivity,iterations_280,customized,8,20260727,"{""alpha_a"": 0.5, ""alpha_l"": 0.7, ""alpha_r"": 0.8, ""beta_a"": 0.3, ""beta_l"": 0.4, ""beta_r"": 0.5, ""cloud_count"": 1, ""crossover_probability"": 0.5, ""dnn_count"": 30, ""edge_count"": 10, ""edge_link_factor"": 2.0, ""iteration_limit"": 280, ""lambda_g"": 0.7, ""lambda_h"": 0.7, ""mutation_probability"": 0.25, ""name"": ""iterations_280"", ""population_size"": 60, ""preference"": ""adaptive"", ""suite"": ""sensitivity"", ""use_dag_aware_initialization"": true, ""use_dag_block_crossover"": true, ""use_elite_local_search"": true, ""use_skew_mutation"": true, ""user_count"": null}",546.2826151127389,0.12570732530910364,0.7316087186766729,6577.284321358051,0,141402
sensitivity:iterations_280:2b2569dd29:customized:repeat_9:seed_20260728,sensitivity,iterations_280,customized,9,20260728,"{""alpha_a"": 0.5, ""alpha_l"": 0.7, ""alpha_r"": 0.8, ""beta_a"": 0.3, ""beta_l"": 0.4, ""beta_r"": 0.5, ""cloud_count"": 1, ""crossover_probability"": 0.5, ""dnn_count"": 30, ""edge_count"": 10, ""edge_link_factor"": 2.0, ""iteration_limit"": 280, ""lambda_g"": 0.7, ""lambda_h"": 0.7, ""mutation_probability"": 0.25, ""name"": ""iterations_280"", ""population_size"": 60, ""preference"": ""adaptive"", ""suite"": ""sensitivity"", ""use_dag_aware_initialization"": true, ""use_dag_block_crossover"": true, ""use_elite_local_search"": true, ""use_skew_mutation"": true, ""user_count"": null}",502.204679997464,0.18889155778621375,0.7379008466459899,5501.614899902015,2,124820
sensitivity:mutation_0.1:1ea5aafce3:customized:repeat_0:seed_20260719,sensitivity,mutation_0.1,customized,0,20260719,"{""alpha_a"": 0.5, ""alpha_l"": 0.7, ""alpha_r"": 0.8, ""beta_a"": 0.3, ""beta_l"": 0.4, ""beta_r"": 0.5, ""cloud_count"": 1, ""crossover_probability"": 0.5, ""dnn_count"": 30, ""edge_count"": 10, ""edge_link_factor"": 2.0, ""iteration_limit"": 200, ""lambda_g"": 0.7, ""lambda_h"": 0.7, ""mutation_probability"": 0.1, ""name"": ""mutation_0.1"", ""population_size"": 60, ""preference"": ""adaptive"", ""suite"": ""sensitivity"", ""use_dag_aware_initialization"": true, ""use_dag_block_crossover"": true, ""use_elite_local_search"": true, ""use_skew_mutation"": true, ""user_count"": null}",579.0863747877426,0.15050269922923795,0.8012889612847692,6669.39772410594,2,83697
sensitivity:mutation_0.1:1ea5aafce3:customized:repeat_1:seed_20260720,sensitivity,mutation_0.1,customized,1,20260720,"{""alpha_a"": 0.5, ""alpha_l"": 0.7, ""alpha_r"": 0.8, ""beta_a"": 0.3, ""beta_l"": 0.4, ""beta_r"": 0.5, ""cloud_count"": 1, ""crossover_probability"": 0.5, ""dnn_count"": 30, ""edge_count"": 10, ""edge_link_factor"": 2.0, ""iteration_limit"": 200, ""lambda_g"": 0.7, ""lambda_h"": 0.7, ""mutation_probability"": 0.1, ""name"": ""mutation_0.1"", ""population_size"": 60, ""preference"": ""adaptive"", ""suite"": ""sensitivity"", ""use_dag_aware_initialization"": true, ""use_dag_block_crossover"": true, ""use_elite_local_search"": true, ""use_skew_mutation"": true, ""user_count"": null}",539.9390608297556,0.11822959129118246,0.7414472858960138,6971.939660563581,0,86624
sensitivity:mutation_0.1:1ea5aafce3:customized:repeat_2:seed_20260721,sensitivity,mutation_0.1,customized,2,20260721,"{""alpha_a"": 0.5, ""alpha_l"": 0.7, ""alpha_r"": 0.8, ""beta_a"": 0.3, ""beta_l"": 0.4, ""beta_r"": 0.5, ""cloud_count"": 1, ""crossover_probability"": 0.5, ""dnn_count"": 30, ""edge_count"": 10, ""edge_link_factor"": 2.0, ""iteration_limit"": 200, ""lambda_g"": 0.7, ""lambda_h"": 0.7, ""mutation_probability"": 0.1, ""name"": ""mutation_0.1"", ""population_size"": 60, ""preference"": ""adaptive"", ""suite"": ""sensitivity"", ""use_dag_aware_initialization"": true, ""use_dag_block_crossover"": true, ""use_elite_local_search"": true, ""use_skew_mutation"": true, ""user_count"": null}",465.5057198800833,0.11937530448409996,0.7337507435867127,6662.734775290175,0,82726
sensitivity:mutation_0.1:1ea5aafce3:customized:repeat_3:seed_20260722,sensitivity,mutation_0.1,customized,3,20260722,"{""alpha_a"": 0.5, ""alpha_l"": 0.7, ""alpha_r"": 0.8, ""beta_a"": 0.3, ""beta_l"": 0.4, ""beta_r"": 0.5, ""cloud_count"": 1, ""crossover_probability"": 0.5, ""dnn_count"": 30, ""edge_count"": 10, ""edge_link_factor"": 2.0, ""iteration_limit"": 200, ""lambda_g"": 0.7, ""lambda_h"": 0.7, ""mutation_probability"": 0.1, ""name"": ""mutation_0.1"", ""population_size"": 60, ""preference"": ""adaptive"", ""suite"": ""sensitivity"", ""use_dag_aware_initialization"": true, ""use_dag_block_crossover"": true, ""use_elite_local_search"": true, ""use_skew_mutation"": true, ""user_count"": null}",550.3210853079543,0.14065765274642308,0.7773160019949061,6645.467558011841,0,87096
sensitivity:mutation_0.1:1ea5aafce3:customized:repeat_4:seed_20260723,sensitivity,mutation_0.1,customized,4,20260723,"{""alpha_a"": 0.5, ""alpha_l"": 0.7, ""alpha_r"": 0.8, ""beta_a"": 0.3, ""beta_l"": 0.4, ""beta_r"": 0.5, ""cloud_count"": 1, ""crossover_probability"": 0.5, ""dnn_count"": 30, ""edge_count"": 10, ""edge_link_factor"": 2.0, ""iteration_limit"": 200, ""lambda_g"": 0.7, ""lambda_h"": 0.7, ""mutation_probability"": 0.1, ""name"": ""mutation_0.1"", ""population_size"": 60, ""preference"": ""adaptive"", ""suite"": ""sensitivity"", ""use_dag_aware_initialization"": true, ""use_dag_block_crossover"": true, ""use_elite_local_search"": true, ""use_skew_mutation"": true, ""user_count"": null}",544.7632694175428,0.1514122224893362,0.7950093754931167,6340.3530285684055,0,83810
sensitivity:mutation_0.1:1ea5aafce3:customized:repeat_5:seed_20260724,sensitivity,mutation_0.1,customized,5,20260724,"{""alpha_a"": 0.5, ""alpha_l"": 0.7, ""alpha_r"": 0.8, ""beta_a"": 0.3, ""beta_l"": 0.4, ""beta_r"": 0.5, ""cloud_count"": 1, ""crossover_probability"": 0.5, ""dnn_count"": 30, ""edge_count"": 10, ""edge_link_factor"": 2.0, ""iteration_limit"": 200, ""lambda_g"": 0.7, ""lambda_h"": 0.7, ""mutation_probability"": 0.1, ""name"": ""mutation_0.1"", ""population_size"": 60, ""preference"": ""adaptive"", ""suite"": ""sensitivity"", ""use_dag_aware_initialization"": true, ""use_dag_block_crossover"": true, ""use_elite_local_search"": true, ""use_skew_mutation"": true, ""user_count"": null}",603.0841497623223,0.1484675991899683,0.7860998893583847,6339.670097496902,2,80649
sensitivity:mutation_0.1:1ea5aafce3:customized:repeat_6:seed_20260725,sensitivity,mutation_0.1,customized,6,20260725,"{""alpha_a"": 0.5, ""alpha_l"": 0.7, ""alpha_r"": 0.8, ""beta_a"": 0.3, ""beta_l"": 0.4, ""beta_r"": 0.5, ""cloud_count"": 1, ""crossover_probability"": 0.5, ""dnn_count"": 30, ""edge_count"": 10, ""edge_link_factor"": 2.0, ""iteration_limit"": 200, ""lambda_g"": 0.7, ""lambda_h"": 0.7, ""mutation_probability"": 0.1, ""name"": ""mutation_0.1"", ""population_size"": 60, ""preference"": ""adaptive"", ""suite"": ""sensitivity"", ""use_dag_aware_initialization"": true, ""use_dag_block_crossover"": true, ""use_elite_local_search"": true, ""use_skew_mutation"": true, ""user_count"": null}",558.8963552369926,0.131458944701085,0.7756700183829609,7191.811805820584,0,88115
sensitivity:mutation_0.1:1ea5aafce3:customized:repeat_7:seed_20260726,sensitivity,mutation_0.1,customized,7,20260726,"{""alpha_a"": 0.5, ""alpha_l"": 0.7, ""alpha_r"": 0.8, ""beta_a"": 0.3, ""beta_l"": 0.4, ""beta_r"": 0.5, ""cloud_count"": 1, ""crossover_probability"": 0.5, ""dnn_count"": 30, ""edge_count"": 10, ""edge_link_factor"": 2.0, ""iteration_limit"": 200, ""lambda_g"": 0.7, ""lambda_h"": 0.7, ""mutation_probability"": 0.1, ""name"": ""mutation_0.1"", ""population_size"": 60, ""preference"": ""adaptive"", ""suite"": ""sensitivity"", ""use_dag_aware_initialization"": true, ""use_dag_block_crossover"": true, ""use_elite_local_search"": true, ""use_skew_mutation"": true, ""user_count"": null}",499.047423018402,0.12660519857558408,0.7179609744809244,7059.701739441721,1,85158
sensitivity:mutation_0.1:1ea5aafce3:customized:repeat_8:seed_20260727,sensitivity,mutation_0.1,customized,8,20260727,"{""alpha_a"": 0.5, ""alpha_l"": 0.7, ""alpha_r"": 0.8, ""beta_a"": 0.3, ""beta_l"": 0.4, ""beta_r"": 0.5, ""cloud_count"": 1, ""crossover_probability"": 0.5, ""dnn_count"": 30, ""edge_count"": 10, ""edge_link_factor"": 2.0, ""iteration_limit"": 200, ""lambda_g"": 0.7, ""lambda_h"": 0.7, ""mutation_probability"": 0.1, ""name"": ""mutation_0.1"", ""population_size"": 60, ""preference"": ""adaptive"", ""suite"": ""sensitivity"", ""use_dag_aware_initialization"": true, ""use_dag_block_crossover"": true, ""use_elite_local_search"": true, ""use_skew_mutation"": true, ""user_count"": null}",552.3086921065316,0.13448540625032865,0.7436280284391846,6728.555290975018,1,88721
sensitivity:mutation_0.1:1ea5aafce3:customized:repeat_9:seed_20260728,sensitivity,mutation_0.1,customized,9,20260728,"{""alpha_a"": 0.5, ""alpha_l"": 0.7, ""alpha_r"": 0.8, ""beta_a"": 0.3, ""beta_l"": 0.4, ""beta_r"": 0.5, ""cloud_count"": 1, ""crossover_probability"": 0.5, ""dnn_count"": 30, ""edge_count"": 10, ""edge_link_factor"": 2.0, ""iteration_limit"": 200, ""lambda_g"": 0.7, ""lambda_h"": 0.7, ""mutation_probability"": 0.1, ""name"": ""mutation_0.1"", ""population_size"": 60, ""preference"": ""adaptive"", ""suite"": ""sensitivity"", ""use_dag_aware_initialization"": true, ""use_dag_block_crossover"": true, ""use_elite_local_search"": true, ""use_skew_mutation"": true, ""user_count"": null}",532.2007451172706,0.11900114566099654,0.7331664624632276,6570.7681495087545,0,84301
sensitivity:mutation_0.15:86ab6a6f68:customized:repeat_0:seed_20260719,sensitivity,mutation_0.15,customized,0,20260719,"{""alpha_a"": 0.5, ""alpha_l"": 0.7, ""alpha_r"": 0.8, ""beta_a"": 0.3, ""beta_l"": 0.4, ""beta_r"": 0.5, ""cloud_count"": 1, ""crossover_probability"": 0.5, ""dnn_count"": 30, ""edge_count"": 10, ""edge_link_factor"": 2.0, ""iteration_limit"": 200, ""lambda_g"": 0.7, ""lambda_h"": 0.7, ""mutation_probability"": 0.15, ""name"": ""mutation_0.15"", ""population_size"": 60, ""preference"": ""adaptive"", ""suite"": ""sensitivity"", ""use_dag_aware_initialization"": true, ""use_dag_block_crossover"": true, ""use_elite_local_search"": true, ""use_skew_mutation"": true, ""user_count"": null}",587.4931449156605,0.13257512240059358,0.7970509362682906,6850.488940427386,0,86488
sensitivity:mutation_0.15:86ab6a6f68:customized:repeat_1:seed_20260720,sensitivity,mutation_0.15,customized,1,20260720,"{""alpha_a"": 0.5, ""alpha_l"": 0.7, ""alpha_r"": 0.8, ""beta_a"": 0.3, ""beta_l"": 0.4, ""beta_r"": 0.5, ""cloud_count"": 1, ""crossover_probability"": 0.5, ""dnn_count"": 30, ""edge_count"": 10, ""edge_link_factor"": 2.0, ""iteration_limit"": 200, ""lambda_g"": 0.7, ""lambda_h"": 0.7, ""mutation_probability"": 0.15, ""name"": ""mutation_0.15"", ""population_size"": 60, ""preference"": ""adaptive"", ""suite"": ""sensitivity"", ""use_dag_aware_initialization"": true, ""use_dag_block_crossover"": true, ""use_elite_local_search"": true, ""use_skew_mutation"": true, ""user_count"": null}",520.7498680633911,0.15195940481571968,0.7338012734346366,5993.997311510314,0,87750
sensitivity:mutation_0.15:86ab6a6f68:customized:repeat_2:seed_20260721,sensitivity,mutation_0.15,customized,2,20260721,"{""alpha_a"": 0.5, ""alpha_l"": 0.7, ""alpha_r"": 0.8, ""beta_a"": 0.3, ""beta_l"": 0.4, ""beta_r"": 0.5, ""cloud_count"": 1, ""crossover_probability"": 0.5, ""dnn_count"": 30, ""edge_count"": 10, ""edge_link_factor"": 2.0, ""iteration_limit"": 200, ""lambda_g"": 0.7, ""lambda_h"": 0.7, ""mutation_probability"": 0.15, ""name"": ""mutation_0.15"", ""population_size"": 60, ""preference"": ""adaptive"", ""suite"": ""sensitivity"", ""use_dag_aware_initialization"": true, ""use_dag_block_crossover"": true, ""use_elite_local_search"": true, ""use_skew_mutation"": true, ""user_count"": null}",448.9865652700906,0.152621681998754,0.7263510111646725,6084.907909576215,0,88092
sensitivity:mutation_0.15:86ab6a6f68:customized:repeat_3:seed_20260722,sensitivity,mutation_0.15,customized,3,20260722,"{""alpha_a"": 0.5, ""alpha_l"": 0.7, ""alpha_r"": 0.8, ""beta_a"": 0.3, ""beta_l"": 0.4, ""beta_r"": 0.5, ""cloud_count"": 1, ""crossover_probability"": 0.5, ""dnn_count"": 30, ""edge_count"": 10, ""edge_link_factor"": 2.0, ""iteration_limit"": 200, ""lambda_g"": 0.7, ""lambda_h"": 0.7, ""mutation_probability"": 0.15, ""name"": ""mutation_0.15"", ""population_size"": 60, ""preference"": ""adaptive"", ""suite"": ""sensitivity"", ""use_dag_aware_initialization"": true, ""use_dag_block_crossover"": true, ""use_elite_local_search"": true, ""use_skew_mutation"": true, ""user_count"": null}",565.2832318847175,0.1354670814815488,0.7617417436962534,6710.162729025004,0,92238
sensitivity:mutation_0.15:86ab6a6f68:customized:repeat_4:seed_20260723,sensitivity,mutation_0.15,customized,4,20260723,"{""alpha_a"": 0.5, ""alpha_l"": 0.7, ""alpha_r"": 0.8, ""beta_a"": 0.3, ""beta_l"": 0.4, ""beta_r"": 0.5, ""cloud_count"": 1, ""crossover_probability"": 0.5, ""dnn_count"": 30, ""edge_count"": 10, ""edge_link_factor"": 2.0, ""iteration_limit"": 200, ""lambda_g"": 0.7, ""lambda_h"": 0.7, ""mutation_probability"": 0.15, ""name"": ""mutation_0.15"", ""population_size"": 60, ""preference"": ""adaptive"", ""suite"": ""sensitivity"", ""use_dag_aware_initialization"": true, ""use_dag_block_crossover"": true, ""use_elite_local_search"": true, ""use_skew_mutation"": true, ""user_count"": null}",531.9541436212431,0.1877746299527937,0.7850545653432907,5762.94695414229,0,85544
sensitivity:mutation_0.15:86ab6a6f68:customized:repeat_5:seed_20260724,sensitivity,mutation_0.15,customized,5,20260724,"{""alpha_a"": 0.5, ""alpha_l"": 0.7, ""alpha_r"": 0.8, ""beta_a"": 0.3, ""beta_l"": 0.4, ""beta_r"": 0.5, ""cloud_count"": 1, ""crossover_probability"": 0.5, ""dnn_count"": 30, ""edge_count"": 10, ""edge_link_factor"": 2.0, ""iteration_limit"": 200, ""lambda_g"": 0.7, ""lambda_h"": 0.7, ""mutation_probability"": 0.15, ""name"": ""mutation_0.15"", ""population_size"": 60, ""preference"": ""adaptive"", ""suite"": ""sensitivity"", ""use_dag_aware_initialization"": true, ""use_dag_block_crossover"": true, ""use_elite_local_search"": true, ""use_skew_mutation"": true, ""user_count"": null}",598.1102900273647,0.13826027845540684,0.7784416119086424,6428.216634790221,1,86260
sensitivity:mutation_0.15:86ab6a6f68:customized:repeat_6:seed_20260725,sensitivity,mutation_0.15,customized,6,20260725,"{""alpha_a"": 0.5, ""alpha_l"": 0.7, ""alpha_r"": 0.8, ""beta_a"": 0.3, ""beta_l"": 0.4, ""beta_r"": 0.5, ""cloud_count"": 1, ""crossover_probability"": 0.5, ""dnn_count"": 30, ""edge_count"": 10, ""edge_link_factor"": 2.0, ""iteration_limit"": 200, ""lambda_g"": 0.7, ""lambda_h"": 0.7, ""mutation_probability"": 0.15, ""name"": ""mutation_0.15"", ""population_size"": 60, ""preference"": ""adaptive"", ""suite"": ""sensitivity"", ""use_dag_aware_initialization"": true, ""use_dag_block_crossover"": true, ""use_elite_local_search"": true, ""use_skew_mutation"": true, ""user_count"": null}",552.7531137283456,0.17642785060923138,0.7768655729648067,6559.603347021808,1,89959
sensitivity:mutation_0.15:86ab6a6f68:customized:repeat_7:seed_20260726,sensitivity,mutation_0.15,customized,7,20260726,"{""alpha_a"": 0.5, ""alpha_l"": 0.7, ""alpha_r"": 0.8, ""beta_a"": 0.3, ""beta_l"": 0.4, ""beta_r"": 0.5, ""cloud_count"": 1, ""crossover_probability"": 0.5, ""dnn_count"": 30, ""edge_count"": 10, ""edge_link_factor"": 2.0, ""iteration_limit"": 200, ""lambda_g"": 0.7, ""lambda_h"": 0.7, ""mutation_probability"": 0.15, ""name"": ""mutation_0.15"", ""population_size"": 60, ""preference"": ""adaptive"", ""suite"": ""sensitivity"", ""use_dag_aware_initialization"": true, ""use_dag_block_crossover"": true, ""use_elite_local_search"": true, ""use_skew_mutation"": true, ""user_count"": null}",487.830788076083,0.11326130399816876,0.7010167423439868,7167.999036713999,0,88885
sensitivity:mutation_0.15:86ab6a6f68:customized:repeat_8:seed_20260727,sensitivity,mutation_0.15,customized,8,20260727,"{""alpha_a"": 0.5, ""alpha_l"": 0.7, ""alpha_r"": 0.8, ""beta_a"": 0.3, ""beta_l"": 0.4, ""beta_r"": 0.5, ""cloud_count"": 1, ""crossover_probability"": 0.5, ""dnn_count"": 30, ""edge_count"": 10, ""edge_link_factor"": 2.0, ""iteration_limit"": 200, ""lambda_g"": 0.7, ""lambda_h"": 0.7, ""mutation_probability"": 0.15, ""name"": ""mutation_0.15"", ""population_size"": 60, ""preference"": ""adaptive"", ""suite"": ""sensitivity"", ""use_dag_aware_initialization"": true, ""use_dag_block_crossover"": true, ""use_elite_local_search"": true, ""use_skew_mutation"": true, ""user_count"": null}",559.4139492639081,0.12096634118682147,0.7245527021911865,6781.012247273758,0,92848
sensitivity:mutation_0.15:86ab6a6f68:customized:repeat_9:seed_20260728,sensitivity,mutation_0.15,customized,9,20260728,"{""alpha_a"": 0.5, ""alpha_l"": 0.7, ""alpha_r"": 0.8, ""beta_a"": 0.3, ""beta_l"": 0.4, ""beta_r"": 0.5, ""cloud_count"": 1, ""crossover_probability"": 0.5, ""dnn_count"": 30, ""edge_count"": 10, ""edge_link_factor"": 2.0, ""iteration_limit"": 200, ""lambda_g"": 0.7, ""lambda_h"": 0.7, ""mutation_probability"": 0.15, ""name"": ""mutation_0.15"", ""population_size"": 60, ""preference"": ""adaptive"", ""suite"": ""sensitivity"", ""use_dag_aware_initialization"": true, ""use_dag_block_crossover"": true, ""use_elite_local_search"": true, ""use_skew_mutation"": true, ""user_count"": null}",517.7154735944862,0.15011522357171045,0.7304734444071035,6039.331893747579,0,88781
sensitivity:mutation_0.2:c26f1e4263:customized:repeat_0:seed_20260719,sensitivity,mutation_0.2,customized,0,20260719,"{""alpha_a"": 0.5, ""alpha_l"": 0.7, ""alpha_r"": 0.8, ""beta_a"": 0.3, ""beta_l"": 0.4, ""beta_r"": 0.5, ""cloud_count"": 1, ""crossover_probability"": 0.5, ""dnn_count"": 30, ""edge_count"": 10, ""edge_link_factor"": 2.0, ""iteration_limit"": 200, ""lambda_g"": 0.7, ""lambda_h"": 0.7, ""mutation_probability"": 0.2, ""name"": ""mutation_0.2"", ""population_size"": 60, ""preference"": ""adaptive"", ""suite"": ""sensitivity"", ""use_dag_aware_initialization"": true, ""use_dag_block_crossover"": true, ""use_elite_local_search"": true, ""use_skew_mutation"": true, ""user_count"": null}",564.0752775791391,0.17473584924042865,0.7978281435337241,5902.946026159359,0,90058
sensitivity:mutation_0.2:c26f1e4263:customized:repeat_1:seed_20260720,sensitivity,mutation_0.2,customized,1,20260720,"{""alpha_a"": 0.5, ""alpha_l"": 0.7, ""alpha_r"": 0.8, ""beta_a"": 0.3, ""beta_l"": 0.4, ""beta_r"": 0.5, ""cloud_count"": 1, ""crossover_probability"": 0.5, ""dnn_count"": 30, ""edge_count"": 10, ""edge_link_factor"": 2.0, ""iteration_limit"": 200, ""lambda_g"": 0.7, ""lambda_h"": 0.7, ""mutation_probability"": 0.2, ""name"": ""mutation_0.2"", ""population_size"": 60, ""preference"": ""adaptive"", ""suite"": ""sensitivity"", ""use_dag_aware_initialization"": true, ""use_dag_block_crossover"": true, ""use_elite_local_search"": true, ""use_skew_mutation"": true, ""user_count"": null}",529.702993926015,0.14884364698789626,0.7465649163969422,6095.705369525401,0,90842
sensitivity:mutation_0.2:c26f1e4263:customized:repeat_2:seed_20260721,sensitivity,mutation_0.2,customized,2,20260721,"{""alpha_a"": 0.5, ""alpha_l"": 0.7, ""alpha_r"": 0.8, ""beta_a"": 0.3, ""beta_l"": 0.4, ""beta_r"": 0.5, ""cloud_count"": 1, ""crossover_probability"": 0.5, ""dnn_count"": 30, ""edge_count"": 10, ""edge_link_factor"": 2.0, ""iteration_limit"": 200, ""lambda_g"": 0.7, ""lambda_h"": 0.7, ""mutation_probability"": 0.2, ""name"": ""mutation_0.2"", ""population_size"": 60, ""preference"": ""adaptive"", ""suite"": ""sensitivity"", ""use_dag_aware_initialization"": true, ""use_dag_block_crossover"": true, ""use_elite_local_search"": true, ""use_skew_mutation"": true, ""user_count"": null}",450.0161211609839,0.15279382186363547,0.7284388369906446,6266.631536210528,0,90453
sensitivity:mutation_0.2:c26f1e4263:customized:repeat_3:seed_20260722,sensitivity,mutation_0.2,customized,3,20260722,"{""alpha_a"": 0.5, ""alpha_l"": 0.7, ""alpha_r"": 0.8, ""beta_a"": 0.3, ""beta_l"": 0.4, ""beta_r"": 0.5, ""cloud_count"": 1, ""crossover_probability"": 0.5, ""dnn_count"": 30, ""edge_count"": 10, ""edge_link_factor"": 2.0, ""iteration_limit"": 200, ""lambda_g"": 0.7, ""lambda_h"": 0.7, ""mutation_probability"": 0.2, ""name"": ""mutation_0.2"", ""population_size"": 60, ""preference"": ""adaptive"", ""suite"": ""sensitivity"", ""use_dag_aware_initialization"": true, ""use_dag_block_crossover"": true, ""use_elite_local_search"": true, ""use_skew_mutation"": true, ""user_count"": null}",549.4259044205122,0.16514406693424327,0.7544311904536862,6412.829924228726,0,93286
sensitivity:mutation_0.2:c26f1e4263:customized:repeat_4:seed_20260723,sensitivity,mutation_0.2,customized,4,20260723,"{""alpha_a"": 0.5, ""alpha_l"": 0.7, ""alpha_r"": 0.8, ""beta_a"": 0.3, ""beta_l"": 0.4, ""beta_r"": 0.5, ""cloud_count"": 1, ""crossover_probability"": 0.5, ""dnn_count"": 30, ""edge_count"": 10, ""edge_link_factor"": 2.0, ""iteration_limit"": 200, ""lambda_g"": 0.7, ""lambda_h"": 0.7, ""mutation_probability"": 0.2, ""name"": ""mutation_0.2"", ""population_size"": 60, ""preference"": ""adaptive"", ""suite"": ""sensitivity"", ""use_dag_aware_initialization"": true, ""use_dag_block_crossover"": true, ""use_elite_local_search"": true, ""use_skew_mutation"": true, ""user_count"": null}",569.2118933725874,0.14828724331024346,0.7912331563859862,6498.397919979995,0,92101
sensitivity:mutation_0.2:c26f1e4263:customized:repeat_5:seed_20260724,sensitivity,mutation_0.2,customized,5,20260724,"{""alpha_a"": 0.5, ""alpha_l"": 0.7, ""alpha_r"": 0.8, ""beta_a"": 0.3, ""beta_l"": 0.4, ""beta_r"": 0.5, ""cloud_count"": 1, ""crossover_probability"": 0.5, ""dnn_count"": 30, ""edge_count"": 10, ""edge_link_factor"": 2.0, ""iteration_limit"": 200, ""lambda_g"": 0.7, ""lambda_h"": 0.7, ""mutation_probability"": 0.2, ""name"": ""mutation_0.2"", ""population_size"": 60, ""preference"": ""adaptive"", ""suite"": ""sensitivity"", ""use_dag_aware_initialization"": true, ""use_dag_block_crossover"": true, ""use_elite_local_search"": true, ""use_skew_mutation"": true, ""user_count"": null}",596.748835814316,0.16580705886881825,0.7650056102129923,5693.787109404192,1,88779
sensitivity:mutation_0.2:c26f1e4263:customized:repeat_6:seed_20260725,sensitivity,mutation_0.2,customized,6,20260725,"{""alpha_a"": 0.5, ""alpha_l"": 0.7, ""alpha_r"": 0.8, ""beta_a"": 0.3, ""beta_l"": 0.4, ""beta_r"": 0.5, ""cloud_count"": 1, ""crossover_probability"": 0.5, ""dnn_count"": 30, ""edge_count"": 10, ""edge_link_factor"": 2.0, ""iteration_limit"": 200, ""lambda_g"": 0.7, ""lambda_h"": 0.7, ""mutation_probability"": 0.2, ""name"": ""mutation_0.2"", ""population_size"": 60, ""preference"": ""adaptive"", ""suite"": ""sensitivity"", ""use_dag_aware_initialization"": true, ""use_dag_block_crossover"": true, ""use_elite_local_search"": true, ""use_skew_mutation"": true, ""user_count"": null}",567.4119471008834,0.163582946673596,0.7617687485894246,6435.018777487933,0,94171
sensitivity:mutation_0.2:c26f1e4263:customized:repeat_7:seed_20260726,sensitivity,mutation_0.2,customized,7,20260726,"{""alpha_a"": 0.5, ""alpha_l"": 0.7, ""alpha_r"": 0.8, ""beta_a"": 0.3, ""beta_l"": 0.4, ""beta_r"": 0.5, ""cloud_count"": 1, ""crossover_probability"": 0.5, ""dnn_count"": 30, ""edge_count"": 10, ""edge_link_factor"": 2.0, ""iteration_limit"": 200, ""lambda_g"": 0.7, ""lambda_h"": 0.7, ""mutation_probability"": 0.2, ""name"": ""mutation_0.2"", ""population_size"": 60, ""preference"": ""adaptive"", ""suite"": ""sensitivity"", ""use_dag_aware_initialization"": true, ""use_dag_block_crossover"": true, ""use_elite_local_search"": true, ""use_skew_mutation"": true, ""user_count"": null}",494.6107045256018,0.15002730218350843,0.7056635903243079,6680.321167505961,0,92405
sensitivity:mutation_0.2:c26f1e4263:customized:repeat_8:seed_20260727,sensitivity,mutation_0.2,customized,8,20260727,"{""alpha_a"": 0.5, ""alpha_l"": 0.7, ""alpha_r"": 0.8, ""beta_a"": 0.3, ""beta_l"": 0.4, ""beta_r"": 0.5, ""cloud_count"": 1, ""crossover_probability"": 0.5, ""dnn_count"": 30, ""edge_count"": 10, ""edge_link_factor"": 2.0, ""iteration_limit"": 200, ""lambda_g"": 0.7, ""lambda_h"": 0.7, ""mutation_probability"": 0.2, ""name"": ""mutation_0.2"", ""population_size"": 60, ""preference"": ""adaptive"", ""suite"": ""sensitivity"", ""use_dag_aware_initialization"": true, ""use_dag_block_crossover"": true, ""use_elite_local_search"": true, ""use_skew_mutation"": true, ""user_count"": null}",566.1500277843538,0.10020826905267148,0.7324414396025489,7133.996491308341,0,98812
sensitivity:mutation_0.2:c26f1e4263:customized:repeat_9:seed_20260728,sensitivity,mutation_0.2,customized,9,20260728,"{""alpha_a"": 0.5, ""alpha_l"": 0.7, ""alpha_r"": 0.8, ""beta_a"": 0.3, ""beta_l"": 0.4, ""beta_r"": 0.5, ""cloud_count"": 1, ""crossover_probability"": 0.5, ""dnn_count"": 30, ""edge_count"": 10, ""edge_link_factor"": 2.0, ""iteration_limit"": 200, ""lambda_g"": 0.7, ""lambda_h"": 0.7, ""mutation_probability"": 0.2, ""name"": ""mutation_0.2"", ""population_size"": 60, ""preference"": ""adaptive"", ""suite"": ""sensitivity"", ""use_dag_aware_initialization"": true, ""use_dag_block_crossover"": true, ""use_elite_local_search"": true, ""use_skew_mutation"": true, ""user_count"": null}",516.528727265403,0.14508927636621002,0.7291447697284367,5991.812809202476,0,90476
sensitivity:mutation_0.25:a7fd64cd45:customized:repeat_0:seed_20260719,sensitivity,mutation_0.25,customized,0,20260719,"{""alpha_a"": 0.5, ""alpha_l"": 0.7, ""alpha_r"": 0.8, ""beta_a"": 0.3, ""beta_l"": 0.4, ""beta_r"": 0.5, ""cloud_count"": 1, ""crossover_probability"": 0.5, ""dnn_count"": 30, ""edge_count"": 10, ""edge_link_factor"": 2.0, ""iteration_limit"": 200, ""lambda_g"": 0.7, ""lambda_h"": 0.7, ""mutation_probability"": 0.25, ""name"": ""mutation_0.25"", ""population_size"": 60, ""preference"": ""adaptive"", ""suite"": ""sensitivity"", ""use_dag_aware_initialization"": true, ""use_dag_block_crossover"": true, ""use_elite_local_search"": true, ""use_skew_mutation"": true, ""user_count"": null}",585.4710452733435,0.15857681364205076,0.7878773193626643,6190.967304063439,0,93670
sensitivity:mutation_0.25:a7fd64cd45:customized:repeat_1:seed_20260720,sensitivity,mutation_0.25,customized,1,20260720,"{""alpha_a"": 0.5, ""alpha_l"": 0.7, ""alpha_r"": 0.8, ""beta_a"": 0.3, ""beta_l"": 0.4, ""beta_r"": 0.5, ""cloud_count"": 1, ""crossover_probability"": 0.5, ""dnn_count"": 30, ""edge_count"": 10, ""edge_link_factor"": 2.0, ""iteration_limit"": 200, ""lambda_g"": 0.7, ""lambda_h"": 0.7, ""mutation_probability"": 0.25, ""name"": ""mutation_0.25"", ""population_size"": 60, ""preference"": ""adaptive"", ""suite"": ""sensitivity"", ""use_dag_aware_initialization"": true, ""use_dag_block_crossover"": true, ""use_elite_local_search"": true, ""use_skew_mutation"": true, ""user_count"": null}",522.7589904653419,0.16604198156803507,0.7318534940702449,6009.072345394557,0,95567
sensitivity:mutation_0.25:a7fd64cd45:customized:repeat_2:seed_20260721,sensitivity,mutation_0.25,customized,2,20260721,"{""alpha_a"": 0.5, ""alpha_l"": 0.7, ""alpha_r"": 0.8, ""beta_a"": 0.3, ""beta_l"": 0.4, ""beta_r"": 0.5, ""cloud_count"": 1, ""crossover_probability"": 0.5, ""dnn_count"": 30, ""edge_count"": 10, ""edge_link_factor"": 2.0, ""iteration_limit"": 200, ""lambda_g"": 0.7, ""lambda_h"": 0.7, ""mutation_probability"": 0.25, ""name"": ""mutation_0.25"", ""population_size"": 60, ""preference"": ""adaptive"", ""suite"": ""sensitivity"", ""use_dag_aware_initialization"": true, ""use_dag_block_crossover"": true, ""use_elite_local_search"": true, ""use_skew_mutation"": true, ""user_count"": null}",445.9688944377268,0.1728194490626768,0.7234918223896156,5935.4969996490645,0,94642
sensitivity:mutation_0.25:a7fd64cd45:customized:repeat_3:seed_20260722,sensitivity,mutation_0.25,customized,3,20260722,"{""alpha_a"": 0.5, ""alpha_l"": 0.7, ""alpha_r"": 0.8, ""beta_a"": 0.3, ""beta_l"": 0.4, ""beta_r"": 0.5, ""cloud_count"": 1, ""crossover_probability"": 0.5, ""dnn_count"": 30, ""edge_count"": 10, ""edge_link_factor"": 2.0, ""iteration_limit"": 200, ""lambda_g"": 0.7, ""lambda_h"": 0.7, ""mutation_probability"": 0.25, ""name"": ""mutation_0.25"", ""population_size"": 60, ""preference"": ""adaptive"", ""suite"": ""sensitivity"", ""use_dag_aware_initialization"": true, ""use_dag_block_crossover"": true, ""use_elite_local_search"": true, ""use_skew_mutation"": true, ""user_count"": null}",536.8969773769408,0.18274193269632025,0.7628585905960675,6177.639224393977,0,96395
sensitivity:mutation_0.25:a7fd64cd45:customized:repeat_4:seed_20260723,sensitivity,mutation_0.25,customized,4,20260723,"{""alpha_a"": 0.5, ""alpha_l"": 0.7, ""alpha_r"": 0.8, ""beta_a"": 0.3, ""beta_l"": 0.4, ""beta_r"": 0.5, ""cloud_count"": 1, ""crossover_probability"": 0.5, ""dnn_count"": 30, ""edge_count"": 10, ""edge_link_factor"": 2.0, ""iteration_limit"": 200, ""lambda_g"": 0.7, ""lambda_h"": 0.7, ""mutation_probability"": 0.25, ""name"": ""mutation_0.25"", ""population_size"": 60, ""preference"": ""adaptive"", ""suite"": ""sensitivity"", ""use_dag_aware_initialization"": true, ""use_dag_block_crossover"": true, ""use_elite_local_search"": true, ""use_skew_mutation"": true, ""user_count"": null}",529.5676812470248,0.18880957562658648,0.7895080981371547,5726.371158759943,0,92897
sensitivity:mutation_0.25:a7fd64cd45:customized:repeat_5:seed_20260724,sensitivity,mutation_0.25,customized,5,20260724,"{""alpha_a"": 0.5, ""alpha_l"": 0.7, ""alpha_r"": 0.8, ""beta_a"": 0.3, ""beta_l"": 0.4, ""beta_r"": 0.5, ""cloud_count"": 1, ""crossover_probability"": 0.5, ""dnn_count"": 30, ""edge_count"": 10, ""edge_link_factor"": 2.0, ""iteration_limit"": 200, ""lambda_g"": 0.7, ""lambda_h"": 0.7, ""mutation_probability"": 0.25, ""name"": ""mutation_0.25"", ""population_size"": 60, ""preference"": ""adaptive"", ""suite"": ""sensitivity"", ""use_dag_aware_initialization"": true, ""use_dag_block_crossover"": true, ""use_elite_local_search"": true, ""use_skew_mutation"": true, ""user_count"": null}",582.2015475451358,0.17895077931781325,0.7706259957182205,5614.629438133489,1,90673
sensitivity:mutation_0.25:a7fd64cd45:customized:repeat_6:seed_20260725,sensitivity,mutation_0.25,customized,6,20260725,"{""alpha_a"": 0.5, ""alpha_l"": 0.7, ""alpha_r"": 0.8, ""beta_a"": 0.3, ""beta_l"": 0.4, ""beta_r"": 0.5, ""cloud_count"": 1, ""crossover_probability"": 0.5, ""dnn_count"": 30, ""edge_count"": 10, ""edge_link_factor"": 2.0, ""iteration_limit"": 200, ""lambda_g"": 0.7, ""lambda_h"": 0.7, ""mutation_probability"": 0.25, ""name"": ""mutation_0.25"", ""population_size"": 60, ""preference"": ""adaptive"", ""suite"": ""sensitivity"", ""use_dag_aware_initialization"": true, ""use_dag_block_crossover"": true, ""use_elite_local_search"": true, ""use_skew_mutation"": true, ""user_count"": null}",552.3098214932498,0.16022686552417773,0.7702801621992276,6472.67318092196,0,95173
sensitivity:mutation_0.25:a7fd64cd45:customized:repeat_7:seed_20260726,sensitivity,mutation_0.25,customized,7,20260726,"{""alpha_a"": 0.5, ""alpha_l"": 0.7, ""alpha_r"": 0.8, ""beta_a"": 0.3, ""beta_l"": 0.4, ""beta_r"": 0.5, ""cloud_count"": 1, ""crossover_probability"": 0.5, ""dnn_count"": 30, ""edge_count"": 10, ""edge_link_factor"": 2.0, ""iteration_limit"": 200, ""lambda_g"": 0.7, ""lambda_h"": 0.7, ""mutation_probability"": 0.25, ""name"": ""mutation_0.25"", ""population_size"": 60, ""preference"": ""adaptive"", ""suite"": ""sensitivity"", ""use_dag_aware_initialization"": true, ""use_dag_block_crossover"": true, ""use_elite_local_search"": true, ""use_skew_mutation"": true, ""user_count"": null}",506.03273578912007,0.1465138494634397,0.7162725759419708,6549.8736257273395,1,97299
sensitivity:mutation_0.25:a7fd64cd45:customized:repeat_8:seed_20260727,sensitivity,mutation_0.25,customized,8,20260727,"{""alpha_a"": 0.5, ""alpha_l"": 0.7, ""alpha_r"": 0.8, ""beta_a"": 0.3, ""beta_l"": 0.4, ""beta_r"": 0.5, ""cloud_count"": 1, ""crossover_probability"": 0.5, ""dnn_count"": 30, ""edge_count"": 10, ""edge_link_factor"": 2.0, ""iteration_limit"": 200, ""lambda_g"": 0.7, ""lambda_h"": 0.7, ""mutation_probability"": 0.25, ""name"": ""mutation_0.25"", ""population_size"": 60, ""preference"": ""adaptive"", ""suite"": ""sensitivity"", ""use_dag_aware_initialization"": true, ""use_dag_block_crossover"": true, ""use_elite_local_search"": true, ""use_skew_mutation"": true, ""user_count"": null}",561.8693985559441,0.15580418594092563,0.71490059983055,6578.604376487279,0,97947
sensitivity:mutation_0.25:a7fd64cd45:customized:repeat_9:seed_20260728,sensitivity,mutation_0.25,customized,9,20260728,"{""alpha_a"": 0.5, ""alpha_l"": 0.7, ""alpha_r"": 0.8, ""beta_a"": 0.3, ""beta_l"": 0.4, ""beta_r"": 0.5, ""cloud_count"": 1, ""crossover_probability"": 0.5, ""dnn_count"": 30, ""edge_count"": 10, ""edge_link_factor"": 2.0, ""iteration_limit"": 200, ""lambda_g"": 0.7, ""lambda_h"": 0.7, ""mutation_probability"": 0.25, ""name"": ""mutation_0.25"", ""population_size"": 60, ""preference"": ""adaptive"", ""suite"": ""sensitivity"", ""use_dag_aware_initialization"": true, ""use_dag_block_crossover"": true, ""use_elite_local_search"": true, ""use_skew_mutation"": true, ""user_count"": null}",503.07981325961407,0.19553281595538388,0.7237170091572269,5494.112301217771,1,92851
sensitivity:mutation_0.3:65a3d94295:customized:repeat_0:seed_20260719,sensitivity,mutation_0.3,customized,0,20260719,"{""alpha_a"": 0.5, ""alpha_l"": 0.7, ""alpha_r"": 0.8, ""beta_a"": 0.3, ""beta_l"": 0.4, ""beta_r"": 0.5, ""cloud_count"": 1, ""crossover_probability"": 0.5, ""dnn_count"": 30, ""edge_count"": 10, ""edge_link_factor"": 2.0, ""iteration_limit"": 200, ""lambda_g"": 0.7, ""lambda_h"": 0.7, ""mutation_probability"": 0.3, ""name"": ""mutation_0.3"", ""population_size"": 60, ""preference"": ""adaptive"", ""suite"": ""sensitivity"", ""use_dag_aware_initialization"": true, ""use_dag_block_crossover"": true, ""use_elite_local_search"": true, ""use_skew_mutation"": true, ""user_count"": null}",565.5633138768258,0.17894568781078057,0.7897855699272575,6055.142528369013,1,96148
sensitivity:mutation_0.3:65a3d94295:customized:repeat_1:seed_20260720,sensitivity,mutation_0.3,customized,1,20260720,"{""alpha_a"": 0.5, ""alpha_l"": 0.7, ""alpha_r"": 0.8, ""beta_a"": 0.3, ""beta_l"": 0.4, ""beta_r"": 0.5, ""cloud_count"": 1, ""crossover_probability"": 0.5, ""dnn_count"": 30, ""edge_count"": 10, ""edge_link_factor"": 2.0, ""iteration_limit"": 200, ""lambda_g"": 0.7, ""lambda_h"": 0.7, ""mutation_probability"": 0.3, ""name"": ""mutation_0.3"", ""population_size"": 60, ""preference"": ""adaptive"", ""suite"": ""sensitivity"", ""use_dag_aware_initialization"": true, ""use_dag_block_crossover"": true, ""use_elite_local_search"": true, ""use_skew_mutation"": true, ""user_count"": null}",531.576149158849,0.15229144425841337,0.7296566932496525,6196.954724280865,0,98868
sensitivity:mutation_0.3:65a3d94295:customized:repeat_2:seed_20260721,sensitivity,mutation_0.3,customized,2,20260721,"{""alpha_a"": 0.5, ""alpha_l"": 0.7, ""alpha_r"": 0.8, ""beta_a"": 0.3, ""beta_l"": 0.4, ""beta_r"": 0.5, ""cloud_count"": 1, ""crossover_probability"": 0.5, ""dnn_count"": 30, ""edge_count"": 10, ""edge_link_factor"": 2.0, ""iteration_limit"": 200, ""lambda_g"": 0.7, ""lambda_h"": 0.7, ""mutation_probability"": 0.3, ""name"": ""mutation_0.3"", ""population_size"": 60, ""preference"": ""adaptive"", ""suite"": ""sensitivity"", ""use_dag_aware_initialization"": true, ""use_dag_block_crossover"": true, ""use_elite_local_search"": true, ""use_skew_mutation"": true, ""user_count"": null}",448.5358475054055,0.16786806933991782,0.7189820235751451,5901.609662810584,0,98297
sensitivity:mutation_0.3:65a3d94295:customized:repeat_3:seed_20260722,sensitivity,mutation_0.3,customized,3,20260722,"{""alpha_a"": 0.5, ""alpha_l"": 0.7, ""alpha_r"": 0.8, ""beta_a"": 0.3, ""beta_l"": 0.4, ""beta_r"": 0.5, ""cloud_count"": 1, ""crossover_probability"": 0.5, ""dnn_count"": 30, ""edge_count"": 10, ""edge_link_factor"": 2.0, ""iteration_limit"": 200, ""lambda_g"": 0.7, ""lambda_h"": 0.7, ""mutation_probability"": 0.3, ""name"": ""mutation_0.3"", ""population_size"": 60, ""preference"": ""adaptive"", ""suite"": ""sensitivity"", ""use_dag_aware_initialization"": true, ""use_dag_block_crossover"": true, ""use_elite_local_search"": true, ""use_skew_mutation"": true, ""user_count"": null}",544.703231272145,0.15788529931352185,0.7677002107601117,6127.636644673812,0,99384
sensitivity:mutation_0.3:65a3d94295:customized:repeat_4:seed_20260723,sensitivity,mutation_0.3,customized,4,20260723,"{""alpha_a"": 0.5, ""alpha_l"": 0.7, ""alpha_r"": 0.8, ""beta_a"": 0.3, ""beta_l"": 0.4, ""beta_r"": 0.5, ""cloud_count"": 1, ""crossover_probability"": 0.5, ""dnn_count"": 30, ""edge_count"": 10, ""edge_link_factor"": 2.0, ""iteration_limit"": 200, ""lambda_g"": 0.7, ""lambda_h"": 0.7, ""mutation_probability"": 0.3, ""name"": ""mutation_0.3"", ""population_size"": 60, ""preference"": ""adaptive"", ""suite"": ""sensitivity"", ""use_dag_aware_initialization"": true, ""use_dag_block_crossover"": true, ""use_elite_local_search"": true, ""use_skew_mutation"": true, ""user_count"": null}",528.5223240176456,0.196469323229114,0.7681773132893053,5753.396704433589,0,97541
sensitivity:mutation_0.3:65a3d94295:customized:repeat_5:seed_20260724,sensitivity,mutation_0.3,customized,5,20260724,"{""alpha_a"": 0.5, ""alpha_l"": 0.7, ""alpha_r"": 0.8, ""beta_a"": 0.3, ""beta_l"": 0.4, ""beta_r"": 0.5, ""cloud_count"": 1, ""crossover_probability"": 0.5, ""dnn_count"": 30, ""edge_count"": 10, ""edge_link_factor"": 2.0, ""iteration_limit"": 200, ""lambda_g"": 0.7, ""lambda_h"": 0.7, ""mutation_probability"": 0.3, ""name"": ""mutation_0.3"", ""population_size"": 60, ""preference"": ""adaptive"", ""suite"": ""sensitivity"", ""use_dag_aware_initialization"": true, ""use_dag_block_crossover"": true, ""use_elite_local_search"": true, ""use_skew_mutation"": true, ""user_count"": null}",583.9895208368281,0.15283533833871707,0.7643806887264466,6015.361307626637,1,95032
sensitivity:mutation_0.3:65a3d94295:customized:repeat_6:seed_20260725,sensitivity,mutation_0.3,customized,6,20260725,"{""alpha_a"": 0.5, ""alpha_l"": 0.7, ""alpha_r"": 0.8, ""beta_a"": 0.3, ""beta_l"": 0.4, ""beta_r"": 0.5, ""cloud_count"": 1, ""crossover_probability"": 0.5, ""dnn_count"": 30, ""edge_count"": 10, ""edge_link_factor"": 2.0, ""iteration_limit"": 200, ""lambda_g"": 0.7, ""lambda_h"": 0.7, ""mutation_probability"": 0.3, ""name"": ""mutation_0.3"", ""population_size"": 60, ""preference"": ""adaptive"", ""suite"": ""sensitivity"", ""use_dag_aware_initialization"": true, ""use_dag_block_crossover"": true, ""use_elite_local_search"": true, ""use_skew_mutation"": true, ""user_count"": null}",555.7561541709163,0.15047864191817187,0.779724452277072,6458.6664312865305,0,101297
sensitivity:mutation_0.3:65a3d94295:customized:repeat_7:seed_20260726,sensitivity,mutation_0.3,customized,7,20260726,"{""alpha_a"": 0.5, ""alpha_l"": 0.7, ""alpha_r"": 0.8, ""beta_a"": 0.3, ""beta_l"": 0.4, ""beta_r"": 0.5, ""cloud_count"": 1, ""crossover_probability"": 0.5, ""dnn_count"": 30, ""edge_count"": 10, ""edge_link_factor"": 2.0, ""iteration_limit"": 200, ""lambda_g"": 0.7, ""lambda_h"": 0.7, ""mutation_probability"": 0.3, ""name"": ""mutation_0.3"", ""population_size"": 60, ""preference"": ""adaptive"", ""suite"": ""sensitivity"", ""use_dag_aware_initialization"": true, ""use_dag_block_crossover"": true, ""use_elite_local_search"": true, ""use_skew_mutation"": true, ""user_count"": null}",507.012745191344,0.13621747326392905,0.7211148740364257,6572.450706571831,0,98264
sensitivity:mutation_0.3:65a3d94295:customized:repeat_8:seed_20260727,sensitivity,mutation_0.3,customized,8,20260727,"{""alpha_a"": 0.5, ""alpha_l"": 0.7, ""alpha_r"": 0.8, ""beta_a"": 0.3, ""beta_l"": 0.4, ""beta_r"": 0.5, ""cloud_count"": 1, ""crossover_probability"": 0.5, ""dnn_count"": 30, ""edge_count"": 10, ""edge_link_factor"": 2.0, ""iteration_limit"": 200, ""lambda_g"": 0.7, ""lambda_h"": 0.7, ""mutation_probability"": 0.3, ""name"": ""mutation_0.3"", ""population_size"": 60, ""preference"": ""adaptive"", ""suite"": ""sensitivity"", ""use_dag_aware_initialization"": true, ""use_dag_block_crossover"": true, ""use_elite_local_search"": true, ""use_skew_mutation"": true, ""user_count"": null}",540.5108640642551,0.1523025377127161,0.7311689415899488,6139.771248600109,0,103057
sensitivity:mutation_0.3:65a3d94295:customized:repeat_9:seed_20260728,sensitivity,mutation_0.3,customized,9,20260728,"{""alpha_a"": 0.5, ""alpha_l"": 0.7, ""alpha_r"": 0.8, ""beta_a"": 0.3, ""beta_l"": 0.4, ""beta_r"": 0.5, ""cloud_count"": 1, ""crossover_probability"": 0.5, ""dnn_count"": 30, ""edge_count"": 10, ""edge_link_factor"": 2.0, ""iteration_limit"": 200, ""lambda_g"": 0.7, ""lambda_h"": 0.7, ""mutation_probability"": 0.3, ""name"": ""mutation_0.3"", ""population_size"": 60, ""preference"": ""adaptive"", ""suite"": ""sensitivity"", ""use_dag_aware_initialization"": true, ""use_dag_block_crossover"": true, ""use_elite_local_search"": true, ""use_skew_mutation"": true, ""user_count"": null}",517.4468381145197,0.17909256188250203,0.7142573494104872,5977.900207627796,0,96686
sensitivity:mutation_0.35:7838ce5002:customized:repeat_0:seed_20260719,sensitivity,mutation_0.35,customized,0,20260719,"{""alpha_a"": 0.5, ""alpha_l"": 0.7, ""alpha_r"": 0.8, ""beta_a"": 0.3, ""beta_l"": 0.4, ""beta_r"": 0.5, ""cloud_count"": 1, ""crossover_probability"": 0.5, ""dnn_count"": 30, ""edge_count"": 10, ""edge_link_factor"": 2.0, ""iteration_limit"": 200, ""lambda_g"": 0.7, ""lambda_h"": 0.7, ""mutation_probability"": 0.35, ""name"": ""mutation_0.35"", ""population_size"": 60, ""preference"": ""adaptive"", ""suite"": ""sensitivity"", ""use_dag_aware_initialization"": true, ""use_dag_block_crossover"": true, ""use_elite_local_search"": true, ""use_skew_mutation"": true, ""user_count"": null}",578.7462834903079,0.17250416022336884,0.7962028502367761,6441.6439735999675,1,100991
sensitivity:mutation_0.35:7838ce5002:customized:repeat_1:seed_20260720,sensitivity,mutation_0.35,customized,1,20260720,"{""alpha_a"": 0.5, ""alpha_l"": 0.7, ""alpha_r"": 0.8, ""beta_a"": 0.3, ""beta_l"": 0.4, ""beta_r"": 0.5, ""cloud_count"": 1, ""crossover_probability"": 0.5, ""dnn_count"": 30, ""edge_count"": 10, ""edge_link_factor"": 2.0, ""iteration_limit"": 200, ""lambda_g"": 0.7, ""lambda_h"": 0.7, ""mutation_probability"": 0.35, ""name"": ""mutation_0.35"", ""population_size"": 60, ""preference"": ""adaptive"", ""suite"": ""sensitivity"", ""use_dag_aware_initialization"": true, ""use_dag_block_crossover"": true, ""use_elite_local_search"": true, ""use_skew_mutation"": true, ""user_count"": null}",525.2540837738368,0.16545917054039255,0.7315300214023491,5887.290951259891,0,101929
sensitivity:mutation_0.35:7838ce5002:customized:repeat_2:seed_20260721,sensitivity,mutation_0.35,customized,2,20260721,"{""alpha_a"": 0.5, ""alpha_l"": 0.7, ""alpha_r"": 0.8, ""beta_a"": 0.3, ""beta_l"": 0.4, ""beta_r"": 0.5, ""cloud_count"": 1, ""crossover_probability"": 0.5, ""dnn_count"": 30, ""edge_count"": 10, ""edge_link_factor"": 2.0, ""iteration_limit"": 200, ""lambda_g"": 0.7, ""lambda_h"": 0.7, ""mutation_probability"": 0.35, ""name"": ""mutation_0.35"", ""population_size"": 60, ""preference"": ""adaptive"", ""suite"": ""sensitivity"", ""use_dag_aware_initialization"": true, ""use_dag_block_crossover"": true, ""use_elite_local_search"": true, ""use_skew_mutation"": true, ""user_count"": null}",459.78711361296104,0.1490330949585212,0.7227468794363768,6178.075222761863,0,102891
sensitivity:mutation_0.35:7838ce5002:customized:repeat_3:seed_20260722,sensitivity,mutation_0.35,customized,3,20260722,"{""alpha_a"": 0.5, ""alpha_l"": 0.7, ""alpha_r"": 0.8, ""beta_a"": 0.3, ""beta_l"": 0.4, ""beta_r"": 0.5, ""cloud_count"": 1, ""crossover_probability"": 0.5, ""dnn_count"": 30, ""edge_count"": 10, ""edge_link_factor"": 2.0, ""iteration_limit"": 200, ""lambda_g"": 0.7, ""lambda_h"": 0.7, ""mutation_probability"": 0.35, ""name"": ""mutation_0.35"", ""population_size"": 60, ""preference"": ""adaptive"", ""suite"": ""sensitivity"", ""use_dag_aware_initialization"": true, ""use_dag_block_crossover"": true, ""use_elite_local_search"": true, ""use_skew_mutation"": true, ""user_count"": null}",548.0862689294088,0.16761483873002575,0.7638536665250386,6319.313140413641,0,101665
sensitivity:mutation_0.35:7838ce5002:customized:repeat_4:seed_20260723,sensitivity,mutation_0.35,customized,4,20260723,"{""alpha_a"": 0.5, ""alpha_l"": 0.7, ""alpha_r"": 0.8, ""beta_a"": 0.3, ""beta_l"": 0.4, ""beta_r"": 0.5, ""cloud_count"": 1, ""crossover_probability"": 0.5, ""dnn_count"": 30, ""edge_count"": 10, ""edge_link_factor"": 2.0, ""iteration_limit"": 200, ""lambda_g"": 0.7, ""lambda_h"": 0.7, ""mutation_probability"": 0.35, ""name"": ""mutation_0.35"", ""population_size"": 60, ""preference"": ""adaptive"", ""suite"": ""sensitivity"", ""use_dag_aware_initialization"": true, ""use_dag_block_crossover"": true, ""use_elite_local_search"": true, ""use_skew_mutation"": true, ""user_count"": null}",526.3317087535007,0.22154268383893833,0.7716130058041482,5414.080216980787,0,97099
sensitivity:mutation_0.35:7838ce5002:customized:repeat_5:seed_20260724,sensitivity,mutation_0.35,customized,5,20260724,"{""alpha_a"": 0.5, ""alpha_l"": 0.7, ""alpha_r"": 0.8, ""beta_a"": 0.3, ""beta_l"": 0.4, ""beta_r"": 0.5, ""cloud_count"": 1, ""crossover_probability"": 0.5, ""dnn_count"": 30, ""edge_count"": 10, ""edge_link_factor"": 2.0, ""iteration_limit"": 200, ""lambda_g"": 0.7, ""lambda_h"": 0.7, ""mutation_probability"": 0.35, ""name"": ""mutation_0.35"", ""population_size"": 60, ""preference"": ""adaptive"", ""suite"": ""sensitivity"", ""use_dag_aware_initialization"": true, ""use_dag_block_crossover"": true, ""use_elite_local_search"": true, ""use_skew_mutation"": true, ""user_count"": null}",564.4809264782186,0.20965671655556503,0.7490550112816564,5420.999995672777,1,96159
sensitivity:mutation_0.35:7838ce5002:customized:repeat_6:seed_20260725,sensitivity,mutation_0.35,customized,6,20260725,"{""alpha_a"": 0.5, ""alpha_l"": 0.7, ""alpha_r"": 0.8, ""beta_a"": 0.3, ""beta_l"": 0.4, ""beta_r"": 0.5, ""cloud_count"": 1, ""crossover_probability"": 0.5, ""dnn_count"": 30, ""edge_count"": 10, ""edge_link_factor"": 2.0, ""iteration_limit"": 200, ""lambda_g"": 0.7, ""lambda_h"": 0.7, ""mutation_probability"": 0.35, ""name"": ""mutation_0.35"", ""population_size"": 60, ""preference"": ""adaptive"", ""suite"": ""sensitivity"", ""use_dag_aware_initialization"": true, ""use_dag_block_crossover"": true, ""use_elite_local_search"": true, ""use_skew_mutation"": true, ""user_count"": null}",545.4510546792745,0.1695035601952716,0.7669689727644481,6431.028490896203,0,101231
sensitivity:mutation_0.35:7838ce5002:customized:repeat_7:seed_20260726,sensitivity,mutation_0.35,customized,7,20260726,"{""alpha_a"": 0.5, ""alpha_l"": 0.7, ""alpha_r"": 0.8, ""beta_a"": 0.3, ""beta_l"": 0.4, ""beta_r"": 0.5, ""cloud_count"": 1, ""crossover_probability"": 0.5, ""dnn_count"": 30, ""edge_count"": 10, ""edge_link_factor"": 2.0, ""iteration_limit"": 200, ""lambda_g"": 0.7, ""lambda_h"": 0.7, ""mutation_probability"": 0.35, ""name"": ""mutation_0.35"", ""population_size"": 60, ""preference"": ""adaptive"", ""suite"": ""sensitivity"", ""use_dag_aware_initialization"": true, ""use_dag_block_crossover"": true, ""use_elite_local_search"": true, ""use_skew_mutation"": true, ""user_count"": null}",508.3521227544336,0.14186693477608137,0.7066652232269621,6896.126542229266,1,105909
sensitivity:mutation_0.35:7838ce5002:customized:repeat_8:seed_20260727,sensitivity,mutation_0.35,customized,8,20260727,"{""alpha_a"": 0.5, ""alpha_l"": 0.7, ""alpha_r"": 0.8, ""beta_a"": 0.3, ""beta_l"": 0.4, ""beta_r"": 0.5, ""cloud_count"": 1, ""crossover_probability"": 0.5, ""dnn_count"": 30, ""edge_count"": 10, ""edge_link_factor"": 2.0, ""iteration_limit"": 200, ""lambda_g"": 0.7, ""lambda_h"": 0.7, ""mutation_probability"": 0.35, ""name"": ""mutation_0.35"", ""population_size"": 60, ""preference"": ""adaptive"", ""suite"": ""sensitivity"", ""use_dag_aware_initialization"": true, ""use_dag_block_crossover"": true, ""use_elite_local_search"": true, ""use_skew_mutation"": true, ""user_count"": null}",552.0959666256787,0.11464622324408251,0.7437788335416939,6675.600935211372,0,107888
sensitivity:mutation_0.35:7838ce5002:customized:repeat_9:seed_20260728,sensitivity,mutation_0.35,customized,9,20260728,"{""alpha_a"": 0.5, ""alpha_l"": 0.7, ""alpha_r"": 0.8, ""beta_a"": 0.3, ""beta_l"": 0.4, ""beta_r"": 0.5, ""cloud_count"": 1, ""crossover_probability"": 0.5, ""dnn_count"": 30, ""edge_count"": 10, ""edge_link_factor"": 2.0, ""iteration_limit"": 200, ""lambda_g"": 0.7, ""lambda_h"": 0.7, ""mutation_probability"": 0.35, ""name"": ""mutation_0.35"", ""population_size"": 60, ""preference"": ""adaptive"", ""suite"": ""sensitivity"", ""use_dag_aware_initialization"": true, ""use_dag_block_crossover"": true, ""use_elite_local_search"": true, ""use_skew_mutation"": true, ""user_count"": null}",503.5077646367145,0.16522890797323198,0.7343683360633151,5835.672642238017,0,100445
