task_id,suite,scenario,comparison_group,comparison_method,repeat,seed,experiment_layer,protocol_version,algorithm,candidate_generator_mode,search_budget_id,bootstrap_mode_config,online_timing_mode,planning_timing_mode,pool_budget_mode,lambda_per_slot,topology_hash,profile_catalog_hash,workload_trace_hash,environment_trace_hash,arrival_slots,elapsed_slots,arrived_requests,accepted_requests,rejected_requests,completed_requests,runtime_failed_requests,deadline_missed_requests,unfinished_requests,goodput_utility,avg_estimated_delay_ms,avg_operational_stability_score,avg_total_energy,plan_direct_count,plan_repaired_count,fast_fallback_count,per_request_customized_count,online_baseline_count,planning_jobs_started,planning_jobs_published,planning_jobs_retained,total_planning_runtime_ms,total_online_runtime_ms,avg_online_runtime_ms,p95_online_runtime_ms,publication_valid_candidates,publication_rejected_candidates,objective_semantics_version,acceptance_rate,completion_rate,runtime_failure_rate,plan_direct_rate,plan_repaired_rate,fast_fallback_rate
system_poisson:poisson_lifecycle_v1:scale:f1d09cd36f834fbb:periodic_customized:r0:s20260719,scale,small_periodic_customized_per_key,small_per_key,periodic_customized,0,20260719,system_poisson,poisson_lifecycle_v1,periodic_customized,customized,p12_g4_a64,prewarm,measured,measured,fixed_per_key,0.5,22fa364dda0f82c3,20b7a9b5dd0494ff,0012504cea8ad89a,c3ade63673949cb4,200,204,117,42,75,39,3,0,0,1.3478492005709337,658.9882731846874,0.7806811158281225,3951.33423949168,33,3,6,0,0,63,26,36,1625.830712262541,165.6853740569204,1.416114308178807,2.863624948076904,40,25,stability_delay_energy_v4,0.358974358974359,0.3333333333333333,0.07142857142857142,0.28205128205128205,0.02564102564102564,0.05128205128205128
system_poisson:poisson_lifecycle_v1:scale:f1d09cd36f834fbb:periodic_customized:r1:s20260720,scale,small_periodic_customized_per_key,small_per_key,periodic_customized,1,20260720,system_poisson,poisson_lifecycle_v1,periodic_customized,customized,p12_g4_a64,prewarm,measured,measured,fixed_per_key,0.5,d2e5a428fc517250,19ef7a578170cb8a,0d516b4b5bb81d53,4948b9b559ca3dae,200,206,103,39,64,38,1,2,0,1.344147916161524,584.5050711753219,0.7974835663992162,4019.285203176363,32,6,1,0,0,62,42,20,2735.3502042824402,114.85153739340603,1.1150634698388935,2.448291052132845,64,15,stability_delay_energy_v4,0.3786407766990291,0.36893203883495146,0.02564102564102564,0.3106796116504854,0.05825242718446602,0.009708737864077669
system_poisson:poisson_lifecycle_v1:scale:f1d09cd36f834fbb:periodic_customized:r2:s20260721,scale,small_periodic_customized_per_key,small_per_key,periodic_customized,2,20260721,system_poisson,poisson_lifecycle_v1,periodic_customized,customized,p12_g4_a64,prewarm,measured,measured,fixed_per_key,0.5,502b261ca80126e0,2af542aea9f21fe2,5896dd62ad5f8c47,b3c97759fa661993,200,208,103,47,56,45,2,1,0,1.6111150020725937,569.1744690508528,0.785582244233872,4012.560598032481,34,12,1,0,0,66,31,34,2189.248294918798,161.62083798553795,1.5691343493741547,3.5229590721428394,48,18,stability_delay_energy_v4,0.4563106796116505,0.4368932038834951,0.0425531914893617,0.3300970873786408,0.11650485436893204,0.009708737864077669
system_poisson:poisson_lifecycle_v1:scale:f1d09cd36f834fbb:periodic_customized:r3:s20260722,scale,small_periodic_customized_per_key,small_per_key,periodic_customized,3,20260722,system_poisson,poisson_lifecycle_v1,periodic_customized,customized,p12_g4_a64,prewarm,measured,measured,fixed_per_key,0.5,8ee88a1e510e345f,0619f74521cefa66,578373c3c748f6b0,a8d64a668c29fff0,200,200,89,10,79,7,3,0,0,0.22670979078657857,1364.636873599663,0.8033208339472366,6749.231791882403,10,0,0,0,0,51,15,36,2557.5873743509874,56.959913577884436,0.6399990289649936,2.363624982535839,16,3,stability_delay_energy_v4,0.11235955056179775,0.07865168539325842,0.3,0.11235955056179775,0.0,0.0
system_poisson:poisson_lifecycle_v1:scale:f1d09cd36f834fbb:periodic_customized:r4:s20260723,scale,small_periodic_customized_per_key,small_per_key,periodic_customized,4,20260723,system_poisson,poisson_lifecycle_v1,periodic_customized,customized,p12_g4_a64,prewarm,measured,measured,fixed_per_key,0.5,e0adedb9d81004e3,fa95dc9e4546012a,f559e354d708840b,7df8c4f9894fbd11,200,201,88,28,60,23,5,0,0,0.8976032135304413,539.4613077179151,0.8043834051071819,3726.1804491703106,27,0,1,0,0,58,35,22,2095.903125591576,107.1097933454439,1.2171567425618626,2.9157919343560934,62,9,stability_delay_energy_v4,0.3181818181818182,0.26136363636363635,0.17857142857142858,0.3068181818181818,0.0,0.011363636363636364
system_poisson:poisson_lifecycle_v1:scale:f1d09cd36f834fbb:periodic_customized:r5:s20260724,scale,small_periodic_customized_per_key,small_per_key,periodic_customized,5,20260724,system_poisson,poisson_lifecycle_v1,periodic_customized,customized,p12_g4_a64,prewarm,measured,measured,fixed_per_key,0.5,86f99463f71919bc,e0b620b7e7af568c,c7d7bf33a5ec4d92,c61766e5adeaf7a9,200,204,114,41,73,37,4,0,0,1.3527421352439626,610.8540019178939,0.7608219545791517,3628.423116095455,36,2,3,0,0,68,31,37,2657.2641623206437,163.7343760812655,1.4362664568532062,3.0120000010356307,42,20,stability_delay_energy_v4,0.35964912280701755,0.32456140350877194,0.0975609756097561,0.3157894736842105,0.017543859649122806,0.02631578947368421
system_poisson:poisson_lifecycle_v1:scale:f1d09cd36f834fbb:periodic_customized:r6:s20260725,scale,small_periodic_customized_per_key,small_per_key,periodic_customized,6,20260725,system_poisson,poisson_lifecycle_v1,periodic_customized,customized,p12_g4_a64,prewarm,measured,measured,fixed_per_key,0.5,30f3524c4ea65cf8,551cfde08adbd958,695de540688f167e,b0aa21bae96916c6,200,203,80,17,63,17,0,1,0,0.6545329570260304,416.95106988379433,0.8251658737278849,4177.975610779425,13,3,1,0,0,52,39,12,2989.6600446663797,62.62270687147975,0.7827838358934969,3.033708082512021,55,11,stability_delay_energy_v4,0.2125,0.2125,0.0,0.1625,0.0375,0.0125
system_poisson:poisson_lifecycle_v1:scale:f1d09cd36f834fbb:periodic_customized:r7:s20260726,scale,small_periodic_customized_per_key,small_per_key,periodic_customized,7,20260726,system_poisson,poisson_lifecycle_v1,periodic_customized,customized,p12_g4_a64,prewarm,measured,measured,fixed_per_key,0.5,779df9d1577fa871,4fcae4838c4fd7eb,f062a679a2ecf338,5d8d75c05ac19d95,200,200,101,15,86,14,1,1,0,0.5464907568242003,639.8314186638466,0.8890468487331641,7062.43186300018,15,0,0,0,0,52,39,12,3983.108371612616,66.64771062787622,0.6598783230482794,2.4284999817609787,52,6,stability_delay_energy_v4,0.1485148514851485,0.13861386138613863,0.06666666666666667,0.1485148514851485,0.0,0.0
system_poisson:poisson_lifecycle_v1:scale:f1d09cd36f834fbb:periodic_customized:r8:s20260727,scale,small_periodic_customized_per_key,small_per_key,periodic_customized,8,20260727,system_poisson,poisson_lifecycle_v1,periodic_customized,customized,p12_g4_a64,prewarm,measured,measured,fixed_per_key,0.5,527cf0d084245536,fafb8d0218ce1e5d,159363e6cefe4766,5f427e7b1456da70,200,200,108,55,53,54,1,0,0,2.121426075475177,386.29501375543407,0.7776884194313228,3631.2433793264713,54,1,0,0,0,68,44,24,1971.1844600969926,196.1728308815509,1.816415100755101,3.035208908841014,114,27,stability_delay_energy_v4,0.5092592592592593,0.5,0.01818181818181818,0.5,0.009259259259259259,0.0
system_poisson:poisson_lifecycle_v1:scale:f1d09cd36f834fbb:periodic_customized:r9:s20260728,scale,small_periodic_customized_per_key,small_per_key,periodic_customized,9,20260728,system_poisson,poisson_lifecycle_v1,periodic_customized,customized,p12_g4_a64,prewarm,measured,measured,fixed_per_key,0.5,f5939a5d6acc0580,e6cb0779bea5536f,af52284609acf521,58651f60c37cc329,200,200,93,36,57,34,2,1,0,1.2560876252076385,557.1542024479714,0.7923089462860541,3341.318646811482,34,2,0,0,0,60,20,40,1829.1098821209744,135.73495985474437,1.4595156973628427,2.2192090982571244,34,8,stability_delay_energy_v4,0.3870967741935484,0.3655913978494624,0.05555555555555555,0.3655913978494624,0.021505376344086023,0.0
system_poisson:poisson_lifecycle_v1:scale:f1d09cd36f834fbb:periodic_customized:r10:s20260729,scale,small_periodic_customized_per_key,small_per_key,periodic_customized,10,20260729,system_poisson,poisson_lifecycle_v1,periodic_customized,customized,p12_g4_a64,prewarm,measured,measured,fixed_per_key,0.5,bf33f9e1cc8a62ca,5ca75edf5d5be56a,824a8168ae7a0de6,5bfdd62f4d90fc6a,200,203,98,37,61,33,4,0,0,1.2519241741360574,638.3672912651508,0.7741378778757732,6125.539102922028,31,6,0,0,0,63,37,25,3553.8025440182537,151.39516512863338,1.544848623761565,4.0814169915392995,51,20,stability_delay_energy_v4,0.37755102040816324,0.336734693877551,0.10810810810810811,0.3163265306122449,0.061224489795918366,0.0
system_poisson:poisson_lifecycle_v1:scale:f1d09cd36f834fbb:periodic_customized:r11:s20260730,scale,small_periodic_customized_per_key,small_per_key,periodic_customized,11,20260730,system_poisson,poisson_lifecycle_v1,periodic_customized,customized,p12_g4_a64,prewarm,measured,measured,fixed_per_key,0.5,9aa1d525116bce27,73d2ce2f2d3e6178,caede1b8be5b7237,2fbd8cdb625c9aae,200,200,111,30,81,28,2,0,0,1.1325957232539268,381.53351407042413,0.8110375726832891,3760.859514537092,30,0,0,0,0,58,22,36,2883.8833790505305,146.52062626555562,1.3200056420320325,2.1748750004917383,39,25,stability_delay_energy_v4,0.2702702702702703,0.25225225225225223,0.06666666666666667,0.2702702702702703,0.0,0.0
system_poisson:poisson_lifecycle_v1:scale:f1d09cd36f834fbb:periodic_customized:r12:s20260731,scale,small_periodic_customized_per_key,small_per_key,periodic_customized,12,20260731,system_poisson,poisson_lifecycle_v1,periodic_customized,customized,p12_g4_a64,prewarm,measured,measured,fixed_per_key,0.5,1b56804260ef731a,100ff8009d766c5d,f35139bcd6241f64,5615e2a246665bbb,200,200,92,0,92,0,0,0,0,0.0,0.0,0.0,0.0,0,0,0,0,0,43,0,43,2488.507209229283,137.98474671784788,1.4998342034548684,2.3356660967692733,0,0,stability_delay_energy_v4,0.0,0.0,0.0,0.0,0.0,0.0
system_poisson:poisson_lifecycle_v1:scale:f1d09cd36f834fbb:periodic_customized:r13:s20260732,scale,small_periodic_customized_per_key,small_per_key,periodic_customized,13,20260732,system_poisson,poisson_lifecycle_v1,periodic_customized,customized,p12_g4_a64,prewarm,measured,measured,fixed_per_key,0.5,0f747a529d62ad40,b57610a08a822c74,7f1efbd85881a5ff,a897565254a74026,200,209,110,32,78,30,2,0,0,1.0690969770671839,730.8534098994394,0.8274932885849462,5110.704027744018,26,4,2,0,0,57,19,38,1693.6404542066157,154.45758518762887,1.4041598653420806,2.4625409860163927,22,10,stability_delay_energy_v4,0.2909090909090909,0.2727272727272727,0.0625,0.23636363636363636,0.03636363636363636,0.01818181818181818
system_poisson:poisson_lifecycle_v1:scale:f1d09cd36f834fbb:periodic_customized:r14:s20260733,scale,small_periodic_customized_per_key,small_per_key,periodic_customized,14,20260733,system_poisson,poisson_lifecycle_v1,periodic_customized,customized,p12_g4_a64,prewarm,measured,measured,fixed_per_key,0.5,0d71332c6e27cc95,9ed3ec8c67d14ea3,308da4420159f805,9238a84d7f53868e,200,203,103,29,74,28,1,3,0,0.9481431299544797,513.116273654046,0.7875145223030783,3292.9666126476413,29,0,0,0,0,55,15,39,2874.961001914926,212.52841502428055,2.063382670138646,3.4385829931125045,34,31,stability_delay_energy_v4,0.2815533980582524,0.27184466019417475,0.034482758620689655,0.2815533980582524,0.0,0.0
system_poisson:poisson_lifecycle_v1:scale:f1d09cd36f834fbb:periodic_customized:r15:s20260734,scale,small_periodic_customized_per_key,small_per_key,periodic_customized,15,20260734,system_poisson,poisson_lifecycle_v1,periodic_customized,customized,p12_g4_a64,prewarm,measured,measured,fixed_per_key,0.5,52ba1732ae28e5b4,dfd71a0906908e25,9bdcca422ebe2579,554a01216359253d,200,205,100,22,78,18,4,1,0,0.6015911851155257,909.4297261696556,0.7896324330252813,8087.173790203057,22,0,0,0,0,54,28,25,4181.166211725213,168.36842999327928,1.6836842999327928,4.777792026288807,39,5,stability_delay_energy_v4,0.22,0.18,0.18181818181818182,0.22,0.0,0.0
system_poisson:poisson_lifecycle_v1:scale:f1d09cd36f834fbb:periodic_customized:r16:s20260735,scale,small_periodic_customized_per_key,small_per_key,periodic_customized,16,20260735,system_poisson,poisson_lifecycle_v1,periodic_customized,customized,p12_g4_a64,prewarm,measured,measured,fixed_per_key,0.5,9896dece8e827d37,4148c3993b679559,304bc4a843f43cba,615e85118266de25,200,200,87,26,61,23,3,0,0,0.885550209202122,656.5693812559264,0.782729119853799,5118.9266260104305,20,6,0,0,0,56,26,30,2579.557709163055,99.36854254920036,1.1421671557379351,2.893625060096383,37,9,stability_delay_energy_v4,0.2988505747126437,0.26436781609195403,0.11538461538461539,0.22988505747126436,0.06896551724137931,0.0
system_poisson:poisson_lifecycle_v1:scale:f1d09cd36f834fbb:periodic_customized:r17:s20260736,scale,small_periodic_customized_per_key,small_per_key,periodic_customized,17,20260736,system_poisson,poisson_lifecycle_v1,periodic_customized,customized,p12_g4_a64,prewarm,measured,measured,fixed_per_key,0.5,7ecdc7f0fd93a001,6e4bee434f9ae718,bd21cd943d2912a8,6d1494c76aa00136,200,207,97,54,43,53,1,0,0,2.074191790817296,422.0412226204518,0.7824442359230759,4175.79768548652,42,12,0,0,0,68,32,36,3311.7111227475107,189.727752818726,1.9559562146260412,3.2500410452485085,49,30,stability_delay_energy_v4,0.5567010309278351,0.5463917525773195,0.018518518518518517,0.4329896907216495,0.12371134020618557,0.0
system_poisson:poisson_lifecycle_v1:scale:f1d09cd36f834fbb:periodic_customized:r18:s20260737,scale,small_periodic_customized_per_key,small_per_key,periodic_customized,18,20260737,system_poisson,poisson_lifecycle_v1,periodic_customized,customized,p12_g4_a64,prewarm,measured,measured,fixed_per_key,0.5,2993e1923ad9e958,5da16c92afe28b2e,e76d139647f0ef5a,fb1a538d3c9d367a,200,206,102,57,45,56,1,0,0,2.1206540151104076,429.8340429123046,0.7863419684522381,1844.7376727835508,49,0,8,0,0,81,40,41,2521.879083593376,200.16079302877188,1.9623607159683518,2.9702920001000166,83,49,stability_delay_energy_v4,0.5588235294117647,0.5490196078431373,0.017543859649122806,0.4803921568627451,0.0,0.0784313725490196
system_poisson:poisson_lifecycle_v1:scale:f1d09cd36f834fbb:periodic_customized:r19:s20260738,scale,small_periodic_customized_per_key,small_per_key,periodic_customized,19,20260738,system_poisson,poisson_lifecycle_v1,periodic_customized,customized,p12_g4_a64,prewarm,measured,measured,fixed_per_key,0.5,3bb1928190d40a18,c8857495ab48bf40,1740cc75bb9f3ace,a5b68c6f808e683d,200,213,100,12,88,10,2,1,0,0.2676985345009929,1205.6655486463012,0.7712860144262873,8977.94795457743,12,0,0,0,0,53,21,31,3391.11591654364,93.48854154814035,0.9348854154814035,3.3623339841142297,26,5,stability_delay_energy_v4,0.12,0.1,0.16666666666666666,0.12,0.0,0.0
system_poisson:poisson_lifecycle_v1:scale:8aec2440f3b56579:periodic_lightweight:r0:s20260719,scale,small_periodic_lightweight_per_key,small_per_key,periodic_lightweight,0,20260719,system_poisson,poisson_lifecycle_v1,periodic_lightweight,lightweight,not_applicable,prewarm,measured,measured,fixed_per_key,0.5,22fa364dda0f82c3,20b7a9b5dd0494ff,0012504cea8ad89a,c3ade63673949cb4,200,207,117,50,67,46,4,2,0,1.5201191894631687,680.0903516742999,0.802753189980239,4583.074431611701,44,0,6,0,0,67,37,29,3002.654626383446,221.3719228748232,1.892067716878831,3.204875043593347,76,30,stability_delay_energy_v4,0.42735042735042733,0.39316239316239315,0.08,0.37606837606837606,0.0,0.05128205128205128
system_poisson:poisson_lifecycle_v1:scale:8aec2440f3b56579:periodic_lightweight:r1:s20260720,scale,small_periodic_lightweight_per_key,small_per_key,periodic_lightweight,1,20260720,system_poisson,poisson_lifecycle_v1,periodic_lightweight,lightweight,not_applicable,prewarm,measured,measured,fixed_per_key,0.5,d2e5a428fc517250,19ef7a578170cb8a,0d516b4b5bb81d53,4948b9b559ca3dae,200,202,103,38,65,37,1,1,0,1.4037180692685614,574.7920878154313,0.8100710501266668,3752.4796370456606,36,0,2,0,0,62,38,23,6423.694793600589,195.39329130202532,1.8970222456507313,3.7106249947100878,72,14,stability_delay_energy_v4,0.36893203883495146,0.3592233009708738,0.02631578947368421,0.34951456310679613,0.0,0.019417475728155338
system_poisson:poisson_lifecycle_v1:scale:8aec2440f3b56579:periodic_lightweight:r2:s20260721,scale,small_periodic_lightweight_per_key,small_per_key,periodic_lightweight,2,20260721,system_poisson,poisson_lifecycle_v1,periodic_lightweight,lightweight,not_applicable,prewarm,measured,measured,fixed_per_key,0.5,502b261ca80126e0,2af542aea9f21fe2,5896dd62ad5f8c47,b3c97759fa661993,200,208,103,61,42,61,0,0,0,2.288552201648462,425.0222410530994,0.7730760314496817,3499.2999156511087,42,17,2,0,0,70,31,38,5047.117251320742,193.54099093470722,1.8790387469389052,2.924041007645428,47,33,stability_delay_energy_v4,0.5922330097087378,0.5922330097087378,0.0,0.4077669902912621,0.1650485436893204,0.019417475728155338
system_poisson:poisson_lifecycle_v1:scale:8aec2440f3b56579:periodic_lightweight:r3:s20260722,scale,small_periodic_lightweight_per_key,small_per_key,periodic_lightweight,3,20260722,system_poisson,poisson_lifecycle_v1,periodic_lightweight,lightweight,not_applicable,prewarm,measured,measured,fixed_per_key,0.5,8ee88a1e510e345f,0619f74521cefa66,578373c3c748f6b0,a8d64a668c29fff0,200,200,89,30,59,27,3,1,0,1.0035630287006359,700.5234295177501,0.7765789341222817,5055.357175185899,27,0,3,0,0,54,27,27,5555.291417986155,112.89791960734874,1.268515950644368,2.7636250015348196,31,13,stability_delay_energy_v4,0.33707865168539325,0.30337078651685395,0.1,0.30337078651685395,0.0,0.033707865168539325
system_poisson:poisson_lifecycle_v1:scale:8aec2440f3b56579:periodic_lightweight:r4:s20260723,scale,small_periodic_lightweight_per_key,small_per_key,periodic_lightweight,4,20260723,system_poisson,poisson_lifecycle_v1,periodic_lightweight,lightweight,not_applicable,prewarm,measured,measured,fixed_per_key,0.5,e0adedb9d81004e3,fa95dc9e4546012a,f559e354d708840b,7df8c4f9894fbd11,200,202,88,47,41,42,5,0,0,1.6712539298485918,387.04673516188444,0.7503945649818885,3348.5820358168435,44,1,2,0,0,70,42,27,4088.805376086384,166.28787701483816,1.8896349660777063,3.545542014762759,78,23,stability_delay_energy_v4,0.5340909090909091,0.4772727272727273,0.10638297872340426,0.5,0.011363636363636364,0.022727272727272728
system_poisson:poisson_lifecycle_v1:scale:8aec2440f3b56579:periodic_lightweight:r5:s20260724,scale,small_periodic_lightweight_per_key,small_per_key,periodic_lightweight,5,20260724,system_poisson,poisson_lifecycle_v1,periodic_lightweight,lightweight,not_applicable,prewarm,measured,measured,fixed_per_key,0.5,86f99463f71919bc,e0b620b7e7af568c,c7d7bf33a5ec4d92,c61766e5adeaf7a9,200,203,114,49,65,44,5,1,0,1.6266556221083848,521.404093611703,0.7648844002747505,3389.1956297663946,46,1,2,0,0,65,38,26,4945.759795489721,227.81987965572625,1.998419996980055,3.644209005869925,74,25,stability_delay_energy_v4,0.4298245614035088,0.38596491228070173,0.10204081632653061,0.40350877192982454,0.008771929824561403,0.017543859649122806
system_poisson:poisson_lifecycle_v1:scale:8aec2440f3b56579:periodic_lightweight:r6:s20260725,scale,small_periodic_lightweight_per_key,small_per_key,periodic_lightweight,6,20260725,system_poisson,poisson_lifecycle_v1,periodic_lightweight,lightweight,not_applicable,prewarm,measured,measured,fixed_per_key,0.5,30f3524c4ea65cf8,551cfde08adbd958,695de540688f167e,b0aa21bae96916c6,200,202,80,50,30,50,0,1,0,1.9919562432683238,366.13345516398243,0.7861919120108602,4168.468359759796,37,13,0,0,0,56,33,22,7717.5995404832065,170.81008001696318,2.13512600021204,3.7711249897256494,62,34,stability_delay_energy_v4,0.625,0.625,0.0,0.4625,0.1625,0.0
system_poisson:poisson_lifecycle_v1:scale:8aec2440f3b56579:periodic_lightweight:r7:s20260726,scale,small_periodic_lightweight_per_key,small_per_key,periodic_lightweight,7,20260726,system_poisson,poisson_lifecycle_v1,periodic_lightweight,lightweight,not_applicable,prewarm,measured,measured,fixed_per_key,0.5,779df9d1577fa871,4fcae4838c4fd7eb,f062a679a2ecf338,5d8d75c05ac19d95,200,200,101,20,81,20,0,0,0,0.8046774521084059,436.3507615135983,0.9070070409548144,6907.490890075436,20,0,0,0,0,47,40,6,8455.374083481729,118.67070675361902,1.1749574926100892,3.1820000149309635,54,11,stability_delay_energy_v4,0.19801980198019803,0.19801980198019803,0.0,0.19801980198019803,0.0,0.0
system_poisson:poisson_lifecycle_v1:scale:8aec2440f3b56579:periodic_lightweight:r8:s20260727,scale,small_periodic_lightweight_per_key,small_per_key,periodic_lightweight,8,20260727,system_poisson,poisson_lifecycle_v1,periodic_lightweight,lightweight,not_applicable,prewarm,measured,measured,fixed_per_key,0.5,527cf0d084245536,fafb8d0218ce1e5d,159363e6cefe4766,5f427e7b1456da70,200,200,108,57,51,57,0,0,0,2.24623141114608,368.7014214192473,0.7547412826361275,3438.556791401873,52,5,0,0,0,69,44,25,3828.822345007211,238.716586609371,2.2103387649015835,3.1655420316383243,99,28,stability_delay_energy_v4,0.5277777777777778,0.5277777777777778,0.0,0.48148148148148145,0.046296296296296294,0.0
system_poisson:poisson_lifecycle_v1:scale:8aec2440f3b56579:periodic_lightweight:r9:s20260728,scale,small_periodic_lightweight_per_key,small_per_key,periodic_lightweight,9,20260728,system_poisson,poisson_lifecycle_v1,periodic_lightweight,lightweight,not_applicable,prewarm,measured,measured,fixed_per_key,0.5,f5939a5d6acc0580,e6cb0779bea5536f,af52284609acf521,58651f60c37cc329,200,202,93,56,37,53,3,0,0,2.0385583176095907,452.6622873021121,0.7730809090631067,3251.6617344749457,51,2,3,0,0,67,32,34,4297.938873292878,198.58733599539846,2.135347698875252,4.227291909046471,58,26,stability_delay_energy_v4,0.6021505376344086,0.5698924731182796,0.05357142857142857,0.5483870967741935,0.021505376344086023,0.03225806451612903
system_poisson:poisson_lifecycle_v1:scale:8aec2440f3b56579:periodic_lightweight:r10:s20260729,scale,small_periodic_lightweight_per_key,small_per_key,periodic_lightweight,10,20260729,system_poisson,poisson_lifecycle_v1,periodic_lightweight,lightweight,not_applicable,prewarm,measured,measured,fixed_per_key,0.5,bf33f9e1cc8a62ca,5ca75edf5d5be56a,824a8168ae7a0de6,5bfdd62f4d90fc6a,200,203,98,45,53,41,4,0,0,1.5712937875263484,560.8664298108758,0.7637004621412952,5880.440453214152,31,13,1,0,0,58,28,29,7907.625288702548,218.22892187628895,2.22682573343152,3.8731669774279,37,24,stability_delay_energy_v4,0.45918367346938777,0.41836734693877553,0.08888888888888889,0.3163265306122449,0.1326530612244898,0.01020408163265306
system_poisson:poisson_lifecycle_v1:scale:8aec2440f3b56579:periodic_lightweight:r11:s20260730,scale,small_periodic_lightweight_per_key,small_per_key,periodic_lightweight,11,20260730,system_poisson,poisson_lifecycle_v1,periodic_lightweight,lightweight,not_applicable,prewarm,measured,measured,fixed_per_key,0.5,9aa1d525116bce27,73d2ce2f2d3e6178,caede1b8be5b7237,2fbd8cdb625c9aae,200,200,111,30,81,28,2,0,0,1.1244884737104994,343.93840194565473,0.7413396089043661,3310.5208294883437,30,0,0,0,0,55,17,38,5806.7509171087295,168.1775781325996,1.5151133165099062,2.1490000654011965,21,24,stability_delay_energy_v4,0.2702702702702703,0.25225225225225223,0.06666666666666667,0.2702702702702703,0.0,0.0
system_poisson:poisson_lifecycle_v1:scale:8aec2440f3b56579:periodic_lightweight:r12:s20260731,scale,small_periodic_lightweight_per_key,small_per_key,periodic_lightweight,12,20260731,system_poisson,poisson_lifecycle_v1,periodic_lightweight,lightweight,not_applicable,prewarm,measured,measured,fixed_per_key,0.5,1b56804260ef731a,100ff8009d766c5d,f35139bcd6241f64,5615e2a246665bbb,200,200,92,0,92,0,0,0,0,0.0,0.0,0.0,0.0,0,0,0,0,0,42,0,41,6888.713580090553,185.25541527196765,2.0136458181735613,3.391957958228886,0,0,stability_delay_energy_v4,0.0,0.0,0.0,0.0,0.0,0.0
system_poisson:poisson_lifecycle_v1:scale:8aec2440f3b56579:periodic_lightweight:r13:s20260732,scale,small_periodic_lightweight_per_key,small_per_key,periodic_lightweight,13,20260732,system_poisson,poisson_lifecycle_v1,periodic_lightweight,lightweight,not_applicable,prewarm,measured,measured,fixed_per_key,0.5,0f747a529d62ad40,b57610a08a822c74,7f1efbd85881a5ff,a897565254a74026,200,203,110,57,53,53,4,0,0,1.9837921543466623,596.650173835581,0.7959273502435738,4695.405996439782,40,10,7,0,0,58,24,34,5234.4992503058165,193.48245684523135,1.7589314258657396,2.744082943536341,29,28,stability_delay_energy_v4,0.5181818181818182,0.4818181818181818,0.07017543859649122,0.36363636363636365,0.09090909090909091,0.06363636363636363
system_poisson:poisson_lifecycle_v1:scale:8aec2440f3b56579:periodic_lightweight:r14:s20260733,scale,small_periodic_lightweight_per_key,small_per_key,periodic_lightweight,14,20260733,system_poisson,poisson_lifecycle_v1,periodic_lightweight,lightweight,not_applicable,prewarm,measured,measured,fixed_per_key,0.5,0d71332c6e27cc95,9ed3ec8c67d14ea3,308da4420159f805,9238a84d7f53868e,200,203,103,27,76,27,0,1,0,0.984529819999645,515.4321605529419,0.7798815446568697,3250.7144496616897,25,1,1,0,0,54,13,41,6301.5562042128295,247.16683744918555,2.3996780334872385,3.808208042755723,30,22,stability_delay_energy_v4,0.2621359223300971,0.2621359223300971,0.0,0.24271844660194175,0.009708737864077669,0.009708737864077669
system_poisson:poisson_lifecycle_v1:scale:8aec2440f3b56579:periodic_lightweight:r15:s20260734,scale,small_periodic_lightweight_per_key,small_per_key,periodic_lightweight,15,20260734,system_poisson,poisson_lifecycle_v1,periodic_lightweight,lightweight,not_applicable,prewarm,measured,measured,fixed_per_key,0.5,52ba1732ae28e5b4,dfd71a0906908e25,9bdcca422ebe2579,554a01216359253d,200,205,100,36,64,32,4,2,0,1.125791458559351,735.5695215207488,0.7819410445461155,7431.088562264947,30,2,4,0,0,51,23,27,7119.356130366214,267.93736801482737,2.6793736801482737,4.921750049106777,35,19,stability_delay_energy_v4,0.36,0.32,0.1111111111111111,0.3,0.02,0.04
system_poisson:poisson_lifecycle_v1:scale:8aec2440f3b56579:periodic_lightweight:r16:s20260735,scale,small_periodic_lightweight_per_key,small_per_key,periodic_lightweight,16,20260735,system_poisson,poisson_lifecycle_v1,periodic_lightweight,lightweight,not_applicable,prewarm,measured,measured,fixed_per_key,0.5,9896dece8e827d37,4148c3993b679559,304bc4a843f43cba,615e85118266de25,200,210,87,44,43,41,3,0,0,1.5156428694090158,471.77091051355006,0.7796983596563618,4878.168931669231,32,10,2,0,0,63,34,28,4808.46879305318,128.3828770974651,1.4756652539938517,2.7012500213459134,50,29,stability_delay_energy_v4,0.5057471264367817,0.47126436781609193,0.06818181818181818,0.367816091954023,0.11494252873563218,0.022988505747126436
system_poisson:poisson_lifecycle_v1:scale:8aec2440f3b56579:periodic_lightweight:r17:s20260736,scale,small_periodic_lightweight_per_key,small_per_key,periodic_lightweight,17,20260736,system_poisson,poisson_lifecycle_v1,periodic_lightweight,lightweight,not_applicable,prewarm,measured,measured,fixed_per_key,0.5,7ecdc7f0fd93a001,6e4bee434f9ae718,bd21cd943d2912a8,6d1494c76aa00136,200,205,97,54,43,53,1,0,0,2.0971786056604347,398.1627579330692,0.773775489225258,4025.904823994153,40,10,4,0,0,65,32,32,4739.158288110048,210.12354036793113,2.1662220656487747,3.3978749997913837,51,19,stability_delay_energy_v4,0.5567010309278351,0.5463917525773195,0.018518518518518517,0.41237113402061853,0.10309278350515463,0.041237113402061855
system_poisson:poisson_lifecycle_v1:scale:8aec2440f3b56579:periodic_lightweight:r18:s20260737,scale,small_periodic_lightweight_per_key,small_per_key,periodic_lightweight,18,20260737,system_poisson,poisson_lifecycle_v1,periodic_lightweight,lightweight,not_applicable,prewarm,measured,measured,fixed_per_key,0.5,2993e1923ad9e958,5da16c92afe28b2e,e76d139647f0ef5a,fb1a538d3c9d367a,200,206,102,57,45,57,0,0,0,2.1495336463645933,424.87505735968693,0.7606597813745211,1758.5272488833127,49,0,8,0,0,81,38,43,3932.063539279625,188.59300238545984,1.848951003779018,2.870541997253895,70,37,stability_delay_energy_v4,0.5588235294117647,0.5588235294117647,0.0,0.4803921568627451,0.0,0.0784313725490196
system_poisson:poisson_lifecycle_v1:scale:8aec2440f3b56579:periodic_lightweight:r19:s20260738,scale,small_periodic_lightweight_per_key,small_per_key,periodic_lightweight,19,20260738,system_poisson,poisson_lifecycle_v1,periodic_lightweight,lightweight,not_applicable,prewarm,measured,measured,fixed_per_key,0.5,3bb1928190d40a18,c8857495ab48bf40,1740cc75bb9f3ace,a5b68c6f808e683d,200,212,100,11,89,8,3,1,0,0.20194354745551704,1283.6945766087817,0.7575969379657143,9892.872998816021,9,1,1,0,0,51,17,33,5641.147162998095,118.7434607418254,1.187434607418254,4.156291019171476,19,4,stability_delay_energy_v4,0.11,0.08,0.2727272727272727,0.09,0.01,0.01
system_poisson:poisson_lifecycle_v1:scale:f7b635ed4bf970a5:per_request_customized:r0:s20260719,scale,small_per_request_customized_per_key,small_per_key,per_request_customized,0,20260719,system_poisson,poisson_lifecycle_v1,per_request_customized,not_applicable,p12_g4_a64,cold_start,measured,measured,fixed_per_key,0.5,22fa364dda0f82c3,20b7a9b5dd0494ff,0012504cea8ad89a,c3ade63673949cb4,200,204,117,39,78,37,2,1,0,1.288869030659805,666.3483030957973,0.7865807609559807,3968.9974975799746,0,0,0,39,0,0,0,0,0.0,4434.139125049114,37.89862500041978,56.638750014826655,0,0,stability_delay_energy_v4,0.3333333333333333,0.3162393162393162,0.05128205128205128,0.0,0.0,0.0
system_poisson:poisson_lifecycle_v1:scale:f7b635ed4bf970a5:per_request_customized:r1:s20260720,scale,small_per_request_customized_per_key,small_per_key,per_request_customized,1,20260720,system_poisson,poisson_lifecycle_v1,per_request_customized,not_applicable,p12_g4_a64,cold_start,measured,measured,fixed_per_key,0.5,d2e5a428fc517250,19ef7a578170cb8a,0d516b4b5bb81d53,4948b9b559ca3dae,200,200,103,36,67,36,0,2,0,1.3538739219701648,584.841964370406,0.8010961391276112,3897.177314187202,0,0,0,36,0,0,0,0,0.0,5700.629915925674,55.345921513841496,89.36870901379734,0,0,stability_delay_energy_v4,0.34951456310679613,0.34951456310679613,0.0,0.0,0.0,0.0
system_poisson:poisson_lifecycle_v1:scale:f7b635ed4bf970a5:per_request_customized:r2:s20260721,scale,small_per_request_customized_per_key,small_per_key,per_request_customized,2,20260721,system_poisson,poisson_lifecycle_v1,per_request_customized,not_applicable,p12_g4_a64,cold_start,measured,measured,fixed_per_key,0.5,502b261ca80126e0,2af542aea9f21fe2,5896dd62ad5f8c47,b3c97759fa661993,200,212,103,39,64,39,0,1,0,1.374003412130054,604.6521294123762,0.7987809657381032,3995.325196479992,0,0,0,39,0,0,0,0,0.0,4273.814499843866,41.49334465867831,63.66500002332032,0,0,stability_delay_energy_v4,0.3786407766990291,0.3786407766990291,0.0,0.0,0.0,0.0
system_poisson:poisson_lifecycle_v1:scale:f7b635ed4bf970a5:per_request_customized:r3:s20260722,scale,small_per_request_customized_per_key,small_per_key,per_request_customized,3,20260722,system_poisson,poisson_lifecycle_v1,per_request_customized,not_applicable,p12_g4_a64,cold_start,measured,measured,fixed_per_key,0.5,8ee88a1e510e345f,0619f74521cefa66,578373c3c748f6b0,a8d64a668c29fff0,200,200,89,12,77,9,3,0,0,0.2887781484013732,1226.5609279548846,0.8085514554062364,6623.722797919461,0,0,0,12,0,0,0,0,0.0,5379.06061951071,60.43888336528888,99.2324169492349,0,0,stability_delay_energy_v4,0.1348314606741573,0.10112359550561797,0.25,0.0,0.0,0.0
system_poisson:poisson_lifecycle_v1:scale:f7b635ed4bf970a5:per_request_customized:r4:s20260723,scale,small_per_request_customized_per_key,small_per_key,per_request_customized,4,20260723,system_poisson,poisson_lifecycle_v1,per_request_customized,not_applicable,p12_g4_a64,cold_start,measured,measured,fixed_per_key,0.5,e0adedb9d81004e3,fa95dc9e4546012a,f559e354d708840b,7df8c4f9894fbd11,200,202,88,20,68,17,3,0,0,0.6380289486639273,706.6419228907499,0.8068819150615475,4027.6807977093604,0,0,0,20,0,0,0,0,0.0,3656.00678906776,41.54553169395182,64.90033399313688,0,0,stability_delay_energy_v4,0.22727272727272727,0.19318181818181818,0.15,0.0,0.0,0.0
system_poisson:poisson_lifecycle_v1:scale:f7b635ed4bf970a5:per_request_customized:r5:s20260724,scale,small_per_request_customized_per_key,small_per_key,per_request_customized,5,20260724,system_poisson,poisson_lifecycle_v1,per_request_customized,not_applicable,p12_g4_a64,cold_start,measured,measured,fixed_per_key,0.5,86f99463f71919bc,e0b620b7e7af568c,c7d7bf33a5ec4d92,c61766e5adeaf7a9,200,200,114,41,73,38,3,0,0,1.4301670220203744,627.1732560587776,0.7694047899031886,3559.1789120466537,0,0,0,41,0,0,0,0,0.0,4785.039460053667,41.97403035134796,77.02670793514699,0,0,stability_delay_energy_v4,0.35964912280701755,0.3333333333333333,0.07317073170731707,0.0,0.0,0.0
system_poisson:poisson_lifecycle_v1:scale:f7b635ed4bf970a5:per_request_customized:r6:s20260725,scale,small_per_request_customized_per_key,small_per_key,per_request_customized,6,20260725,system_poisson,poisson_lifecycle_v1,per_request_customized,not_applicable,p12_g4_a64,cold_start,measured,measured,fixed_per_key,0.5,30f3524c4ea65cf8,551cfde08adbd958,695de540688f167e,b0aa21bae96916c6,200,203,80,17,63,17,0,1,0,0.6574328592136757,416.43833947055805,0.8506764627119487,4549.288951393364,0,0,0,17,0,0,0,0,0.0,5297.430922975764,66.21788653719705,106.1930829891935,0,0,stability_delay_energy_v4,0.2125,0.2125,0.0,0.0,0.0,0.0
system_poisson:poisson_lifecycle_v1:scale:f7b635ed4bf970a5:per_request_customized:r7:s20260726,scale,small_per_request_customized_per_key,small_per_key,per_request_customized,7,20260726,system_poisson,poisson_lifecycle_v1,per_request_customized,not_applicable,p12_g4_a64,cold_start,measured,measured,fixed_per_key,0.5,779df9d1577fa871,4fcae4838c4fd7eb,f062a679a2ecf338,5d8d75c05ac19d95,200,200,101,17,84,17,0,1,0,0.6635492949072039,523.3390555576594,0.8927948497003172,7092.808204516002,0,0,0,17,0,0,0,0,0.0,8583.294291514903,84.98311179717726,124.29483304731548,0,0,stability_delay_energy_v4,0.16831683168316833,0.16831683168316833,0.0,0.0,0.0,0.0
system_poisson:poisson_lifecycle_v1:scale:f7b635ed4bf970a5:per_request_customized:r8:s20260727,scale,small_per_request_customized_per_key,small_per_key,per_request_customized,8,20260727,system_poisson,poisson_lifecycle_v1,per_request_customized,not_applicable,p12_g4_a64,cold_start,measured,measured,fixed_per_key,0.5,527cf0d084245536,fafb8d0218ce1e5d,159363e6cefe4766,5f427e7b1456da70,200,206,108,50,58,47,3,0,0,1.7520408508054015,512.1154842927734,0.7901303899824703,3770.8014415905027,0,0,0,50,0,0,0,0,0.0,3401.2650087242946,31.49319452522495,51.11650004982948,0,0,stability_delay_energy_v4,0.46296296296296297,0.4351851851851852,0.06,0.0,0.0,0.0
system_poisson:poisson_lifecycle_v1:scale:f7b635ed4bf970a5:per_request_customized:r9:s20260728,scale,small_per_request_customized_per_key,small_per_key,per_request_customized,9,20260728,system_poisson,poisson_lifecycle_v1,per_request_customized,not_applicable,p12_g4_a64,cold_start,measured,measured,fixed_per_key,0.5,f5939a5d6acc0580,e6cb0779bea5536f,af52284609acf521,58651f60c37cc329,200,200,93,24,69,23,1,2,0,0.7459388145438319,837.5468656345491,0.8018637700885756,4144.470733143654,0,0,0,24,0,0,0,0,0.0,3455.691994051449,37.15797843066074,61.49470794480294,0,0,stability_delay_energy_v4,0.25806451612903225,0.24731182795698925,0.041666666666666664,0.0,0.0,0.0
system_poisson:poisson_lifecycle_v1:scale:f7b635ed4bf970a5:per_request_customized:r10:s20260729,scale,small_per_request_customized_per_key,small_per_key,per_request_customized,10,20260729,system_poisson,poisson_lifecycle_v1,per_request_customized,not_applicable,p12_g4_a64,cold_start,measured,measured,fixed_per_key,0.5,bf33f9e1cc8a62ca,5ca75edf5d5be56a,824a8168ae7a0de6,5bfdd62f4d90fc6a,200,203,98,36,62,32,4,1,0,1.132908388994104,778.2214538264212,0.7583164980034388,6352.33595327915,0,0,0,36,0,0,0,0,0.0,6375.962037709542,65.06083711948511,103.12145901843905,0,0,stability_delay_energy_v4,0.3673469387755102,0.32653061224489793,0.1111111111111111,0.0,0.0,0.0
system_poisson:poisson_lifecycle_v1:scale:f7b635ed4bf970a5:per_request_customized:r11:s20260730,scale,small_per_request_customized_per_key,small_per_key,per_request_customized,11,20260730,system_poisson,poisson_lifecycle_v1,per_request_customized,not_applicable,p12_g4_a64,cold_start,measured,measured,fixed_per_key,0.5,9aa1d525116bce27,73d2ce2f2d3e6178,caede1b8be5b7237,2fbd8cdb625c9aae,200,200,111,28,83,25,3,0,0,0.9906368554605685,412.0310690430178,0.8163941985148842,4174.589906812477,0,0,0,28,0,0,0,0,0.0,6143.436665181071,55.34627626289253,89.18170898687094,0,0,stability_delay_energy_v4,0.25225225225225223,0.22522522522522523,0.10714285714285714,0.0,0.0,0.0
system_poisson:poisson_lifecycle_v1:scale:f7b635ed4bf970a5:per_request_customized:r12:s20260731,scale,small_per_request_customized_per_key,small_per_key,per_request_customized,12,20260731,system_poisson,poisson_lifecycle_v1,per_request_customized,not_applicable,p12_g4_a64,cold_start,measured,measured,fixed_per_key,0.5,1b56804260ef731a,100ff8009d766c5d,f35139bcd6241f64,5615e2a246665bbb,200,200,92,1,91,1,0,0,0,0.03817897633959858,545.0515813927567,0.8289167498820932,8154.673428628867,0,0,0,1,0,0,0,0,0.0,6170.397167676128,67.06953443126227,111.62429198157042,0,0,stability_delay_energy_v4,0.010869565217391304,0.010869565217391304,0.0,0.0,0.0,0.0
system_poisson:poisson_lifecycle_v1:scale:f7b635ed4bf970a5:per_request_customized:r13:s20260732,scale,small_per_request_customized_per_key,small_per_key,per_request_customized,13,20260732,system_poisson,poisson_lifecycle_v1,per_request_customized,not_applicable,p12_g4_a64,cold_start,measured,measured,fixed_per_key,0.5,0f747a529d62ad40,b57610a08a822c74,7f1efbd85881a5ff,a897565254a74026,200,209,110,28,82,27,1,1,0,0.9000012955864988,796.4991108784977,0.8432267112645263,5292.589572501536,0,0,0,28,0,0,0,0,0.0,3514.369379845448,31.948812544049527,44.18225004337728,0,0,stability_delay_energy_v4,0.2545454545454545,0.24545454545454545,0.03571428571428571,0.0,0.0,0.0
system_poisson:poisson_lifecycle_v1:scale:f7b635ed4bf970a5:per_request_customized:r14:s20260733,scale,small_per_request_customized_per_key,small_per_key,per_request_customized,14,20260733,system_poisson,poisson_lifecycle_v1,per_request_customized,not_applicable,p12_g4_a64,cold_start,measured,measured,fixed_per_key,0.5,0d71332c6e27cc95,9ed3ec8c67d14ea3,308da4420159f805,9238a84d7f53868e,200,203,103,29,74,26,3,2,0,0.9231278241582437,516.0460731087892,0.7949072268865929,3372.1008198544646,0,0,0,29,0,0,0,0,0.0,5806.298456853256,56.37182967818695,101.30816698074341,0,0,stability_delay_energy_v4,0.2815533980582524,0.2524271844660194,0.10344827586206896,0.0,0.0,0.0
system_poisson:poisson_lifecycle_v1:scale:f7b635ed4bf970a5:per_request_customized:r15:s20260734,scale,small_per_request_customized_per_key,small_per_key,per_request_customized,15,20260734,system_poisson,poisson_lifecycle_v1,per_request_customized,not_applicable,p12_g4_a64,cold_start,measured,measured,fixed_per_key,0.5,52ba1732ae28e5b4,dfd71a0906908e25,9bdcca422ebe2579,554a01216359253d,200,205,100,21,79,20,1,1,0,0.6671005351363914,889.3012523312348,0.7942188830074369,8007.549420837048,0,0,0,21,0,0,0,0,0.0,7515.491833677515,75.15491833677515,115.55850005242974,0,0,stability_delay_energy_v4,0.21,0.2,0.047619047619047616,0.0,0.0,0.0
system_poisson:poisson_lifecycle_v1:scale:f7b635ed4bf970a5:per_request_customized:r16:s20260735,scale,small_per_request_customized_per_key,small_per_key,per_request_customized,16,20260735,system_poisson,poisson_lifecycle_v1,per_request_customized,not_applicable,p12_g4_a64,cold_start,measured,measured,fixed_per_key,0.5,9896dece8e827d37,4148c3993b679559,304bc4a843f43cba,615e85118266de25,200,210,87,24,63,22,2,0,0,0.7572940393941868,764.0636450381689,0.7959168523613044,5300.675658320822,0,0,0,24,0,0,0,0,0.0,3728.5170861287042,42.85651823136442,63.6437910143286,0,0,stability_delay_energy_v4,0.27586206896551724,0.25287356321839083,0.08333333333333333,0.0,0.0,0.0
system_poisson:poisson_lifecycle_v1:scale:f7b635ed4bf970a5:per_request_customized:r17:s20260736,scale,small_per_request_customized_per_key,small_per_key,per_request_customized,17,20260736,system_poisson,poisson_lifecycle_v1,per_request_customized,not_applicable,p12_g4_a64,cold_start,measured,measured,fixed_per_key,0.5,7ecdc7f0fd93a001,6e4bee434f9ae718,bd21cd943d2912a8,6d1494c76aa00136,200,208,97,51,46,50,1,0,0,1.924865084489635,466.9816003030753,0.781630377285432,4271.799793964242,0,0,0,51,0,0,0,0,0.0,5262.657334795222,54.25419932778579,97.16904198285192,0,0,stability_delay_energy_v4,0.5257731958762887,0.5154639175257731,0.0196078431372549,0.0,0.0,0.0
system_poisson:poisson_lifecycle_v1:scale:f7b635ed4bf970a5:per_request_customized:r18:s20260737,scale,small_per_request_customized_per_key,small_per_key,per_request_customized,18,20260737,system_poisson,poisson_lifecycle_v1,per_request_customized,not_applicable,p12_g4_a64,cold_start,measured,measured,fixed_per_key,0.5,2993e1923ad9e958,5da16c92afe28b2e,e76d139647f0ef5a,fb1a538d3c9d367a,200,206,102,51,51,51,0,0,0,1.9396400129499205,432.75911140637953,0.7866908488828918,1889.4924519503827,0,0,0,51,0,0,0,0,0.0,3224.898125627078,31.61664829046155,46.47887498140335,0,0,stability_delay_energy_v4,0.5,0.5,0.0,0.0,0.0,0.0
system_poisson:poisson_lifecycle_v1:scale:f7b635ed4bf970a5:per_request_customized:r19:s20260738,scale,small_per_request_customized_per_key,small_per_key,per_request_customized,19,20260738,system_poisson,poisson_lifecycle_v1,per_request_customized,not_applicable,p12_g4_a64,cold_start,measured,measured,fixed_per_key,0.5,3bb1928190d40a18,c8857495ab48bf40,1740cc75bb9f3ace,a5b68c6f808e683d,200,213,100,12,88,10,2,1,0,0.2803273292847058,1235.920190102922,0.7893995244361406,7643.245111283687,0,0,0,12,0,0,0,0,0.0,6981.344712083228,69.81344712083228,99.54066702630371,0,0,stability_delay_energy_v4,0.12,0.1,0.16666666666666666,0.0,0.0,0.0
system_poisson:poisson_lifecycle_v1:scale:31fff5920b20d78b:periodic_customized:r0:s20260719,scale,medium_periodic_customized_per_key,medium_per_key,periodic_customized,0,20260719,system_poisson,poisson_lifecycle_v1,periodic_customized,customized,p12_g4_a64,prewarm,measured,measured,fixed_per_key,1.0,6d295842eb0296d0,fca0df0e76e8aea8,68e477ed3df2fad8,c3ade63673949cb4,200,200,191,47,144,40,7,2,0,1.3754248196552397,717.764110993022,0.8769385807247666,4554.806702533463,32,3,12,0,0,47,34,13,11190.260710543953,471.833924530074,2.4703346834035287,4.4705410255119205,88,60,stability_delay_energy_v4,0.24607329842931938,0.2094240837696335,0.14893617021276595,0.16753926701570682,0.015706806282722512,0.06282722513089005
system_poisson:poisson_lifecycle_v1:scale:31fff5920b20d78b:periodic_customized:r1:s20260720,scale,medium_periodic_customized_per_key,medium_per_key,periodic_customized,1,20260720,system_poisson,poisson_lifecycle_v1,periodic_customized,customized,p12_g4_a64,prewarm,measured,measured,fixed_per_key,1.0,a4f53f5438a025fd,a0ac5e6d1accb3ff,b090fbef89e23494,4948b9b559ca3dae,200,205,209,65,144,59,6,2,0,2.006284479026244,688.7916212609501,0.8317803748025677,6969.041907865077,29,13,23,0,0,44,20,23,12860.60079105664,617.4104169476777,2.9541168275008505,5.49354194663465,46,69,stability_delay_energy_v4,0.31100478468899523,0.2822966507177033,0.09230769230769231,0.13875598086124402,0.06220095693779904,0.11004784688995216
system_poisson:poisson_lifecycle_v1:scale:31fff5920b20d78b:periodic_customized:r2:s20260721,scale,medium_periodic_customized_per_key,medium_per_key,periodic_customized,2,20260721,system_poisson,poisson_lifecycle_v1,periodic_customized,customized,p12_g4_a64,prewarm,measured,measured,fixed_per_key,1.0,e1936cba343be935,938f95453f2442e2,b1b7f5bba0248714,b3c97759fa661993,200,204,211,63,148,59,4,1,0,2.1857802709595,574.1423580106001,0.8328761906916549,5977.46899833569,29,20,14,0,0,41,19,21,15244.049748638645,768.6752100707963,3.6430104742691767,6.791207939386368,110,169,stability_delay_energy_v4,0.2985781990521327,0.2796208530805687,0.06349206349206349,0.13744075829383887,0.0947867298578199,0.06635071090047394
system_poisson:poisson_lifecycle_v1:scale:31fff5920b20d78b:periodic_customized:r3:s20260722,scale,medium_periodic_customized_per_key,medium_per_key,periodic_customized,3,20260722,system_poisson,poisson_lifecycle_v1,periodic_customized,customized,p12_g4_a64,prewarm,measured,measured,fixed_per_key,1.0,cad518de228dec43,e2c448830ab998d5,5b89c04953d23a62,a8d64a668c29fff0,200,206,210,73,137,65,8,2,0,2.2593282371959424,600.6827693291679,0.8415589461054955,5798.706744687197,41,12,20,0,0,44,28,15,13092.16558362823,652.9576197499409,3.1093219988092424,5.225082975812256,108,112,stability_delay_energy_v4,0.3476190476190476,0.30952380952380953,0.1095890410958904,0.19523809523809524,0.05714285714285714,0.09523809523809523
system_poisson:poisson_lifecycle_v1:scale:31fff5920b20d78b:periodic_customized:r4:s20260723,scale,medium_periodic_customized_per_key,medium_per_key,periodic_customized,4,20260723,system_poisson,poisson_lifecycle_v1,periodic_customized,customized,p12_g4_a64,prewarm,measured,measured,fixed_per_key,1.0,85e4775618fc9271,04cc006508118ace,6d76626369b7dc47,7df8c4f9894fbd11,200,206,206,67,139,62,5,0,0,2.2303706478465646,614.690460642944,0.8381639646346285,7308.797228222236,25,19,23,0,0,44,18,25,13897.379458881915,727.0614533917978,3.5294245310281447,5.941375042311847,50,96,stability_delay_energy_v4,0.32524271844660196,0.30097087378640774,0.07462686567164178,0.12135922330097088,0.09223300970873786,0.11165048543689321
system_poisson:poisson_lifecycle_v1:scale:31fff5920b20d78b:periodic_customized:r5:s20260724,scale,medium_periodic_customized_per_key,medium_per_key,periodic_customized,5,20260724,system_poisson,poisson_lifecycle_v1,periodic_customized,customized,p12_g4_a64,prewarm,measured,measured,fixed_per_key,1.0,d24fe9836276a23a,5f88dfc591596c91,8236ef19df927245,c61766e5adeaf7a9,200,203,196,73,123,57,16,2,0,2.0178156933982945,507.3894762794429,0.8339724292433033,4451.489664240407,47,13,13,0,0,48,26,22,11931.105918367393,632.148495176807,3.2252474243714646,6.377207930199802,104,78,stability_delay_energy_v4,0.37244897959183676,0.29081632653061223,0.2191780821917808,0.23979591836734693,0.0663265306122449,0.0663265306122449
system_poisson:poisson_lifecycle_v1:scale:31fff5920b20d78b:periodic_customized:r6:s20260725,scale,medium_periodic_customized_per_key,medium_per_key,periodic_customized,6,20260725,system_poisson,poisson_lifecycle_v1,periodic_customized,customized,p12_g4_a64,prewarm,measured,measured,fixed_per_key,1.0,26abbdd9b75bc615,fc04fea1c464df4f,315f55f80c124787,b0aa21bae96916c6,200,209,183,55,128,43,12,0,0,1.4809367983774562,670.7338242811111,0.851244035974318,5995.355481908171,29,14,12,0,0,47,16,30,12837.73179014679,549.2565744789317,3.0014020463329603,6.216541980393231,63,90,stability_delay_energy_v4,0.3005464480874317,0.23497267759562843,0.21818181818181817,0.15846994535519127,0.07650273224043716,0.06557377049180328
system_poisson:poisson_lifecycle_v1:scale:31fff5920b20d78b:periodic_customized:r7:s20260726,scale,medium_periodic_customized_per_key,medium_per_key,periodic_customized,7,20260726,system_poisson,poisson_lifecycle_v1,periodic_customized,customized,p12_g4_a64,prewarm,measured,measured,fixed_per_key,1.0,cfb348bc73ed6b08,6c2f0ddd78fdc176,45d9b67b7d7e2742,5d8d75c05ac19d95,200,211,190,53,137,48,5,1,0,1.5162587748740268,815.8681467702453,0.8149712939498174,8454.358823952009,27,2,24,0,0,42,18,23,14554.134999401867,605.3758789785206,3.186188836729056,6.067542009986937,47,65,stability_delay_energy_v4,0.2789473684210526,0.25263157894736843,0.09433962264150944,0.14210526315789473,0.010526315789473684,0.12631578947368421
system_poisson:poisson_lifecycle_v1:scale:31fff5920b20d78b:periodic_customized:r8:s20260727,scale,medium_periodic_customized_per_key,medium_per_key,periodic_customized,8,20260727,system_poisson,poisson_lifecycle_v1,periodic_customized,customized,p12_g4_a64,prewarm,measured,measured,fixed_per_key,1.0,77262aef7c650c15,adddb8a44db4224c,5ef7f7f709b227ab,5f427e7b1456da70,200,205,181,58,123,50,8,1,0,1.7300197146086218,671.2293572077174,0.8394523007041433,7746.187900752328,22,12,24,0,0,41,12,28,14918.290164321661,557.2447198210284,3.078700109508444,6.2336670234799385,40,92,stability_delay_energy_v4,0.32044198895027626,0.27624309392265195,0.13793103448275862,0.12154696132596685,0.06629834254143646,0.13259668508287292
system_poisson:poisson_lifecycle_v1:scale:31fff5920b20d78b:periodic_customized:r9:s20260728,scale,medium_periodic_customized_per_key,medium_per_key,periodic_customized,9,20260728,system_poisson,poisson_lifecycle_v1,periodic_customized,customized,p12_g4_a64,prewarm,measured,measured,fixed_per_key,1.0,51994d7f38a9b2d2,94c502adeeb85260,9f5ed373a6bd9324,58651f60c37cc329,200,209,211,79,132,63,16,1,0,2.160498846877457,628.3453852407256,0.8337684237207569,6603.282519943151,29,14,36,0,0,43,21,21,13137.947130249813,683.202090440318,3.2379245992432133,6.137459073215723,100,238,stability_delay_energy_v4,0.3744075829383886,0.2985781990521327,0.20253164556962025,0.13744075829383887,0.06635071090047394,0.17061611374407584
system_poisson:poisson_lifecycle_v1:scale:31fff5920b20d78b:periodic_customized:r10:s20260729,scale,medium_periodic_customized_per_key,medium_per_key,periodic_customized,10,20260729,system_poisson,poisson_lifecycle_v1,periodic_customized,customized,p12_g4_a64,prewarm,measured,measured,fixed_per_key,1.0,5b8d17f0ef7f4099,329b4f7d21be54ff,897cead0737f85bf,5bfdd62f4d90fc6a,200,202,209,73,136,60,13,1,0,2.2172524223438304,549.5478143054407,0.8134991410272467,6205.222422816917,26,21,26,0,0,43,18,24,14456.980622955598,796.8779179500416,3.8128130045456534,7.214458077214658,97,242,stability_delay_energy_v4,0.3492822966507177,0.28708133971291866,0.1780821917808219,0.12440191387559808,0.10047846889952153,0.12440191387559808
system_poisson:poisson_lifecycle_v1:scale:31fff5920b20d78b:periodic_customized:r11:s20260730,scale,medium_periodic_customized_per_key,medium_per_key,periodic_customized,11,20260730,system_poisson,poisson_lifecycle_v1,periodic_customized,customized,p12_g4_a64,prewarm,measured,measured,fixed_per_key,1.0,30f077b6e956d2e4,a9f113d17c0a9b50,f4bafd7cbf888eae,2fbd8cdb625c9aae,200,202,179,58,121,55,3,1,0,2.0977860898311818,534.9531275649449,0.8183505642863647,5111.807631377406,32,23,3,0,0,40,21,18,16037.999668507837,674.7503185179085,3.7695548520553546,7.424916955642402,156,117,stability_delay_energy_v4,0.3240223463687151,0.30726256983240224,0.05172413793103448,0.1787709497206704,0.12849162011173185,0.01675977653631285
system_poisson:poisson_lifecycle_v1:scale:31fff5920b20d78b:periodic_customized:r12:s20260731,scale,medium_periodic_customized_per_key,medium_per_key,periodic_customized,12,20260731,system_poisson,poisson_lifecycle_v1,periodic_customized,customized,p12_g4_a64,prewarm,measured,measured,fixed_per_key,1.0,c8a1c19b9973aa96,c57247db4e0508db,72a5571d4331dbf4,5615e2a246665bbb,200,207,184,63,121,58,5,2,0,2.035226221247089,618.5609938889487,0.8303334782955382,6717.90604173182,33,15,15,0,0,42,22,19,14724.390743882395,604.5840799342841,3.2857830431211092,5.8897919952869415,99,113,stability_delay_energy_v4,0.3423913043478261,0.31521739130434784,0.07936507936507936,0.1793478260869565,0.08152173913043478,0.08152173913043478
system_poisson:poisson_lifecycle_v1:scale:31fff5920b20d78b:periodic_customized:r13:s20260732,scale,medium_periodic_customized_per_key,medium_per_key,periodic_customized,13,20260732,system_poisson,poisson_lifecycle_v1,periodic_customized,customized,p12_g4_a64,prewarm,measured,measured,fixed_per_key,1.0,2570004416ece14a,3e0c88c5a91c29b4,5e6617b3e9dde363,a897565254a74026,200,206,208,83,125,76,7,6,0,2.5913825622837114,602.6225643211617,0.8398351681770133,7897.088685374065,26,34,23,0,0,42,15,26,15945.635166019201,800.1818410120904,3.8470280817888964,6.9030000595375896,101,189,stability_delay_energy_v4,0.39903846153846156,0.36538461538461536,0.08433734939759036,0.125,0.16346153846153846,0.11057692307692307
system_poisson:poisson_lifecycle_v1:scale:31fff5920b20d78b:periodic_customized:r14:s20260733,scale,medium_periodic_customized_per_key,medium_per_key,periodic_customized,14,20260733,system_poisson,poisson_lifecycle_v1,periodic_customized,customized,p12_g4_a64,prewarm,measured,measured,fixed_per_key,1.0,e549ef942191509c,82b0c7769f30bf5e,5fa9f2d6b0764417,9238a84d7f53868e,200,208,202,73,129,65,8,0,0,2.331378823173314,604.446954872747,0.82550768823152,5766.681986293256,27,26,20,0,0,44,22,21,13874.440752668306,670.9673352306709,3.3216204714389646,6.534958956763148,123,86,stability_delay_energy_v4,0.3613861386138614,0.3217821782178218,0.1095890410958904,0.13366336633663367,0.12871287128712872,0.09900990099009901
system_poisson:poisson_lifecycle_v1:scale:31fff5920b20d78b:periodic_customized:r15:s20260734,scale,medium_periodic_customized_per_key,medium_per_key,periodic_customized,15,20260734,system_poisson,poisson_lifecycle_v1,periodic_customized,customized,p12_g4_a64,prewarm,measured,measured,fixed_per_key,1.0,9d81372cc2973096,868f2658ddad8015,1f9cdc4dfc70bd76,554a01216359253d,200,205,203,50,153,42,8,1,0,1.4390374483277606,740.7503518259448,0.8330640345999923,5424.261907252705,23,9,18,0,0,43,20,22,12418.520500068553,659.8497015656903,3.250491140717686,6.088583031669259,76,89,stability_delay_energy_v4,0.24630541871921183,0.20689655172413793,0.16,0.11330049261083744,0.04433497536945813,0.08866995073891626
system_poisson:poisson_lifecycle_v1:scale:31fff5920b20d78b:periodic_customized:r16:s20260735,scale,medium_periodic_customized_per_key,medium_per_key,periodic_customized,16,20260735,system_poisson,poisson_lifecycle_v1,periodic_customized,customized,p12_g4_a64,prewarm,measured,measured,fixed_per_key,1.0,c61c842e17f225e3,3da65bab6008a478,33b568baf37f075d,615e85118266de25,200,205,215,67,148,57,10,0,0,2.012842498142268,735.1023662717332,0.8505442142431466,8037.9916542976935,22,13,32,0,0,42,17,25,14670.016960706562,664.884168189019,3.0924845032047394,5.256708012893796,38,76,stability_delay_energy_v4,0.3116279069767442,0.2651162790697674,0.14925373134328357,0.10232558139534884,0.06046511627906977,0.14883720930232558
system_poisson:poisson_lifecycle_v1:scale:31fff5920b20d78b:periodic_customized:r17:s20260736,scale,medium_periodic_customized_per_key,medium_per_key,periodic_customized,17,20260736,system_poisson,poisson_lifecycle_v1,periodic_customized,customized,p12_g4_a64,prewarm,measured,measured,fixed_per_key,1.0,a1e1594e7589a223,d9b518a32809412d,f1078707bd950772,6d1494c76aa00136,200,207,191,61,130,53,8,1,0,1.8516289852821048,694.9961085557895,0.8483113684058224,6439.711240285842,25,11,25,0,0,41,22,18,15519.884374807589,830.7968419976532,4.349721685851588,7.727458025328815,68,101,stability_delay_energy_v4,0.3193717277486911,0.2774869109947644,0.13114754098360656,0.13089005235602094,0.05759162303664921,0.13089005235602094
system_poisson:poisson_lifecycle_v1:scale:31fff5920b20d78b:periodic_customized:r18:s20260737,scale,medium_periodic_customized_per_key,medium_per_key,periodic_customized,18,20260737,system_poisson,poisson_lifecycle_v1,periodic_customized,customized,p12_g4_a64,prewarm,measured,measured,fixed_per_key,1.0,2340d35db3923e87,6c6665153475ebe0,e91a6f9277c728f1,fb1a538d3c9d367a,200,203,177,76,101,69,7,2,0,2.5338307775133697,528.5908081576566,0.8241226945801605,5435.356683942312,39,18,19,0,0,42,25,16,15632.297622738406,728.8314652396366,4.117691894009246,7.25783291272819,149,173,stability_delay_energy_v4,0.4293785310734463,0.3898305084745763,0.09210526315789473,0.22033898305084745,0.1016949152542373,0.10734463276836158
system_poisson:poisson_lifecycle_v1:scale:31fff5920b20d78b:periodic_customized:r19:s20260738,scale,medium_periodic_customized_per_key,medium_per_key,periodic_customized,19,20260738,system_poisson,poisson_lifecycle_v1,periodic_customized,customized,p12_g4_a64,prewarm,measured,measured,fixed_per_key,1.0,2f8cac81e28c6822,342fe7b24aabf9c9,bca0f53820c0230d,a5b68c6f808e683d,200,211,180,38,142,33,5,2,0,1.0257832820798434,763.0733491810973,0.8454637474037343,6998.986791574336,19,5,14,0,0,45,18,26,14360.649419832043,548.3227910008281,3.0462377277823784,4.994374932721257,38,46,stability_delay_energy_v4,0.2111111111111111,0.18333333333333332,0.13157894736842105,0.10555555555555556,0.027777777777777776,0.07777777777777778
system_poisson:poisson_lifecycle_v1:scale:e1c28ed2987bcd5c:periodic_lightweight:r0:s20260719,scale,medium_periodic_lightweight_per_key,medium_per_key,periodic_lightweight,0,20260719,system_poisson,poisson_lifecycle_v1,periodic_lightweight,lightweight,not_applicable,prewarm,measured,measured,fixed_per_key,1.0,6d295842eb0296d0,fca0df0e76e8aea8,68e477ed3df2fad8,c3ade63673949cb4,200,204,191,61,130,57,4,1,0,2.006758995498032,714.8805404713742,0.8348444739515397,3972.122724652104,42,4,15,0,0,42,27,14,15327.549541601911,654.6115831006318,3.427285775395978,6.333000026643276,188,193,stability_delay_energy_v4,0.3193717277486911,0.29842931937172773,0.06557377049180328,0.2198952879581152,0.020942408376963352,0.07853403141361257
system_poisson:poisson_lifecycle_v1:scale:e1c28ed2987bcd5c:periodic_lightweight:r1:s20260720,scale,medium_periodic_lightweight_per_key,medium_per_key,periodic_lightweight,1,20260720,system_poisson,poisson_lifecycle_v1,periodic_lightweight,lightweight,not_applicable,prewarm,measured,measured,fixed_per_key,1.0,a4f53f5438a025fd,a0ac5e6d1accb3ff,b090fbef89e23494,4948b9b559ca3dae,200,204,209,60,149,54,6,2,0,1.7715684218780903,723.0239275322216,0.8189986024979095,6991.4811213357,21,12,27,0,0,44,15,28,15794.39595900476,607.8378320671618,2.9083149859672814,4.715499933809042,32,44,stability_delay_energy_v4,0.28708133971291866,0.2583732057416268,0.1,0.10047846889952153,0.05741626794258373,0.1291866028708134
system_poisson:poisson_lifecycle_v1:scale:e1c28ed2987bcd5c:periodic_lightweight:r2:s20260721,scale,medium_periodic_lightweight_per_key,medium_per_key,periodic_lightweight,2,20260721,system_poisson,poisson_lifecycle_v1,periodic_lightweight,lightweight,not_applicable,prewarm,measured,measured,fixed_per_key,1.0,e1936cba343be935,938f95453f2442e2,b1b7f5bba0248714,b3c97759fa661993,200,206,211,67,144,63,4,1,0,2.2946802130476054,582.8832618538097,0.8058520524080226,5376.021073591457,37,13,17,0,0,37,18,18,17759.851665818132,763.4507541079074,3.6182500194687557,6.927457987330854,84,88,stability_delay_energy_v4,0.3175355450236967,0.2985781990521327,0.05970149253731343,0.17535545023696683,0.061611374407582936,0.08056872037914692
system_poisson:poisson_lifecycle_v1:scale:e1c28ed2987bcd5c:periodic_lightweight:r3:s20260722,scale,medium_periodic_lightweight_per_key,medium_per_key,periodic_lightweight,3,20260722,system_poisson,poisson_lifecycle_v1,periodic_lightweight,lightweight,not_applicable,prewarm,measured,measured,fixed_per_key,1.0,cad518de228dec43,e2c448830ab998d5,5b89c04953d23a62,a8d64a668c29fff0,200,201,210,75,135,67,8,2,0,2.43731173149291,616.7502059560665,0.8331652242927448,5622.726611116916,42,7,26,0,0,45,28,16,15902.266917866655,616.9021141249686,2.937629114880803,5.441040964797139,134,150,stability_delay_energy_v4,0.35714285714285715,0.319047619047619,0.10666666666666667,0.2,0.03333333333333333,0.12380952380952381
system_poisson:poisson_lifecycle_v1:scale:e1c28ed2987bcd5c:periodic_lightweight:r4:s20260723,scale,medium_periodic_lightweight_per_key,medium_per_key,periodic_lightweight,4,20260723,system_poisson,poisson_lifecycle_v1,periodic_lightweight,lightweight,not_applicable,prewarm,measured,measured,fixed_per_key,1.0,85e4775618fc9271,04cc006508118ace,6d76626369b7dc47,7df8c4f9894fbd11,200,203,206,70,136,65,5,0,0,2.4456080286472575,559.1724887132403,0.8151682510552614,6064.07742987463,40,14,16,0,0,40,24,15,16267.666124738753,790.0449103908613,3.8351694679168027,6.552124978043139,127,139,stability_delay_energy_v4,0.33980582524271846,0.3155339805825243,0.07142857142857142,0.1941747572815534,0.06796116504854369,0.07766990291262135
system_poisson:poisson_lifecycle_v1:scale:e1c28ed2987bcd5c:periodic_lightweight:r5:s20260724,scale,medium_periodic_lightweight_per_key,medium_per_key,periodic_lightweight,5,20260724,system_poisson,poisson_lifecycle_v1,periodic_lightweight,lightweight,not_applicable,prewarm,measured,measured,fixed_per_key,1.0,d24fe9836276a23a,5f88dfc591596c91,8236ef19df927245,c61766e5adeaf7a9,200,205,196,84,112,78,6,0,0,2.9510545084069975,453.93405880741443,0.8122017234333693,3421.5662095454513,58,11,15,0,0,43,30,12,15315.93699741643,709.0771259972826,3.6177404387616456,6.3057910883799195,171,138,stability_delay_energy_v4,0.42857142857142855,0.3979591836734694,0.07142857142857142,0.29591836734693877,0.05612244897959184,0.07653061224489796
system_poisson:poisson_lifecycle_v1:scale:e1c28ed2987bcd5c:periodic_lightweight:r6:s20260725,scale,medium_periodic_lightweight_per_key,medium_per_key,periodic_lightweight,6,20260725,system_poisson,poisson_lifecycle_v1,periodic_lightweight,lightweight,not_applicable,prewarm,measured,measured,fixed_per_key,1.0,26abbdd9b75bc615,fc04fea1c464df4f,315f55f80c124787,b0aa21bae96916c6,200,202,183,71,112,65,6,1,0,2.486631430716247,547.9623903089105,0.8103279579731231,4352.9769148013165,41,15,15,0,0,40,26,13,16186.41166598536,530.9941649902612,2.9016074589631757,4.881583037786186,125,124,stability_delay_energy_v4,0.3879781420765027,0.3551912568306011,0.08450704225352113,0.22404371584699453,0.08196721311475409,0.08196721311475409
system_poisson:poisson_lifecycle_v1:scale:e1c28ed2987bcd5c:periodic_lightweight:r7:s20260726,scale,medium_periodic_lightweight_per_key,medium_per_key,periodic_lightweight,7,20260726,system_poisson,poisson_lifecycle_v1,periodic_lightweight,lightweight,not_applicable,prewarm,measured,measured,fixed_per_key,1.0,cfb348bc73ed6b08,6c2f0ddd78fdc176,45d9b67b7d7e2742,5d8d75c05ac19d95,200,209,190,63,127,58,5,0,0,2.0321784491779176,702.9015328851367,0.7982433259169455,5924.841362719126,33,3,27,0,0,39,17,21,17203.635503188707,623.3097921358421,3.2805778533465375,5.590333021245897,53,77,stability_delay_energy_v4,0.33157894736842103,0.30526315789473685,0.07936507936507936,0.1736842105263158,0.015789473684210527,0.14210526315789473
system_poisson:poisson_lifecycle_v1:scale:e1c28ed2987bcd5c:periodic_lightweight:r8:s20260727,scale,medium_periodic_lightweight_per_key,medium_per_key,periodic_lightweight,8,20260727,system_poisson,poisson_lifecycle_v1,periodic_lightweight,lightweight,not_applicable,prewarm,measured,measured,fixed_per_key,1.0,77262aef7c650c15,adddb8a44db4224c,5ef7f7f709b227ab,5f427e7b1456da70,200,207,181,68,113,63,5,1,0,2.1995042241535416,626.3963925473465,0.8161823689294936,6800.157625090165,33,12,23,0,0,41,18,22,15925.570745952427,558.218258433044,3.084078775873171,6.04520901106298,64,67,stability_delay_energy_v4,0.3756906077348066,0.34806629834254144,0.07352941176470588,0.18232044198895028,0.06629834254143646,0.1270718232044199
system_poisson:poisson_lifecycle_v1:scale:e1c28ed2987bcd5c:periodic_lightweight:r9:s20260728,scale,medium_periodic_lightweight_per_key,medium_per_key,periodic_lightweight,9,20260728,system_poisson,poisson_lifecycle_v1,periodic_lightweight,lightweight,not_applicable,prewarm,measured,measured,fixed_per_key,1.0,51994d7f38a9b2d2,94c502adeeb85260,9f5ed373a6bd9324,58651f60c37cc329,200,209,211,76,135,64,12,2,0,2.1895176642032967,607.2269808396925,0.832831151344796,6400.736726845452,36,11,29,0,0,45,27,17,14413.744085235521,694.911882514134,3.2934212441428152,6.213375017978251,125,177,stability_delay_energy_v4,0.36018957345971564,0.3033175355450237,0.15789473684210525,0.17061611374407584,0.052132701421800945,0.13744075829383887
system_poisson:poisson_lifecycle_v1:scale:e1c28ed2987bcd5c:periodic_lightweight:r10:s20260729,scale,medium_periodic_lightweight_per_key,medium_per_key,periodic_lightweight,10,20260729,system_poisson,poisson_lifecycle_v1,periodic_lightweight,lightweight,not_applicable,prewarm,measured,measured,fixed_per_key,1.0,5b8d17f0ef7f4099,329b4f7d21be54ff,897cead0737f85bf,5bfdd62f4d90fc6a,200,203,209,70,139,62,8,0,0,2.3288252345702913,531.9911341429985,0.8006122876297594,5169.867624488704,42,5,23,0,0,42,25,16,14316.62491580937,828.8110326975584,3.965603027261045,7.210833951830864,135,171,stability_delay_energy_v4,0.3349282296650718,0.2966507177033493,0.11428571428571428,0.20095693779904306,0.023923444976076555,0.11004784688995216
system_poisson:poisson_lifecycle_v1:scale:e1c28ed2987bcd5c:periodic_lightweight:r11:s20260730,scale,medium_periodic_lightweight_per_key,medium_per_key,periodic_lightweight,11,20260730,system_poisson,poisson_lifecycle_v1,periodic_lightweight,lightweight,not_applicable,prewarm,measured,measured,fixed_per_key,1.0,30f077b6e956d2e4,a9f113d17c0a9b50,f4bafd7cbf888eae,2fbd8cdb625c9aae,200,203,179,54,125,53,1,3,0,1.9561167430344342,541.497171763011,0.8238166254871926,4968.350144169247,41,6,7,0,0,32,17,14,17996.62424903363,647.9934171075001,3.620074955907822,6.375708035193384,131,113,stability_delay_energy_v4,0.3016759776536313,0.29608938547486036,0.018518518518518517,0.22905027932960895,0.0335195530726257,0.03910614525139665
system_poisson:poisson_lifecycle_v1:scale:e1c28ed2987bcd5c:periodic_lightweight:r12:s20260731,scale,medium_periodic_lightweight_per_key,medium_per_key,periodic_lightweight,12,20260731,system_poisson,poisson_lifecycle_v1,periodic_lightweight,lightweight,not_applicable,prewarm,measured,measured,fixed_per_key,1.0,c8a1c19b9973aa96,c57247db4e0508db,72a5571d4331dbf4,5615e2a246665bbb,200,206,184,65,119,58,7,1,0,2.0694199826415365,619.2777403609787,0.8204983574116149,7104.137390010932,31,15,19,0,0,39,23,15,17402.727456064895,531.5324572147802,2.888763354428153,5.047833081334829,65,101,stability_delay_energy_v4,0.3532608695652174,0.31521739130434784,0.1076923076923077,0.16847826086956522,0.08152173913043478,0.10326086956521739
system_poisson:poisson_lifecycle_v1:scale:e1c28ed2987bcd5c:periodic_lightweight:r13:s20260732,scale,medium_periodic_lightweight_per_key,medium_per_key,periodic_lightweight,13,20260732,system_poisson,poisson_lifecycle_v1,periodic_lightweight,lightweight,not_applicable,prewarm,measured,measured,fixed_per_key,1.0,2570004416ece14a,3e0c88c5a91c29b4,5e6617b3e9dde363,a897565254a74026,200,205,208,80,128,74,6,2,0,2.655430334001833,593.478197565091,0.817062282081077,7188.141146454915,37,16,27,0,0,36,21,14,17402.858957881108,708.4472480928525,3.405996385061791,5.55470900144428,65,67,stability_delay_energy_v4,0.38461538461538464,0.3557692307692308,0.075,0.1778846153846154,0.07692307692307693,0.12980769230769232
system_poisson:poisson_lifecycle_v1:scale:e1c28ed2987bcd5c:periodic_lightweight:r14:s20260733,scale,medium_periodic_lightweight_per_key,medium_per_key,periodic_lightweight,14,20260733,system_poisson,poisson_lifecycle_v1,periodic_lightweight,lightweight,not_applicable,prewarm,measured,measured,fixed_per_key,1.0,e549ef942191509c,82b0c7769f30bf5e,5fa9f2d6b0764417,9238a84d7f53868e,200,200,202,76,126,72,4,1,0,2.700041978892455,560.0831744081092,0.8167969559801634,5218.345629513645,35,25,16,0,0,39,24,14,17618.21121221874,603.1612517545,2.9859467908638613,4.72275004722178,101,98,stability_delay_energy_v4,0.37623762376237624,0.3564356435643564,0.05263157894736842,0.17326732673267325,0.12376237623762376,0.07920792079207921
system_poisson:poisson_lifecycle_v1:scale:e1c28ed2987bcd5c:periodic_lightweight:r15:s20260734,scale,medium_periodic_lightweight_per_key,medium_per_key,periodic_lightweight,15,20260734,system_poisson,poisson_lifecycle_v1,periodic_lightweight,lightweight,not_applicable,prewarm,measured,measured,fixed_per_key,1.0,9d81372cc2973096,868f2658ddad8015,1f9cdc4dfc70bd76,554a01216359253d,200,205,203,54,149,51,3,0,0,1.858293008715321,685.8116882472607,0.809750939328908,4877.10468577236,31,4,19,0,0,39,26,12,15925.275247660466,702.1171223605052,3.458705036258646,5.651875049807131,130,180,stability_delay_energy_v4,0.2660098522167488,0.2512315270935961,0.05555555555555555,0.15270935960591134,0.019704433497536946,0.09359605911330049
system_poisson:poisson_lifecycle_v1:scale:e1c28ed2987bcd5c:periodic_lightweight:r16:s20260735,scale,medium_periodic_lightweight_per_key,medium_per_key,periodic_lightweight,16,20260735,system_poisson,poisson_lifecycle_v1,periodic_lightweight,lightweight,not_applicable,prewarm,measured,measured,fixed_per_key,1.0,c61c842e17f225e3,3da65bab6008a478,33b568baf37f075d,615e85118266de25,200,205,215,58,157,48,10,2,0,1.6318713058250585,760.5617407423309,0.8522285341815187,7712.047716205242,24,3,31,0,0,37,15,21,17866.71958665829,708.7410009698942,3.2964697719529963,5.950125050731003,41,52,stability_delay_energy_v4,0.26976744186046514,0.22325581395348837,0.1724137931034483,0.11162790697674418,0.013953488372093023,0.14418604651162792
system_poisson:poisson_lifecycle_v1:scale:e1c28ed2987bcd5c:periodic_lightweight:r17:s20260736,scale,medium_periodic_lightweight_per_key,medium_per_key,periodic_lightweight,17,20260736,system_poisson,poisson_lifecycle_v1,periodic_lightweight,lightweight,not_applicable,prewarm,measured,measured,fixed_per_key,1.0,a1e1594e7589a223,d9b518a32809412d,f1078707bd950772,6d1494c76aa00136,200,208,191,63,128,55,8,2,0,1.8792384658672545,663.2994018839499,0.8260526774061434,6152.758718499734,39,8,16,0,0,36,30,5,17214.91249848623,747.0392530085519,3.911200277531685,6.373499985784292,122,99,stability_delay_energy_v4,0.3298429319371728,0.2879581151832461,0.12698412698412698,0.20418848167539266,0.041884816753926704,0.08376963350785341
system_poisson:poisson_lifecycle_v1:scale:e1c28ed2987bcd5c:periodic_lightweight:r18:s20260737,scale,medium_periodic_lightweight_per_key,medium_per_key,periodic_lightweight,18,20260737,system_poisson,poisson_lifecycle_v1,periodic_lightweight,lightweight,not_applicable,prewarm,measured,measured,fixed_per_key,1.0,2340d35db3923e87,6c6665153475ebe0,e91a6f9277c728f1,fb1a538d3c9d367a,200,203,177,88,89,81,7,1,0,3.0953886115871057,475.30433832194825,0.8124651753092137,4603.202593876875,57,15,16,0,0,37,31,5,17294.7544939816,793.7773324083537,4.484617697222337,7.429957971908152,199,164,stability_delay_energy_v4,0.4971751412429379,0.4576271186440678,0.07954545454545454,0.3220338983050847,0.0847457627118644,0.0903954802259887
system_poisson:poisson_lifecycle_v1:scale:e1c28ed2987bcd5c:periodic_lightweight:r19:s20260738,scale,medium_periodic_lightweight_per_key,medium_per_key,periodic_lightweight,19,20260738,system_poisson,poisson_lifecycle_v1,periodic_lightweight,lightweight,not_applicable,prewarm,measured,measured,fixed_per_key,1.0,2f8cac81e28c6822,342fe7b24aabf9c9,bca0f53820c0230d,a5b68c6f808e683d,200,206,180,51,129,44,7,3,0,1.4545758882650708,665.7304906005446,0.8329183042394228,6429.923025972871,35,4,12,0,0,36,15,20,16903.3235386014,718.4164184145629,3.9912023245253496,7.14912498369813,78,72,stability_delay_energy_v4,0.2833333333333333,0.24444444444444444,0.13725490196078433,0.19444444444444445,0.022222222222222223,0.06666666666666667
system_poisson:poisson_lifecycle_v1:scale:c7d11df2d8ac8978:per_request_customized:r0:s20260719,scale,medium_per_request_customized_per_key,medium_per_key,per_request_customized,0,20260719,system_poisson,poisson_lifecycle_v1,per_request_customized,not_applicable,p12_g4_a64,cold_start,measured,measured,fixed_per_key,1.0,6d295842eb0296d0,fca0df0e76e8aea8,68e477ed3df2fad8,c3ade63673949cb4,200,200,191,56,135,45,11,1,0,1.5706815876967462,716.6982276300818,0.8794371932590399,4698.275362991592,0,0,0,56,0,0,0,0,0.0,12437.126922653988,65.11584776258633,117.14999994728714,0,0,stability_delay_energy_v4,0.2931937172774869,0.2356020942408377,0.19642857142857142,0.0,0.0,0.0
system_poisson:poisson_lifecycle_v1:scale:c7d11df2d8ac8978:per_request_customized:r1:s20260720,scale,medium_per_request_customized_per_key,medium_per_key,per_request_customized,1,20260720,system_poisson,poisson_lifecycle_v1,per_request_customized,not_applicable,p12_g4_a64,cold_start,measured,measured,fixed_per_key,1.0,a4f53f5438a025fd,a0ac5e6d1accb3ff,b090fbef89e23494,4948b9b559ca3dae,200,204,209,63,146,56,7,1,0,1.9878168096968971,681.5964103578413,0.8384435947329676,6877.95420443884,0,0,0,63,0,0,0,0,0.0,16413.829594734125,78.53506983126375,139.08545905724168,0,0,stability_delay_energy_v4,0.3014354066985646,0.2679425837320574,0.1111111111111111,0.0,0.0,0.0
system_poisson:poisson_lifecycle_v1:scale:c7d11df2d8ac8978:per_request_customized:r2:s20260721,scale,medium_per_request_customized_per_key,medium_per_key,per_request_customized,2,20260721,system_poisson,poisson_lifecycle_v1,per_request_customized,not_applicable,p12_g4_a64,cold_start,measured,measured,fixed_per_key,1.0,e1936cba343be935,938f95453f2442e2,b1b7f5bba0248714,b3c97759fa661993,200,207,211,66,145,59,7,0,0,2.21140572044279,562.9584914721872,0.8348274923055694,5866.430182358607,0,0,0,66,0,0,0,0,0.0,21020.58645314537,99.62363247936194,155.57245805393904,0,0,stability_delay_energy_v4,0.3127962085308057,0.2796208530805687,0.10606060606060606,0.0,0.0,0.0
system_poisson:poisson_lifecycle_v1:scale:c7d11df2d8ac8978:per_request_customized:r3:s20260722,scale,medium_per_request_customized_per_key,medium_per_key,per_request_customized,3,20260722,system_poisson,poisson_lifecycle_v1,per_request_customized,not_applicable,p12_g4_a64,cold_start,measured,measured,fixed_per_key,1.0,cad518de228dec43,e2c448830ab998d5,5b89c04953d23a62,a8d64a668c29fff0,200,211,210,74,136,64,10,1,0,2.2350824564642027,595.4157230492319,0.858476611446337,5521.688888421834,0,0,0,74,0,0,0,0,0.0,16301.000757841393,77.62381313257806,118.0627909488976,0,0,stability_delay_energy_v4,0.3523809523809524,0.3047619047619048,0.13513513513513514,0.0,0.0,0.0
system_poisson:poisson_lifecycle_v1:scale:c7d11df2d8ac8978:per_request_customized:r4:s20260723,scale,medium_per_request_customized_per_key,medium_per_key,per_request_customized,4,20260723,system_poisson,poisson_lifecycle_v1,per_request_customized,not_applicable,p12_g4_a64,cold_start,measured,measured,fixed_per_key,1.0,85e4775618fc9271,04cc006508118ace,6d76626369b7dc47,7df8c4f9894fbd11,200,206,206,50,156,46,4,0,0,1.699609032630006,645.3193819338466,0.8500858901346798,6586.098569331934,0,0,0,50,0,0,0,0,0.0,18903.16838491708,91.7629533248402,155.25220893323421,0,0,stability_delay_energy_v4,0.24271844660194175,0.22330097087378642,0.08,0.0,0.0,0.0
system_poisson:poisson_lifecycle_v1:scale:c7d11df2d8ac8978:per_request_customized:r5:s20260724,scale,medium_per_request_customized_per_key,medium_per_key,per_request_customized,5,20260724,system_poisson,poisson_lifecycle_v1,per_request_customized,not_applicable,p12_g4_a64,cold_start,measured,measured,fixed_per_key,1.0,d24fe9836276a23a,5f88dfc591596c91,8236ef19df927245,c61766e5adeaf7a9,200,203,196,60,136,47,13,0,0,1.6964696542849695,539.4435920648045,0.84899528975321,4455.621596642582,0,0,0,60,0,0,0,0,0.0,14685.850008274429,74.92780616466545,123.21604206226766,0,0,stability_delay_energy_v4,0.30612244897959184,0.23979591836734693,0.21666666666666667,0.0,0.0,0.0
system_poisson:poisson_lifecycle_v1:scale:c7d11df2d8ac8978:per_request_customized:r6:s20260725,scale,medium_per_request_customized_per_key,medium_per_key,per_request_customized,6,20260725,system_poisson,poisson_lifecycle_v1,per_request_customized,not_applicable,p12_g4_a64,cold_start,measured,measured,fixed_per_key,1.0,26abbdd9b75bc615,fc04fea1c464df4f,315f55f80c124787,b0aa21bae96916c6,200,202,183,43,140,35,8,0,0,1.2918906626269382,680.2170882491176,0.86696706338214,5526.313071930525,0,0,0,43,0,0,0,0,0.0,13888.06541217491,75.89106782609241,123.8062089541927,0,0,stability_delay_energy_v4,0.23497267759562843,0.1912568306010929,0.18604651162790697,0.0,0.0,0.0
system_poisson:poisson_lifecycle_v1:scale:c7d11df2d8ac8978:per_request_customized:r7:s20260726,scale,medium_per_request_customized_per_key,medium_per_key,per_request_customized,7,20260726,system_poisson,poisson_lifecycle_v1,per_request_customized,not_applicable,p12_g4_a64,cold_start,measured,measured,fixed_per_key,1.0,cfb348bc73ed6b08,6c2f0ddd78fdc176,45d9b67b7d7e2742,5d8d75c05ac19d95,200,209,190,44,146,42,2,1,0,1.3978909011387082,825.5891221301731,0.8244167282507747,6415.453807317384,0,0,0,44,0,0,0,0,0.0,16885.393838980235,88.87049388936965,140.65045909956098,0,0,stability_delay_energy_v4,0.23157894736842105,0.22105263157894736,0.045454545454545456,0.0,0.0,0.0
system_poisson:poisson_lifecycle_v1:scale:c7d11df2d8ac8978:per_request_customized:r8:s20260727,scale,medium_per_request_customized_per_key,medium_per_key,per_request_customized,8,20260727,system_poisson,poisson_lifecycle_v1,per_request_customized,not_applicable,p12_g4_a64,cold_start,measured,measured,fixed_per_key,1.0,77262aef7c650c15,adddb8a44db4224c,5ef7f7f709b227ab,5f427e7b1456da70,200,205,181,56,125,50,6,0,0,1.7727031009663814,661.566895159558,0.8518913258892378,7342.995371524664,0,0,0,56,0,0,0,0,0.0,19406.869049184024,107.22027098996699,211.64954197593033,0,0,stability_delay_energy_v4,0.30939226519337015,0.27624309392265195,0.10714285714285714,0.0,0.0,0.0
system_poisson:poisson_lifecycle_v1:scale:c7d11df2d8ac8978:per_request_customized:r9:s20260728,scale,medium_per_request_customized_per_key,medium_per_key,per_request_customized,9,20260728,system_poisson,poisson_lifecycle_v1,per_request_customized,not_applicable,p12_g4_a64,cold_start,measured,measured,fixed_per_key,1.0,51994d7f38a9b2d2,94c502adeeb85260,9f5ed373a6bd9324,58651f60c37cc329,200,208,211,84,127,73,11,2,0,2.5617663763556435,574.8748862949409,0.839833267423026,5214.221059997903,0,0,0,84,0,0,0,0,0.0,17838.715078891255,84.54367335967419,143.87295802589506,0,0,stability_delay_energy_v4,0.3981042654028436,0.3459715639810427,0.13095238095238096,0.0,0.0,0.0
system_poisson:poisson_lifecycle_v1:scale:c7d11df2d8ac8978:per_request_customized:r10:s20260729,scale,medium_per_request_customized_per_key,medium_per_key,per_request_customized,10,20260729,system_poisson,poisson_lifecycle_v1,per_request_customized,not_applicable,p12_g4_a64,cold_start,measured,measured,fixed_per_key,1.0,5b8d17f0ef7f4099,329b4f7d21be54ff,897cead0737f85bf,5bfdd62f4d90fc6a,200,202,209,81,128,68,13,1,0,2.6048578743971493,513.9990571894024,0.8214547861675973,5038.96965088103,0,0,0,81,0,0,0,0,0.0,20186.49808492046,96.58611523885386,147.82833401113749,0,0,stability_delay_energy_v4,0.3875598086124402,0.3253588516746411,0.16049382716049382,0.0,0.0,0.0
system_poisson:poisson_lifecycle_v1:scale:c7d11df2d8ac8978:per_request_customized:r11:s20260730,scale,medium_per_request_customized_per_key,medium_per_key,per_request_customized,11,20260730,system_poisson,poisson_lifecycle_v1,per_request_customized,not_applicable,p12_g4_a64,cold_start,measured,measured,fixed_per_key,1.0,30f077b6e956d2e4,a9f113d17c0a9b50,f4bafd7cbf888eae,2fbd8cdb625c9aae,200,201,179,61,118,55,6,1,0,2.073142681265932,562.5860754883366,0.8339503252921568,5397.228165674701,0,0,0,61,0,0,0,0,0.0,24458.05429306347,136.6371748215836,257.5762920314446,0,0,stability_delay_energy_v4,0.3407821229050279,0.30726256983240224,0.09836065573770492,0.0,0.0,0.0
system_poisson:poisson_lifecycle_v1:scale:c7d11df2d8ac8978:per_request_customized:r12:s20260731,scale,medium_per_request_customized_per_key,medium_per_key,per_request_customized,12,20260731,system_poisson,poisson_lifecycle_v1,per_request_customized,not_applicable,p12_g4_a64,cold_start,measured,measured,fixed_per_key,1.0,c8a1c19b9973aa96,c57247db4e0508db,72a5571d4331dbf4,5615e2a246665bbb,200,203,184,63,121,56,7,2,0,1.9764660231610947,632.2263928977602,0.8446410047381714,7341.110479854315,0,0,0,63,0,0,0,0,0.0,27044.641208136454,146.98174569639377,256.8087090039626,0,0,stability_delay_energy_v4,0.3423913043478261,0.30434782608695654,0.1111111111111111,0.0,0.0,0.0
system_poisson:poisson_lifecycle_v1:scale:c7d11df2d8ac8978:per_request_customized:r13:s20260732,scale,medium_per_request_customized_per_key,medium_per_key,per_request_customized,13,20260732,system_poisson,poisson_lifecycle_v1,per_request_customized,not_applicable,p12_g4_a64,cold_start,measured,measured,fixed_per_key,1.0,2570004416ece14a,3e0c88c5a91c29b4,5e6617b3e9dde363,a897565254a74026,200,206,208,84,124,75,9,3,0,2.684352662304572,582.1805908360698,0.8503692955014531,7223.317855331851,0,0,0,84,0,0,0,0,0.0,32578.61816487275,156.6279719465036,243.7154999934137,0,0,stability_delay_energy_v4,0.40384615384615385,0.3605769230769231,0.10714285714285714,0.0,0.0,0.0
system_poisson:poisson_lifecycle_v1:scale:c7d11df2d8ac8978:per_request_customized:r14:s20260733,scale,medium_per_request_customized_per_key,medium_per_key,per_request_customized,14,20260733,system_poisson,poisson_lifecycle_v1,per_request_customized,not_applicable,p12_g4_a64,cold_start,measured,measured,fixed_per_key,1.0,e549ef942191509c,82b0c7769f30bf5e,5fa9f2d6b0764417,9238a84d7f53868e,200,204,202,64,138,57,7,0,0,2.090446475421493,594.184505506898,0.8414586455441891,5930.6930029955665,0,0,0,64,0,0,0,0,0.0,28521.479369839653,141.19544242494877,266.3351660594344,0,0,stability_delay_energy_v4,0.31683168316831684,0.28217821782178215,0.109375,0.0,0.0,0.0
system_poisson:poisson_lifecycle_v1:scale:c7d11df2d8ac8978:per_request_customized:r15:s20260734,scale,medium_per_request_customized_per_key,medium_per_key,per_request_customized,15,20260734,system_poisson,poisson_lifecycle_v1,per_request_customized,not_applicable,p12_g4_a64,cold_start,measured,measured,fixed_per_key,1.0,9d81372cc2973096,868f2658ddad8015,1f9cdc4dfc70bd76,554a01216359253d,200,205,203,53,150,43,10,0,0,1.5219249526449337,728.4820613115573,0.8498402055119594,5452.9826385064625,0,0,0,53,0,0,0,0,0.0,24829.71929642372,122.31388815972275,214.45691701956093,0,0,stability_delay_energy_v4,0.26108374384236455,0.21182266009852216,0.18867924528301888,0.0,0.0,0.0
system_poisson:poisson_lifecycle_v1:scale:c7d11df2d8ac8978:per_request_customized:r16:s20260735,scale,medium_per_request_customized_per_key,medium_per_key,per_request_customized,16,20260735,system_poisson,poisson_lifecycle_v1,per_request_customized,not_applicable,p12_g4_a64,cold_start,measured,measured,fixed_per_key,1.0,c61c842e17f225e3,3da65bab6008a478,33b568baf37f075d,615e85118266de25,200,204,215,57,158,49,8,3,0,1.6570454955969138,788.2653472814089,0.8610756536734088,7342.345155814961,0,0,0,57,0,0,0,0,0.0,32462.031209492125,150.9861916720564,294.55925000365824,0,0,stability_delay_energy_v4,0.2651162790697674,0.22790697674418606,0.14035087719298245,0.0,0.0,0.0
system_poisson:poisson_lifecycle_v1:scale:c7d11df2d8ac8978:per_request_customized:r17:s20260736,scale,medium_per_request_customized_per_key,medium_per_key,per_request_customized,17,20260736,system_poisson,poisson_lifecycle_v1,per_request_customized,not_applicable,p12_g4_a64,cold_start,measured,measured,fixed_per_key,1.0,a1e1594e7589a223,d9b518a32809412d,f1078707bd950772,6d1494c76aa00136,200,209,191,52,139,45,7,3,0,1.492567193768219,680.2067706874376,0.8425288388531924,5697.404460983571,0,0,0,52,0,0,0,0,0.0,22554.99920260627,118.0890010607658,193.9730419544503,0,0,stability_delay_energy_v4,0.27225130890052357,0.2356020942408377,0.1346153846153846,0.0,0.0,0.0
system_poisson:poisson_lifecycle_v1:scale:c7d11df2d8ac8978:per_request_customized:r18:s20260737,scale,medium_per_request_customized_per_key,medium_per_key,per_request_customized,18,20260737,system_poisson,poisson_lifecycle_v1,per_request_customized,not_applicable,p12_g4_a64,cold_start,measured,measured,fixed_per_key,1.0,2340d35db3923e87,6c6665153475ebe0,e91a6f9277c728f1,fb1a538d3c9d367a,200,209,177,75,102,69,6,1,0,2.578095456986903,509.04239001840216,0.837424033088112,4791.57681632002,0,0,0,75,0,0,0,0,0.0,22820.45658212155,128.92913323232514,204.64366697706282,0,0,stability_delay_energy_v4,0.423728813559322,0.3898305084745763,0.08,0.0,0.0,0.0
system_poisson:poisson_lifecycle_v1:scale:c7d11df2d8ac8978:per_request_customized:r19:s20260738,scale,medium_per_request_customized_per_key,medium_per_key,per_request_customized,19,20260738,system_poisson,poisson_lifecycle_v1,per_request_customized,not_applicable,p12_g4_a64,cold_start,measured,measured,fixed_per_key,1.0,2f8cac81e28c6822,342fe7b24aabf9c9,bca0f53820c0230d,a5b68c6f808e683d,200,204,180,33,147,28,5,1,0,0.9356276124529753,781.7863001558972,0.8337361123752844,6374.072502696884,0,0,0,33,0,0,0,0,0.0,20614.64433814399,114.52580187857772,170.87191704194993,0,0,stability_delay_energy_v4,0.18333333333333332,0.15555555555555556,0.15151515151515152,0.0,0.0,0.0
system_poisson:poisson_lifecycle_v1:scale:390bbda21410c615:periodic_customized:r0:s20260719,scale,large_periodic_customized_per_key,large_per_key,periodic_customized,0,20260719,system_poisson,poisson_lifecycle_v1,periodic_customized,customized,p12_g4_a64,prewarm,measured,measured,fixed_per_key,2.0,6abb2a61deabd8ff,d0b1b5c73ec8e0ab,557daee3e09e5c28,c3ade63673949cb4,200,205,399,51,348,40,11,1,0,1.3513761833896003,805.0866427925525,0.8781976963488708,9731.223638563535,12,12,27,0,0,7,2,4,25659.932749229483,3216.0328298341483,8.060232656225935,14.434624928981066,39,71,stability_delay_energy_v4,0.12781954887218044,0.10025062656641603,0.21568627450980393,0.03007518796992481,0.03007518796992481,0.06766917293233082
system_poisson:poisson_lifecycle_v1:scale:390bbda21410c615:periodic_customized:r1:s20260720,scale,large_periodic_customized_per_key,large_per_key,periodic_customized,1,20260720,system_poisson,poisson_lifecycle_v1,periodic_customized,customized,p12_g4_a64,prewarm,measured,measured,fixed_per_key,2.0,c5b76f4185798a21,b0ec58fe45fc7307,3ae46b5b75d78002,4948b9b559ca3dae,200,204,408,111,297,95,16,2,0,3.2269165269105704,713.4456236449435,0.8517565925981244,8384.507546926845,41,49,21,0,0,7,5,1,23132.136040832847,3637.2540385928005,8.914838329884315,14.496624935418367,183,56,stability_delay_energy_v4,0.27205882352941174,0.23284313725490197,0.14414414414414414,0.10049019607843138,0.12009803921568628,0.051470588235294115
system_poisson:poisson_lifecycle_v1:scale:390bbda21410c615:periodic_customized:r2:s20260721,scale,large_periodic_customized_per_key,large_per_key,periodic_customized,2,20260721,system_poisson,poisson_lifecycle_v1,periodic_customized,customized,p12_g4_a64,prewarm,measured,measured,fixed_per_key,2.0,3702e66e3038321c,303f60de8b80a5bb,4d20492edc2dded4,b3c97759fa661993,200,207,404,113,291,99,14,1,0,3.697874806399725,556.2664593168518,0.8454530777597589,5124.3805587497955,22,68,23,0,0,8,7,0,26445.18924911972,3629.0061719482765,8.982688544426427,16.305708908475935,248,121,stability_delay_energy_v4,0.27970297029702973,0.24504950495049505,0.12389380530973451,0.054455445544554455,0.16831683168316833,0.05693069306930693
system_poisson:poisson_lifecycle_v1:scale:390bbda21410c615:periodic_customized:r3:s20260722,scale,large_periodic_customized_per_key,large_per_key,periodic_customized,3,20260722,system_poisson,poisson_lifecycle_v1,periodic_customized,customized,p12_g4_a64,prewarm,measured,measured,fixed_per_key,2.0,36a398a1699e2d66,bf1230eb4ec73035,63ead6620218d7ae,a8d64a668c29fff0,200,203,398,128,270,104,24,3,0,3.548663390603553,636.8080686603922,0.8477565632594474,7517.217857378089,48,38,42,0,0,8,6,1,24693.869708804414,3288.064746186137,8.261469211522957,13.88249988667667,198,144,stability_delay_energy_v4,0.32160804020100503,0.2613065326633166,0.1875,0.12060301507537688,0.09547738693467336,0.10552763819095477
system_poisson:poisson_lifecycle_v1:scale:390bbda21410c615:periodic_customized:r4:s20260723,scale,large_periodic_customized_per_key,large_per_key,periodic_customized,4,20260723,system_poisson,poisson_lifecycle_v1,periodic_customized,customized,p12_g4_a64,prewarm,measured,measured,fixed_per_key,2.0,e3e0874b83ec551f,7d7a90840576a6d8,72abd316f0e93d85,7df8c4f9894fbd11,200,206,371,105,266,61,44,4,0,1.920954449974568,700.4183587874766,0.8325468521831283,9722.930272689815,31,17,57,0,0,8,5,2,23406.168919056654,2932.256262516603,7.903655694114833,13.500791043043137,72,113,stability_delay_energy_v4,0.2830188679245283,0.16442048517520216,0.41904761904761906,0.08355795148247978,0.04582210242587601,0.15363881401617252
system_poisson:poisson_lifecycle_v1:scale:390bbda21410c615:periodic_customized:r5:s20260724,scale,large_periodic_customized_per_key,large_per_key,periodic_customized,5,20260724,system_poisson,poisson_lifecycle_v1,periodic_customized,customized,p12_g4_a64,prewarm,measured,measured,fixed_per_key,2.0,b2b5ecfdae59d47f,b5d50a7655ac3a5c,4de4fd7003f25fd3,c61766e5adeaf7a9,200,209,405,105,300,101,4,1,0,3.712494549106595,536.7699230796455,0.8415109156349997,6143.125614163253,31,63,11,0,0,6,5,0,22683.693165890872,4209.902948117815,10.394822094118062,16.099874977953732,253,65,stability_delay_energy_v4,0.25925925925925924,0.24938271604938272,0.0380952380952381,0.07654320987654321,0.15555555555555556,0.027160493827160494
system_poisson:poisson_lifecycle_v1:scale:390bbda21410c615:periodic_customized:r6:s20260725,scale,large_periodic_customized_per_key,large_per_key,periodic_customized,6,20260725,system_poisson,poisson_lifecycle_v1,periodic_customized,customized,p12_g4_a64,prewarm,measured,measured,fixed_per_key,2.0,ae0899af12a5f2a1,a1c061fcf4e54ce1,9702c17a7c8d305e,b0aa21bae96916c6,200,209,401,76,325,57,19,2,0,1.8636265457048007,728.5661738466179,0.8618992018451079,8933.668163465658,24,28,24,0,0,6,4,1,23493.915749015287,3108.3700041053817,7.7515461449012015,13.08837509714067,52,64,stability_delay_energy_v4,0.18952618453865336,0.14214463840399003,0.25,0.059850374064837904,0.06982543640897755,0.059850374064837904
system_poisson:poisson_lifecycle_v1:scale:390bbda21410c615:periodic_customized:r7:s20260726,scale,large_periodic_customized_per_key,large_per_key,periodic_customized,7,20260726,system_poisson,poisson_lifecycle_v1,periodic_customized,customized,p12_g4_a64,prewarm,measured,measured,fixed_per_key,2.0,216da50faef99121,d8f2ad8599407f88,b62ed576eeb64b59,5d8d75c05ac19d95,200,210,370,107,263,90,17,3,0,3.0266493490697988,639.0959794651785,0.8263462124182667,7035.051696214921,23,40,44,0,0,8,5,2,23836.672501056455,3465.9705865196884,9.367488071674833,15.789458993822336,196,115,stability_delay_energy_v4,0.2891891891891892,0.24324324324324326,0.1588785046728972,0.062162162162162166,0.10810810810810811,0.11891891891891893
system_poisson:poisson_lifecycle_v1:scale:390bbda21410c615:periodic_customized:r8:s20260727,scale,large_periodic_customized_per_key,large_per_key,periodic_customized,8,20260727,system_poisson,poisson_lifecycle_v1,periodic_customized,customized,p12_g4_a64,prewarm,measured,measured,fixed_per_key,2.0,916d390052129550,e5ffabaa831a7e4f,1725e207b7b50c0c,5f427e7b1456da70,200,203,437,110,327,91,19,5,0,3.3081540494521082,606.6921060665915,0.8497038992980033,7604.943159004938,27,50,33,0,0,7,5,1,24269.32566706091,3502.000205218792,8.013730446724924,13.403750024735928,180,120,stability_delay_energy_v4,0.2517162471395881,0.20823798627002288,0.17272727272727273,0.06178489702517163,0.11441647597254005,0.07551487414187644
system_poisson:poisson_lifecycle_v1:scale:390bbda21410c615:periodic_customized:r9:s20260728,scale,large_periodic_customized_per_key,large_per_key,periodic_customized,9,20260728,system_poisson,poisson_lifecycle_v1,periodic_customized,customized,p12_g4_a64,prewarm,measured,measured,fixed_per_key,2.0,b6b2b25461f6f798,ad8f2c2143cd9cae,86ef34825659333f,58651f60c37cc329,200,203,426,91,335,86,5,0,0,3.0654132105442664,635.0837193273943,0.8362309808889044,9145.373281959119,28,38,25,0,0,8,5,2,27943.635498988442,3654.2493341257796,8.578050080107463,14.835541951470077,209,64,stability_delay_energy_v4,0.2136150234741784,0.20187793427230047,0.054945054945054944,0.06572769953051644,0.0892018779342723,0.05868544600938967
system_poisson:poisson_lifecycle_v1:scale:390bbda21410c615:periodic_customized:r10:s20260729,scale,large_periodic_customized_per_key,large_per_key,periodic_customized,10,20260729,system_poisson,poisson_lifecycle_v1,periodic_customized,customized,p12_g4_a64,prewarm,measured,measured,fixed_per_key,2.0,b96be4e6403f4da2,7a8b42c43ebd7bb3,20011cbf6f56b688,5bfdd62f4d90fc6a,200,201,396,89,307,77,12,4,0,2.612677393120911,724.4927969320097,0.8212035158392487,6822.574951740784,17,33,39,0,0,8,4,3,21298.75337309204,2804.2904945323244,7.081541652859405,12.34004192519933,108,218,stability_delay_energy_v4,0.22474747474747475,0.19444444444444445,0.1348314606741573,0.04292929292929293,0.08333333333333333,0.09848484848484848
system_poisson:poisson_lifecycle_v1:scale:390bbda21410c615:periodic_customized:r11:s20260730,scale,large_periodic_customized_per_key,large_per_key,periodic_customized,11,20260730,system_poisson,poisson_lifecycle_v1,periodic_customized,customized,p12_g4_a64,prewarm,measured,measured,fixed_per_key,2.0,b45bb707ee01e075,4034687135a50f8c,35f8251bd5ca59eb,2fbd8cdb625c9aae,200,203,396,109,287,83,26,1,0,2.9218326712728415,628.998341401457,0.8354473017989598,7007.525299384516,25,20,64,0,0,9,5,3,24301.227332791314,3285.1820008363575,8.295914143526156,14.219208038412035,226,234,stability_delay_energy_v4,0.27525252525252525,0.20959595959595959,0.23853211009174313,0.06313131313131314,0.050505050505050504,0.16161616161616163
system_poisson:poisson_lifecycle_v1:scale:390bbda21410c615:periodic_customized:r12:s20260731,scale,large_periodic_customized_per_key,large_per_key,periodic_customized,12,20260731,system_poisson,poisson_lifecycle_v1,periodic_customized,customized,p12_g4_a64,prewarm,measured,measured,fixed_per_key,2.0,2f15830d72ef49e1,18987a33ebb2c4b3,0f7e0d9865b7881d,5615e2a246665bbb,200,203,392,96,296,84,12,3,0,2.969302533459732,634.0499903604883,0.8372870456765952,6715.869715546549,18,44,34,0,0,8,4,3,22022.100123926066,2646.5977508341894,6.751524874577013,11.763499933294952,138,204,stability_delay_energy_v4,0.24489795918367346,0.21428571428571427,0.125,0.04591836734693878,0.11224489795918367,0.08673469387755102
system_poisson:poisson_lifecycle_v1:scale:390bbda21410c615:periodic_customized:r13:s20260732,scale,large_periodic_customized_per_key,large_per_key,periodic_customized,13,20260732,system_poisson,poisson_lifecycle_v1,periodic_customized,customized,p12_g4_a64,prewarm,measured,measured,fixed_per_key,2.0,81137e4b2803b04f,fdd1c204f0a86975,1a233d07e7237cdd,a897565254a74026,200,204,430,127,303,100,27,2,0,3.6616541387224735,570.701676380118,0.8479426622288061,7176.953910570418,18,61,48,0,0,7,5,1,23065.499125863425,3285.7770828995854,7.641342053254849,13.361499994061887,153,117,stability_delay_energy_v4,0.29534883720930233,0.23255813953488372,0.2125984251968504,0.04186046511627907,0.14186046511627906,0.11162790697674418
system_poisson:poisson_lifecycle_v1:scale:390bbda21410c615:periodic_customized:r14:s20260733,scale,large_periodic_customized_per_key,large_per_key,periodic_customized,14,20260733,system_poisson,poisson_lifecycle_v1,periodic_customized,customized,p12_g4_a64,prewarm,measured,measured,fixed_per_key,2.0,9d66f40df75ad766,05dd8d58e018c644,6042016aeb8b5bed,9238a84d7f53868e,200,203,366,136,230,123,13,1,0,4.64306498238689,527.8405070206495,0.8430340165175009,4652.535527990355,42,70,24,0,0,9,8,0,24602.37345902715,3388.733790256083,9.258835492502959,14.454708085395396,374,178,stability_delay_energy_v4,0.37158469945355194,0.3360655737704918,0.09558823529411764,0.11475409836065574,0.1912568306010929,0.06557377049180328
system_poisson:poisson_lifecycle_v1:scale:390bbda21410c615:periodic_customized:r15:s20260734,scale,large_periodic_customized_per_key,large_per_key,periodic_customized,15,20260734,system_poisson,poisson_lifecycle_v1,periodic_customized,customized,p12_g4_a64,prewarm,measured,measured,fixed_per_key,2.0,751e30255849f142,01379f5d1719192d,e8cf54104032eb64,554a01216359253d,200,205,395,139,256,131,8,2,0,4.90284995558659,533.9459346505033,0.8475991678563775,5518.466484705499,40,76,23,0,0,8,7,0,22883.34891491104,3879.3723398121074,9.821195796992678,15.887666959315538,399,99,stability_delay_energy_v4,0.3518987341772152,0.33164556962025316,0.05755395683453238,0.10126582278481013,0.19240506329113924,0.05822784810126582
system_poisson:poisson_lifecycle_v1:scale:390bbda21410c615:periodic_customized:r16:s20260735,scale,large_periodic_customized_per_key,large_per_key,periodic_customized,16,20260735,system_poisson,poisson_lifecycle_v1,periodic_customized,customized,p12_g4_a64,prewarm,measured,measured,fixed_per_key,2.0,74d65c74ee9b8f69,f22b20626c1e68ea,c828e21391e35124,615e85118266de25,200,200,405,47,358,37,10,1,0,1.2353419748240253,776.5167108276107,0.8694064248205263,9567.445960072004,25,8,14,0,0,7,3,3,22947.6578758331,2690.4980819672346,6.6432051406598385,10.871125035919249,46,87,stability_delay_energy_v4,0.11604938271604938,0.09135802469135802,0.2127659574468085,0.06172839506172839,0.019753086419753086,0.0345679012345679
system_poisson:poisson_lifecycle_v1:scale:390bbda21410c615:periodic_customized:r17:s20260736,scale,large_periodic_customized_per_key,large_per_key,periodic_customized,17,20260736,system_poisson,poisson_lifecycle_v1,periodic_customized,customized,p12_g4_a64,prewarm,measured,measured,fixed_per_key,2.0,9f67426c7fa86b2a,476b768301425f1a,0fcc248221d4eea9,6d1494c76aa00136,200,207,383,103,280,92,11,0,0,3.422529267340406,568.3945263509553,0.8525106666629749,5329.604072320598,29,48,26,0,0,9,5,3,24183.851457899436,3334.3666676664725,8.70591819234066,14.631042024120688,245,202,stability_delay_energy_v4,0.2689295039164491,0.2402088772845953,0.10679611650485436,0.07571801566579635,0.12532637075718014,0.06788511749347259
system_poisson:poisson_lifecycle_v1:scale:390bbda21410c615:periodic_customized:r18:s20260737,scale,large_periodic_customized_per_key,large_per_key,periodic_customized,18,20260737,system_poisson,poisson_lifecycle_v1,periodic_customized,customized,p12_g4_a64,prewarm,measured,measured,fixed_per_key,2.0,01917e77b52f92f3,a8e5abd44dd698be,925e27a2b35becda,fb1a538d3c9d367a,200,201,415,116,299,115,1,2,0,4.3441832900973605,512.2739950792753,0.8341894036566116,5996.606621959744,33,64,19,0,0,7,5,1,21716.192792984657,3699.641815153882,8.914799554587667,14.90345795173198,291,59,stability_delay_energy_v4,0.27951807228915665,0.27710843373493976,0.008620689655172414,0.07951807228915662,0.15421686746987953,0.04578313253012048
system_poisson:poisson_lifecycle_v1:scale:390bbda21410c615:periodic_customized:r19:s20260738,scale,large_periodic_customized_per_key,large_per_key,periodic_customized,19,20260738,system_poisson,poisson_lifecycle_v1,periodic_customized,customized,p12_g4_a64,prewarm,measured,measured,fixed_per_key,2.0,e3ec78e80e193962,36a0776f7e0433d9,371bb88a06297643,a5b68c6f808e683d,200,204,392,102,290,93,9,2,0,3.3992988884746094,625.893892629837,0.8492597137250553,6905.26892411464,32,58,12,0,0,7,6,0,23011.553666787222,3512.076636776328,8.959379175449817,14.793625101447105,241,72,stability_delay_energy_v4,0.2602040816326531,0.2372448979591837,0.08823529411764706,0.08163265306122448,0.14795918367346939,0.030612244897959183
system_poisson:poisson_lifecycle_v1:scale:59de74bc89976d59:periodic_lightweight:r0:s20260719,scale,large_periodic_lightweight_per_key,large_per_key,periodic_lightweight,0,20260719,system_poisson,poisson_lifecycle_v1,periodic_lightweight,lightweight,not_applicable,prewarm,measured,measured,fixed_per_key,2.0,6abb2a61deabd8ff,d0b1b5c73ec8e0ab,557daee3e09e5c28,c3ade63673949cb4,200,207,399,93,306,71,22,2,0,2.4944596180330176,690.2720689274793,0.8652454176158686,8237.136824650526,26,42,25,0,0,7,5,1,22896.877625142224,3753.057159949094,9.406158295611764,16.24054100830108,227,130,stability_delay_energy_v4,0.23308270676691728,0.17794486215538846,0.23655913978494625,0.06516290726817042,0.10526315789473684,0.06265664160401002
system_poisson:poisson_lifecycle_v1:scale:59de74bc89976d59:periodic_lightweight:r1:s20260720,scale,large_periodic_lightweight_per_key,large_per_key,periodic_lightweight,1,20260720,system_poisson,poisson_lifecycle_v1,periodic_lightweight,lightweight,not_applicable,prewarm,measured,measured,fixed_per_key,2.0,c5b76f4185798a21,b0ec58fe45fc7307,3ae46b5b75d78002,4948b9b559ca3dae,200,207,408,102,306,97,5,2,0,3.4750896951939803,621.9566983544049,0.860324457811759,6184.327951483607,44,41,17,0,0,7,6,0,24363.24358417187,3857.2749922750518,9.454105373223166,14.887333032675087,329,54,stability_delay_energy_v4,0.25,0.23774509803921567,0.049019607843137254,0.10784313725490197,0.10049019607843138,0.041666666666666664
system_poisson:poisson_lifecycle_v1:scale:59de74bc89976d59:periodic_lightweight:r2:s20260721,scale,large_periodic_lightweight_per_key,large_per_key,periodic_lightweight,2,20260721,system_poisson,poisson_lifecycle_v1,periodic_lightweight,lightweight,not_applicable,prewarm,measured,measured,fixed_per_key,2.0,3702e66e3038321c,303f60de8b80a5bb,4d20492edc2dded4,b3c97759fa661993,200,207,404,127,277,112,15,0,0,4.234063397560818,536.3803618387321,0.842753156759117,4974.942094847688,82,28,17,0,0,8,7,0,23682.28420894593,3395.617921720259,8.404994855743215,14.356208965182304,372,51,stability_delay_energy_v4,0.31435643564356436,0.27722772277227725,0.11811023622047244,0.20297029702970298,0.06930693069306931,0.04207920792079208
system_poisson:poisson_lifecycle_v1:scale:59de74bc89976d59:periodic_lightweight:r3:s20260722,scale,large_periodic_lightweight_per_key,large_per_key,periodic_lightweight,3,20260722,system_poisson,poisson_lifecycle_v1,periodic_lightweight,lightweight,not_applicable,prewarm,measured,measured,fixed_per_key,2.0,36a398a1699e2d66,bf1230eb4ec73035,63ead6620218d7ae,a8d64a668c29fff0,200,203,398,161,237,142,19,1,0,5.2392149000318575,570.8060331766018,0.8366193735706917,6235.4918451171025,83,31,47,0,0,10,9,0,23428.976290044375,3275.8783258032054,8.230850064832174,13.740624999627471,332,240,stability_delay_energy_v4,0.4045226130653266,0.35678391959798994,0.11801242236024845,0.20854271356783918,0.07788944723618091,0.11809045226130653
system_poisson:poisson_lifecycle_v1:scale:59de74bc89976d59:periodic_lightweight:r4:s20260723,scale,large_periodic_lightweight_per_key,large_per_key,periodic_lightweight,4,20260723,system_poisson,poisson_lifecycle_v1,periodic_lightweight,lightweight,not_applicable,prewarm,measured,measured,fixed_per_key,2.0,e3e0874b83ec551f,7d7a90840576a6d8,72abd316f0e93d85,7df8c4f9894fbd11,200,205,371,151,220,137,14,1,0,5.184019781442764,501.2180898445158,0.823098963842525,5489.394872348128,69,57,25,0,0,9,8,0,24104.70383381471,3687.6918288180605,9.939870158539247,15.343208913691342,386,159,stability_delay_energy_v4,0.40700808625336926,0.3692722371967655,0.09271523178807947,0.18598382749326145,0.15363881401617252,0.0673854447439353
system_poisson:poisson_lifecycle_v1:scale:59de74bc89976d59:periodic_lightweight:r5:s20260724,scale,large_periodic_lightweight_per_key,large_per_key,periodic_lightweight,5,20260724,system_poisson,poisson_lifecycle_v1,periodic_lightweight,lightweight,not_applicable,prewarm,measured,measured,fixed_per_key,2.0,b2b5ecfdae59d47f,b5d50a7655ac3a5c,4de4fd7003f25fd3,c61766e5adeaf7a9,200,209,405,142,263,136,6,1,0,5.017483731363686,512.9976415148467,0.8301890889763992,5771.38756809141,64,65,13,0,0,8,7,0,25061.204082914628,3127.2346389014274,7.721567009633154,12.576833018101752,369,61,stability_delay_energy_v4,0.3506172839506173,0.3358024691358025,0.04225352112676056,0.1580246913580247,0.16049382716049382,0.03209876543209877
system_poisson:poisson_lifecycle_v1:scale:59de74bc89976d59:periodic_lightweight:r6:s20260725,scale,large_periodic_lightweight_per_key,large_per_key,periodic_lightweight,6,20260725,system_poisson,poisson_lifecycle_v1,periodic_lightweight,lightweight,not_applicable,prewarm,measured,measured,fixed_per_key,2.0,ae0899af12a5f2a1,a1c061fcf4e54ce1,9702c17a7c8d305e,b0aa21bae96916c6,200,210,401,130,271,100,30,3,0,3.4005036571188985,643.3100550729228,0.8468812423448746,8289.61204456299,52,56,22,0,0,7,6,0,22594.37666705344,3125.8087636670098,7.795034323359126,12.454082956537604,197,121,stability_delay_energy_v4,0.32418952618453867,0.24937655860349128,0.23076923076923078,0.12967581047381546,0.1396508728179551,0.05486284289276808
system_poisson:poisson_lifecycle_v1:scale:59de74bc89976d59:periodic_lightweight:r7:s20260726,scale,large_periodic_lightweight_per_key,large_per_key,periodic_lightweight,7,20260726,system_poisson,poisson_lifecycle_v1,periodic_lightweight,lightweight,not_applicable,prewarm,measured,measured,fixed_per_key,2.0,216da50faef99121,d8f2ad8599407f88,b62ed576eeb64b59,5d8d75c05ac19d95,200,203,370,108,262,96,12,6,0,3.312650113027544,624.936739751113,0.8241110146341762,6106.161991690406,41,28,39,0,0,8,6,1,26743.12158115208,3493.9799676649272,9.4431891017971,15.067792031913996,243,136,stability_delay_energy_v4,0.2918918918918919,0.2594594594594595,0.1111111111111111,0.11081081081081082,0.07567567567567568,0.10540540540540541
system_poisson:poisson_lifecycle_v1:scale:59de74bc89976d59:periodic_lightweight:r8:s20260727,scale,large_periodic_lightweight_per_key,large_per_key,periodic_lightweight,8,20260727,system_poisson,poisson_lifecycle_v1,periodic_lightweight,lightweight,not_applicable,prewarm,measured,measured,fixed_per_key,2.0,916d390052129550,e5ffabaa831a7e4f,1725e207b7b50c0c,5f427e7b1456da70,200,207,437,121,316,96,25,1,0,3.478536083673134,633.1169108065955,0.847933500487764,8217.694590984649,49,39,33,0,0,7,6,0,27153.79920799751,3886.8798365583643,8.89446186855461,14.89116600714624,163,121,stability_delay_energy_v4,0.2768878718535469,0.21967963386727687,0.2066115702479339,0.11212814645308924,0.08924485125858124,0.07551487414187644
system_poisson:poisson_lifecycle_v1:scale:59de74bc89976d59:periodic_lightweight:r9:s20260728,scale,large_periodic_lightweight_per_key,large_per_key,periodic_lightweight,9,20260728,system_poisson,poisson_lifecycle_v1,periodic_lightweight,lightweight,not_applicable,prewarm,measured,measured,fixed_per_key,2.0,b6b2b25461f6f798,ad8f2c2143cd9cae,86ef34825659333f,58651f60c37cc329,200,206,426,123,303,115,8,5,0,4.086934759450686,545.0035920219304,0.8285854989001499,6831.5612770492935,42,57,24,0,0,7,6,0,26764.21358413063,3743.2392509654164,8.786946598510367,14.141583000309765,400,33,stability_delay_energy_v4,0.2887323943661972,0.2699530516431925,0.06504065040650407,0.09859154929577464,0.13380281690140844,0.056338028169014086
system_poisson:poisson_lifecycle_v1:scale:59de74bc89976d59:periodic_lightweight:r10:s20260729,scale,large_periodic_lightweight_per_key,large_per_key,periodic_lightweight,10,20260729,system_poisson,poisson_lifecycle_v1,periodic_lightweight,lightweight,not_applicable,prewarm,measured,measured,fixed_per_key,2.0,b96be4e6403f4da2,7a8b42c43ebd7bb3,20011cbf6f56b688,5bfdd62f4d90fc6a,200,204,396,114,282,103,11,3,0,3.6904445617663613,588.0265176874354,0.8323061919054994,5410.521331553927,55,31,28,0,0,8,5,2,24432.219876209274,3377.2377161076292,8.528378070978862,14.597916975617409,311,119,stability_delay_energy_v4,0.2878787878787879,0.2601010101010101,0.09649122807017543,0.1388888888888889,0.07828282828282829,0.0707070707070707
system_poisson:poisson_lifecycle_v1:scale:59de74bc89976d59:periodic_lightweight:r11:s20260730,scale,large_periodic_lightweight_per_key,large_per_key,periodic_lightweight,11,20260730,system_poisson,poisson_lifecycle_v1,periodic_lightweight,lightweight,not_applicable,prewarm,measured,measured,fixed_per_key,2.0,b45bb707ee01e075,4034687135a50f8c,35f8251bd5ca59eb,2fbd8cdb625c9aae,200,205,396,113,283,93,20,2,0,3.3040718848265174,604.846853849031,0.8477461570516968,6228.213449956048,62,5,46,0,0,9,8,0,24121.204124065116,3595.184793812223,9.078749479323795,15.536917024292052,261,182,stability_delay_energy_v4,0.28535353535353536,0.23484848484848486,0.17699115044247787,0.15656565656565657,0.012626262626262626,0.11616161616161616
system_poisson:poisson_lifecycle_v1:scale:59de74bc89976d59:periodic_lightweight:r12:s20260731,scale,large_periodic_lightweight_per_key,large_per_key,periodic_lightweight,12,20260731,system_poisson,poisson_lifecycle_v1,periodic_lightweight,lightweight,not_applicable,prewarm,measured,measured,fixed_per_key,2.0,2f15830d72ef49e1,18987a33ebb2c4b3,0f7e0d9865b7881d,5615e2a246665bbb,200,203,392,121,271,109,12,1,0,4.169274327630841,534.2439669156165,0.8532490871701802,5461.587132052255,57,36,28,0,0,7,6,0,23595.896000042558,3454.092700732872,8.811460971257326,13.836875092238188,291,63,stability_delay_energy_v4,0.3086734693877551,0.2780612244897959,0.09917355371900827,0.14540816326530612,0.09183673469387756,0.07142857142857142
